✅ W&B initialized
Compiling model with torch.compile...
✅ Compiled
✅ DDP with 2 GPUs
Parameters: 18,986,689 (18.99M)

🚀 Training for 1000 epochs (1→1000)
  AMP dtype:      torch.float16
  GradScaler:     ON
  CFG dropout:    10.0%
  Timestep dist:  logit_normal
Epoch 1/1000:   0%|                                      | 0/32 [00:00<?, ?it/s][rank0]:W0226 17:59:47.606000 63 torch/_inductor/utils.py:1558] [0/0] Not enough SMs to use max_autotune_gemm mode
/usr/local/lib/python3.12/dist-packages/torch/autograd/graph.py:841: UserWarning: Grad strides do not match bucket view strides. This may indicate grad was not created according to the gradient layout contract, or that the param's strides changed since DDP was constructed.  This is not an error, but may impair performance.
grad.sizes() = [128, 128, 1, 1], strides() = [128, 1, 128, 128]
bucket_view.sizes() = [128, 128, 1, 1], strides() = [128, 1, 1, 1] (Triggered internally at /pytorch/torch/csrc/distributed/c10d/reducer.cpp:334.)
  return Variable._execution_engine.run_backward(  # Calls into the C++ engine to run the backward pass
Epoch 1/1000: 100%|████████████████| 32/32 [02:57<00:00,  5.53s/it, loss=0.2525]
Epoch 1/1000 | Loss: 0.5552 | Best: inf | 177.1s | Elapsed: 0.1h | ETA: 2948m | LR: 0.000300
  ★ Saved best model (loss=0.5552)
Epoch 2/1000: 100%|████████████████| 32/32 [00:12<00:00,  2.56it/s, loss=0.3510]
Epoch 2/1000 | Loss: 0.3848 | Best: 0.5552 | 12.5s | Elapsed: 0.1h | ETA: 1577m | LR: 0.000300
  ★ Saved best model (loss=0.3848)
Epoch 3/1000: 100%|████████████████| 32/32 [00:12<00:00,  2.50it/s, loss=0.2832]
Epoch 3/1000 | Loss: 0.3501 | Best: 0.3848 | 12.8s | Elapsed: 0.1h | ETA: 1121m | LR: 0.000300
  ★ Saved best model (loss=0.3501)
Epoch 4/1000: 100%|████████████████| 32/32 [00:13<00:00,  2.42it/s, loss=0.2526]
Epoch 4/1000 | Loss: 0.2996 | Best: 0.3501 | 13.2s | Elapsed: 0.1h | ETA: 895m | LR: 0.000300
  ★ Saved best model (loss=0.2996)
Epoch 5/1000: 100%|████████████████| 32/32 [00:13<00:00,  2.32it/s, loss=0.3305]
Epoch 5/1000 | Loss: 0.3337 | Best: 0.2996 | 13.8s | Elapsed: 0.1h | ETA: 761m | LR: 0.000300
Epoch 6/1000: 100%|████████████████| 32/32 [00:14<00:00,  2.25it/s, loss=0.1508]
Epoch 6/1000 | Loss: 0.3169 | Best: 0.2996 | 14.2s | Elapsed: 0.1h | ETA: 673m | LR: 0.000300
Epoch 7/1000: 100%|████████████████| 32/32 [00:14<00:00,  2.18it/s, loss=0.2420]
Epoch 7/1000 | Loss: 0.2616 | Best: 0.2996 | 14.7s | Elapsed: 0.1h | ETA: 611m | LR: 0.000300
  ★ Saved best model (loss=0.2616)
Epoch 8/1000: 100%|████████████████| 32/32 [00:14<00:00,  2.15it/s, loss=0.3158]
Epoch 8/1000 | Loss: 0.2739 | Best: 0.2616 | 14.9s | Elapsed: 0.1h | ETA: 565m | LR: 0.000300
Epoch 9/1000: 100%|████████████████| 32/32 [00:15<00:00,  2.10it/s, loss=0.1778]
Epoch 9/1000 | Loss: 0.2912 | Best: 0.2616 | 15.2s | Elapsed: 0.1h | ETA: 529m | LR: 0.000300
Epoch 10/1000: 100%|███████████████| 32/32 [00:15<00:00,  2.07it/s, loss=0.4279]
Epoch 10/1000 | Loss: 0.2789 | Best: 0.2616 | 15.4s | Elapsed: 0.1h | ETA: 501m | LR: 0.000300
Epoch 11/1000: 100%|███████████████| 32/32 [00:15<00:00,  2.10it/s, loss=0.3417]
Epoch 11/1000 | Loss: 0.2470 | Best: 0.2616 | 15.2s | Elapsed: 0.1h | ETA: 478m | LR: 0.000300
  ★ Saved best model (loss=0.2470)
Epoch 12/1000: 100%|███████████████| 32/32 [00:15<00:00,  2.13it/s, loss=0.3153]
Epoch 12/1000 | Loss: 0.2555 | Best: 0.2470 | 15.0s | Elapsed: 0.1h | ETA: 459m | LR: 0.000300
Epoch 13/1000: 100%|███████████████| 32/32 [00:15<00:00,  2.13it/s, loss=0.2061]
Epoch 13/1000 | Loss: 0.2586 | Best: 0.2470 | 15.0s | Elapsed: 0.1h | ETA: 442m | LR: 0.000300
Epoch 14/1000: 100%|███████████████| 32/32 [00:15<00:00,  2.10it/s, loss=0.1174]
Epoch 14/1000 | Loss: 0.2589 | Best: 0.2470 | 15.2s | Elapsed: 0.1h | ETA: 428m | LR: 0.000300
Epoch 15/1000: 100%|███████████████| 32/32 [00:15<00:00,  2.09it/s, loss=0.1659]
Epoch 15/1000 | Loss: 0.2725 | Best: 0.2470 | 15.3s | Elapsed: 0.1h | ETA: 416m | LR: 0.000300
Epoch 16/1000: 100%|███████████████| 32/32 [00:15<00:00,  2.09it/s, loss=0.2236]
Epoch 16/1000 | Loss: 0.2484 | Best: 0.2470 | 15.3s | Elapsed: 0.1h | ETA: 405m | LR: 0.000300
Epoch 17/1000: 100%|███████████████| 32/32 [00:15<00:00,  2.10it/s, loss=0.2258]
Epoch 17/1000 | Loss: 0.2026 | Best: 0.2470 | 15.2s | Elapsed: 0.1h | ETA: 395m | LR: 0.000300
  ★ Saved best model (loss=0.2026)
Epoch 18/1000: 100%|███████████████| 32/32 [00:15<00:00,  2.10it/s, loss=0.1772]
Epoch 18/1000 | Loss: 0.2756 | Best: 0.2026 | 15.2s | Elapsed: 0.1h | ETA: 387m | LR: 0.000300
Epoch 19/1000: 100%|███████████████| 32/32 [00:15<00:00,  2.10it/s, loss=0.1702]
Epoch 19/1000 | Loss: 0.2248 | Best: 0.2026 | 15.2s | Elapsed: 0.1h | ETA: 379m | LR: 0.000300
Epoch 20/1000: 100%|███████████████| 32/32 [00:15<00:00,  2.11it/s, loss=0.2514]
Epoch 20/1000 | Loss: 0.2146 | Best: 0.2026 | 15.2s | Elapsed: 0.1h | ETA: 372m | LR: 0.000300
  💾 Checkpoint saved (overwrite): epoch 20
Epoch 21/1000: 100%|███████████████| 32/32 [00:15<00:00,  2.11it/s, loss=0.2096]
Epoch 21/1000 | Loss: 0.2324 | Best: 0.2026 | 15.2s | Elapsed: 0.1h | ETA: 366m | LR: 0.000300
Epoch 22/1000: 100%|███████████████| 32/32 [00:15<00:00,  2.11it/s, loss=0.2467]
Epoch 22/1000 | Loss: 0.2379 | Best: 0.2026 | 15.2s | Elapsed: 0.1h | ETA: 360m | LR: 0.000300
Epoch 23/1000: 100%|███████████████| 32/32 [00:15<00:00,  2.10it/s, loss=0.1715]
Epoch 23/1000 | Loss: 0.2304 | Best: 0.2026 | 15.2s | Elapsed: 0.1h | ETA: 355m | LR: 0.000300
Epoch 24/1000: 100%|███████████████| 32/32 [00:15<00:00,  2.11it/s, loss=0.2105]
Epoch 24/1000 | Loss: 0.2080 | Best: 0.2026 | 15.2s | Elapsed: 0.1h | ETA: 350m | LR: 0.000300
Epoch 25/1000: 100%|███████████████| 32/32 [00:15<00:00,  2.10it/s, loss=0.1727]
Epoch 25/1000 | Loss: 0.2534 | Best: 0.2026 | 15.2s | Elapsed: 0.2h | ETA: 346m | LR: 0.000300
RF Euler Sampling: 100%|████████████████████████| 30/30 [00:12<00:00,  2.37it/s]
RF Euler Sampling: 100%|████████████████████████| 30/30 [00:07<00:00,  3.93it/s]
RF Euler Sampling: 100%|████████████████████████| 30/30 [00:07<00:00,  3.92it/s]
Epoch 26/1000: 100%|███████████████| 32/32 [00:15<00:00,  2.06it/s, loss=0.2141]
Epoch 26/1000 | Loss: 0.2529 | Best: 0.2026 | 15.6s | Elapsed: 0.2h | ETA: 342m | LR: 0.000299
Epoch 27/1000: 100%|███████████████| 32/32 [00:15<00:00,  2.05it/s, loss=0.1372]
Epoch 27/1000 | Loss: 0.2558 | Best: 0.2026 | 15.6s | Elapsed: 0.2h | ETA: 338m | LR: 0.000299
Epoch 28/1000: 100%|███████████████| 32/32 [00:15<00:00,  2.11it/s, loss=0.4962]
Epoch 28/1000 | Loss: 0.2258 | Best: 0.2026 | 15.2s | Elapsed: 0.2h | ETA: 335m | LR: 0.000299
Epoch 29/1000: 100%|███████████████| 32/32 [00:14<00:00,  2.13it/s, loss=0.1667]
Epoch 29/1000 | Loss: 0.2223 | Best: 0.2026 | 15.0s | Elapsed: 0.2h | ETA: 331m | LR: 0.000299
Epoch 30/1000: 100%|███████████████| 32/32 [00:15<00:00,  2.12it/s, loss=0.1477]
Epoch 30/1000 | Loss: 0.2644 | Best: 0.2026 | 15.1s | Elapsed: 0.2h | ETA: 328m | LR: 0.000299
Epoch 31/1000: 100%|███████████████| 32/32 [00:15<00:00,  2.09it/s, loss=0.1618]
Epoch 31/1000 | Loss: 0.2432 | Best: 0.2026 | 15.3s | Elapsed: 0.2h | ETA: 325m | LR: 0.000299
Epoch 32/1000: 100%|███████████████| 32/32 [00:15<00:00,  2.09it/s, loss=0.2447]
Epoch 32/1000 | Loss: 0.2285 | Best: 0.2026 | 15.3s | Elapsed: 0.2h | ETA: 322m | LR: 0.000299
Epoch 33/1000: 100%|███████████████| 32/32 [00:15<00:00,  2.10it/s, loss=0.2189]
Epoch 33/1000 | Loss: 0.2341 | Best: 0.2026 | 15.2s | Elapsed: 0.2h | ETA: 319m | LR: 0.000299
Epoch 34/1000: 100%|███████████████| 32/32 [00:15<00:00,  2.11it/s, loss=0.2226]
Epoch 34/1000 | Loss: 0.2205 | Best: 0.2026 | 15.2s | Elapsed: 0.2h | ETA: 317m | LR: 0.000299
Epoch 35/1000: 100%|███████████████| 32/32 [00:15<00:00,  2.12it/s, loss=0.2834]
Epoch 35/1000 | Loss: 0.2418 | Best: 0.2026 | 15.1s | Elapsed: 0.2h | ETA: 315m | LR: 0.000299
Epoch 36/1000: 100%|███████████████| 32/32 [00:15<00:00,  2.12it/s, loss=0.2562]
Epoch 36/1000 | Loss: 0.2068 | Best: 0.2026 | 15.1s | Elapsed: 0.2h | ETA: 312m | LR: 0.000299
Epoch 37/1000: 100%|███████████████| 32/32 [00:15<00:00,  2.12it/s, loss=0.2376]
Epoch 37/1000 | Loss: 0.2367 | Best: 0.2026 | 15.1s | Elapsed: 0.2h | ETA: 310m | LR: 0.000299
Epoch 38/1000: 100%|███████████████| 32/32 [00:15<00:00,  2.11it/s, loss=0.1408]
Epoch 38/1000 | Loss: 0.2438 | Best: 0.2026 | 15.1s | Elapsed: 0.2h | ETA: 308m | LR: 0.000299
Epoch 39/1000: 100%|███████████████| 32/32 [00:15<00:00,  2.10it/s, loss=0.2863]
Epoch 39/1000 | Loss: 0.2333 | Best: 0.2026 | 15.2s | Elapsed: 0.2h | ETA: 306m | LR: 0.000299
Epoch 40/1000: 100%|███████████████| 32/32 [00:15<00:00,  2.09it/s, loss=0.1161]
Epoch 40/1000 | Loss: 0.2070 | Best: 0.2026 | 15.3s | Elapsed: 0.2h | ETA: 304m | LR: 0.000299
  💾 Checkpoint saved (overwrite): epoch 40
Epoch 41/1000: 100%|███████████████| 32/32 [00:15<00:00,  2.10it/s, loss=0.1889]
Epoch 41/1000 | Loss: 0.2152 | Best: 0.2026 | 15.3s | Elapsed: 0.2h | ETA: 302m | LR: 0.000299
Epoch 42/1000: 100%|███████████████| 32/32 [00:15<00:00,  2.09it/s, loss=0.2102]
Epoch 42/1000 | Loss: 0.2065 | Best: 0.2026 | 15.3s | Elapsed: 0.2h | ETA: 301m | LR: 0.000299
Epoch 43/1000: 100%|███████████████| 32/32 [00:15<00:00,  2.08it/s, loss=0.3528]
Epoch 43/1000 | Loss: 0.1975 | Best: 0.2026 | 15.4s | Elapsed: 0.2h | ETA: 299m | LR: 0.000299
  ★ Saved best model (loss=0.1975)
Epoch 44/1000: 100%|███████████████| 32/32 [00:15<00:00,  2.08it/s, loss=0.1558]
Epoch 44/1000 | Loss: 0.2012 | Best: 0.1975 | 15.4s | Elapsed: 0.2h | ETA: 297m | LR: 0.000299
Epoch 45/1000: 100%|███████████████| 32/32 [00:15<00:00,  2.10it/s, loss=0.2525]
Epoch 45/1000 | Loss: 0.2251 | Best: 0.1975 | 15.3s | Elapsed: 0.2h | ETA: 296m | LR: 0.000299
Epoch 46/1000: 100%|███████████████| 32/32 [00:15<00:00,  2.09it/s, loss=0.2733]
Epoch 46/1000 | Loss: 0.2173 | Best: 0.1975 | 15.3s | Elapsed: 0.3h | ETA: 295m | LR: 0.000298
Epoch 47/1000: 100%|███████████████| 32/32 [00:15<00:00,  2.11it/s, loss=0.2329]
Epoch 47/1000 | Loss: 0.2280 | Best: 0.1975 | 15.2s | Elapsed: 0.3h | ETA: 293m | LR: 0.000298
Epoch 48/1000: 100%|███████████████| 32/32 [00:15<00:00,  2.11it/s, loss=0.3437]
Epoch 48/1000 | Loss: 0.2197 | Best: 0.1975 | 15.2s | Elapsed: 0.3h | ETA: 292m | LR: 0.000298
Epoch 49/1000: 100%|███████████████| 32/32 [00:15<00:00,  2.12it/s, loss=0.1009]
Epoch 49/1000 | Loss: 0.2412 | Best: 0.1975 | 15.1s | Elapsed: 0.3h | ETA: 290m | LR: 0.000298
Epoch 50/1000: 100%|███████████████| 32/32 [00:15<00:00,  2.11it/s, loss=0.2774]
Epoch 50/1000 | Loss: 0.2150 | Best: 0.1975 | 15.2s | Elapsed: 0.3h | ETA: 289m | LR: 0.000298
RF Euler Sampling: 100%|████████████████████████| 30/30 [00:07<00:00,  3.92it/s]
RF Euler Sampling: 100%|████████████████████████| 30/30 [00:07<00:00,  3.93it/s]
RF Euler Sampling: 100%|████████████████████████| 30/30 [00:07<00:00,  3.93it/s]
Epoch 51/1000: 100%|███████████████| 32/32 [00:15<00:00,  2.08it/s, loss=0.1602]
Epoch 51/1000 | Loss: 0.2330 | Best: 0.1975 | 15.4s | Elapsed: 0.3h | ETA: 288m | LR: 0.000298
Epoch 52/1000: 100%|███████████████| 32/32 [00:15<00:00,  2.05it/s, loss=0.1532]
Epoch 52/1000 | Loss: 0.2430 | Best: 0.1975 | 15.6s | Elapsed: 0.3h | ETA: 287m | LR: 0.000298
Epoch 53/1000: 100%|███████████████| 32/32 [00:15<00:00,  2.11it/s, loss=0.2459]
Epoch 53/1000 | Loss: 0.2410 | Best: 0.1975 | 15.2s | Elapsed: 0.3h | ETA: 286m | LR: 0.000298
Epoch 54/1000: 100%|███████████████| 32/32 [00:14<00:00,  2.14it/s, loss=0.3233]
Epoch 54/1000 | Loss: 0.2489 | Best: 0.1975 | 14.9s | Elapsed: 0.3h | ETA: 284m | LR: 0.000298
Epoch 55/1000: 100%|███████████████| 32/32 [00:14<00:00,  2.14it/s, loss=0.1834]
Epoch 55/1000 | Loss: 0.1869 | Best: 0.1975 | 15.0s | Elapsed: 0.3h | ETA: 283m | LR: 0.000298
  ★ Saved best model (loss=0.1869)
Epoch 56/1000: 100%|███████████████| 32/32 [00:15<00:00,  2.09it/s, loss=0.1486]
Epoch 56/1000 | Loss: 0.2020 | Best: 0.1869 | 15.3s | Elapsed: 0.3h | ETA: 282m | LR: 0.000298
Epoch 57/1000: 100%|███████████████| 32/32 [00:15<00:00,  2.07it/s, loss=0.0840]
Epoch 57/1000 | Loss: 0.2133 | Best: 0.1869 | 15.4s | Elapsed: 0.3h | ETA: 281m | LR: 0.000298
Epoch 58/1000: 100%|███████████████| 32/32 [00:15<00:00,  2.11it/s, loss=0.2443]
Epoch 58/1000 | Loss: 0.2317 | Best: 0.1869 | 15.2s | Elapsed: 0.3h | ETA: 280m | LR: 0.000298
Epoch 59/1000: 100%|███████████████| 32/32 [00:15<00:00,  2.13it/s, loss=0.1605]
Epoch 59/1000 | Loss: 0.1896 | Best: 0.1869 | 15.0s | Elapsed: 0.3h | ETA: 279m | LR: 0.000297
Epoch 60/1000: 100%|███████████████| 32/32 [00:15<00:00,  2.13it/s, loss=0.1566]
Epoch 60/1000 | Loss: 0.2025 | Best: 0.1869 | 15.1s | Elapsed: 0.3h | ETA: 278m | LR: 0.000297
  💾 Checkpoint saved (overwrite): epoch 60
Epoch 61/1000: 100%|███████████████| 32/32 [00:15<00:00,  2.11it/s, loss=0.1596]
Epoch 61/1000 | Loss: 0.1914 | Best: 0.1869 | 15.2s | Elapsed: 0.3h | ETA: 277m | LR: 0.000297
Epoch 62/1000: 100%|███████████████| 32/32 [00:15<00:00,  2.09it/s, loss=0.3367]
Epoch 62/1000 | Loss: 0.2309 | Best: 0.1869 | 15.3s | Elapsed: 0.3h | ETA: 276m | LR: 0.000297
Epoch 63/1000: 100%|███████████████| 32/32 [00:15<00:00,  2.08it/s, loss=0.2305]
Epoch 63/1000 | Loss: 0.2062 | Best: 0.1869 | 15.4s | Elapsed: 0.3h | ETA: 275m | LR: 0.000297
Epoch 64/1000: 100%|███████████████| 32/32 [00:15<00:00,  2.08it/s, loss=0.1572]
Epoch 64/1000 | Loss: 0.2084 | Best: 0.1869 | 15.4s | Elapsed: 0.3h | ETA: 274m | LR: 0.000297
Epoch 65/1000: 100%|███████████████| 32/32 [00:15<00:00,  2.09it/s, loss=0.1956]
Epoch 65/1000 | Loss: 0.2453 | Best: 0.1869 | 15.3s | Elapsed: 0.3h | ETA: 274m | LR: 0.000297
Epoch 66/1000: 100%|███████████████| 32/32 [00:15<00:00,  2.10it/s, loss=0.2603]
Epoch 66/1000 | Loss: 0.2135 | Best: 0.1869 | 15.3s | Elapsed: 0.3h | ETA: 273m | LR: 0.000297
Epoch 67/1000: 100%|███████████████| 32/32 [00:15<00:00,  2.10it/s, loss=0.1353]
Epoch 67/1000 | Loss: 0.2293 | Best: 0.1869 | 15.3s | Elapsed: 0.3h | ETA: 272m | LR: 0.000297
Epoch 68/1000: 100%|███████████████| 32/32 [00:15<00:00,  2.10it/s, loss=0.2619]
Epoch 68/1000 | Loss: 0.2226 | Best: 0.1869 | 15.2s | Elapsed: 0.4h | ETA: 271m | LR: 0.000297
Epoch 69/1000: 100%|███████████████| 32/32 [00:15<00:00,  2.09it/s, loss=0.3106]
Epoch 69/1000 | Loss: 0.2255 | Best: 0.1869 | 15.3s | Elapsed: 0.4h | ETA: 270m | LR: 0.000296
Epoch 70/1000: 100%|███████████████| 32/32 [00:15<00:00,  2.11it/s, loss=0.2816]
Epoch 70/1000 | Loss: 0.2332 | Best: 0.1869 | 15.2s | Elapsed: 0.4h | ETA: 270m | LR: 0.000296
Epoch 71/1000: 100%|███████████████| 32/32 [00:15<00:00,  2.10it/s, loss=0.2158]
Epoch 71/1000 | Loss: 0.1966 | Best: 0.1869 | 15.2s | Elapsed: 0.4h | ETA: 269m | LR: 0.000296
Epoch 72/1000: 100%|███████████████| 32/32 [00:15<00:00,  2.10it/s, loss=0.2662]
Epoch 72/1000 | Loss: 0.1734 | Best: 0.1869 | 15.2s | Elapsed: 0.4h | ETA: 268m | LR: 0.000296
  ★ Saved best model (loss=0.1734)
Epoch 73/1000: 100%|███████████████| 32/32 [00:15<00:00,  2.10it/s, loss=0.4124]
Epoch 73/1000 | Loss: 0.2315 | Best: 0.1734 | 15.3s | Elapsed: 0.4h | ETA: 267m | LR: 0.000296
Epoch 74/1000: 100%|███████████████| 32/32 [00:15<00:00,  2.10it/s, loss=0.1217]
Epoch 74/1000 | Loss: 0.1827 | Best: 0.1734 | 15.3s | Elapsed: 0.4h | ETA: 267m | LR: 0.000296
Epoch 75/1000: 100%|███████████████| 32/32 [00:15<00:00,  2.09it/s, loss=0.0633]
Epoch 75/1000 | Loss: 0.2091 | Best: 0.1734 | 15.3s | Elapsed: 0.4h | ETA: 266m | LR: 0.000296
RF Euler Sampling: 100%|████████████████████████| 30/30 [00:07<00:00,  3.93it/s]
RF Euler Sampling: 100%|████████████████████████| 30/30 [00:07<00:00,  3.92it/s]
RF Euler Sampling: 100%|████████████████████████| 30/30 [00:07<00:00,  3.93it/s]
Epoch 76/1000: 100%|███████████████| 32/32 [00:15<00:00,  2.07it/s, loss=0.0642]
Epoch 76/1000 | Loss: 0.2111 | Best: 0.1734 | 15.4s | Elapsed: 0.4h | ETA: 265m | LR: 0.000296
Epoch 77/1000: 100%|███████████████| 32/32 [00:15<00:00,  2.04it/s, loss=0.1391]
Epoch 77/1000 | Loss: 0.2119 | Best: 0.1734 | 15.7s | Elapsed: 0.4h | ETA: 265m | LR: 0.000296
Epoch 78/1000: 100%|███████████████| 32/32 [00:15<00:00,  2.09it/s, loss=0.1170]
Epoch 78/1000 | Loss: 0.1965 | Best: 0.1734 | 15.3s | Elapsed: 0.4h | ETA: 264m | LR: 0.000296
Epoch 79/1000: 100%|███████████████| 32/32 [00:15<00:00,  2.12it/s, loss=0.3457]
Epoch 79/1000 | Loss: 0.2178 | Best: 0.1734 | 15.1s | Elapsed: 0.4h | ETA: 263m | LR: 0.000295
Epoch 80/1000: 100%|███████████████| 32/32 [00:15<00:00,  2.12it/s, loss=0.1477]
Epoch 80/1000 | Loss: 0.2056 | Best: 0.1734 | 15.1s | Elapsed: 0.4h | ETA: 263m | LR: 0.000295
  💾 Checkpoint saved (overwrite): epoch 80
Epoch 81/1000: 100%|███████████████| 32/32 [00:15<00:00,  2.10it/s, loss=0.1003]
Epoch 81/1000 | Loss: 0.1928 | Best: 0.1734 | 15.3s | Elapsed: 0.4h | ETA: 262m | LR: 0.000295
Epoch 82/1000: 100%|███████████████| 32/32 [00:15<00:00,  2.08it/s, loss=0.1655]
Epoch 82/1000 | Loss: 0.1830 | Best: 0.1734 | 15.4s | Elapsed: 0.4h | ETA: 261m | LR: 0.000295
Epoch 83/1000: 100%|███████████████| 32/32 [00:15<00:00,  2.09it/s, loss=0.3806]
Epoch 83/1000 | Loss: 0.2347 | Best: 0.1734 | 15.3s | Elapsed: 0.4h | ETA: 261m | LR: 0.000295
Epoch 84/1000: 100%|███████████████| 32/32 [00:15<00:00,  2.11it/s, loss=0.2480]
Epoch 84/1000 | Loss: 0.1836 | Best: 0.1734 | 15.2s | Elapsed: 0.4h | ETA: 260m | LR: 0.000295
Epoch 85/1000: 100%|███████████████| 32/32 [00:15<00:00,  2.12it/s, loss=0.0864]
Epoch 85/1000 | Loss: 0.1791 | Best: 0.1734 | 15.1s | Elapsed: 0.4h | ETA: 260m | LR: 0.000295
Epoch 86/1000: 100%|███████████████| 32/32 [00:15<00:00,  2.11it/s, loss=0.1336]
Epoch 86/1000 | Loss: 0.1892 | Best: 0.1734 | 15.2s | Elapsed: 0.4h | ETA: 259m | LR: 0.000295
Epoch 87/1000: 100%|███████████████| 32/32 [00:15<00:00,  2.09it/s, loss=0.2737]
Epoch 87/1000 | Loss: 0.2269 | Best: 0.1734 | 15.3s | Elapsed: 0.4h | ETA: 258m | LR: 0.000294
Epoch 88/1000: 100%|███████████████| 32/32 [00:15<00:00,  2.08it/s, loss=0.1543]
Epoch 88/1000 | Loss: 0.2046 | Best: 0.1734 | 15.4s | Elapsed: 0.4h | ETA: 258m | LR: 0.000294
Epoch 89/1000: 100%|███████████████| 32/32 [00:15<00:00,  2.08it/s, loss=0.2106]
Epoch 89/1000 | Loss: 0.1683 | Best: 0.1734 | 15.4s | Elapsed: 0.4h | ETA: 257m | LR: 0.000294
  ★ Saved best model (loss=0.1683)
Epoch 90/1000: 100%|███████████████| 32/32 [00:15<00:00,  2.08it/s, loss=0.2102]
Epoch 90/1000 | Loss: 0.2063 | Best: 0.1683 | 15.4s | Elapsed: 0.5h | ETA: 257m | LR: 0.000294
Epoch 91/1000: 100%|███████████████| 32/32 [00:15<00:00,  2.08it/s, loss=0.2410]
Epoch 91/1000 | Loss: 0.2493 | Best: 0.1683 | 15.4s | Elapsed: 0.5h | ETA: 256m | LR: 0.000294
Epoch 92/1000: 100%|███████████████| 32/32 [00:15<00:00,  2.08it/s, loss=0.0620]
Epoch 92/1000 | Loss: 0.2129 | Best: 0.1683 | 15.4s | Elapsed: 0.5h | ETA: 256m | LR: 0.000294
Epoch 93/1000: 100%|███████████████| 32/32 [00:15<00:00,  2.09it/s, loss=0.2434]
Epoch 93/1000 | Loss: 0.1973 | Best: 0.1683 | 15.3s | Elapsed: 0.5h | ETA: 255m | LR: 0.000294
Epoch 94/1000: 100%|███████████████| 32/32 [00:15<00:00,  2.09it/s, loss=0.2594]
Epoch 94/1000 | Loss: 0.2045 | Best: 0.1683 | 15.3s | Elapsed: 0.5h | ETA: 255m | LR: 0.000294
Epoch 95/1000: 100%|███████████████| 32/32 [00:15<00:00,  2.10it/s, loss=0.2119]
Epoch 95/1000 | Loss: 0.2458 | Best: 0.1683 | 15.3s | Elapsed: 0.5h | ETA: 254m | LR: 0.000293
Epoch 96/1000: 100%|███████████████| 32/32 [00:15<00:00,  2.10it/s, loss=0.1361]
Epoch 96/1000 | Loss: 0.1909 | Best: 0.1683 | 15.2s | Elapsed: 0.5h | ETA: 254m | LR: 0.000293
Epoch 97/1000: 100%|███████████████| 32/32 [00:15<00:00,  2.10it/s, loss=0.2451]
Epoch 97/1000 | Loss: 0.1892 | Best: 0.1683 | 15.2s | Elapsed: 0.5h | ETA: 253m | LR: 0.000293
Epoch 98/1000: 100%|███████████████| 32/32 [00:15<00:00,  2.10it/s, loss=0.2444]
Epoch 98/1000 | Loss: 0.1998 | Best: 0.1683 | 15.2s | Elapsed: 0.5h | ETA: 252m | LR: 0.000293
Epoch 99/1000: 100%|███████████████| 32/32 [00:15<00:00,  2.10it/s, loss=0.1351]
Epoch 99/1000 | Loss: 0.1706 | Best: 0.1683 | 15.3s | Elapsed: 0.5h | ETA: 252m | LR: 0.000293
Epoch 100/1000: 100%|██████████████| 32/32 [00:15<00:00,  2.09it/s, loss=0.3445]
Epoch 100/1000 | Loss: 0.1977 | Best: 0.1683 | 15.3s | Elapsed: 0.5h | ETA: 251m | LR: 0.000293
  💾 Checkpoint saved (overwrite): epoch 100
RF Euler Sampling: 100%|████████████████████████| 30/30 [00:07<00:00,  3.93it/s]
RF Euler Sampling: 100%|████████████████████████| 30/30 [00:07<00:00,  3.92it/s]
RF Euler Sampling: 100%|████████████████████████| 30/30 [00:07<00:00,  3.92it/s]
Epoch 101/1000: 100%|██████████████| 32/32 [00:15<00:00,  2.08it/s, loss=0.0565]
Epoch 101/1000 | Loss: 0.1908 | Best: 0.1683 | 15.4s | Elapsed: 0.5h | ETA: 251m | LR: 0.000293
Epoch 102/1000: 100%|██████████████| 32/32 [00:15<00:00,  2.04it/s, loss=0.1762]
Epoch 102/1000 | Loss: 0.1830 | Best: 0.1683 | 15.7s | Elapsed: 0.5h | ETA: 251m | LR: 0.000292
Epoch 103/1000: 100%|██████████████| 32/32 [00:15<00:00,  2.08it/s, loss=0.4040]
Epoch 103/1000 | Loss: 0.2151 | Best: 0.1683 | 15.4s | Elapsed: 0.5h | ETA: 250m | LR: 0.000292
Epoch 104/1000: 100%|██████████████| 32/32 [00:15<00:00,  2.11it/s, loss=0.1640]
Epoch 104/1000 | Loss: 0.2102 | Best: 0.1683 | 15.2s | Elapsed: 0.5h | ETA: 250m | LR: 0.000292
Epoch 105/1000: 100%|██████████████| 32/32 [00:15<00:00,  2.13it/s, loss=0.2041]
Epoch 105/1000 | Loss: 0.2188 | Best: 0.1683 | 15.0s | Elapsed: 0.5h | ETA: 249m | LR: 0.000292
Epoch 106/1000: 100%|██████████████| 32/32 [00:15<00:00,  2.10it/s, loss=0.1395]
Epoch 106/1000 | Loss: 0.1891 | Best: 0.1683 | 15.3s | Elapsed: 0.5h | ETA: 249m | LR: 0.000292
Epoch 107/1000: 100%|██████████████| 32/32 [00:15<00:00,  2.07it/s, loss=0.2449]
Epoch 107/1000 | Loss: 0.2310 | Best: 0.1683 | 15.4s | Elapsed: 0.5h | ETA: 248m | LR: 0.000292
Epoch 108/1000: 100%|██████████████| 32/32 [00:15<00:00,  2.08it/s, loss=0.1969]
Epoch 108/1000 | Loss: 0.2154 | Best: 0.1683 | 15.4s | Elapsed: 0.5h | ETA: 248m | LR: 0.000291
Epoch 109/1000: 100%|██████████████| 32/32 [00:15<00:00,  2.10it/s, loss=0.2372]
Epoch 109/1000 | Loss: 0.2356 | Best: 0.1683 | 15.3s | Elapsed: 0.5h | ETA: 247m | LR: 0.000291
Epoch 110/1000: 100%|██████████████| 32/32 [00:15<00:00,  2.11it/s, loss=0.1631]
Epoch 110/1000 | Loss: 0.2244 | Best: 0.1683 | 15.2s | Elapsed: 0.5h | ETA: 247m | LR: 0.000291
Epoch 111/1000: 100%|██████████████| 32/32 [00:15<00:00,  2.10it/s, loss=0.1370]
Epoch 111/1000 | Loss: 0.1790 | Best: 0.1683 | 15.2s | Elapsed: 0.5h | ETA: 246m | LR: 0.000291
Epoch 112/1000: 100%|██████████████| 32/32 [00:15<00:00,  2.11it/s, loss=0.1568]
Epoch 112/1000 | Loss: 0.1718 | Best: 0.1683 | 15.2s | Elapsed: 0.6h | ETA: 246m | LR: 0.000291
Epoch 113/1000: 100%|██████████████| 32/32 [00:15<00:00,  2.11it/s, loss=0.1806]
Epoch 113/1000 | Loss: 0.2111 | Best: 0.1683 | 15.2s | Elapsed: 0.6h | ETA: 245m | LR: 0.000291
Epoch 114/1000: 100%|██████████████| 32/32 [00:15<00:00,  2.09it/s, loss=0.2144]
Epoch 114/1000 | Loss: 0.2293 | Best: 0.1683 | 15.3s | Elapsed: 0.6h | ETA: 245m | LR: 0.000290
Epoch 115/1000: 100%|██████████████| 32/32 [00:15<00:00,  2.08it/s, loss=0.1750]
Epoch 115/1000 | Loss: 0.2016 | Best: 0.1683 | 15.4s | Elapsed: 0.6h | ETA: 244m | LR: 0.000290
Epoch 116/1000: 100%|██████████████| 32/32 [00:15<00:00,  2.07it/s, loss=0.1906]
Epoch 116/1000 | Loss: 0.2402 | Best: 0.1683 | 15.4s | Elapsed: 0.6h | ETA: 244m | LR: 0.000290
Epoch 117/1000: 100%|██████████████| 32/32 [00:15<00:00,  2.08it/s, loss=0.2771]
Epoch 117/1000 | Loss: 0.2133 | Best: 0.1683 | 15.4s | Elapsed: 0.6h | ETA: 244m | LR: 0.000290
Epoch 118/1000: 100%|██████████████| 32/32 [00:15<00:00,  2.09it/s, loss=0.2637]
Epoch 118/1000 | Loss: 0.2019 | Best: 0.1683 | 15.3s | Elapsed: 0.6h | ETA: 243m | LR: 0.000290
Epoch 119/1000: 100%|██████████████| 32/32 [00:15<00:00,  2.11it/s, loss=0.3066]
Epoch 119/1000 | Loss: 0.2349 | Best: 0.1683 | 15.2s | Elapsed: 0.6h | ETA: 243m | LR: 0.000290
Epoch 120/1000: 100%|██████████████| 32/32 [00:15<00:00,  2.11it/s, loss=0.1262]
Epoch 120/1000 | Loss: 0.2201 | Best: 0.1683 | 15.2s | Elapsed: 0.6h | ETA: 242m | LR: 0.000289
  💾 Checkpoint saved (overwrite): epoch 120
Epoch 121/1000: 100%|██████████████| 32/32 [00:15<00:00,  2.11it/s, loss=0.1671]
Epoch 121/1000 | Loss: 0.2230 | Best: 0.1683 | 15.2s | Elapsed: 0.6h | ETA: 242m | LR: 0.000289
Epoch 122/1000: 100%|██████████████| 32/32 [00:15<00:00,  2.11it/s, loss=0.2047]
Epoch 122/1000 | Loss: 0.2053 | Best: 0.1683 | 15.1s | Elapsed: 0.6h | ETA: 241m | LR: 0.000289
Epoch 123/1000: 100%|██████████████| 32/32 [00:15<00:00,  2.10it/s, loss=0.2615]
Epoch 123/1000 | Loss: 0.2340 | Best: 0.1683 | 15.3s | Elapsed: 0.6h | ETA: 241m | LR: 0.000289
Epoch 124/1000: 100%|██████████████| 32/32 [00:15<00:00,  2.08it/s, loss=0.0792]
Epoch 124/1000 | Loss: 0.2154 | Best: 0.1683 | 15.4s | Elapsed: 0.6h | ETA: 241m | LR: 0.000289
Epoch 125/1000: 100%|██████████████| 32/32 [00:15<00:00,  2.08it/s, loss=0.1936]
Epoch 125/1000 | Loss: 0.2265 | Best: 0.1683 | 15.4s | Elapsed: 0.6h | ETA: 240m | LR: 0.000289
RF Euler Sampling: 100%|████████████████████████| 30/30 [00:07<00:00,  3.93it/s]
RF Euler Sampling: 100%|████████████████████████| 30/30 [00:07<00:00,  3.92it/s]
RF Euler Sampling: 100%|████████████████████████| 30/30 [00:07<00:00,  3.92it/s]
Epoch 126/1000: 100%|██████████████| 32/32 [00:15<00:00,  2.08it/s, loss=0.3210]
Epoch 126/1000 | Loss: 0.2438 | Best: 0.1683 | 15.4s | Elapsed: 0.6h | ETA: 240m | LR: 0.000288
Epoch 127/1000: 100%|██████████████| 32/32 [00:15<00:00,  2.04it/s, loss=0.0551]
Epoch 127/1000 | Loss: 0.1990 | Best: 0.1683 | 15.7s | Elapsed: 0.6h | ETA: 239m | LR: 0.000288
Epoch 128/1000: 100%|██████████████| 32/32 [00:15<00:00,  2.08it/s, loss=0.2409]
Epoch 128/1000 | Loss: 0.2095 | Best: 0.1683 | 15.4s | Elapsed: 0.6h | ETA: 239m | LR: 0.000288
Epoch 129/1000: 100%|██████████████| 32/32 [00:15<00:00,  2.11it/s, loss=0.3391]
Epoch 129/1000 | Loss: 0.2250 | Best: 0.1683 | 15.2s | Elapsed: 0.6h | ETA: 239m | LR: 0.000288
Epoch 130/1000: 100%|██████████████| 32/32 [00:15<00:00,  2.12it/s, loss=0.1710]
Epoch 130/1000 | Loss: 0.2112 | Best: 0.1683 | 15.1s | Elapsed: 0.6h | ETA: 238m | LR: 0.000288
Epoch 131/1000: 100%|██████████████| 32/32 [00:15<00:00,  2.09it/s, loss=0.2103]
Epoch 131/1000 | Loss: 0.2352 | Best: 0.1683 | 15.3s | Elapsed: 0.6h | ETA: 238m | LR: 0.000287
Epoch 132/1000: 100%|██████████████| 32/32 [00:15<00:00,  2.07it/s, loss=0.2129]
Epoch 132/1000 | Loss: 0.2168 | Best: 0.1683 | 15.4s | Elapsed: 0.6h | ETA: 237m | LR: 0.000287
Epoch 133/1000: 100%|██████████████| 32/32 [00:15<00:00,  2.08it/s, loss=0.1652]
Epoch 133/1000 | Loss: 0.2112 | Best: 0.1683 | 15.4s | Elapsed: 0.6h | ETA: 237m | LR: 0.000287
Epoch 134/1000: 100%|██████████████| 32/32 [00:15<00:00,  2.10it/s, loss=0.4304]
Epoch 134/1000 | Loss: 0.2052 | Best: 0.1683 | 15.2s | Elapsed: 0.7h | ETA: 237m | LR: 0.000287
Epoch 135/1000: 100%|██████████████| 32/32 [00:15<00:00,  2.11it/s, loss=0.2744]
Epoch 135/1000 | Loss: 0.1973 | Best: 0.1683 | 15.2s | Elapsed: 0.7h | ETA: 236m | LR: 0.000287
Epoch 136/1000: 100%|██████████████| 32/32 [00:15<00:00,  2.10it/s, loss=0.0629]
Epoch 136/1000 | Loss: 0.2211 | Best: 0.1683 | 15.3s | Elapsed: 0.7h | ETA: 236m | LR: 0.000287
Epoch 137/1000: 100%|██████████████| 32/32 [00:15<00:00,  2.08it/s, loss=0.4193]
Epoch 137/1000 | Loss: 0.2340 | Best: 0.1683 | 15.4s | Elapsed: 0.7h | ETA: 235m | LR: 0.000286
Epoch 138/1000: 100%|██████████████| 32/32 [00:15<00:00,  2.08it/s, loss=0.3660]
Epoch 138/1000 | Loss: 0.2063 | Best: 0.1683 | 15.4s | Elapsed: 0.7h | ETA: 235m | LR: 0.000286
Epoch 139/1000: 100%|██████████████| 32/32 [00:15<00:00,  2.08it/s, loss=0.1645]
Epoch 139/1000 | Loss: 0.1741 | Best: 0.1683 | 15.4s | Elapsed: 0.7h | ETA: 235m | LR: 0.000286
Epoch 140/1000: 100%|██████████████| 32/32 [00:15<00:00,  2.09it/s, loss=0.1651]
Epoch 140/1000 | Loss: 0.2177 | Best: 0.1683 | 15.3s | Elapsed: 0.7h | ETA: 234m | LR: 0.000286
  💾 Checkpoint saved (overwrite): epoch 140
Epoch 141/1000: 100%|██████████████| 32/32 [00:15<00:00,  2.09it/s, loss=0.1502]
Epoch 141/1000 | Loss: 0.2004 | Best: 0.1683 | 15.3s | Elapsed: 0.7h | ETA: 234m | LR: 0.000286
Epoch 142/1000: 100%|██████████████| 32/32 [00:15<00:00,  2.09it/s, loss=0.1280]
Epoch 142/1000 | Loss: 0.1697 | Best: 0.1683 | 15.3s | Elapsed: 0.7h | ETA: 234m | LR: 0.000285
Epoch 143/1000: 100%|██████████████| 32/32 [00:15<00:00,  2.09it/s, loss=0.0778]
Epoch 143/1000 | Loss: 0.1725 | Best: 0.1683 | 15.3s | Elapsed: 0.7h | ETA: 233m | LR: 0.000285
Epoch 144/1000: 100%|██████████████| 32/32 [00:15<00:00,  2.11it/s, loss=0.1829]
Epoch 144/1000 | Loss: 0.1852 | Best: 0.1683 | 15.2s | Elapsed: 0.7h | ETA: 233m | LR: 0.000285
Epoch 145/1000: 100%|██████████████| 32/32 [00:15<00:00,  2.10it/s, loss=0.1861]
Epoch 145/1000 | Loss: 0.2277 | Best: 0.1683 | 15.2s | Elapsed: 0.7h | ETA: 232m | LR: 0.000285
Epoch 146/1000: 100%|██████████████| 32/32 [00:15<00:00,  2.11it/s, loss=0.1734]
Epoch 146/1000 | Loss: 0.2228 | Best: 0.1683 | 15.2s | Elapsed: 0.7h | ETA: 232m | LR: 0.000284
Epoch 147/1000: 100%|██████████████| 32/32 [00:15<00:00,  2.10it/s, loss=0.1348]
Epoch 147/1000 | Loss: 0.2179 | Best: 0.1683 | 15.2s | Elapsed: 0.7h | ETA: 232m | LR: 0.000284
Epoch 148/1000: 100%|██████████████| 32/32 [00:15<00:00,  2.10it/s, loss=0.0545]
Epoch 148/1000 | Loss: 0.1848 | Best: 0.1683 | 15.2s | Elapsed: 0.7h | ETA: 231m | LR: 0.000284
Epoch 149/1000: 100%|██████████████| 32/32 [00:15<00:00,  2.10it/s, loss=0.3528]
Epoch 149/1000 | Loss: 0.1961 | Best: 0.1683 | 15.3s | Elapsed: 0.7h | ETA: 231m | LR: 0.000284
Epoch 150/1000: 100%|██████████████| 32/32 [00:15<00:00,  2.09it/s, loss=0.1531]
Epoch 150/1000 | Loss: 0.1936 | Best: 0.1683 | 15.3s | Elapsed: 0.7h | ETA: 231m | LR: 0.000284
RF Euler Sampling: 100%|████████████████████████| 30/30 [00:07<00:00,  3.93it/s]
RF Euler Sampling: 100%|████████████████████████| 30/30 [00:07<00:00,  3.93it/s]
RF Euler Sampling: 100%|████████████████████████| 30/30 [00:07<00:00,  3.92it/s]
Epoch 151/1000: 100%|██████████████| 32/32 [00:15<00:00,  2.06it/s, loss=0.1925]
Epoch 151/1000 | Loss: 0.1996 | Best: 0.1683 | 15.5s | Elapsed: 0.7h | ETA: 230m | LR: 0.000283
Epoch 152/1000: 100%|██████████████| 32/32 [00:15<00:00,  2.04it/s, loss=0.2654]
Epoch 152/1000 | Loss: 0.2160 | Best: 0.1683 | 15.7s | Elapsed: 0.7h | ETA: 230m | LR: 0.000283
Epoch 153/1000: 100%|██████████████| 32/32 [00:15<00:00,  2.09it/s, loss=0.4089]
Epoch 153/1000 | Loss: 0.2063 | Best: 0.1683 | 15.3s | Elapsed: 0.7h | ETA: 230m | LR: 0.000283
Epoch 154/1000: 100%|██████████████| 32/32 [00:15<00:00,  2.13it/s, loss=0.1487]
Epoch 154/1000 | Loss: 0.2079 | Best: 0.1683 | 15.0s | Elapsed: 0.7h | ETA: 229m | LR: 0.000283
Epoch 155/1000: 100%|██████████████| 32/32 [00:15<00:00,  2.11it/s, loss=0.3509]
Epoch 155/1000 | Loss: 0.1943 | Best: 0.1683 | 15.2s | Elapsed: 0.7h | ETA: 229m | LR: 0.000283
Epoch 156/1000: 100%|██████████████| 32/32 [00:15<00:00,  2.07it/s, loss=0.2385]
Epoch 156/1000 | Loss: 0.1717 | Best: 0.1683 | 15.4s | Elapsed: 0.8h | ETA: 228m | LR: 0.000282
Epoch 157/1000: 100%|██████████████| 32/32 [00:15<00:00,  2.08it/s, loss=0.1542]
Epoch 157/1000 | Loss: 0.2116 | Best: 0.1683 | 15.4s | Elapsed: 0.8h | ETA: 228m | LR: 0.000282
Epoch 158/1000: 100%|██████████████| 32/32 [00:15<00:00,  2.10it/s, loss=0.2772]
Epoch 158/1000 | Loss: 0.1886 | Best: 0.1683 | 15.3s | Elapsed: 0.8h | ETA: 228m | LR: 0.000282
Epoch 159/1000: 100%|██████████████| 32/32 [00:15<00:00,  2.11it/s, loss=0.1439]
Epoch 159/1000 | Loss: 0.2272 | Best: 0.1683 | 15.2s | Elapsed: 0.8h | ETA: 227m | LR: 0.000282
Epoch 160/1000: 100%|██████████████| 32/32 [00:15<00:00,  2.10it/s, loss=0.2804]
Epoch 160/1000 | Loss: 0.1955 | Best: 0.1683 | 15.2s | Elapsed: 0.8h | ETA: 227m | LR: 0.000281
  💾 Checkpoint saved (overwrite): epoch 160
Epoch 161/1000: 100%|██████████████| 32/32 [00:15<00:00,  2.09it/s, loss=0.2092]
Epoch 161/1000 | Loss: 0.1742 | Best: 0.1683 | 15.3s | Elapsed: 0.8h | ETA: 227m | LR: 0.000281
Epoch 162/1000: 100%|██████████████| 32/32 [00:15<00:00,  2.09it/s, loss=0.1593]
Epoch 162/1000 | Loss: 0.1964 | Best: 0.1683 | 15.3s | Elapsed: 0.8h | ETA: 226m | LR: 0.000281
Epoch 163/1000: 100%|██████████████| 32/32 [00:15<00:00,  2.09it/s, loss=0.1809]
Epoch 163/1000 | Loss: 0.1978 | Best: 0.1683 | 15.3s | Elapsed: 0.8h | ETA: 226m | LR: 0.000281
Epoch 164/1000: 100%|██████████████| 32/32 [00:15<00:00,  2.08it/s, loss=0.2210]
Epoch 164/1000 | Loss: 0.1893 | Best: 0.1683 | 15.4s | Elapsed: 0.8h | ETA: 226m | LR: 0.000281
Epoch 165/1000: 100%|██████████████| 32/32 [00:15<00:00,  2.07it/s, loss=0.2072]
Epoch 165/1000 | Loss: 0.1977 | Best: 0.1683 | 15.5s | Elapsed: 0.8h | ETA: 225m | LR: 0.000280
Epoch 166/1000: 100%|██████████████| 32/32 [00:15<00:00,  2.08it/s, loss=0.1223]
Epoch 166/1000 | Loss: 0.2188 | Best: 0.1683 | 15.4s | Elapsed: 0.8h | ETA: 225m | LR: 0.000280
Epoch 167/1000: 100%|██████████████| 32/32 [00:15<00:00,  2.09it/s, loss=0.0868]
Epoch 167/1000 | Loss: 0.1775 | Best: 0.1683 | 15.3s | Elapsed: 0.8h | ETA: 225m | LR: 0.000280
Epoch 168/1000: 100%|██████████████| 32/32 [00:15<00:00,  2.09it/s, loss=0.1072]
Epoch 168/1000 | Loss: 0.1757 | Best: 0.1683 | 15.3s | Elapsed: 0.8h | ETA: 224m | LR: 0.000280
Epoch 169/1000: 100%|██████████████| 32/32 [00:15<00:00,  2.10it/s, loss=0.3720]
Epoch 169/1000 | Loss: 0.2119 | Best: 0.1683 | 15.2s | Elapsed: 0.8h | ETA: 224m | LR: 0.000279
Epoch 170/1000: 100%|██████████████| 32/32 [00:15<00:00,  2.10it/s, loss=0.0447]
Epoch 170/1000 | Loss: 0.2083 | Best: 0.1683 | 15.3s | Elapsed: 0.8h | ETA: 224m | LR: 0.000279
Epoch 171/1000: 100%|██████████████| 32/32 [00:15<00:00,  2.09it/s, loss=0.1547]
Epoch 171/1000 | Loss: 0.1938 | Best: 0.1683 | 15.3s | Elapsed: 0.8h | ETA: 223m | LR: 0.000279
Epoch 172/1000: 100%|██████████████| 32/32 [00:15<00:00,  2.09it/s, loss=0.2271]
Epoch 172/1000 | Loss: 0.2160 | Best: 0.1683 | 15.3s | Elapsed: 0.8h | ETA: 223m | LR: 0.000279
Epoch 173/1000: 100%|██████████████| 32/32 [00:15<00:00,  2.09it/s, loss=0.1527]
Epoch 173/1000 | Loss: 0.2092 | Best: 0.1683 | 15.3s | Elapsed: 0.8h | ETA: 223m | LR: 0.000278
Epoch 174/1000: 100%|██████████████| 32/32 [00:15<00:00,  2.09it/s, loss=0.2077]
Epoch 174/1000 | Loss: 0.2164 | Best: 0.1683 | 15.3s | Elapsed: 0.8h | ETA: 222m | LR: 0.000278
Epoch 175/1000: 100%|██████████████| 32/32 [00:15<00:00,  2.08it/s, loss=0.0679]
Epoch 175/1000 | Loss: 0.2109 | Best: 0.1683 | 15.3s | Elapsed: 0.8h | ETA: 222m | LR: 0.000278
RF Euler Sampling: 100%|████████████████████████| 30/30 [00:07<00:00,  3.93it/s]
RF Euler Sampling: 100%|████████████████████████| 30/30 [00:07<00:00,  3.92it/s]
RF Euler Sampling: 100%|████████████████████████| 30/30 [00:07<00:00,  3.93it/s]
Epoch 176/1000: 100%|██████████████| 32/32 [00:15<00:00,  2.06it/s, loss=0.1965]
Epoch 176/1000 | Loss: 0.1819 | Best: 0.1683 | 15.5s | Elapsed: 0.8h | ETA: 222m | LR: 0.000278
Epoch 177/1000: 100%|██████████████| 32/32 [00:15<00:00,  2.04it/s, loss=0.1334]
Epoch 177/1000 | Loss: 0.2284 | Best: 0.1683 | 15.7s | Elapsed: 0.8h | ETA: 221m | LR: 0.000277
Epoch 178/1000: 100%|██████████████| 32/32 [00:15<00:00,  2.09it/s, loss=0.2399]
Epoch 178/1000 | Loss: 0.2112 | Best: 0.1683 | 15.3s | Elapsed: 0.9h | ETA: 221m | LR: 0.000277
Epoch 179/1000: 100%|██████████████| 32/32 [00:15<00:00,  2.13it/s, loss=0.2679]
Epoch 179/1000 | Loss: 0.2503 | Best: 0.1683 | 15.0s | Elapsed: 0.9h | ETA: 221m | LR: 0.000277
Epoch 180/1000: 100%|██████████████| 32/32 [00:15<00:00,  2.12it/s, loss=0.2148]
Epoch 180/1000 | Loss: 0.2116 | Best: 0.1683 | 15.1s | Elapsed: 0.9h | ETA: 220m | LR: 0.000277
  💾 Checkpoint saved (overwrite): epoch 180
Epoch 181/1000: 100%|██████████████| 32/32 [00:15<00:00,  2.09it/s, loss=0.1232]
Epoch 181/1000 | Loss: 0.2236 | Best: 0.1683 | 15.3s | Elapsed: 0.9h | ETA: 220m | LR: 0.000276
Epoch 182/1000: 100%|██████████████| 32/32 [00:15<00:00,  2.07it/s, loss=0.1288]
Epoch 182/1000 | Loss: 0.2174 | Best: 0.1683 | 15.4s | Elapsed: 0.9h | ETA: 220m | LR: 0.000276
Epoch 183/1000: 100%|██████████████| 32/32 [00:15<00:00,  2.08it/s, loss=0.1530]
Epoch 183/1000 | Loss: 0.1789 | Best: 0.1683 | 15.4s | Elapsed: 0.9h | ETA: 219m | LR: 0.000276
Epoch 184/1000: 100%|██████████████| 32/32 [00:15<00:00,  2.08it/s, loss=0.3072]
Epoch 184/1000 | Loss: 0.1819 | Best: 0.1683 | 15.4s | Elapsed: 0.9h | ETA: 219m | LR: 0.000276
Epoch 185/1000: 100%|██████████████| 32/32 [00:15<00:00,  2.10it/s, loss=0.2788]
Epoch 185/1000 | Loss: 0.2249 | Best: 0.1683 | 15.3s | Elapsed: 0.9h | ETA: 219m | LR: 0.000275
Epoch 186/1000: 100%|██████████████| 32/32 [00:15<00:00,  2.09it/s, loss=0.2289]
Epoch 186/1000 | Loss: 0.1824 | Best: 0.1683 | 15.3s | Elapsed: 0.9h | ETA: 218m | LR: 0.000275
Epoch 187/1000: 100%|██████████████| 32/32 [00:15<00:00,  2.09it/s, loss=0.1953]
Epoch 187/1000 | Loss: 0.2197 | Best: 0.1683 | 15.3s | Elapsed: 0.9h | ETA: 218m | LR: 0.000275
Epoch 188/1000: 100%|██████████████| 32/32 [00:15<00:00,  2.09it/s, loss=0.2669]
Epoch 188/1000 | Loss: 0.1819 | Best: 0.1683 | 15.3s | Elapsed: 0.9h | ETA: 218m | LR: 0.000275
Epoch 189/1000: 100%|██████████████| 32/32 [00:15<00:00,  2.09it/s, loss=0.2959]
Epoch 189/1000 | Loss: 0.2455 | Best: 0.1683 | 15.3s | Elapsed: 0.9h | ETA: 217m | LR: 0.000274
Epoch 190/1000: 100%|██████████████| 32/32 [00:15<00:00,  2.10it/s, loss=0.1772]
Epoch 190/1000 | Loss: 0.1957 | Best: 0.1683 | 15.3s | Elapsed: 0.9h | ETA: 217m | LR: 0.000274
Epoch 191/1000: 100%|██████████████| 32/32 [00:15<00:00,  2.10it/s, loss=0.1028]
Epoch 191/1000 | Loss: 0.2118 | Best: 0.1683 | 15.2s | Elapsed: 0.9h | ETA: 217m | LR: 0.000274
Epoch 192/1000: 100%|██████████████| 32/32 [00:15<00:00,  2.10it/s, loss=0.3822]
Epoch 192/1000 | Loss: 0.2331 | Best: 0.1683 | 15.3s | Elapsed: 0.9h | ETA: 216m | LR: 0.000274
Epoch 193/1000: 100%|██████████████| 32/32 [00:15<00:00,  2.10it/s, loss=0.0883]
Epoch 193/1000 | Loss: 0.2578 | Best: 0.1683 | 15.3s | Elapsed: 0.9h | ETA: 216m | LR: 0.000273
Epoch 194/1000: 100%|██████████████| 32/32 [00:15<00:00,  2.10it/s, loss=0.1732]
Epoch 194/1000 | Loss: 0.1973 | Best: 0.1683 | 15.2s | Elapsed: 0.9h | ETA: 216m | LR: 0.000273
Epoch 195/1000: 100%|██████████████| 32/32 [00:15<00:00,  2.09it/s, loss=0.1402]
Epoch 195/1000 | Loss: 0.2149 | Best: 0.1683 | 15.3s | Elapsed: 0.9h | ETA: 215m | LR: 0.000273
Epoch 196/1000: 100%|██████████████| 32/32 [00:15<00:00,  2.08it/s, loss=0.2149]
Epoch 196/1000 | Loss: 0.2024 | Best: 0.1683 | 15.4s | Elapsed: 0.9h | ETA: 215m | LR: 0.000272
Epoch 197/1000: 100%|██████████████| 32/32 [00:15<00:00,  2.08it/s, loss=0.2683]
Epoch 197/1000 | Loss: 0.2191 | Best: 0.1683 | 15.4s | Elapsed: 0.9h | ETA: 215m | LR: 0.000272
Epoch 198/1000: 100%|██████████████| 32/32 [00:15<00:00,  2.07it/s, loss=0.3463]
Epoch 198/1000 | Loss: 0.2394 | Best: 0.1683 | 15.4s | Elapsed: 0.9h | ETA: 214m | LR: 0.000272
Epoch 199/1000: 100%|██████████████| 32/32 [00:15<00:00,  2.07it/s, loss=0.0700]
Epoch 199/1000 | Loss: 0.1932 | Best: 0.1683 | 15.4s | Elapsed: 0.9h | ETA: 214m | LR: 0.000272
Epoch 200/1000: 100%|██████████████| 32/32 [00:15<00:00,  2.08it/s, loss=0.1368]
Epoch 200/1000 | Loss: 0.1966 | Best: 0.1683 | 15.4s | Elapsed: 0.9h | ETA: 214m | LR: 0.000271
  💾 Checkpoint saved (overwrite): epoch 200
RF Euler Sampling: 100%|████████████████████████| 30/30 [00:07<00:00,  3.92it/s]
RF Euler Sampling: 100%|████████████████████████| 30/30 [00:07<00:00,  3.92it/s]
RF Euler Sampling: 100%|████████████████████████| 30/30 [00:07<00:00,  3.92it/s]
Epoch 201/1000: 100%|██████████████| 32/32 [00:15<00:00,  2.06it/s, loss=0.4256]
Epoch 201/1000 | Loss: 0.2275 | Best: 0.1683 | 15.6s | Elapsed: 1.0h | ETA: 214m | LR: 0.000271
Epoch 202/1000: 100%|██████████████| 32/32 [00:15<00:00,  2.04it/s, loss=0.2621]
Epoch 202/1000 | Loss: 0.2034 | Best: 0.1683 | 15.7s | Elapsed: 1.0h | ETA: 213m | LR: 0.000271
Epoch 203/1000: 100%|██████████████| 32/32 [00:15<00:00,  2.08it/s, loss=0.2355]
Epoch 203/1000 | Loss: 0.2420 | Best: 0.1683 | 15.4s | Elapsed: 1.0h | ETA: 213m | LR: 0.000271
Epoch 204/1000: 100%|██████████████| 32/32 [00:15<00:00,  2.11it/s, loss=0.2071]
Epoch 204/1000 | Loss: 0.2278 | Best: 0.1683 | 15.2s | Elapsed: 1.0h | ETA: 213m | LR: 0.000270
Epoch 205/1000: 100%|██████████████| 32/32 [00:15<00:00,  2.11it/s, loss=0.2928]
Epoch 205/1000 | Loss: 0.2128 | Best: 0.1683 | 15.2s | Elapsed: 1.0h | ETA: 212m | LR: 0.000270
Epoch 206/1000: 100%|██████████████| 32/32 [00:15<00:00,  2.08it/s, loss=0.3914]
Epoch 206/1000 | Loss: 0.1935 | Best: 0.1683 | 15.4s | Elapsed: 1.0h | ETA: 212m | LR: 0.000270
Epoch 207/1000: 100%|██████████████| 32/32 [00:15<00:00,  2.06it/s, loss=0.2038]
Epoch 207/1000 | Loss: 0.2009 | Best: 0.1683 | 15.5s | Elapsed: 1.0h | ETA: 212m | LR: 0.000269
Epoch 208/1000: 100%|██████████████| 32/32 [00:15<00:00,  2.08it/s, loss=0.1534]
Epoch 208/1000 | Loss: 0.1862 | Best: 0.1683 | 15.4s | Elapsed: 1.0h | ETA: 211m | LR: 0.000269
Epoch 209/1000: 100%|██████████████| 32/32 [00:15<00:00,  2.09it/s, loss=0.2562]
Epoch 209/1000 | Loss: 0.2434 | Best: 0.1683 | 15.3s | Elapsed: 1.0h | ETA: 211m | LR: 0.000269
Epoch 210/1000: 100%|██████████████| 32/32 [00:15<00:00,  2.09it/s, loss=0.2189]
Epoch 210/1000 | Loss: 0.1958 | Best: 0.1683 | 15.3s | Elapsed: 1.0h | ETA: 211m | LR: 0.000269
Epoch 211/1000: 100%|██████████████| 32/32 [00:15<00:00,  2.08it/s, loss=0.1645]
Epoch 211/1000 | Loss: 0.2194 | Best: 0.1683 | 15.4s | Elapsed: 1.0h | ETA: 210m | LR: 0.000268
Epoch 212/1000: 100%|██████████████| 32/32 [00:15<00:00,  2.08it/s, loss=0.3816]
Epoch 212/1000 | Loss: 0.1829 | Best: 0.1683 | 15.4s | Elapsed: 1.0h | ETA: 210m | LR: 0.000268
Epoch 213/1000: 100%|██████████████| 32/32 [00:15<00:00,  2.07it/s, loss=0.3298]
Epoch 213/1000 | Loss: 0.2006 | Best: 0.1683 | 15.4s | Elapsed: 1.0h | ETA: 210m | LR: 0.000268
Epoch 214/1000: 100%|██████████████| 32/32 [00:15<00:00,  2.07it/s, loss=0.3585]
Epoch 214/1000 | Loss: 0.1883 | Best: 0.1683 | 15.5s | Elapsed: 1.0h | ETA: 210m | LR: 0.000267
Epoch 215/1000: 100%|██████████████| 32/32 [00:15<00:00,  2.07it/s, loss=0.1866]
Epoch 215/1000 | Loss: 0.2218 | Best: 0.1683 | 15.4s | Elapsed: 1.0h | ETA: 209m | LR: 0.000267
Epoch 216/1000: 100%|██████████████| 32/32 [00:15<00:00,  2.08it/s, loss=0.2431]
Epoch 216/1000 | Loss: 0.2298 | Best: 0.1683 | 15.4s | Elapsed: 1.0h | ETA: 209m | LR: 0.000267
Epoch 217/1000: 100%|██████████████| 32/32 [00:15<00:00,  2.08it/s, loss=0.0585]
Epoch 217/1000 | Loss: 0.1701 | Best: 0.1683 | 15.4s | Elapsed: 1.0h | ETA: 209m | LR: 0.000266
Epoch 218/1000: 100%|██████████████| 32/32 [00:15<00:00,  2.09it/s, loss=0.1150]
Epoch 218/1000 | Loss: 0.1985 | Best: 0.1683 | 15.3s | Elapsed: 1.0h | ETA: 208m | LR: 0.000266
Epoch 219/1000: 100%|██████████████| 32/32 [00:15<00:00,  2.09it/s, loss=0.1048]
Epoch 219/1000 | Loss: 0.2200 | Best: 0.1683 | 15.3s | Elapsed: 1.0h | ETA: 208m | LR: 0.000266
Epoch 220/1000: 100%|██████████████| 32/32 [00:15<00:00,  2.08it/s, loss=0.1809]
Epoch 220/1000 | Loss: 0.1908 | Best: 0.1683 | 15.4s | Elapsed: 1.0h | ETA: 208m | LR: 0.000266
  💾 Checkpoint saved (overwrite): epoch 220
Epoch 221/1000: 100%|██████████████| 32/32 [00:15<00:00,  2.10it/s, loss=0.1531]
Epoch 221/1000 | Loss: 0.2201 | Best: 0.1683 | 15.3s | Elapsed: 1.0h | ETA: 207m | LR: 0.000265
Epoch 222/1000: 100%|██████████████| 32/32 [00:15<00:00,  2.10it/s, loss=0.1296]
Epoch 222/1000 | Loss: 0.1654 | Best: 0.1683 | 15.3s | Elapsed: 1.0h | ETA: 207m | LR: 0.000265
  ★ Saved best model (loss=0.1654)
Epoch 223/1000: 100%|██████████████| 32/32 [00:15<00:00,  2.09it/s, loss=0.1439]
Epoch 223/1000 | Loss: 0.2299 | Best: 0.1654 | 15.3s | Elapsed: 1.1h | ETA: 207m | LR: 0.000265
Epoch 224/1000: 100%|██████████████| 32/32 [00:15<00:00,  2.09it/s, loss=0.1769]
Epoch 224/1000 | Loss: 0.2170 | Best: 0.1654 | 15.3s | Elapsed: 1.1h | ETA: 207m | LR: 0.000264
Epoch 225/1000: 100%|██████████████| 32/32 [00:15<00:00,  2.08it/s, loss=0.1693]
Epoch 225/1000 | Loss: 0.1934 | Best: 0.1654 | 15.4s | Elapsed: 1.1h | ETA: 206m | LR: 0.000264
RF Euler Sampling: 100%|████████████████████████| 30/30 [00:07<00:00,  3.92it/s]
RF Euler Sampling: 100%|████████████████████████| 30/30 [00:07<00:00,  3.93it/s]
RF Euler Sampling: 100%|████████████████████████| 30/30 [00:07<00:00,  3.93it/s]
Epoch 226/1000: 100%|██████████████| 32/32 [00:15<00:00,  2.06it/s, loss=0.1692]
Epoch 226/1000 | Loss: 0.2110 | Best: 0.1654 | 15.5s | Elapsed: 1.1h | ETA: 206m | LR: 0.000264
Epoch 227/1000: 100%|██████████████| 32/32 [00:15<00:00,  2.03it/s, loss=0.2666]
Epoch 227/1000 | Loss: 0.2254 | Best: 0.1654 | 15.7s | Elapsed: 1.1h | ETA: 206m | LR: 0.000263
Epoch 228/1000: 100%|██████████████| 32/32 [00:15<00:00,  2.08it/s, loss=0.1388]
Epoch 228/1000 | Loss: 0.2121 | Best: 0.1654 | 15.4s | Elapsed: 1.1h | ETA: 205m | LR: 0.000263
Epoch 229/1000: 100%|██████████████| 32/32 [00:15<00:00,  2.12it/s, loss=0.2369]
Epoch 229/1000 | Loss: 0.2017 | Best: 0.1654 | 15.1s | Elapsed: 1.1h | ETA: 205m | LR: 0.000263
Epoch 230/1000: 100%|██████████████| 32/32 [00:15<00:00,  2.11it/s, loss=0.2509]
Epoch 230/1000 | Loss: 0.2202 | Best: 0.1654 | 15.1s | Elapsed: 1.1h | ETA: 205m | LR: 0.000263
Epoch 231/1000: 100%|██████████████| 32/32 [00:15<00:00,  2.08it/s, loss=0.3426]
Epoch 231/1000 | Loss: 0.2277 | Best: 0.1654 | 15.4s | Elapsed: 1.1h | ETA: 204m | LR: 0.000262
Epoch 232/1000: 100%|██████████████| 32/32 [00:15<00:00,  2.07it/s, loss=0.2299]
Epoch 232/1000 | Loss: 0.2419 | Best: 0.1654 | 15.5s | Elapsed: 1.1h | ETA: 204m | LR: 0.000262
Epoch 233/1000: 100%|██████████████| 32/32 [00:15<00:00,  2.08it/s, loss=0.2474]
Epoch 233/1000 | Loss: 0.2042 | Best: 0.1654 | 15.4s | Elapsed: 1.1h | ETA: 204m | LR: 0.000262
Epoch 234/1000: 100%|██████████████| 32/32 [00:15<00:00,  2.09it/s, loss=0.0860]
Epoch 234/1000 | Loss: 0.1573 | Best: 0.1654 | 15.3s | Elapsed: 1.1h | ETA: 204m | LR: 0.000261
  ★ Saved best model (loss=0.1573)
Epoch 235/1000: 100%|██████████████| 32/32 [00:15<00:00,  2.11it/s, loss=0.2311]
Epoch 235/1000 | Loss: 0.1854 | Best: 0.1573 | 15.2s | Elapsed: 1.1h | ETA: 203m | LR: 0.000261
Epoch 236/1000: 100%|██████████████| 32/32 [00:15<00:00,  2.10it/s, loss=0.1641]
Epoch 236/1000 | Loss: 0.1982 | Best: 0.1573 | 15.2s | Elapsed: 1.1h | ETA: 203m | LR: 0.000261
Epoch 237/1000: 100%|██████████████| 32/32 [00:15<00:00,  2.10it/s, loss=0.2345]
Epoch 237/1000 | Loss: 0.1814 | Best: 0.1573 | 15.2s | Elapsed: 1.1h | ETA: 203m | LR: 0.000260
Epoch 238/1000: 100%|██████████████| 32/32 [00:15<00:00,  2.11it/s, loss=0.3266]
Epoch 238/1000 | Loss: 0.2236 | Best: 0.1573 | 15.2s | Elapsed: 1.1h | ETA: 202m | LR: 0.000260
Epoch 239/1000: 100%|██████████████| 32/32 [00:15<00:00,  2.09it/s, loss=0.1128]
Epoch 239/1000 | Loss: 0.2035 | Best: 0.1573 | 15.3s | Elapsed: 1.1h | ETA: 202m | LR: 0.000260
Epoch 240/1000: 100%|██████████████| 32/32 [00:15<00:00,  2.08it/s, loss=0.1849]
Epoch 240/1000 | Loss: 0.2065 | Best: 0.1573 | 15.4s | Elapsed: 1.1h | ETA: 202m | LR: 0.000259
  💾 Checkpoint saved (overwrite): epoch 240
Epoch 241/1000: 100%|██████████████| 32/32 [00:15<00:00,  2.08it/s, loss=0.3367]
Epoch 241/1000 | Loss: 0.2257 | Best: 0.1573 | 15.4s | Elapsed: 1.1h | ETA: 201m | LR: 0.000259
Epoch 242/1000: 100%|██████████████| 32/32 [00:15<00:00,  2.07it/s, loss=0.2636]
Epoch 242/1000 | Loss: 0.2263 | Best: 0.1573 | 15.5s | Elapsed: 1.1h | ETA: 201m | LR: 0.000259
Epoch 243/1000: 100%|██████████████| 32/32 [00:15<00:00,  2.07it/s, loss=0.3574]
Epoch 243/1000 | Loss: 0.1963 | Best: 0.1573 | 15.5s | Elapsed: 1.1h | ETA: 201m | LR: 0.000258
Epoch 244/1000: 100%|██████████████| 32/32 [00:15<00:00,  2.09it/s, loss=0.1190]
Epoch 244/1000 | Loss: 0.2119 | Best: 0.1573 | 15.3s | Elapsed: 1.1h | ETA: 201m | LR: 0.000258
Epoch 245/1000: 100%|██████████████| 32/32 [00:15<00:00,  2.09it/s, loss=0.1627]
Epoch 245/1000 | Loss: 0.2164 | Best: 0.1573 | 15.3s | Elapsed: 1.2h | ETA: 200m | LR: 0.000258
Epoch 246/1000: 100%|██████████████| 32/32 [00:15<00:00,  2.10it/s, loss=0.1659]
Epoch 246/1000 | Loss: 0.2312 | Best: 0.1573 | 15.3s | Elapsed: 1.2h | ETA: 200m | LR: 0.000257
Epoch 247/1000: 100%|██████████████| 32/32 [00:15<00:00,  2.10it/s, loss=0.2792]
Epoch 247/1000 | Loss: 0.1911 | Best: 0.1573 | 15.2s | Elapsed: 1.2h | ETA: 200m | LR: 0.000257
Epoch 248/1000: 100%|██████████████| 32/32 [00:15<00:00,  2.10it/s, loss=0.4317]
Epoch 248/1000 | Loss: 0.2432 | Best: 0.1573 | 15.2s | Elapsed: 1.2h | ETA: 199m | LR: 0.000257
Epoch 249/1000: 100%|██████████████| 32/32 [00:15<00:00,  2.10it/s, loss=0.3617]
Epoch 249/1000 | Loss: 0.2030 | Best: 0.1573 | 15.2s | Elapsed: 1.2h | ETA: 199m | LR: 0.000256
Epoch 250/1000: 100%|██████████████| 32/32 [00:15<00:00,  2.10it/s, loss=0.2585]
Epoch 250/1000 | Loss: 0.2197 | Best: 0.1573 | 15.2s | Elapsed: 1.2h | ETA: 199m | LR: 0.000256
RF Euler Sampling: 100%|████████████████████████| 30/30 [00:07<00:00,  3.92it/s]
RF Euler Sampling: 100%|████████████████████████| 30/30 [00:07<00:00,  3.92it/s]
RF Euler Sampling: 100%|████████████████████████| 30/30 [00:07<00:00,  3.92it/s]
Epoch 251/1000: 100%|██████████████| 32/32 [00:15<00:00,  2.06it/s, loss=0.2591]
Epoch 251/1000 | Loss: 0.2505 | Best: 0.1573 | 15.5s | Elapsed: 1.2h | ETA: 198m | LR: 0.000256
Epoch 252/1000: 100%|██████████████| 32/32 [00:15<00:00,  2.03it/s, loss=0.2200]
Epoch 252/1000 | Loss: 0.1821 | Best: 0.1573 | 15.8s | Elapsed: 1.2h | ETA: 198m | LR: 0.000255
Epoch 253/1000: 100%|██████████████| 32/32 [00:15<00:00,  2.08it/s, loss=0.1661]
Epoch 253/1000 | Loss: 0.1983 | Best: 0.1573 | 15.4s | Elapsed: 1.2h | ETA: 198m | LR: 0.000255
Epoch 254/1000: 100%|██████████████| 32/32 [00:15<00:00,  2.13it/s, loss=0.1949]
Epoch 254/1000 | Loss: 0.2053 | Best: 0.1573 | 15.0s | Elapsed: 1.2h | ETA: 198m | LR: 0.000255
Epoch 255/1000: 100%|██████████████| 32/32 [00:15<00:00,  2.12it/s, loss=0.2218]
Epoch 255/1000 | Loss: 0.1839 | Best: 0.1573 | 15.1s | Elapsed: 1.2h | ETA: 197m | LR: 0.000254
Epoch 256/1000: 100%|██████████████| 32/32 [00:15<00:00,  2.07it/s, loss=0.0689]
Epoch 256/1000 | Loss: 0.1676 | Best: 0.1573 | 15.4s | Elapsed: 1.2h | ETA: 197m | LR: 0.000254
Epoch 257/1000: 100%|██████████████| 32/32 [00:15<00:00,  2.07it/s, loss=0.0737]
Epoch 257/1000 | Loss: 0.1865 | Best: 0.1573 | 15.5s | Elapsed: 1.2h | ETA: 197m | LR: 0.000254
Epoch 258/1000: 100%|██████████████| 32/32 [00:15<00:00,  2.08it/s, loss=0.1721]
Epoch 258/1000 | Loss: 0.2081 | Best: 0.1573 | 15.4s | Elapsed: 1.2h | ETA: 196m | LR: 0.000253
Epoch 259/1000: 100%|██████████████| 32/32 [00:15<00:00,  2.10it/s, loss=0.2591]
Epoch 259/1000 | Loss: 0.2098 | Best: 0.1573 | 15.2s | Elapsed: 1.2h | ETA: 196m | LR: 0.000253
Epoch 260/1000: 100%|██████████████| 32/32 [00:15<00:00,  2.10it/s, loss=0.1628]
Epoch 260/1000 | Loss: 0.1883 | Best: 0.1573 | 15.2s | Elapsed: 1.2h | ETA: 196m | LR: 0.000253
  💾 Checkpoint saved (overwrite): epoch 260
Epoch 261/1000: 100%|██████████████| 32/32 [00:15<00:00,  2.09it/s, loss=0.1795]
Epoch 261/1000 | Loss: 0.1667 | Best: 0.1573 | 15.3s | Elapsed: 1.2h | ETA: 196m | LR: 0.000252
Epoch 262/1000: 100%|██████████████| 32/32 [00:15<00:00,  2.08it/s, loss=0.2708]
Epoch 262/1000 | Loss: 0.2048 | Best: 0.1573 | 15.4s | Elapsed: 1.2h | ETA: 195m | LR: 0.000252
Epoch 263/1000: 100%|██████████████| 32/32 [00:15<00:00,  2.07it/s, loss=0.1989]
Epoch 263/1000 | Loss: 0.1865 | Best: 0.1573 | 15.4s | Elapsed: 1.2h | ETA: 195m | LR: 0.000252
Epoch 264/1000: 100%|██████████████| 32/32 [00:15<00:00,  2.08it/s, loss=0.1868]
Epoch 264/1000 | Loss: 0.2202 | Best: 0.1573 | 15.4s | Elapsed: 1.2h | ETA: 195m | LR: 0.000251
Epoch 265/1000: 100%|██████████████| 32/32 [00:15<00:00,  2.08it/s, loss=0.4179]
Epoch 265/1000 | Loss: 0.2166 | Best: 0.1573 | 15.4s | Elapsed: 1.2h | ETA: 194m | LR: 0.000251
Epoch 266/1000: 100%|██████████████| 32/32 [00:15<00:00,  2.09it/s, loss=0.0774]
Epoch 266/1000 | Loss: 0.1770 | Best: 0.1573 | 15.3s | Elapsed: 1.2h | ETA: 194m | LR: 0.000251
Epoch 267/1000: 100%|██████████████| 32/32 [00:15<00:00,  2.08it/s, loss=0.1287]
Epoch 267/1000 | Loss: 0.2085 | Best: 0.1573 | 15.4s | Elapsed: 1.3h | ETA: 194m | LR: 0.000250
Epoch 268/1000: 100%|██████████████| 32/32 [00:15<00:00,  2.10it/s, loss=0.1998]
Epoch 268/1000 | Loss: 0.1861 | Best: 0.1573 | 15.3s | Elapsed: 1.3h | ETA: 194m | LR: 0.000250
Epoch 269/1000: 100%|██████████████| 32/32 [00:15<00:00,  2.10it/s, loss=0.1730]
Epoch 269/1000 | Loss: 0.1855 | Best: 0.1573 | 15.3s | Elapsed: 1.3h | ETA: 193m | LR: 0.000250
Epoch 270/1000: 100%|██████████████| 32/32 [00:15<00:00,  2.10it/s, loss=0.2004]
Epoch 270/1000 | Loss: 0.2008 | Best: 0.1573 | 15.2s | Elapsed: 1.3h | ETA: 193m | LR: 0.000249
Epoch 271/1000: 100%|██████████████| 32/32 [00:15<00:00,  2.09it/s, loss=0.1129]
Epoch 271/1000 | Loss: 0.1560 | Best: 0.1573 | 15.3s | Elapsed: 1.3h | ETA: 193m | LR: 0.000249
  ★ Saved best model (loss=0.1560)
Epoch 272/1000: 100%|██████████████| 32/32 [00:15<00:00,  2.08it/s, loss=0.4719]
Epoch 272/1000 | Loss: 0.2109 | Best: 0.1560 | 15.4s | Elapsed: 1.3h | ETA: 192m | LR: 0.000248
Epoch 273/1000: 100%|██████████████| 32/32 [00:15<00:00,  2.07it/s, loss=0.1605]
Epoch 273/1000 | Loss: 0.2057 | Best: 0.1560 | 15.5s | Elapsed: 1.3h | ETA: 192m | LR: 0.000248
Epoch 274/1000: 100%|██████████████| 32/32 [00:15<00:00,  2.07it/s, loss=0.2262]
Epoch 274/1000 | Loss: 0.2139 | Best: 0.1560 | 15.4s | Elapsed: 1.3h | ETA: 192m | LR: 0.000248
Epoch 275/1000: 100%|██████████████| 32/32 [00:15<00:00,  2.08it/s, loss=0.1714]
Epoch 275/1000 | Loss: 0.1958 | Best: 0.1560 | 15.4s | Elapsed: 1.3h | ETA: 192m | LR: 0.000247
RF Euler Sampling: 100%|████████████████████████| 30/30 [00:07<00:00,  3.93it/s]
RF Euler Sampling: 100%|████████████████████████| 30/30 [00:07<00:00,  3.93it/s]
RF Euler Sampling: 100%|████████████████████████| 30/30 [00:07<00:00,  3.92it/s]
Epoch 276/1000: 100%|██████████████| 32/32 [00:15<00:00,  2.06it/s, loss=0.1110]
Epoch 276/1000 | Loss: 0.1877 | Best: 0.1560 | 15.5s | Elapsed: 1.3h | ETA: 191m | LR: 0.000247
Epoch 277/1000: 100%|██████████████| 32/32 [00:15<00:00,  2.03it/s, loss=0.2286]
Epoch 277/1000 | Loss: 0.2227 | Best: 0.1560 | 15.8s | Elapsed: 1.3h | ETA: 191m | LR: 0.000247
Epoch 278/1000: 100%|██████████████| 32/32 [00:15<00:00,  2.08it/s, loss=0.0987]
Epoch 278/1000 | Loss: 0.2259 | Best: 0.1560 | 15.4s | Elapsed: 1.3h | ETA: 191m | LR: 0.000246
Epoch 279/1000: 100%|██████████████| 32/32 [00:15<00:00,  2.11it/s, loss=0.2672]
Epoch 279/1000 | Loss: 0.1807 | Best: 0.1560 | 15.1s | Elapsed: 1.3h | ETA: 190m | LR: 0.000246
Epoch 280/1000: 100%|██████████████| 32/32 [00:15<00:00,  2.10it/s, loss=0.2858]
Epoch 280/1000 | Loss: 0.2455 | Best: 0.1560 | 15.3s | Elapsed: 1.3h | ETA: 190m | LR: 0.000246
  💾 Checkpoint saved (overwrite): epoch 280
Epoch 281/1000: 100%|██████████████| 32/32 [00:15<00:00,  2.08it/s, loss=0.2125]
Epoch 281/1000 | Loss: 0.2089 | Best: 0.1560 | 15.4s | Elapsed: 1.3h | ETA: 190m | LR: 0.000245
Epoch 282/1000: 100%|██████████████| 32/32 [00:15<00:00,  2.07it/s, loss=0.2671]
Epoch 282/1000 | Loss: 0.1650 | Best: 0.1560 | 15.5s | Elapsed: 1.3h | ETA: 190m | LR: 0.000245
Epoch 283/1000: 100%|██████████████| 32/32 [00:15<00:00,  2.07it/s, loss=0.2697]
Epoch 283/1000 | Loss: 0.1832 | Best: 0.1560 | 15.5s | Elapsed: 1.3h | ETA: 189m | LR: 0.000245
Epoch 284/1000: 100%|██████████████| 32/32 [00:15<00:00,  2.07it/s, loss=0.2600]
Epoch 284/1000 | Loss: 0.2090 | Best: 0.1560 | 15.4s | Elapsed: 1.3h | ETA: 189m | LR: 0.000244
Epoch 285/1000: 100%|██████████████| 32/32 [00:15<00:00,  2.08it/s, loss=0.2819]
Epoch 285/1000 | Loss: 0.2007 | Best: 0.1560 | 15.4s | Elapsed: 1.3h | ETA: 189m | LR: 0.000244
Epoch 286/1000: 100%|██████████████| 32/32 [00:15<00:00,  2.08it/s, loss=0.3902]
Epoch 286/1000 | Loss: 0.1863 | Best: 0.1560 | 15.4s | Elapsed: 1.3h | ETA: 188m | LR: 0.000243
Epoch 287/1000: 100%|██████████████| 32/32 [00:15<00:00,  2.08it/s, loss=0.1826]
Epoch 287/1000 | Loss: 0.1833 | Best: 0.1560 | 15.4s | Elapsed: 1.3h | ETA: 188m | LR: 0.000243
Epoch 288/1000: 100%|██████████████| 32/32 [00:15<00:00,  2.09it/s, loss=0.3120]
Epoch 288/1000 | Loss: 0.1879 | Best: 0.1560 | 15.3s | Elapsed: 1.4h | ETA: 188m | LR: 0.000243
Epoch 289/1000: 100%|██████████████| 32/32 [00:15<00:00,  2.09it/s, loss=0.2492]
Epoch 289/1000 | Loss: 0.1809 | Best: 0.1560 | 15.3s | Elapsed: 1.4h | ETA: 188m | LR: 0.000242
Epoch 290/1000: 100%|██████████████| 32/32 [00:15<00:00,  2.07it/s, loss=0.2535]
Epoch 290/1000 | Loss: 0.1758 | Best: 0.1560 | 15.4s | Elapsed: 1.4h | ETA: 187m | LR: 0.000242
Epoch 291/1000: 100%|██████████████| 32/32 [00:15<00:00,  2.08it/s, loss=0.2235]
Epoch 291/1000 | Loss: 0.2251 | Best: 0.1560 | 15.4s | Elapsed: 1.4h | ETA: 187m | LR: 0.000242
Epoch 292/1000: 100%|██████████████| 32/32 [00:15<00:00,  2.07it/s, loss=0.2262]
Epoch 292/1000 | Loss: 0.2043 | Best: 0.1560 | 15.4s | Elapsed: 1.4h | ETA: 187m | LR: 0.000241
Epoch 293/1000: 100%|██████████████| 32/32 [00:15<00:00,  2.06it/s, loss=0.1352]
Epoch 293/1000 | Loss: 0.2450 | Best: 0.1560 | 15.5s | Elapsed: 1.4h | ETA: 186m | LR: 0.000241
Epoch 294/1000: 100%|██████████████| 32/32 [00:15<00:00,  2.07it/s, loss=0.1595]
Epoch 294/1000 | Loss: 0.2353 | Best: 0.1560 | 15.5s | Elapsed: 1.4h | ETA: 186m | LR: 0.000240
Epoch 295/1000: 100%|██████████████| 32/32 [00:15<00:00,  2.08it/s, loss=0.1833]
Epoch 295/1000 | Loss: 0.1908 | Best: 0.1560 | 15.4s | Elapsed: 1.4h | ETA: 186m | LR: 0.000240
Epoch 296/1000: 100%|██████████████| 32/32 [00:15<00:00,  2.08it/s, loss=0.1324]
Epoch 296/1000 | Loss: 0.1993 | Best: 0.1560 | 15.4s | Elapsed: 1.4h | ETA: 186m | LR: 0.000240
Epoch 297/1000: 100%|██████████████| 32/32 [00:15<00:00,  2.08it/s, loss=0.1571]
Epoch 297/1000 | Loss: 0.1831 | Best: 0.1560 | 15.4s | Elapsed: 1.4h | ETA: 185m | LR: 0.000239
Epoch 298/1000: 100%|██████████████| 32/32 [00:15<00:00,  2.10it/s, loss=0.3097]
Epoch 298/1000 | Loss: 0.1962 | Best: 0.1560 | 15.3s | Elapsed: 1.4h | ETA: 185m | LR: 0.000239
Epoch 299/1000: 100%|██████████████| 32/32 [00:15<00:00,  2.09it/s, loss=0.3916]
Epoch 299/1000 | Loss: 0.2135 | Best: 0.1560 | 15.3s | Elapsed: 1.4h | ETA: 185m | LR: 0.000239
Epoch 300/1000: 100%|██████████████| 32/32 [00:15<00:00,  2.09it/s, loss=0.0823]
Epoch 300/1000 | Loss: 0.1757 | Best: 0.1560 | 15.3s | Elapsed: 1.4h | ETA: 184m | LR: 0.000238
  💾 Checkpoint saved (overwrite): epoch 300
RF Euler Sampling: 100%|████████████████████████| 30/30 [00:07<00:00,  3.92it/s]
RF Euler Sampling: 100%|████████████████████████| 30/30 [00:07<00:00,  3.92it/s]
RF Euler Sampling: 100%|████████████████████████| 30/30 [00:07<00:00,  3.92it/s]
Epoch 301/1000: 100%|██████████████| 32/32 [00:15<00:00,  2.05it/s, loss=0.3422]
Epoch 301/1000 | Loss: 0.1907 | Best: 0.1560 | 15.6s | Elapsed: 1.4h | ETA: 184m | LR: 0.000238
Epoch 302/1000: 100%|██████████████| 32/32 [00:15<00:00,  2.01it/s, loss=0.1238]
Epoch 302/1000 | Loss: 0.1732 | Best: 0.1560 | 15.9s | Elapsed: 1.4h | ETA: 184m | LR: 0.000237
Epoch 303/1000: 100%|██████████████| 32/32 [00:15<00:00,  2.08it/s, loss=0.0994]
Epoch 303/1000 | Loss: 0.1920 | Best: 0.1560 | 15.4s | Elapsed: 1.4h | ETA: 184m | LR: 0.000237
Epoch 304/1000: 100%|██████████████| 32/32 [00:15<00:00,  2.11it/s, loss=0.2195]
Epoch 304/1000 | Loss: 0.1969 | Best: 0.1560 | 15.2s | Elapsed: 1.4h | ETA: 183m | LR: 0.000237
Epoch 305/1000: 100%|██████████████| 32/32 [00:15<00:00,  2.12it/s, loss=0.2260]
Epoch 305/1000 | Loss: 0.2010 | Best: 0.1560 | 15.1s | Elapsed: 1.4h | ETA: 183m | LR: 0.000236
Epoch 306/1000: 100%|██████████████| 32/32 [00:15<00:00,  2.08it/s, loss=0.1669]
Epoch 306/1000 | Loss: 0.1714 | Best: 0.1560 | 15.4s | Elapsed: 1.4h | ETA: 183m | LR: 0.000236
Epoch 307/1000: 100%|██████████████| 32/32 [00:15<00:00,  2.06it/s, loss=0.1209]
Epoch 307/1000 | Loss: 0.2372 | Best: 0.1560 | 15.6s | Elapsed: 1.4h | ETA: 183m | LR: 0.000235
Epoch 308/1000: 100%|██████████████| 32/32 [00:15<00:00,  2.08it/s, loss=0.1837]
Epoch 308/1000 | Loss: 0.2008 | Best: 0.1560 | 15.4s | Elapsed: 1.4h | ETA: 182m | LR: 0.000235
Epoch 309/1000: 100%|██████████████| 32/32 [00:15<00:00,  2.11it/s, loss=0.1116]
Epoch 309/1000 | Loss: 0.1959 | Best: 0.1560 | 15.2s | Elapsed: 1.4h | ETA: 182m | LR: 0.000235
Epoch 310/1000: 100%|██████████████| 32/32 [00:15<00:00,  2.10it/s, loss=0.1617]
Epoch 310/1000 | Loss: 0.1907 | Best: 0.1560 | 15.2s | Elapsed: 1.5h | ETA: 182m | LR: 0.000234
Epoch 311/1000: 100%|██████████████| 32/32 [00:15<00:00,  2.08it/s, loss=0.0385]
Epoch 311/1000 | Loss: 0.1851 | Best: 0.1560 | 15.4s | Elapsed: 1.5h | ETA: 181m | LR: 0.000234
Epoch 312/1000: 100%|██████████████| 32/32 [00:15<00:00,  2.08it/s, loss=0.1796]
Epoch 312/1000 | Loss: 0.2111 | Best: 0.1560 | 15.4s | Elapsed: 1.5h | ETA: 181m | LR: 0.000234
Epoch 313/1000: 100%|██████████████| 32/32 [00:15<00:00,  2.07it/s, loss=0.2861]
Epoch 313/1000 | Loss: 0.2178 | Best: 0.1560 | 15.5s | Elapsed: 1.5h | ETA: 181m | LR: 0.000233
Epoch 314/1000: 100%|██████████████| 32/32 [00:15<00:00,  2.07it/s, loss=0.3385]
Epoch 314/1000 | Loss: 0.2377 | Best: 0.1560 | 15.5s | Elapsed: 1.5h | ETA: 181m | LR: 0.000233
Epoch 315/1000: 100%|██████████████| 32/32 [00:15<00:00,  2.07it/s, loss=0.1622]
Epoch 315/1000 | Loss: 0.2027 | Best: 0.1560 | 15.4s | Elapsed: 1.5h | ETA: 180m | LR: 0.000232
Epoch 316/1000: 100%|██████████████| 32/32 [00:15<00:00,  2.08it/s, loss=0.0965]
Epoch 316/1000 | Loss: 0.1813 | Best: 0.1560 | 15.4s | Elapsed: 1.5h | ETA: 180m | LR: 0.000232
Epoch 317/1000: 100%|██████████████| 32/32 [00:15<00:00,  2.08it/s, loss=0.2311]
Epoch 317/1000 | Loss: 0.2250 | Best: 0.1560 | 15.4s | Elapsed: 1.5h | ETA: 180m | LR: 0.000232
Epoch 318/1000: 100%|██████████████| 32/32 [00:15<00:00,  2.08it/s, loss=0.1344]
Epoch 318/1000 | Loss: 0.1631 | Best: 0.1560 | 15.4s | Elapsed: 1.5h | ETA: 179m | LR: 0.000231
Epoch 319/1000: 100%|██████████████| 32/32 [00:15<00:00,  2.08it/s, loss=0.2087]
Epoch 319/1000 | Loss: 0.2275 | Best: 0.1560 | 15.4s | Elapsed: 1.5h | ETA: 179m | LR: 0.000231
Epoch 320/1000: 100%|██████████████| 32/32 [00:15<00:00,  2.07it/s, loss=0.1606]
Epoch 320/1000 | Loss: 0.1692 | Best: 0.1560 | 15.5s | Elapsed: 1.5h | ETA: 179m | LR: 0.000230
  💾 Checkpoint saved (overwrite): epoch 320
Epoch 321/1000: 100%|██████████████| 32/32 [00:15<00:00,  2.08it/s, loss=0.3010]
Epoch 321/1000 | Loss: 0.1874 | Best: 0.1560 | 15.4s | Elapsed: 1.5h | ETA: 179m | LR: 0.000230
Epoch 322/1000: 100%|██████████████| 32/32 [00:15<00:00,  2.08it/s, loss=0.2440]
Epoch 322/1000 | Loss: 0.2173 | Best: 0.1560 | 15.4s | Elapsed: 1.5h | ETA: 178m | LR: 0.000230
Epoch 323/1000: 100%|██████████████| 32/32 [00:15<00:00,  2.09it/s, loss=0.2924]
Epoch 323/1000 | Loss: 0.1732 | Best: 0.1560 | 15.3s | Elapsed: 1.5h | ETA: 178m | LR: 0.000229
Epoch 324/1000: 100%|██████████████| 32/32 [00:15<00:00,  2.09it/s, loss=0.1457]
Epoch 324/1000 | Loss: 0.2462 | Best: 0.1560 | 15.3s | Elapsed: 1.5h | ETA: 178m | LR: 0.000229
Epoch 325/1000: 100%|██████████████| 32/32 [00:15<00:00,  2.08it/s, loss=0.2809]
Epoch 325/1000 | Loss: 0.2061 | Best: 0.1560 | 15.4s | Elapsed: 1.5h | ETA: 178m | LR: 0.000228
RF Euler Sampling: 100%|████████████████████████| 30/30 [00:07<00:00,  3.92it/s]
RF Euler Sampling: 100%|████████████████████████| 30/30 [00:07<00:00,  3.92it/s]
RF Euler Sampling: 100%|████████████████████████| 30/30 [00:07<00:00,  3.92it/s]
Epoch 326/1000: 100%|██████████████| 32/32 [00:15<00:00,  2.06it/s, loss=0.2021]
Epoch 326/1000 | Loss: 0.2119 | Best: 0.1560 | 15.5s | Elapsed: 1.5h | ETA: 177m | LR: 0.000228
Epoch 327/1000: 100%|██████████████| 32/32 [00:15<00:00,  2.04it/s, loss=0.3906]
Epoch 327/1000 | Loss: 0.1934 | Best: 0.1560 | 15.7s | Elapsed: 1.5h | ETA: 177m | LR: 0.000228
Epoch 328/1000: 100%|██████████████| 32/32 [00:15<00:00,  2.08it/s, loss=0.1716]
Epoch 328/1000 | Loss: 0.1910 | Best: 0.1560 | 15.4s | Elapsed: 1.5h | ETA: 177m | LR: 0.000227
Epoch 329/1000: 100%|██████████████| 32/32 [00:15<00:00,  2.12it/s, loss=0.2975]
Epoch 329/1000 | Loss: 0.2159 | Best: 0.1560 | 15.1s | Elapsed: 1.5h | ETA: 176m | LR: 0.000227
Epoch 330/1000: 100%|██████████████| 32/32 [00:15<00:00,  2.10it/s, loss=0.1705]
Epoch 330/1000 | Loss: 0.1770 | Best: 0.1560 | 15.2s | Elapsed: 1.5h | ETA: 176m | LR: 0.000226
Epoch 331/1000: 100%|██████████████| 32/32 [00:15<00:00,  2.08it/s, loss=0.1626]
Epoch 331/1000 | Loss: 0.2149 | Best: 0.1560 | 15.4s | Elapsed: 1.5h | ETA: 176m | LR: 0.000226
Epoch 332/1000: 100%|██████████████| 32/32 [00:15<00:00,  2.07it/s, loss=0.1446]
Epoch 332/1000 | Loss: 0.2250 | Best: 0.1560 | 15.4s | Elapsed: 1.6h | ETA: 176m | LR: 0.000226
Epoch 333/1000: 100%|██████████████| 32/32 [00:15<00:00,  2.09it/s, loss=0.2599]
Epoch 333/1000 | Loss: 0.1834 | Best: 0.1560 | 15.3s | Elapsed: 1.6h | ETA: 175m | LR: 0.000225
Epoch 334/1000: 100%|██████████████| 32/32 [00:15<00:00,  2.10it/s, loss=0.1610]
Epoch 334/1000 | Loss: 0.1978 | Best: 0.1560 | 15.2s | Elapsed: 1.6h | ETA: 175m | LR: 0.000225
Epoch 335/1000: 100%|██████████████| 32/32 [00:15<00:00,  2.10it/s, loss=0.2667]
Epoch 335/1000 | Loss: 0.1733 | Best: 0.1560 | 15.3s | Elapsed: 1.6h | ETA: 175m | LR: 0.000224
Epoch 336/1000: 100%|██████████████| 32/32 [00:15<00:00,  2.10it/s, loss=0.2332]
Epoch 336/1000 | Loss: 0.2332 | Best: 0.1560 | 15.3s | Elapsed: 1.6h | ETA: 174m | LR: 0.000224
Epoch 337/1000: 100%|██████████████| 32/32 [00:15<00:00,  2.09it/s, loss=0.2914]
Epoch 337/1000 | Loss: 0.1797 | Best: 0.1560 | 15.3s | Elapsed: 1.6h | ETA: 174m | LR: 0.000223
Epoch 338/1000: 100%|██████████████| 32/32 [00:15<00:00,  2.09it/s, loss=0.3268]
Epoch 338/1000 | Loss: 0.1966 | Best: 0.1560 | 15.3s | Elapsed: 1.6h | ETA: 174m | LR: 0.000223
Epoch 339/1000: 100%|██████████████| 32/32 [00:15<00:00,  2.09it/s, loss=0.2321]
Epoch 339/1000 | Loss: 0.2164 | Best: 0.1560 | 15.3s | Elapsed: 1.6h | ETA: 174m | LR: 0.000223
Epoch 340/1000: 100%|██████████████| 32/32 [00:15<00:00,  2.07it/s, loss=0.1798]
Epoch 340/1000 | Loss: 0.1577 | Best: 0.1560 | 15.4s | Elapsed: 1.6h | ETA: 173m | LR: 0.000222
  💾 Checkpoint saved (overwrite): epoch 340
Epoch 341/1000: 100%|██████████████| 32/32 [00:15<00:00,  2.07it/s, loss=0.1885]
Epoch 341/1000 | Loss: 0.2102 | Best: 0.1560 | 15.5s | Elapsed: 1.6h | ETA: 173m | LR: 0.000222
Epoch 342/1000: 100%|██████████████| 32/32 [00:15<00:00,  2.07it/s, loss=0.4643]
Epoch 342/1000 | Loss: 0.2175 | Best: 0.1560 | 15.5s | Elapsed: 1.6h | ETA: 173m | LR: 0.000221
Epoch 343/1000: 100%|██████████████| 32/32 [00:15<00:00,  2.08it/s, loss=0.2098]
Epoch 343/1000 | Loss: 0.2156 | Best: 0.1560 | 15.4s | Elapsed: 1.6h | ETA: 173m | LR: 0.000221
Epoch 344/1000: 100%|██████████████| 32/32 [00:15<00:00,  2.07it/s, loss=0.3974]
Epoch 344/1000 | Loss: 0.2052 | Best: 0.1560 | 15.5s | Elapsed: 1.6h | ETA: 172m | LR: 0.000221
Epoch 345/1000: 100%|██████████████| 32/32 [00:15<00:00,  2.07it/s, loss=0.2864]
Epoch 345/1000 | Loss: 0.2027 | Best: 0.1560 | 15.4s | Elapsed: 1.6h | ETA: 172m | LR: 0.000220
Epoch 346/1000: 100%|██████████████| 32/32 [00:15<00:00,  2.08it/s, loss=0.1353]
Epoch 346/1000 | Loss: 0.2381 | Best: 0.1560 | 15.4s | Elapsed: 1.6h | ETA: 172m | LR: 0.000220
Epoch 347/1000: 100%|██████████████| 32/32 [00:15<00:00,  2.08it/s, loss=0.1303]
Epoch 347/1000 | Loss: 0.2089 | Best: 0.1560 | 15.4s | Elapsed: 1.6h | ETA: 171m | LR: 0.000219
Epoch 348/1000: 100%|██████████████| 32/32 [00:15<00:00,  2.09it/s, loss=0.1273]
Epoch 348/1000 | Loss: 0.2002 | Best: 0.1560 | 15.3s | Elapsed: 1.6h | ETA: 171m | LR: 0.000219
Epoch 349/1000: 100%|██████████████| 32/32 [00:15<00:00,  2.09it/s, loss=0.1184]
Epoch 349/1000 | Loss: 0.1939 | Best: 0.1560 | 15.3s | Elapsed: 1.6h | ETA: 171m | LR: 0.000219
Epoch 350/1000: 100%|██████████████| 32/32 [00:15<00:00,  2.09it/s, loss=0.2875]
Epoch 350/1000 | Loss: 0.1927 | Best: 0.1560 | 15.3s | Elapsed: 1.6h | ETA: 171m | LR: 0.000218
RF Euler Sampling: 100%|████████████████████████| 30/30 [00:07<00:00,  3.92it/s]
RF Euler Sampling: 100%|████████████████████████| 30/30 [00:07<00:00,  3.92it/s]
RF Euler Sampling: 100%|████████████████████████| 30/30 [00:07<00:00,  3.92it/s]
Epoch 351/1000: 100%|██████████████| 32/32 [00:15<00:00,  2.06it/s, loss=0.1281]
Epoch 351/1000 | Loss: 0.1946 | Best: 0.1560 | 15.5s | Elapsed: 1.6h | ETA: 170m | LR: 0.000218
Epoch 352/1000: 100%|██████████████| 32/32 [00:15<00:00,  2.02it/s, loss=0.3206]
Epoch 352/1000 | Loss: 0.2092 | Best: 0.1560 | 15.8s | Elapsed: 1.6h | ETA: 170m | LR: 0.000217
Epoch 353/1000: 100%|██████████████| 32/32 [00:15<00:00,  2.07it/s, loss=0.1313]
Epoch 353/1000 | Loss: 0.2143 | Best: 0.1560 | 15.5s | Elapsed: 1.6h | ETA: 170m | LR: 0.000217
Epoch 354/1000: 100%|██████████████| 32/32 [00:15<00:00,  2.11it/s, loss=0.1297]
Epoch 354/1000 | Loss: 0.2611 | Best: 0.1560 | 15.2s | Elapsed: 1.7h | ETA: 170m | LR: 0.000216
Epoch 355/1000: 100%|██████████████| 32/32 [00:15<00:00,  2.12it/s, loss=0.3200]
Epoch 355/1000 | Loss: 0.1955 | Best: 0.1560 | 15.1s | Elapsed: 1.7h | ETA: 169m | LR: 0.000216
Epoch 356/1000: 100%|██████████████| 32/32 [00:15<00:00,  2.09it/s, loss=0.1535]
Epoch 356/1000 | Loss: 0.1973 | Best: 0.1560 | 15.3s | Elapsed: 1.7h | ETA: 169m | LR: 0.000216
Epoch 357/1000: 100%|██████████████| 32/32 [00:15<00:00,  2.07it/s, loss=0.1969]
Epoch 357/1000 | Loss: 0.2032 | Best: 0.1560 | 15.4s | Elapsed: 1.7h | ETA: 169m | LR: 0.000215
Epoch 358/1000: 100%|██████████████| 32/32 [00:15<00:00,  2.08it/s, loss=0.2551]
Epoch 358/1000 | Loss: 0.1835 | Best: 0.1560 | 15.4s | Elapsed: 1.7h | ETA: 168m | LR: 0.000215
Epoch 359/1000: 100%|██████████████| 32/32 [00:15<00:00,  2.08it/s, loss=0.1595]
Epoch 359/1000 | Loss: 0.1667 | Best: 0.1560 | 15.4s | Elapsed: 1.7h | ETA: 168m | LR: 0.000214
Epoch 360/1000: 100%|██████████████| 32/32 [00:15<00:00,  2.08it/s, loss=0.3331]
Epoch 360/1000 | Loss: 0.2495 | Best: 0.1560 | 15.4s | Elapsed: 1.7h | ETA: 168m | LR: 0.000214
  💾 Checkpoint saved (overwrite): epoch 360
Epoch 361/1000: 100%|██████████████| 32/32 [00:15<00:00,  2.09it/s, loss=0.1932]
Epoch 361/1000 | Loss: 0.2216 | Best: 0.1560 | 15.3s | Elapsed: 1.7h | ETA: 168m | LR: 0.000213
Epoch 362/1000: 100%|██████████████| 32/32 [00:15<00:00,  2.09it/s, loss=0.1735]
Epoch 362/1000 | Loss: 0.1906 | Best: 0.1560 | 15.3s | Elapsed: 1.7h | ETA: 167m | LR: 0.000213
Epoch 363/1000: 100%|██████████████| 32/32 [00:15<00:00,  2.09it/s, loss=0.2672]
Epoch 363/1000 | Loss: 0.1810 | Best: 0.1560 | 15.3s | Elapsed: 1.7h | ETA: 167m | LR: 0.000213
Epoch 364/1000: 100%|██████████████| 32/32 [00:15<00:00,  2.08it/s, loss=0.0676]
Epoch 364/1000 | Loss: 0.2194 | Best: 0.1560 | 15.4s | Elapsed: 1.7h | ETA: 167m | LR: 0.000212
Epoch 365/1000: 100%|██████████████| 32/32 [00:15<00:00,  2.07it/s, loss=0.2124]
Epoch 365/1000 | Loss: 0.2076 | Best: 0.1560 | 15.5s | Elapsed: 1.7h | ETA: 167m | LR: 0.000212
Epoch 366/1000: 100%|██████████████| 32/32 [00:15<00:00,  2.08it/s, loss=0.0861]
Epoch 366/1000 | Loss: 0.1948 | Best: 0.1560 | 15.4s | Elapsed: 1.7h | ETA: 166m | LR: 0.000211
Epoch 367/1000: 100%|██████████████| 32/32 [00:15<00:00,  2.08it/s, loss=0.1231]
Epoch 367/1000 | Loss: 0.2006 | Best: 0.1560 | 15.4s | Elapsed: 1.7h | ETA: 166m | LR: 0.000211
Epoch 368/1000: 100%|██████████████| 32/32 [00:15<00:00,  2.09it/s, loss=0.2387]
Epoch 368/1000 | Loss: 0.2034 | Best: 0.1560 | 15.3s | Elapsed: 1.7h | ETA: 166m | LR: 0.000210
Epoch 369/1000: 100%|██████████████| 32/32 [00:15<00:00,  2.09it/s, loss=0.2538]
Epoch 369/1000 | Loss: 0.2243 | Best: 0.1560 | 15.3s | Elapsed: 1.7h | ETA: 165m | LR: 0.000210
Epoch 370/1000: 100%|██████████████| 32/32 [00:15<00:00,  2.09it/s, loss=0.0916]
Epoch 370/1000 | Loss: 0.2180 | Best: 0.1560 | 15.3s | Elapsed: 1.7h | ETA: 165m | LR: 0.000210
Epoch 371/1000: 100%|██████████████| 32/32 [00:15<00:00,  2.09it/s, loss=0.3471]
Epoch 371/1000 | Loss: 0.2164 | Best: 0.1560 | 15.3s | Elapsed: 1.7h | ETA: 165m | LR: 0.000209
Epoch 372/1000: 100%|██████████████| 32/32 [00:15<00:00,  2.10it/s, loss=0.2390]
Epoch 372/1000 | Loss: 0.2034 | Best: 0.1560 | 15.2s | Elapsed: 1.7h | ETA: 165m | LR: 0.000209
Epoch 373/1000: 100%|██████████████| 32/32 [00:15<00:00,  2.09it/s, loss=0.2561]
Epoch 373/1000 | Loss: 0.2078 | Best: 0.1560 | 15.3s | Elapsed: 1.7h | ETA: 164m | LR: 0.000208
Epoch 374/1000: 100%|██████████████| 32/32 [00:15<00:00,  2.08it/s, loss=0.3948]
Epoch 374/1000 | Loss: 0.2329 | Best: 0.1560 | 15.4s | Elapsed: 1.7h | ETA: 164m | LR: 0.000208
Epoch 375/1000: 100%|██████████████| 32/32 [00:15<00:00,  2.08it/s, loss=0.2022]
Epoch 375/1000 | Loss: 0.1956 | Best: 0.1560 | 15.4s | Elapsed: 1.7h | ETA: 164m | LR: 0.000207
RF Euler Sampling: 100%|████████████████████████| 30/30 [00:07<00:00,  3.92it/s]
RF Euler Sampling: 100%|████████████████████████| 30/30 [00:07<00:00,  3.92it/s]
RF Euler Sampling: 100%|████████████████████████| 30/30 [00:07<00:00,  3.92it/s]
Epoch 376/1000: 100%|██████████████| 32/32 [00:15<00:00,  2.06it/s, loss=0.1800]
Epoch 376/1000 | Loss: 0.2083 | Best: 0.1560 | 15.5s | Elapsed: 1.8h | ETA: 164m | LR: 0.000207
Epoch 377/1000: 100%|██████████████| 32/32 [00:15<00:00,  2.04it/s, loss=0.1841]
Epoch 377/1000 | Loss: 0.2164 | Best: 0.1560 | 15.7s | Elapsed: 1.8h | ETA: 163m | LR: 0.000207
Epoch 378/1000: 100%|██████████████| 32/32 [00:15<00:00,  2.09it/s, loss=0.0717]
Epoch 378/1000 | Loss: 0.1873 | Best: 0.1560 | 15.3s | Elapsed: 1.8h | ETA: 163m | LR: 0.000206
Epoch 379/1000: 100%|██████████████| 32/32 [00:15<00:00,  2.12it/s, loss=0.1635]
Epoch 379/1000 | Loss: 0.1621 | Best: 0.1560 | 15.1s | Elapsed: 1.8h | ETA: 163m | LR: 0.000206
Epoch 380/1000: 100%|██████████████| 32/32 [00:15<00:00,  2.11it/s, loss=0.1846]
Epoch 380/1000 | Loss: 0.2240 | Best: 0.1560 | 15.2s | Elapsed: 1.8h | ETA: 162m | LR: 0.000205
  💾 Checkpoint saved (overwrite): epoch 380
Epoch 381/1000: 100%|██████████████| 32/32 [00:15<00:00,  2.08it/s, loss=0.1880]
Epoch 381/1000 | Loss: 0.1802 | Best: 0.1560 | 15.4s | Elapsed: 1.8h | ETA: 162m | LR: 0.000205
Epoch 382/1000: 100%|██████████████| 32/32 [00:15<00:00,  2.07it/s, loss=0.1146]
Epoch 382/1000 | Loss: 0.2116 | Best: 0.1560 | 15.5s | Elapsed: 1.8h | ETA: 162m | LR: 0.000204
Epoch 383/1000: 100%|██████████████| 32/32 [00:15<00:00,  2.08it/s, loss=0.1390]
Epoch 383/1000 | Loss: 0.1491 | Best: 0.1560 | 15.4s | Elapsed: 1.8h | ETA: 162m | LR: 0.000204
  ★ Saved best model (loss=0.1491)
Epoch 384/1000: 100%|██████████████| 32/32 [00:15<00:00,  2.10it/s, loss=0.2562]
Epoch 384/1000 | Loss: 0.1932 | Best: 0.1491 | 15.2s | Elapsed: 1.8h | ETA: 161m | LR: 0.000203
Epoch 385/1000: 100%|██████████████| 32/32 [00:15<00:00,  2.10it/s, loss=0.1333]
Epoch 385/1000 | Loss: 0.2179 | Best: 0.1491 | 15.2s | Elapsed: 1.8h | ETA: 161m | LR: 0.000203
Epoch 386/1000: 100%|██████████████| 32/32 [00:15<00:00,  2.10it/s, loss=0.1717]
Epoch 386/1000 | Loss: 0.2036 | Best: 0.1491 | 15.2s | Elapsed: 1.8h | ETA: 161m | LR: 0.000203
Epoch 387/1000: 100%|██████████████| 32/32 [00:15<00:00,  2.10it/s, loss=0.3879]
Epoch 387/1000 | Loss: 0.2107 | Best: 0.1491 | 15.3s | Elapsed: 1.8h | ETA: 161m | LR: 0.000202
Epoch 388/1000: 100%|██████████████| 32/32 [00:15<00:00,  2.09it/s, loss=0.0634]
Epoch 388/1000 | Loss: 0.1638 | Best: 0.1491 | 15.3s | Elapsed: 1.8h | ETA: 160m | LR: 0.000202
Epoch 389/1000: 100%|██████████████| 32/32 [00:15<00:00,  2.08it/s, loss=0.1310]
Epoch 389/1000 | Loss: 0.1759 | Best: 0.1491 | 15.4s | Elapsed: 1.8h | ETA: 160m | LR: 0.000201
Epoch 390/1000: 100%|██████████████| 32/32 [00:15<00:00,  2.08it/s, loss=0.2447]
Epoch 390/1000 | Loss: 0.1832 | Best: 0.1491 | 15.4s | Elapsed: 1.8h | ETA: 160m | LR: 0.000201
Epoch 391/1000: 100%|██████████████| 32/32 [00:15<00:00,  2.07it/s, loss=0.1189]
Epoch 391/1000 | Loss: 0.2069 | Best: 0.1491 | 15.4s | Elapsed: 1.8h | ETA: 159m | LR: 0.000200
Epoch 392/1000: 100%|██████████████| 32/32 [00:15<00:00,  2.08it/s, loss=0.2520]
Epoch 392/1000 | Loss: 0.1883 | Best: 0.1491 | 15.4s | Elapsed: 1.8h | ETA: 159m | LR: 0.000200
Epoch 393/1000: 100%|██████████████| 32/32 [00:15<00:00,  2.07it/s, loss=0.1676]
Epoch 393/1000 | Loss: 0.2310 | Best: 0.1491 | 15.5s | Elapsed: 1.8h | ETA: 159m | LR: 0.000199
Epoch 394/1000: 100%|██████████████| 32/32 [00:15<00:00,  2.07it/s, loss=0.0737]
Epoch 394/1000 | Loss: 0.1986 | Best: 0.1491 | 15.5s | Elapsed: 1.8h | ETA: 159m | LR: 0.000199
Epoch 395/1000: 100%|██████████████| 32/32 [00:15<00:00,  2.07it/s, loss=0.1460]
Epoch 395/1000 | Loss: 0.1904 | Best: 0.1491 | 15.5s | Elapsed: 1.8h | ETA: 158m | LR: 0.000199
Epoch 396/1000: 100%|██████████████| 32/32 [00:15<00:00,  2.07it/s, loss=0.0847]
Epoch 396/1000 | Loss: 0.1825 | Best: 0.1491 | 15.5s | Elapsed: 1.8h | ETA: 158m | LR: 0.000198
Epoch 397/1000: 100%|██████████████| 32/32 [00:15<00:00,  2.08it/s, loss=0.2244]
Epoch 397/1000 | Loss: 0.1995 | Best: 0.1491 | 15.4s | Elapsed: 1.8h | ETA: 158m | LR: 0.000198
Epoch 398/1000: 100%|██████████████| 32/32 [00:15<00:00,  2.08it/s, loss=0.2674]
Epoch 398/1000 | Loss: 0.2057 | Best: 0.1491 | 15.4s | Elapsed: 1.8h | ETA: 158m | LR: 0.000197
Epoch 399/1000: 100%|██████████████| 32/32 [00:15<00:00,  2.09it/s, loss=0.2154]
Epoch 399/1000 | Loss: 0.2192 | Best: 0.1491 | 15.3s | Elapsed: 1.9h | ETA: 157m | LR: 0.000197
Epoch 400/1000: 100%|██████████████| 32/32 [00:15<00:00,  2.10it/s, loss=0.2425]
Epoch 400/1000 | Loss: 0.1667 | Best: 0.1491 | 15.2s | Elapsed: 1.9h | ETA: 157m | LR: 0.000196
  💾 Checkpoint saved (overwrite): epoch 400
RF Euler Sampling: 100%|████████████████████████| 30/30 [00:07<00:00,  3.92it/s]
RF Euler Sampling: 100%|████████████████████████| 30/30 [00:07<00:00,  3.92it/s]
RF Euler Sampling: 100%|████████████████████████| 30/30 [00:07<00:00,  3.92it/s]
Epoch 401/1000: 100%|██████████████| 32/32 [00:15<00:00,  2.05it/s, loss=0.3683]
Epoch 401/1000 | Loss: 0.1986 | Best: 0.1491 | 15.6s | Elapsed: 1.9h | ETA: 157m | LR: 0.000196
Epoch 402/1000: 100%|██████████████| 32/32 [00:15<00:00,  2.02it/s, loss=0.2102]
Epoch 402/1000 | Loss: 0.2060 | Best: 0.1491 | 15.9s | Elapsed: 1.9h | ETA: 157m | LR: 0.000195
Epoch 403/1000: 100%|██████████████| 32/32 [00:15<00:00,  2.08it/s, loss=0.2859]
Epoch 403/1000 | Loss: 0.2261 | Best: 0.1491 | 15.4s | Elapsed: 1.9h | ETA: 156m | LR: 0.000195
Epoch 404/1000: 100%|██████████████| 32/32 [00:15<00:00,  2.12it/s, loss=0.0924]
Epoch 404/1000 | Loss: 0.1724 | Best: 0.1491 | 15.1s | Elapsed: 1.9h | ETA: 156m | LR: 0.000195
Epoch 405/1000: 100%|██████████████| 32/32 [00:15<00:00,  2.12it/s, loss=0.1768]
Epoch 405/1000 | Loss: 0.2393 | Best: 0.1491 | 15.1s | Elapsed: 1.9h | ETA: 156m | LR: 0.000194
Epoch 406/1000: 100%|██████████████| 32/32 [00:15<00:00,  2.08it/s, loss=0.2510]
Epoch 406/1000 | Loss: 0.1639 | Best: 0.1491 | 15.4s | Elapsed: 1.9h | ETA: 155m | LR: 0.000194
Epoch 407/1000: 100%|██████████████| 32/32 [00:15<00:00,  2.06it/s, loss=0.1174]
Epoch 407/1000 | Loss: 0.2055 | Best: 0.1491 | 15.5s | Elapsed: 1.9h | ETA: 155m | LR: 0.000193
Epoch 408/1000: 100%|██████████████| 32/32 [00:15<00:00,  2.08it/s, loss=0.1324]
Epoch 408/1000 | Loss: 0.1804 | Best: 0.1491 | 15.4s | Elapsed: 1.9h | ETA: 155m | LR: 0.000193
Epoch 409/1000: 100%|██████████████| 32/32 [00:15<00:00,  2.09it/s, loss=0.3194]
Epoch 409/1000 | Loss: 0.2366 | Best: 0.1491 | 15.3s | Elapsed: 1.9h | ETA: 155m | LR: 0.000192
Epoch 410/1000: 100%|██████████████| 32/32 [00:15<00:00,  2.10it/s, loss=0.1329]
Epoch 410/1000 | Loss: 0.2004 | Best: 0.1491 | 15.2s | Elapsed: 1.9h | ETA: 154m | LR: 0.000192
Epoch 411/1000: 100%|██████████████| 32/32 [00:15<00:00,  2.10it/s, loss=0.2309]
Epoch 411/1000 | Loss: 0.2319 | Best: 0.1491 | 15.2s | Elapsed: 1.9h | ETA: 154m | LR: 0.000191
Epoch 412/1000: 100%|██████████████| 32/32 [00:15<00:00,  2.10it/s, loss=0.0604]
Epoch 412/1000 | Loss: 0.2177 | Best: 0.1491 | 15.3s | Elapsed: 1.9h | ETA: 154m | LR: 0.000191
Epoch 413/1000: 100%|██████████████| 32/32 [00:15<00:00,  2.08it/s, loss=0.1533]
Epoch 413/1000 | Loss: 0.2431 | Best: 0.1491 | 15.4s | Elapsed: 1.9h | ETA: 154m | LR: 0.000190
Epoch 414/1000: 100%|██████████████| 32/32 [00:15<00:00,  2.08it/s, loss=0.0585]
Epoch 414/1000 | Loss: 0.1904 | Best: 0.1491 | 15.4s | Elapsed: 1.9h | ETA: 153m | LR: 0.000190
Epoch 415/1000: 100%|██████████████| 32/32 [00:15<00:00,  2.07it/s, loss=0.1073]
Epoch 415/1000 | Loss: 0.1880 | Best: 0.1491 | 15.4s | Elapsed: 1.9h | ETA: 153m | LR: 0.000190
Epoch 416/1000: 100%|██████████████| 32/32 [00:15<00:00,  2.07it/s, loss=0.2521]
Epoch 416/1000 | Loss: 0.2389 | Best: 0.1491 | 15.4s | Elapsed: 1.9h | ETA: 153m | LR: 0.000189
Epoch 417/1000: 100%|██████████████| 32/32 [00:15<00:00,  2.08it/s, loss=0.1747]
Epoch 417/1000 | Loss: 0.2102 | Best: 0.1491 | 15.4s | Elapsed: 1.9h | ETA: 152m | LR: 0.000189
Epoch 418/1000: 100%|██████████████| 32/32 [00:15<00:00,  2.07it/s, loss=0.2818]
Epoch 418/1000 | Loss: 0.2105 | Best: 0.1491 | 15.4s | Elapsed: 1.9h | ETA: 152m | LR: 0.000188
Epoch 419/1000: 100%|██████████████| 32/32 [00:15<00:00,  2.06it/s, loss=0.1508]
Epoch 419/1000 | Loss: 0.2074 | Best: 0.1491 | 15.5s | Elapsed: 1.9h | ETA: 152m | LR: 0.000188
Epoch 420/1000: 100%|██████████████| 32/32 [00:15<00:00,  2.07it/s, loss=0.1285]
Epoch 420/1000 | Loss: 0.1678 | Best: 0.1491 | 15.5s | Elapsed: 1.9h | ETA: 152m | LR: 0.000187
  💾 Checkpoint saved (overwrite): epoch 420
Epoch 421/1000: 100%|██████████████| 32/32 [00:15<00:00,  2.08it/s, loss=0.2085]
Epoch 421/1000 | Loss: 0.1471 | Best: 0.1491 | 15.4s | Elapsed: 2.0h | ETA: 151m | LR: 0.000187
  ★ Saved best model (loss=0.1471)
Epoch 422/1000: 100%|██████████████| 32/32 [00:15<00:00,  2.09it/s, loss=0.2892]
Epoch 422/1000 | Loss: 0.1940 | Best: 0.1471 | 15.3s | Elapsed: 2.0h | ETA: 151m | LR: 0.000186
Epoch 423/1000: 100%|██████████████| 32/32 [00:15<00:00,  2.09it/s, loss=0.1137]
Epoch 423/1000 | Loss: 0.1942 | Best: 0.1471 | 15.3s | Elapsed: 2.0h | ETA: 151m | LR: 0.000186
Epoch 424/1000: 100%|██████████████| 32/32 [00:15<00:00,  2.09it/s, loss=0.1555]
Epoch 424/1000 | Loss: 0.1908 | Best: 0.1471 | 15.3s | Elapsed: 2.0h | ETA: 151m | LR: 0.000185
Epoch 425/1000: 100%|██████████████| 32/32 [00:15<00:00,  2.08it/s, loss=0.1259]
Epoch 425/1000 | Loss: 0.1803 | Best: 0.1471 | 15.4s | Elapsed: 2.0h | ETA: 150m | LR: 0.000185
RF Euler Sampling: 100%|████████████████████████| 30/30 [00:07<00:00,  3.92it/s]
RF Euler Sampling: 100%|████████████████████████| 30/30 [00:07<00:00,  3.92it/s]
RF Euler Sampling: 100%|████████████████████████| 30/30 [00:07<00:00,  3.92it/s]
Epoch 426/1000: 100%|██████████████| 32/32 [00:15<00:00,  2.05it/s, loss=0.2648]
Epoch 426/1000 | Loss: 0.2182 | Best: 0.1471 | 15.6s | Elapsed: 2.0h | ETA: 150m | LR: 0.000185
Epoch 427/1000: 100%|██████████████| 32/32 [00:15<00:00,  2.04it/s, loss=0.0811]
Epoch 427/1000 | Loss: 0.1821 | Best: 0.1471 | 15.7s | Elapsed: 2.0h | ETA: 150m | LR: 0.000184
Epoch 428/1000: 100%|██████████████| 32/32 [00:15<00:00,  2.08it/s, loss=0.1167]
Epoch 428/1000 | Loss: 0.2075 | Best: 0.1471 | 15.4s | Elapsed: 2.0h | ETA: 150m | LR: 0.000184
Epoch 429/1000: 100%|██████████████| 32/32 [00:15<00:00,  2.12it/s, loss=0.1312]
Epoch 429/1000 | Loss: 0.1800 | Best: 0.1471 | 15.1s | Elapsed: 2.0h | ETA: 149m | LR: 0.000183
Epoch 430/1000: 100%|██████████████| 32/32 [00:15<00:00,  2.10it/s, loss=0.0978]
Epoch 430/1000 | Loss: 0.1759 | Best: 0.1471 | 15.2s | Elapsed: 2.0h | ETA: 149m | LR: 0.000183
Epoch 431/1000: 100%|██████████████| 32/32 [00:15<00:00,  2.07it/s, loss=0.1086]
Epoch 431/1000 | Loss: 0.1814 | Best: 0.1471 | 15.5s | Elapsed: 2.0h | ETA: 149m | LR: 0.000182
Epoch 432/1000: 100%|██████████████| 32/32 [00:15<00:00,  2.07it/s, loss=0.0548]
Epoch 432/1000 | Loss: 0.1859 | Best: 0.1471 | 15.5s | Elapsed: 2.0h | ETA: 148m | LR: 0.000182
Epoch 433/1000: 100%|██████████████| 32/32 [00:15<00:00,  2.08it/s, loss=0.2202]
Epoch 433/1000 | Loss: 0.2205 | Best: 0.1471 | 15.4s | Elapsed: 2.0h | ETA: 148m | LR: 0.000181
Epoch 434/1000: 100%|██████████████| 32/32 [00:15<00:00,  2.09it/s, loss=0.3147]
Epoch 434/1000 | Loss: 0.1519 | Best: 0.1471 | 15.3s | Elapsed: 2.0h | ETA: 148m | LR: 0.000181
Epoch 435/1000: 100%|██████████████| 32/32 [00:15<00:00,  2.09it/s, loss=0.1039]
Epoch 435/1000 | Loss: 0.2143 | Best: 0.1471 | 15.3s | Elapsed: 2.0h | ETA: 148m | LR: 0.000180
Epoch 436/1000: 100%|██████████████| 32/32 [00:15<00:00,  2.10it/s, loss=0.2184]
Epoch 436/1000 | Loss: 0.1883 | Best: 0.1471 | 15.2s | Elapsed: 2.0h | ETA: 147m | LR: 0.000180
Epoch 437/1000: 100%|██████████████| 32/32 [00:15<00:00,  2.10it/s, loss=0.0868]
Epoch 437/1000 | Loss: 0.1923 | Best: 0.1471 | 15.2s | Elapsed: 2.0h | ETA: 147m | LR: 0.000179
Epoch 438/1000: 100%|██████████████| 32/32 [00:15<00:00,  2.11it/s, loss=0.1161]
Epoch 438/1000 | Loss: 0.2038 | Best: 0.1471 | 15.2s | Elapsed: 2.0h | ETA: 147m | LR: 0.000179
Epoch 439/1000: 100%|██████████████| 32/32 [00:15<00:00,  2.09it/s, loss=0.2193]
Epoch 439/1000 | Loss: 0.1771 | Best: 0.1471 | 15.3s | Elapsed: 2.0h | ETA: 147m | LR: 0.000179
Epoch 440/1000: 100%|██████████████| 32/32 [00:15<00:00,  2.07it/s, loss=0.1609]
Epoch 440/1000 | Loss: 0.2089 | Best: 0.1471 | 15.5s | Elapsed: 2.0h | ETA: 146m | LR: 0.000178
  💾 Checkpoint saved (overwrite): epoch 440
Epoch 441/1000: 100%|██████████████| 32/32 [00:15<00:00,  2.07it/s, loss=0.1425]
Epoch 441/1000 | Loss: 0.2080 | Best: 0.1471 | 15.5s | Elapsed: 2.0h | ETA: 146m | LR: 0.000178
Epoch 442/1000: 100%|██████████████| 32/32 [00:15<00:00,  2.08it/s, loss=0.2784]
Epoch 442/1000 | Loss: 0.2084 | Best: 0.1471 | 15.4s | Elapsed: 2.1h | ETA: 146m | LR: 0.000177
Epoch 443/1000: 100%|██████████████| 32/32 [00:15<00:00,  2.10it/s, loss=0.2228]
Epoch 443/1000 | Loss: 0.1896 | Best: 0.1471 | 15.3s | Elapsed: 2.1h | ETA: 145m | LR: 0.000177
Epoch 444/1000: 100%|██████████████| 32/32 [00:15<00:00,  2.10it/s, loss=0.0601]
Epoch 444/1000 | Loss: 0.1936 | Best: 0.1471 | 15.2s | Elapsed: 2.1h | ETA: 145m | LR: 0.000176
Epoch 445/1000: 100%|██████████████| 32/32 [00:15<00:00,  2.09it/s, loss=0.1001]
Epoch 445/1000 | Loss: 0.2089 | Best: 0.1471 | 15.3s | Elapsed: 2.1h | ETA: 145m | LR: 0.000176
Epoch 446/1000: 100%|██████████████| 32/32 [00:15<00:00,  2.07it/s, loss=0.0570]
Epoch 446/1000 | Loss: 0.1900 | Best: 0.1471 | 15.4s | Elapsed: 2.1h | ETA: 145m | LR: 0.000175
Epoch 447/1000: 100%|██████████████| 32/32 [00:15<00:00,  2.07it/s, loss=0.2186]
Epoch 447/1000 | Loss: 0.1806 | Best: 0.1471 | 15.5s | Elapsed: 2.1h | ETA: 144m | LR: 0.000175
Epoch 448/1000: 100%|██████████████| 32/32 [00:15<00:00,  2.08it/s, loss=0.2219]
Epoch 448/1000 | Loss: 0.2379 | Best: 0.1471 | 15.4s | Elapsed: 2.1h | ETA: 144m | LR: 0.000174
Epoch 449/1000: 100%|██████████████| 32/32 [00:15<00:00,  2.08it/s, loss=0.2460]
Epoch 449/1000 | Loss: 0.2141 | Best: 0.1471 | 15.4s | Elapsed: 2.1h | ETA: 144m | LR: 0.000174
Epoch 450/1000: 100%|██████████████| 32/32 [00:15<00:00,  2.09it/s, loss=0.1917]
Epoch 450/1000 | Loss: 0.1942 | Best: 0.1471 | 15.3s | Elapsed: 2.1h | ETA: 144m | LR: 0.000173
RF Euler Sampling: 100%|████████████████████████| 30/30 [00:07<00:00,  3.92it/s]
RF Euler Sampling: 100%|████████████████████████| 30/30 [00:07<00:00,  3.92it/s]
RF Euler Sampling: 100%|████████████████████████| 30/30 [00:07<00:00,  3.92it/s]
Epoch 451/1000: 100%|██████████████| 32/32 [00:15<00:00,  2.06it/s, loss=0.2124]
Epoch 451/1000 | Loss: 0.1775 | Best: 0.1471 | 15.5s | Elapsed: 2.1h | ETA: 143m | LR: 0.000173
Epoch 452/1000: 100%|██████████████| 32/32 [00:15<00:00,  2.02it/s, loss=0.1329]
Epoch 452/1000 | Loss: 0.2022 | Best: 0.1471 | 15.8s | Elapsed: 2.1h | ETA: 143m | LR: 0.000173
Epoch 453/1000: 100%|██████████████| 32/32 [00:15<00:00,  2.09it/s, loss=0.1006]
Epoch 453/1000 | Loss: 0.1928 | Best: 0.1471 | 15.3s | Elapsed: 2.1h | ETA: 143m | LR: 0.000172
Epoch 454/1000: 100%|██████████████| 32/32 [00:15<00:00,  2.13it/s, loss=0.2649]
Epoch 454/1000 | Loss: 0.1921 | Best: 0.1471 | 15.0s | Elapsed: 2.1h | ETA: 143m | LR: 0.000172
Epoch 455/1000: 100%|██████████████| 32/32 [00:15<00:00,  2.11it/s, loss=0.2636]
Epoch 455/1000 | Loss: 0.2399 | Best: 0.1471 | 15.2s | Elapsed: 2.1h | ETA: 142m | LR: 0.000171
Epoch 456/1000: 100%|██████████████| 32/32 [00:15<00:00,  2.08it/s, loss=0.3675]
Epoch 456/1000 | Loss: 0.2360 | Best: 0.1471 | 15.4s | Elapsed: 2.1h | ETA: 142m | LR: 0.000171
Epoch 457/1000: 100%|██████████████| 32/32 [00:15<00:00,  2.06it/s, loss=0.1838]
Epoch 457/1000 | Loss: 0.1843 | Best: 0.1471 | 15.5s | Elapsed: 2.1h | ETA: 142m | LR: 0.000170
Epoch 458/1000: 100%|██████████████| 32/32 [00:15<00:00,  2.09it/s, loss=0.2289]
Epoch 458/1000 | Loss: 0.2145 | Best: 0.1471 | 15.3s | Elapsed: 2.1h | ETA: 141m | LR: 0.000170
Epoch 459/1000: 100%|██████████████| 32/32 [00:15<00:00,  2.10it/s, loss=0.2324]
Epoch 459/1000 | Loss: 0.1849 | Best: 0.1471 | 15.3s | Elapsed: 2.1h | ETA: 141m | LR: 0.000169
Epoch 460/1000: 100%|██████████████| 32/32 [00:15<00:00,  2.10it/s, loss=0.2339]
Epoch 460/1000 | Loss: 0.2276 | Best: 0.1471 | 15.2s | Elapsed: 2.1h | ETA: 141m | LR: 0.000169
  💾 Checkpoint saved (overwrite): epoch 460
Epoch 461/1000: 100%|██████████████| 32/32 [00:15<00:00,  2.11it/s, loss=0.2307]
Epoch 461/1000 | Loss: 0.2173 | Best: 0.1471 | 15.2s | Elapsed: 2.1h | ETA: 141m | LR: 0.000168
Epoch 462/1000: 100%|██████████████| 32/32 [00:15<00:00,  2.10it/s, loss=0.1514]
Epoch 462/1000 | Loss: 0.1721 | Best: 0.1471 | 15.3s | Elapsed: 2.1h | ETA: 140m | LR: 0.000168
Epoch 463/1000: 100%|██████████████| 32/32 [00:15<00:00,  2.08it/s, loss=0.1829]
Epoch 463/1000 | Loss: 0.1878 | Best: 0.1471 | 15.4s | Elapsed: 2.1h | ETA: 140m | LR: 0.000167
Epoch 464/1000: 100%|██████████████| 32/32 [00:15<00:00,  2.08it/s, loss=0.1424]
Epoch 464/1000 | Loss: 0.2001 | Best: 0.1471 | 15.4s | Elapsed: 2.2h | ETA: 140m | LR: 0.000167
Epoch 465/1000: 100%|██████████████| 32/32 [00:15<00:00,  2.08it/s, loss=0.2101]
Epoch 465/1000 | Loss: 0.1799 | Best: 0.1471 | 15.4s | Elapsed: 2.2h | ETA: 140m | LR: 0.000166
Epoch 466/1000: 100%|██████████████| 32/32 [00:15<00:00,  2.08it/s, loss=0.0863]
Epoch 466/1000 | Loss: 0.1763 | Best: 0.1471 | 15.4s | Elapsed: 2.2h | ETA: 139m | LR: 0.000166
Epoch 467/1000: 100%|██████████████| 32/32 [00:15<00:00,  2.07it/s, loss=0.1289]
Epoch 467/1000 | Loss: 0.2049 | Best: 0.1471 | 15.4s | Elapsed: 2.2h | ETA: 139m | LR: 0.000166
Epoch 468/1000: 100%|██████████████| 32/32 [00:15<00:00,  2.08it/s, loss=0.0669]
Epoch 468/1000 | Loss: 0.1786 | Best: 0.1471 | 15.4s | Elapsed: 2.2h | ETA: 139m | LR: 0.000165
Epoch 469/1000: 100%|██████████████| 32/32 [00:15<00:00,  2.07it/s, loss=0.2158]
Epoch 469/1000 | Loss: 0.2183 | Best: 0.1471 | 15.4s | Elapsed: 2.2h | ETA: 139m | LR: 0.000165
Epoch 470/1000: 100%|██████████████| 32/32 [00:15<00:00,  2.07it/s, loss=0.1734]
Epoch 470/1000 | Loss: 0.1940 | Best: 0.1471 | 15.4s | Elapsed: 2.2h | ETA: 138m | LR: 0.000164
Epoch 471/1000: 100%|██████████████| 32/32 [00:15<00:00,  2.07it/s, loss=0.1972]
Epoch 471/1000 | Loss: 0.1837 | Best: 0.1471 | 15.5s | Elapsed: 2.2h | ETA: 138m | LR: 0.000164
Epoch 472/1000: 100%|██████████████| 32/32 [00:15<00:00,  2.07it/s, loss=0.3275]
Epoch 472/1000 | Loss: 0.1895 | Best: 0.1471 | 15.5s | Elapsed: 2.2h | ETA: 138m | LR: 0.000163
Epoch 473/1000: 100%|██████████████| 32/32 [00:15<00:00,  2.07it/s, loss=0.2207]
Epoch 473/1000 | Loss: 0.2137 | Best: 0.1471 | 15.4s | Elapsed: 2.2h | ETA: 137m | LR: 0.000163
Epoch 474/1000: 100%|██████████████| 32/32 [00:15<00:00,  2.09it/s, loss=0.3194]
Epoch 474/1000 | Loss: 0.2088 | Best: 0.1471 | 15.3s | Elapsed: 2.2h | ETA: 137m | LR: 0.000162
Epoch 475/1000: 100%|██████████████| 32/32 [00:15<00:00,  2.09it/s, loss=0.2648]
Epoch 475/1000 | Loss: 0.1754 | Best: 0.1471 | 15.3s | Elapsed: 2.2h | ETA: 137m | LR: 0.000162
RF Euler Sampling: 100%|████████████████████████| 30/30 [00:07<00:00,  3.92it/s]
RF Euler Sampling: 100%|████████████████████████| 30/30 [00:07<00:00,  3.92it/s]
RF Euler Sampling: 100%|████████████████████████| 30/30 [00:07<00:00,  3.92it/s]
Epoch 476/1000: 100%|██████████████| 32/32 [00:15<00:00,  2.06it/s, loss=0.2593]
Epoch 476/1000 | Loss: 0.2128 | Best: 0.1471 | 15.5s | Elapsed: 2.2h | ETA: 137m | LR: 0.000161
Epoch 477/1000: 100%|██████████████| 32/32 [00:15<00:00,  2.03it/s, loss=0.1175]
Epoch 477/1000 | Loss: 0.2250 | Best: 0.1471 | 15.8s | Elapsed: 2.2h | ETA: 136m | LR: 0.000161
Epoch 478/1000: 100%|██████████████| 32/32 [00:15<00:00,  2.07it/s, loss=0.2700]
Epoch 478/1000 | Loss: 0.1804 | Best: 0.1471 | 15.4s | Elapsed: 2.2h | ETA: 136m | LR: 0.000160
Epoch 479/1000: 100%|██████████████| 32/32 [00:15<00:00,  2.12it/s, loss=0.0914]
Epoch 479/1000 | Loss: 0.2139 | Best: 0.1471 | 15.1s | Elapsed: 2.2h | ETA: 136m | LR: 0.000160
Epoch 480/1000: 100%|██████████████| 32/32 [00:15<00:00,  2.12it/s, loss=0.2474]
Epoch 480/1000 | Loss: 0.1815 | Best: 0.1471 | 15.1s | Elapsed: 2.2h | ETA: 136m | LR: 0.000159
  💾 Checkpoint saved (overwrite): epoch 480
Epoch 481/1000: 100%|██████████████| 32/32 [00:15<00:00,  2.09it/s, loss=0.0587]
Epoch 481/1000 | Loss: 0.1614 | Best: 0.1471 | 15.3s | Elapsed: 2.2h | ETA: 135m | LR: 0.000159
Epoch 482/1000: 100%|██████████████| 32/32 [00:15<00:00,  2.06it/s, loss=0.1423]
Epoch 482/1000 | Loss: 0.2039 | Best: 0.1471 | 15.5s | Elapsed: 2.2h | ETA: 135m | LR: 0.000158
Epoch 483/1000: 100%|██████████████| 32/32 [00:15<00:00,  2.08it/s, loss=0.3214]
Epoch 483/1000 | Loss: 0.2047 | Best: 0.1471 | 15.4s | Elapsed: 2.2h | ETA: 135m | LR: 0.000158
Epoch 484/1000: 100%|██████████████| 32/32 [00:15<00:00,  2.11it/s, loss=0.1260]
Epoch 484/1000 | Loss: 0.1996 | Best: 0.1471 | 15.2s | Elapsed: 2.2h | ETA: 135m | LR: 0.000158
Epoch 485/1000: 100%|██████████████| 32/32 [00:15<00:00,  2.10it/s, loss=0.2512]
Epoch 485/1000 | Loss: 0.1397 | Best: 0.1471 | 15.3s | Elapsed: 2.2h | ETA: 134m | LR: 0.000157
  ★ Saved best model (loss=0.1397)
Epoch 486/1000: 100%|██████████████| 32/32 [00:15<00:00,  2.09it/s, loss=0.3161]
Epoch 486/1000 | Loss: 0.2311 | Best: 0.1397 | 15.3s | Elapsed: 2.3h | ETA: 134m | LR: 0.000157
Epoch 487/1000: 100%|██████████████| 32/32 [00:15<00:00,  2.08it/s, loss=0.2170]
Epoch 487/1000 | Loss: 0.2031 | Best: 0.1397 | 15.4s | Elapsed: 2.3h | ETA: 134m | LR: 0.000156
Epoch 488/1000: 100%|██████████████| 32/32 [00:15<00:00,  2.07it/s, loss=0.0942]
Epoch 488/1000 | Loss: 0.1541 | Best: 0.1397 | 15.5s | Elapsed: 2.3h | ETA: 133m | LR: 0.000156
Epoch 489/1000: 100%|██████████████| 32/32 [00:15<00:00,  2.08it/s, loss=0.2027]
Epoch 489/1000 | Loss: 0.1868 | Best: 0.1397 | 15.4s | Elapsed: 2.3h | ETA: 133m | LR: 0.000155
Epoch 490/1000: 100%|██████████████| 32/32 [00:15<00:00,  2.09it/s, loss=0.1416]
Epoch 490/1000 | Loss: 0.2298 | Best: 0.1397 | 15.3s | Elapsed: 2.3h | ETA: 133m | LR: 0.000155
Epoch 491/1000: 100%|██████████████| 32/32 [00:15<00:00,  2.10it/s, loss=0.2083]
Epoch 491/1000 | Loss: 0.2172 | Best: 0.1397 | 15.2s | Elapsed: 2.3h | ETA: 133m | LR: 0.000154
Epoch 492/1000: 100%|██████████████| 32/32 [00:15<00:00,  2.10it/s, loss=0.3388]
Epoch 492/1000 | Loss: 0.2289 | Best: 0.1397 | 15.3s | Elapsed: 2.3h | ETA: 132m | LR: 0.000154
Epoch 493/1000: 100%|██████████████| 32/32 [00:15<00:00,  2.09it/s, loss=0.1569]
Epoch 493/1000 | Loss: 0.2044 | Best: 0.1397 | 15.3s | Elapsed: 2.3h | ETA: 132m | LR: 0.000153
Epoch 494/1000: 100%|██████████████| 32/32 [00:15<00:00,  2.09it/s, loss=0.2123]
Epoch 494/1000 | Loss: 0.1831 | Best: 0.1397 | 15.3s | Elapsed: 2.3h | ETA: 132m | LR: 0.000153
Epoch 495/1000: 100%|██████████████| 32/32 [00:15<00:00,  2.10it/s, loss=0.2162]
Epoch 495/1000 | Loss: 0.2310 | Best: 0.1397 | 15.2s | Elapsed: 2.3h | ETA: 132m | LR: 0.000152
Epoch 496/1000: 100%|██████████████| 32/32 [00:15<00:00,  2.10it/s, loss=0.1781]
Epoch 496/1000 | Loss: 0.2123 | Best: 0.1397 | 15.2s | Elapsed: 2.3h | ETA: 131m | LR: 0.000152
Epoch 497/1000: 100%|██████████████| 32/32 [00:15<00:00,  2.10it/s, loss=0.2635]
Epoch 497/1000 | Loss: 0.2115 | Best: 0.1397 | 15.2s | Elapsed: 2.3h | ETA: 131m | LR: 0.000151
Epoch 498/1000: 100%|██████████████| 32/32 [00:15<00:00,  2.10it/s, loss=0.5218]
Epoch 498/1000 | Loss: 0.2143 | Best: 0.1397 | 15.3s | Elapsed: 2.3h | ETA: 131m | LR: 0.000151
Epoch 499/1000: 100%|██████████████| 32/32 [00:15<00:00,  2.09it/s, loss=0.1442]
Epoch 499/1000 | Loss: 0.1802 | Best: 0.1397 | 15.3s | Elapsed: 2.3h | ETA: 131m | LR: 0.000150
Epoch 500/1000: 100%|██████████████| 32/32 [00:15<00:00,  2.07it/s, loss=0.1486]
Epoch 500/1000 | Loss: 0.2039 | Best: 0.1397 | 15.5s | Elapsed: 2.3h | ETA: 130m | LR: 0.000150
  💾 Checkpoint saved (overwrite): epoch 500
RF Euler Sampling: 100%|████████████████████████| 30/30 [00:07<00:00,  3.93it/s]
RF Euler Sampling: 100%|████████████████████████| 30/30 [00:07<00:00,  3.93it/s]
RF Euler Sampling: 100%|████████████████████████| 30/30 [00:07<00:00,  3.93it/s]
Epoch 501/1000: 100%|██████████████| 32/32 [00:15<00:00,  2.05it/s, loss=0.2095]
Epoch 501/1000 | Loss: 0.1843 | Best: 0.1397 | 15.6s | Elapsed: 2.3h | ETA: 130m | LR: 0.000150
Epoch 502/1000: 100%|██████████████| 32/32 [00:15<00:00,  2.03it/s, loss=0.0977]
Epoch 502/1000 | Loss: 0.1784 | Best: 0.1397 | 15.8s | Elapsed: 2.3h | ETA: 130m | LR: 0.000149
Epoch 503/1000: 100%|██████████████| 32/32 [00:15<00:00,  2.07it/s, loss=0.0769]
Epoch 503/1000 | Loss: 0.2023 | Best: 0.1397 | 15.4s | Elapsed: 2.3h | ETA: 130m | LR: 0.000149
Epoch 504/1000: 100%|██████████████| 32/32 [00:15<00:00,  2.11it/s, loss=0.2282]
Epoch 504/1000 | Loss: 0.1791 | Best: 0.1397 | 15.2s | Elapsed: 2.3h | ETA: 129m | LR: 0.000148
Epoch 505/1000: 100%|██████████████| 32/32 [00:15<00:00,  2.11it/s, loss=0.0602]
Epoch 505/1000 | Loss: 0.1879 | Best: 0.1397 | 15.2s | Elapsed: 2.3h | ETA: 129m | LR: 0.000148
Epoch 506/1000: 100%|██████████████| 32/32 [00:15<00:00,  2.09it/s, loss=0.1344]
Epoch 506/1000 | Loss: 0.1555 | Best: 0.1397 | 15.3s | Elapsed: 2.3h | ETA: 129m | LR: 0.000147
Epoch 507/1000: 100%|██████████████| 32/32 [00:15<00:00,  2.08it/s, loss=0.1587]
Epoch 507/1000 | Loss: 0.2112 | Best: 0.1397 | 15.4s | Elapsed: 2.3h | ETA: 128m | LR: 0.000147
Epoch 508/1000: 100%|██████████████| 32/32 [00:15<00:00,  2.07it/s, loss=0.2656]
Epoch 508/1000 | Loss: 0.2173 | Best: 0.1397 | 15.4s | Elapsed: 2.4h | ETA: 128m | LR: 0.000146
Epoch 509/1000: 100%|██████████████| 32/32 [00:15<00:00,  2.08it/s, loss=0.1946]
Epoch 509/1000 | Loss: 0.1987 | Best: 0.1397 | 15.4s | Elapsed: 2.4h | ETA: 128m | LR: 0.000146
Epoch 510/1000: 100%|██████████████| 32/32 [00:15<00:00,  2.08it/s, loss=0.1092]
Epoch 510/1000 | Loss: 0.2042 | Best: 0.1397 | 15.4s | Elapsed: 2.4h | ETA: 128m | LR: 0.000145
Epoch 511/1000: 100%|██████████████| 32/32 [00:15<00:00,  2.10it/s, loss=0.0408]
Epoch 511/1000 | Loss: 0.1898 | Best: 0.1397 | 15.3s | Elapsed: 2.4h | ETA: 127m | LR: 0.000145
Epoch 512/1000: 100%|██████████████| 32/32 [00:15<00:00,  2.09it/s, loss=0.1652]
Epoch 512/1000 | Loss: 0.1794 | Best: 0.1397 | 15.3s | Elapsed: 2.4h | ETA: 127m | LR: 0.000144
Epoch 513/1000: 100%|██████████████| 32/32 [00:15<00:00,  2.10it/s, loss=0.1371]
Epoch 513/1000 | Loss: 0.2129 | Best: 0.1397 | 15.2s | Elapsed: 2.4h | ETA: 127m | LR: 0.000144
Epoch 514/1000: 100%|██████████████| 32/32 [00:15<00:00,  2.09it/s, loss=0.0598]
Epoch 514/1000 | Loss: 0.2070 | Best: 0.1397 | 15.3s | Elapsed: 2.4h | ETA: 127m | LR: 0.000143
Epoch 515/1000: 100%|██████████████| 32/32 [00:15<00:00,  2.08it/s, loss=0.2410]
Epoch 515/1000 | Loss: 0.1979 | Best: 0.1397 | 15.4s | Elapsed: 2.4h | ETA: 126m | LR: 0.000143
Epoch 516/1000: 100%|██████████████| 32/32 [00:15<00:00,  2.09it/s, loss=0.1880]
Epoch 516/1000 | Loss: 0.1681 | Best: 0.1397 | 15.3s | Elapsed: 2.4h | ETA: 126m | LR: 0.000142
Epoch 517/1000: 100%|██████████████| 32/32 [00:15<00:00,  2.07it/s, loss=0.2158]
Epoch 517/1000 | Loss: 0.1840 | Best: 0.1397 | 15.4s | Elapsed: 2.4h | ETA: 126m | LR: 0.000142
Epoch 518/1000: 100%|██████████████| 32/32 [00:15<00:00,  2.07it/s, loss=0.1478]
Epoch 518/1000 | Loss: 0.1549 | Best: 0.1397 | 15.4s | Elapsed: 2.4h | ETA: 126m | LR: 0.000142
Epoch 519/1000: 100%|██████████████| 32/32 [00:15<00:00,  2.07it/s, loss=0.2930]
Epoch 519/1000 | Loss: 0.1878 | Best: 0.1397 | 15.5s | Elapsed: 2.4h | ETA: 125m | LR: 0.000141
Epoch 520/1000: 100%|██████████████| 32/32 [00:15<00:00,  2.07it/s, loss=0.1708]
Epoch 520/1000 | Loss: 0.2334 | Best: 0.1397 | 15.5s | Elapsed: 2.4h | ETA: 125m | LR: 0.000141
  💾 Checkpoint saved (overwrite): epoch 520
Epoch 521/1000: 100%|██████████████| 32/32 [00:15<00:00,  2.07it/s, loss=0.0556]
Epoch 521/1000 | Loss: 0.2122 | Best: 0.1397 | 15.5s | Elapsed: 2.4h | ETA: 125m | LR: 0.000140
Epoch 522/1000: 100%|██████████████| 32/32 [00:15<00:00,  2.07it/s, loss=0.1267]
Epoch 522/1000 | Loss: 0.1826 | Best: 0.1397 | 15.5s | Elapsed: 2.4h | ETA: 124m | LR: 0.000140
Epoch 523/1000: 100%|██████████████| 32/32 [00:15<00:00,  2.06it/s, loss=0.1134]
Epoch 523/1000 | Loss: 0.1817 | Best: 0.1397 | 15.5s | Elapsed: 2.4h | ETA: 124m | LR: 0.000139
Epoch 524/1000: 100%|██████████████| 32/32 [00:15<00:00,  2.06it/s, loss=0.1510]
Epoch 524/1000 | Loss: 0.1443 | Best: 0.1397 | 15.5s | Elapsed: 2.4h | ETA: 124m | LR: 0.000139
Epoch 525/1000: 100%|██████████████| 32/32 [00:15<00:00,  2.06it/s, loss=0.1520]
Epoch 525/1000 | Loss: 0.1802 | Best: 0.1397 | 15.5s | Elapsed: 2.4h | ETA: 124m | LR: 0.000138
RF Euler Sampling: 100%|████████████████████████| 30/30 [00:07<00:00,  3.92it/s]
RF Euler Sampling: 100%|████████████████████████| 30/30 [00:07<00:00,  3.92it/s]
RF Euler Sampling: 100%|████████████████████████| 30/30 [00:07<00:00,  3.92it/s]
Epoch 526/1000: 100%|██████████████| 32/32 [00:15<00:00,  2.07it/s, loss=0.1647]
Epoch 526/1000 | Loss: 0.2076 | Best: 0.1397 | 15.5s | Elapsed: 2.4h | ETA: 123m | LR: 0.000138
Epoch 527/1000: 100%|██████████████| 32/32 [00:15<00:00,  2.03it/s, loss=0.1915]
Epoch 527/1000 | Loss: 0.2015 | Best: 0.1397 | 15.7s | Elapsed: 2.4h | ETA: 123m | LR: 0.000137
Epoch 528/1000: 100%|██████████████| 32/32 [00:15<00:00,  2.07it/s, loss=0.2005]
Epoch 528/1000 | Loss: 0.1976 | Best: 0.1397 | 15.5s | Elapsed: 2.4h | ETA: 123m | LR: 0.000137
Epoch 529/1000: 100%|██████████████| 32/32 [00:15<00:00,  2.10it/s, loss=0.1840]
Epoch 529/1000 | Loss: 0.2027 | Best: 0.1397 | 15.2s | Elapsed: 2.4h | ETA: 123m | LR: 0.000136
Epoch 530/1000: 100%|██████████████| 32/32 [00:15<00:00,  2.10it/s, loss=0.0733]
Epoch 530/1000 | Loss: 0.1717 | Best: 0.1397 | 15.2s | Elapsed: 2.5h | ETA: 122m | LR: 0.000136
Epoch 531/1000: 100%|██████████████| 32/32 [00:15<00:00,  2.09it/s, loss=0.1543]
Epoch 531/1000 | Loss: 0.2266 | Best: 0.1397 | 15.3s | Elapsed: 2.5h | ETA: 122m | LR: 0.000135
Epoch 532/1000: 100%|██████████████| 32/32 [00:15<00:00,  2.06it/s, loss=0.1423]
Epoch 532/1000 | Loss: 0.2074 | Best: 0.1397 | 15.5s | Elapsed: 2.5h | ETA: 122m | LR: 0.000135
Epoch 533/1000: 100%|██████████████| 32/32 [00:15<00:00,  2.08it/s, loss=0.0761]
Epoch 533/1000 | Loss: 0.2046 | Best: 0.1397 | 15.4s | Elapsed: 2.5h | ETA: 122m | LR: 0.000134
Epoch 534/1000: 100%|██████████████| 32/32 [00:15<00:00,  2.08it/s, loss=0.4307]
Epoch 534/1000 | Loss: 0.1892 | Best: 0.1397 | 15.4s | Elapsed: 2.5h | ETA: 121m | LR: 0.000134
Epoch 535/1000: 100%|██████████████| 32/32 [00:15<00:00,  2.09it/s, loss=0.2784]
Epoch 535/1000 | Loss: 0.2072 | Best: 0.1397 | 15.3s | Elapsed: 2.5h | ETA: 121m | LR: 0.000134
Epoch 536/1000: 100%|██████████████| 32/32 [00:15<00:00,  2.10it/s, loss=0.1680]
Epoch 536/1000 | Loss: 0.2232 | Best: 0.1397 | 15.2s | Elapsed: 2.5h | ETA: 121m | LR: 0.000133
Epoch 537/1000: 100%|██████████████| 32/32 [00:15<00:00,  2.10it/s, loss=0.3828]
Epoch 537/1000 | Loss: 0.2357 | Best: 0.1397 | 15.2s | Elapsed: 2.5h | ETA: 121m | LR: 0.000133
Epoch 538/1000: 100%|██████████████| 32/32 [00:15<00:00,  2.11it/s, loss=0.1292]
Epoch 538/1000 | Loss: 0.1987 | Best: 0.1397 | 15.2s | Elapsed: 2.5h | ETA: 120m | LR: 0.000132
Epoch 539/1000: 100%|██████████████| 32/32 [00:15<00:00,  2.09it/s, loss=0.2357]
Epoch 539/1000 | Loss: 0.1835 | Best: 0.1397 | 15.3s | Elapsed: 2.5h | ETA: 120m | LR: 0.000132
Epoch 540/1000: 100%|██████████████| 32/32 [00:15<00:00,  2.08it/s, loss=0.1990]
Epoch 540/1000 | Loss: 0.1962 | Best: 0.1397 | 15.4s | Elapsed: 2.5h | ETA: 120m | LR: 0.000131
  💾 Checkpoint saved (overwrite): epoch 540
Epoch 541/1000: 100%|██████████████| 32/32 [00:15<00:00,  2.08it/s, loss=0.1131]
Epoch 541/1000 | Loss: 0.1924 | Best: 0.1397 | 15.4s | Elapsed: 2.5h | ETA: 119m | LR: 0.000131
Epoch 542/1000: 100%|██████████████| 32/32 [00:15<00:00,  2.08it/s, loss=0.0847]
Epoch 542/1000 | Loss: 0.2082 | Best: 0.1397 | 15.4s | Elapsed: 2.5h | ETA: 119m | LR: 0.000130
Epoch 543/1000: 100%|██████████████| 32/32 [00:15<00:00,  2.06it/s, loss=0.2295]
Epoch 543/1000 | Loss: 0.2373 | Best: 0.1397 | 15.5s | Elapsed: 2.5h | ETA: 119m | LR: 0.000130
Epoch 544/1000: 100%|██████████████| 32/32 [00:15<00:00,  2.07it/s, loss=0.1690]
Epoch 544/1000 | Loss: 0.1745 | Best: 0.1397 | 15.4s | Elapsed: 2.5h | ETA: 119m | LR: 0.000129
Epoch 545/1000: 100%|██████████████| 32/32 [00:15<00:00,  2.07it/s, loss=0.2330]
Epoch 545/1000 | Loss: 0.2416 | Best: 0.1397 | 15.5s | Elapsed: 2.5h | ETA: 118m | LR: 0.000129
Epoch 546/1000: 100%|██████████████| 32/32 [00:15<00:00,  2.07it/s, loss=0.1011]
Epoch 546/1000 | Loss: 0.2028 | Best: 0.1397 | 15.4s | Elapsed: 2.5h | ETA: 118m | LR: 0.000128
Epoch 547/1000: 100%|██████████████| 32/32 [00:15<00:00,  2.08it/s, loss=0.1480]
Epoch 547/1000 | Loss: 0.1891 | Best: 0.1397 | 15.4s | Elapsed: 2.5h | ETA: 118m | LR: 0.000128
Epoch 548/1000: 100%|██████████████| 32/32 [00:15<00:00,  2.09it/s, loss=0.1689]
Epoch 548/1000 | Loss: 0.1825 | Best: 0.1397 | 15.3s | Elapsed: 2.5h | ETA: 118m | LR: 0.000127
Epoch 549/1000: 100%|██████████████| 32/32 [00:15<00:00,  2.10it/s, loss=0.3473]
Epoch 549/1000 | Loss: 0.1615 | Best: 0.1397 | 15.3s | Elapsed: 2.5h | ETA: 117m | LR: 0.000127
Epoch 550/1000: 100%|██████████████| 32/32 [00:15<00:00,  2.09it/s, loss=0.2493]
Epoch 550/1000 | Loss: 0.1793 | Best: 0.1397 | 15.3s | Elapsed: 2.5h | ETA: 117m | LR: 0.000127
RF Euler Sampling: 100%|████████████████████████| 30/30 [00:07<00:00,  3.92it/s]
RF Euler Sampling: 100%|████████████████████████| 30/30 [00:07<00:00,  3.92it/s]
RF Euler Sampling: 100%|████████████████████████| 30/30 [00:07<00:00,  3.92it/s]
Epoch 551/1000: 100%|██████████████| 32/32 [00:15<00:00,  2.06it/s, loss=0.2172]
Epoch 551/1000 | Loss: 0.2197 | Best: 0.1397 | 15.5s | Elapsed: 2.6h | ETA: 117m | LR: 0.000126
Epoch 552/1000: 100%|██████████████| 32/32 [00:15<00:00,  2.02it/s, loss=0.4517]
Epoch 552/1000 | Loss: 0.2346 | Best: 0.1397 | 15.8s | Elapsed: 2.6h | ETA: 117m | LR: 0.000126
Epoch 553/1000: 100%|██████████████| 32/32 [00:15<00:00,  2.07it/s, loss=0.0583]
Epoch 553/1000 | Loss: 0.1930 | Best: 0.1397 | 15.5s | Elapsed: 2.6h | ETA: 116m | LR: 0.000125
Epoch 554/1000: 100%|██████████████| 32/32 [00:15<00:00,  2.13it/s, loss=0.2576]
Epoch 554/1000 | Loss: 0.2276 | Best: 0.1397 | 15.1s | Elapsed: 2.6h | ETA: 116m | LR: 0.000125
Epoch 555/1000: 100%|██████████████| 32/32 [00:15<00:00,  2.11it/s, loss=0.2563]
Epoch 555/1000 | Loss: 0.1754 | Best: 0.1397 | 15.1s | Elapsed: 2.6h | ETA: 116m | LR: 0.000124
Epoch 556/1000: 100%|██████████████| 32/32 [00:15<00:00,  2.08it/s, loss=0.2448]
Epoch 556/1000 | Loss: 0.2102 | Best: 0.1397 | 15.4s | Elapsed: 2.6h | ETA: 116m | LR: 0.000124
Epoch 557/1000: 100%|██████████████| 32/32 [00:15<00:00,  2.06it/s, loss=0.0958]
Epoch 557/1000 | Loss: 0.1907 | Best: 0.1397 | 15.5s | Elapsed: 2.6h | ETA: 115m | LR: 0.000123
Epoch 558/1000: 100%|██████████████| 32/32 [00:15<00:00,  2.08it/s, loss=0.1373]
Epoch 558/1000 | Loss: 0.1925 | Best: 0.1397 | 15.4s | Elapsed: 2.6h | ETA: 115m | LR: 0.000123
Epoch 559/1000: 100%|██████████████| 32/32 [00:15<00:00,  2.10it/s, loss=0.2130]
Epoch 559/1000 | Loss: 0.2044 | Best: 0.1397 | 15.2s | Elapsed: 2.6h | ETA: 115m | LR: 0.000122
Epoch 560/1000: 100%|██████████████| 32/32 [00:15<00:00,  2.09it/s, loss=0.1243]
Epoch 560/1000 | Loss: 0.1898 | Best: 0.1397 | 15.3s | Elapsed: 2.6h | ETA: 114m | LR: 0.000122
  💾 Checkpoint saved (overwrite): epoch 560
Epoch 561/1000: 100%|██████████████| 32/32 [00:15<00:00,  2.09it/s, loss=0.1401]
Epoch 561/1000 | Loss: 0.2005 | Best: 0.1397 | 15.3s | Elapsed: 2.6h | ETA: 114m | LR: 0.000121
Epoch 562/1000: 100%|██████████████| 32/32 [00:15<00:00,  2.07it/s, loss=0.3397]
Epoch 562/1000 | Loss: 0.2174 | Best: 0.1397 | 15.5s | Elapsed: 2.6h | ETA: 114m | LR: 0.000121
Epoch 563/1000: 100%|██████████████| 32/32 [00:15<00:00,  2.06it/s, loss=0.2811]
Epoch 563/1000 | Loss: 0.1775 | Best: 0.1397 | 15.5s | Elapsed: 2.6h | ETA: 114m | LR: 0.000121
Epoch 564/1000: 100%|██████████████| 32/32 [00:15<00:00,  2.07it/s, loss=0.0454]
Epoch 564/1000 | Loss: 0.1714 | Best: 0.1397 | 15.5s | Elapsed: 2.6h | ETA: 113m | LR: 0.000120
Epoch 565/1000: 100%|██████████████| 32/32 [00:15<00:00,  2.09it/s, loss=0.2331]
Epoch 565/1000 | Loss: 0.1350 | Best: 0.1397 | 15.3s | Elapsed: 2.6h | ETA: 113m | LR: 0.000120
  ★ Saved best model (loss=0.1350)
Epoch 566/1000: 100%|██████████████| 32/32 [00:15<00:00,  2.09it/s, loss=0.2019]
Epoch 566/1000 | Loss: 0.2053 | Best: 0.1350 | 15.3s | Elapsed: 2.6h | ETA: 113m | LR: 0.000119
Epoch 567/1000: 100%|██████████████| 32/32 [00:15<00:00,  2.09it/s, loss=0.3404]
Epoch 567/1000 | Loss: 0.2307 | Best: 0.1350 | 15.3s | Elapsed: 2.6h | ETA: 113m | LR: 0.000119
Epoch 568/1000: 100%|██████████████| 32/32 [00:15<00:00,  2.08it/s, loss=0.1982]
Epoch 568/1000 | Loss: 0.2078 | Best: 0.1350 | 15.4s | Elapsed: 2.6h | ETA: 112m | LR: 0.000118
Epoch 569/1000: 100%|██████████████| 32/32 [00:15<00:00,  2.07it/s, loss=0.3243]
Epoch 569/1000 | Loss: 0.1674 | Best: 0.1350 | 15.5s | Elapsed: 2.6h | ETA: 112m | LR: 0.000118
Epoch 570/1000: 100%|██████████████| 32/32 [00:15<00:00,  2.07it/s, loss=0.3712]
Epoch 570/1000 | Loss: 0.2118 | Best: 0.1350 | 15.5s | Elapsed: 2.6h | ETA: 112m | LR: 0.000117
Epoch 571/1000: 100%|██████████████| 32/32 [00:15<00:00,  2.07it/s, loss=0.2352]
Epoch 571/1000 | Loss: 0.2052 | Best: 0.1350 | 15.4s | Elapsed: 2.6h | ETA: 112m | LR: 0.000117
Epoch 572/1000: 100%|██████████████| 32/32 [00:15<00:00,  2.07it/s, loss=0.2489]
Epoch 572/1000 | Loss: 0.2016 | Best: 0.1350 | 15.5s | Elapsed: 2.6h | ETA: 111m | LR: 0.000116
Epoch 573/1000: 100%|██████████████| 32/32 [00:15<00:00,  2.07it/s, loss=0.1960]
Epoch 573/1000 | Loss: 0.2197 | Best: 0.1350 | 15.4s | Elapsed: 2.6h | ETA: 111m | LR: 0.000116
Epoch 574/1000: 100%|██████████████| 32/32 [00:15<00:00,  2.09it/s, loss=0.1115]
Epoch 574/1000 | Loss: 0.2077 | Best: 0.1350 | 15.3s | Elapsed: 2.6h | ETA: 111m | LR: 0.000115
Epoch 575/1000: 100%|██████████████| 32/32 [00:15<00:00,  2.08it/s, loss=0.2135]
Epoch 575/1000 | Loss: 0.1646 | Best: 0.1350 | 15.4s | Elapsed: 2.7h | ETA: 111m | LR: 0.000115
RF Euler Sampling: 100%|████████████████████████| 30/30 [00:07<00:00,  3.93it/s]
RF Euler Sampling: 100%|████████████████████████| 30/30 [00:07<00:00,  3.93it/s]
RF Euler Sampling: 100%|████████████████████████| 30/30 [00:07<00:00,  3.93it/s]
Epoch 576/1000: 100%|██████████████| 32/32 [00:15<00:00,  2.06it/s, loss=0.0448]
Epoch 576/1000 | Loss: 0.1862 | Best: 0.1350 | 15.5s | Elapsed: 2.7h | ETA: 110m | LR: 0.000115
Epoch 577/1000: 100%|██████████████| 32/32 [00:15<00:00,  2.02it/s, loss=0.2202]
Epoch 577/1000 | Loss: 0.1786 | Best: 0.1350 | 15.8s | Elapsed: 2.7h | ETA: 110m | LR: 0.000114
Epoch 578/1000: 100%|██████████████| 32/32 [00:15<00:00,  2.08it/s, loss=0.2382]
Epoch 578/1000 | Loss: 0.2134 | Best: 0.1350 | 15.4s | Elapsed: 2.7h | ETA: 110m | LR: 0.000114
Epoch 579/1000: 100%|██████████████| 32/32 [00:15<00:00,  2.12it/s, loss=0.2751]
Epoch 579/1000 | Loss: 0.1740 | Best: 0.1350 | 15.1s | Elapsed: 2.7h | ETA: 109m | LR: 0.000113
Epoch 580/1000: 100%|██████████████| 32/32 [00:15<00:00,  2.11it/s, loss=0.1246]
Epoch 580/1000 | Loss: 0.2101 | Best: 0.1350 | 15.2s | Elapsed: 2.7h | ETA: 109m | LR: 0.000113
  💾 Checkpoint saved (overwrite): epoch 580
Epoch 581/1000: 100%|██████████████| 32/32 [00:15<00:00,  2.08it/s, loss=0.1484]
Epoch 581/1000 | Loss: 0.1879 | Best: 0.1350 | 15.4s | Elapsed: 2.7h | ETA: 109m | LR: 0.000112
Epoch 582/1000: 100%|██████████████| 32/32 [00:15<00:00,  2.06it/s, loss=0.0973]
Epoch 582/1000 | Loss: 0.1863 | Best: 0.1350 | 15.6s | Elapsed: 2.7h | ETA: 109m | LR: 0.000112
Epoch 583/1000: 100%|██████████████| 32/32 [00:15<00:00,  2.08it/s, loss=0.1035]
Epoch 583/1000 | Loss: 0.1910 | Best: 0.1350 | 15.4s | Elapsed: 2.7h | ETA: 108m | LR: 0.000111
Epoch 584/1000: 100%|██████████████| 32/32 [00:15<00:00,  2.10it/s, loss=0.1471]
Epoch 584/1000 | Loss: 0.1877 | Best: 0.1350 | 15.3s | Elapsed: 2.7h | ETA: 108m | LR: 0.000111
Epoch 585/1000: 100%|██████████████| 32/32 [00:15<00:00,  2.10it/s, loss=0.2307]
Epoch 585/1000 | Loss: 0.2198 | Best: 0.1350 | 15.2s | Elapsed: 2.7h | ETA: 108m | LR: 0.000110
Epoch 586/1000: 100%|██████████████| 32/32 [00:15<00:00,  2.08it/s, loss=0.1756]
Epoch 586/1000 | Loss: 0.1914 | Best: 0.1350 | 15.4s | Elapsed: 2.7h | ETA: 108m | LR: 0.000110
Epoch 587/1000: 100%|██████████████| 32/32 [00:15<00:00,  2.05it/s, loss=0.3244]
Epoch 587/1000 | Loss: 0.2699 | Best: 0.1350 | 15.6s | Elapsed: 2.7h | ETA: 107m | LR: 0.000110
Epoch 588/1000: 100%|██████████████| 32/32 [00:15<00:00,  2.07it/s, loss=0.2644]
Epoch 588/1000 | Loss: 0.1827 | Best: 0.1350 | 15.4s | Elapsed: 2.7h | ETA: 107m | LR: 0.000109
Epoch 589/1000: 100%|██████████████| 32/32 [00:15<00:00,  2.08it/s, loss=0.0998]
Epoch 589/1000 | Loss: 0.1601 | Best: 0.1350 | 15.4s | Elapsed: 2.7h | ETA: 107m | LR: 0.000109
Epoch 590/1000: 100%|██████████████| 32/32 [00:15<00:00,  2.09it/s, loss=0.1264]
Epoch 590/1000 | Loss: 0.1853 | Best: 0.1350 | 15.3s | Elapsed: 2.7h | ETA: 107m | LR: 0.000108
Epoch 591/1000: 100%|██████████████| 32/32 [00:15<00:00,  2.09it/s, loss=0.1257]
Epoch 591/1000 | Loss: 0.1407 | Best: 0.1350 | 15.3s | Elapsed: 2.7h | ETA: 106m | LR: 0.000108
Epoch 592/1000: 100%|██████████████| 32/32 [00:15<00:00,  2.10it/s, loss=0.1701]
Epoch 592/1000 | Loss: 0.2021 | Best: 0.1350 | 15.3s | Elapsed: 2.7h | ETA: 106m | LR: 0.000107
Epoch 593/1000: 100%|██████████████| 32/32 [00:15<00:00,  2.09it/s, loss=0.2543]
Epoch 593/1000 | Loss: 0.2065 | Best: 0.1350 | 15.3s | Elapsed: 2.7h | ETA: 106m | LR: 0.000107
Epoch 594/1000: 100%|██████████████| 32/32 [00:15<00:00,  2.08it/s, loss=0.0764]
Epoch 594/1000 | Loss: 0.1604 | Best: 0.1350 | 15.4s | Elapsed: 2.7h | ETA: 106m | LR: 0.000106
Epoch 595/1000: 100%|██████████████| 32/32 [00:15<00:00,  2.07it/s, loss=0.2281]
Epoch 595/1000 | Loss: 0.1882 | Best: 0.1350 | 15.5s | Elapsed: 2.7h | ETA: 105m | LR: 0.000106
Epoch 596/1000: 100%|██████████████| 32/32 [00:15<00:00,  2.07it/s, loss=0.2019]
Epoch 596/1000 | Loss: 0.1919 | Best: 0.1350 | 15.4s | Elapsed: 2.7h | ETA: 105m | LR: 0.000105
Epoch 597/1000: 100%|██████████████| 32/32 [00:15<00:00,  2.07it/s, loss=0.1620]
Epoch 597/1000 | Loss: 0.1650 | Best: 0.1350 | 15.4s | Elapsed: 2.8h | ETA: 105m | LR: 0.000105
Epoch 598/1000: 100%|██████████████| 32/32 [00:15<00:00,  2.07it/s, loss=0.0556]
Epoch 598/1000 | Loss: 0.1959 | Best: 0.1350 | 15.5s | Elapsed: 2.8h | ETA: 104m | LR: 0.000105
Epoch 599/1000: 100%|██████████████| 32/32 [00:15<00:00,  2.07it/s, loss=0.1948]
Epoch 599/1000 | Loss: 0.1885 | Best: 0.1350 | 15.4s | Elapsed: 2.8h | ETA: 104m | LR: 0.000104
Epoch 600/1000: 100%|██████████████| 32/32 [00:15<00:00,  2.08it/s, loss=0.1940]
Epoch 600/1000 | Loss: 0.2014 | Best: 0.1350 | 15.4s | Elapsed: 2.8h | ETA: 104m | LR: 0.000104
  💾 Checkpoint saved (overwrite): epoch 600
RF Euler Sampling: 100%|████████████████████████| 30/30 [00:07<00:00,  3.93it/s]
RF Euler Sampling: 100%|████████████████████████| 30/30 [00:07<00:00,  3.93it/s]
RF Euler Sampling: 100%|████████████████████████| 30/30 [00:07<00:00,  3.92it/s]
Epoch 601/1000: 100%|██████████████| 32/32 [00:15<00:00,  2.06it/s, loss=0.2182]
Epoch 601/1000 | Loss: 0.1890 | Best: 0.1350 | 15.5s | Elapsed: 2.8h | ETA: 104m | LR: 0.000103
Epoch 602/1000: 100%|██████████████| 32/32 [00:15<00:00,  2.03it/s, loss=0.1351]
Epoch 602/1000 | Loss: 0.2143 | Best: 0.1350 | 15.8s | Elapsed: 2.8h | ETA: 103m | LR: 0.000103
Epoch 603/1000: 100%|██████████████| 32/32 [00:15<00:00,  2.07it/s, loss=0.0541]
Epoch 603/1000 | Loss: 0.1655 | Best: 0.1350 | 15.4s | Elapsed: 2.8h | ETA: 103m | LR: 0.000102
Epoch 604/1000: 100%|██████████████| 32/32 [00:15<00:00,  2.11it/s, loss=0.2673]
Epoch 604/1000 | Loss: 0.2017 | Best: 0.1350 | 15.2s | Elapsed: 2.8h | ETA: 103m | LR: 0.000102
Epoch 605/1000: 100%|██████████████| 32/32 [00:15<00:00,  2.10it/s, loss=0.1637]
Epoch 605/1000 | Loss: 0.1954 | Best: 0.1350 | 15.3s | Elapsed: 2.8h | ETA: 103m | LR: 0.000101
Epoch 606/1000: 100%|██████████████| 32/32 [00:15<00:00,  2.07it/s, loss=0.3895]
Epoch 606/1000 | Loss: 0.1854 | Best: 0.1350 | 15.5s | Elapsed: 2.8h | ETA: 102m | LR: 0.000101
Epoch 607/1000: 100%|██████████████| 32/32 [00:15<00:00,  2.06it/s, loss=0.2957]
Epoch 607/1000 | Loss: 0.1991 | Best: 0.1350 | 15.6s | Elapsed: 2.8h | ETA: 102m | LR: 0.000101
Epoch 608/1000: 100%|██████████████| 32/32 [00:15<00:00,  2.09it/s, loss=0.1775]
Epoch 608/1000 | Loss: 0.2109 | Best: 0.1350 | 15.3s | Elapsed: 2.8h | ETA: 102m | LR: 0.000100
Epoch 609/1000: 100%|██████████████| 32/32 [00:15<00:00,  2.10it/s, loss=0.1918]
Epoch 609/1000 | Loss: 0.2168 | Best: 0.1350 | 15.3s | Elapsed: 2.8h | ETA: 102m | LR: 0.000100
Epoch 610/1000: 100%|██████████████| 32/32 [00:15<00:00,  2.08it/s, loss=0.1218]
Epoch 610/1000 | Loss: 0.1965 | Best: 0.1350 | 15.4s | Elapsed: 2.8h | ETA: 101m | LR: 0.000099
Epoch 611/1000: 100%|██████████████| 32/32 [00:15<00:00,  2.06it/s, loss=0.1555]
Epoch 611/1000 | Loss: 0.1621 | Best: 0.1350 | 15.5s | Elapsed: 2.8h | ETA: 101m | LR: 0.000099
Epoch 612/1000: 100%|██████████████| 32/32 [00:15<00:00,  2.06it/s, loss=0.1582]
Epoch 612/1000 | Loss: 0.1914 | Best: 0.1350 | 15.5s | Elapsed: 2.8h | ETA: 101m | LR: 0.000098
Epoch 613/1000: 100%|██████████████| 32/32 [00:15<00:00,  2.08it/s, loss=0.1429]
Epoch 613/1000 | Loss: 0.2062 | Best: 0.1350 | 15.4s | Elapsed: 2.8h | ETA: 101m | LR: 0.000098
Epoch 614/1000: 100%|██████████████| 32/32 [00:15<00:00,  2.09it/s, loss=0.2342]
Epoch 614/1000 | Loss: 0.1801 | Best: 0.1350 | 15.3s | Elapsed: 2.8h | ETA: 100m | LR: 0.000097
Epoch 615/1000: 100%|██████████████| 32/32 [00:15<00:00,  2.09it/s, loss=0.2190]
Epoch 615/1000 | Loss: 0.2121 | Best: 0.1350 | 15.3s | Elapsed: 2.8h | ETA: 100m | LR: 0.000097
Epoch 616/1000: 100%|██████████████| 32/32 [00:15<00:00,  2.10it/s, loss=0.1300]
Epoch 616/1000 | Loss: 0.1906 | Best: 0.1350 | 15.3s | Elapsed: 2.8h | ETA: 100m | LR: 0.000097
Epoch 617/1000: 100%|██████████████| 32/32 [00:15<00:00,  2.08it/s, loss=0.2666]
Epoch 617/1000 | Loss: 0.2283 | Best: 0.1350 | 15.4s | Elapsed: 2.8h | ETA: 100m | LR: 0.000096
Epoch 618/1000: 100%|██████████████| 32/32 [00:15<00:00,  2.07it/s, loss=0.2165]
Epoch 618/1000 | Loss: 0.1514 | Best: 0.1350 | 15.4s | Elapsed: 2.9h | ETA: 99m | LR: 0.000096
Epoch 619/1000: 100%|██████████████| 32/32 [00:15<00:00,  2.06it/s, loss=0.1300]
Epoch 619/1000 | Loss: 0.1819 | Best: 0.1350 | 15.5s | Elapsed: 2.9h | ETA: 99m | LR: 0.000095
Epoch 620/1000: 100%|██████████████| 32/32 [00:15<00:00,  2.07it/s, loss=0.2270]
Epoch 620/1000 | Loss: 0.2108 | Best: 0.1350 | 15.5s | Elapsed: 2.9h | ETA: 99m | LR: 0.000095
  💾 Checkpoint saved (overwrite): epoch 620
Epoch 621/1000: 100%|██████████████| 32/32 [00:15<00:00,  2.06it/s, loss=0.3655]
Epoch 621/1000 | Loss: 0.2032 | Best: 0.1350 | 15.5s | Elapsed: 2.9h | ETA: 98m | LR: 0.000094
Epoch 622/1000: 100%|██████████████| 32/32 [00:15<00:00,  2.08it/s, loss=0.2751]
Epoch 622/1000 | Loss: 0.2262 | Best: 0.1350 | 15.4s | Elapsed: 2.9h | ETA: 98m | LR: 0.000094
Epoch 623/1000: 100%|██████████████| 32/32 [00:15<00:00,  2.08it/s, loss=0.2699]
Epoch 623/1000 | Loss: 0.1926 | Best: 0.1350 | 15.4s | Elapsed: 2.9h | ETA: 98m | LR: 0.000093
Epoch 624/1000: 100%|██████████████| 32/32 [00:15<00:00,  2.07it/s, loss=0.1275]
Epoch 624/1000 | Loss: 0.1871 | Best: 0.1350 | 15.4s | Elapsed: 2.9h | ETA: 98m | LR: 0.000093
Epoch 625/1000: 100%|██████████████| 32/32 [00:15<00:00,  2.08it/s, loss=0.0817]
Epoch 625/1000 | Loss: 0.1944 | Best: 0.1350 | 15.4s | Elapsed: 2.9h | ETA: 97m | LR: 0.000093
RF Euler Sampling: 100%|████████████████████████| 30/30 [00:07<00:00,  3.93it/s]
RF Euler Sampling: 100%|████████████████████████| 30/30 [00:07<00:00,  3.92it/s]
RF Euler Sampling: 100%|████████████████████████| 30/30 [00:07<00:00,  3.91it/s]
Epoch 626/1000: 100%|██████████████| 32/32 [00:15<00:00,  2.06it/s, loss=0.0699]
Epoch 626/1000 | Loss: 0.2026 | Best: 0.1350 | 15.6s | Elapsed: 2.9h | ETA: 97m | LR: 0.000092
Epoch 627/1000: 100%|██████████████| 32/32 [00:15<00:00,  2.04it/s, loss=0.2337]
Epoch 627/1000 | Loss: 0.1717 | Best: 0.1350 | 15.7s | Elapsed: 2.9h | ETA: 97m | LR: 0.000092
Epoch 628/1000: 100%|██████████████| 32/32 [00:15<00:00,  2.08it/s, loss=0.0467]
Epoch 628/1000 | Loss: 0.2003 | Best: 0.1350 | 15.4s | Elapsed: 2.9h | ETA: 97m | LR: 0.000091
Epoch 629/1000: 100%|██████████████| 32/32 [00:15<00:00,  2.11it/s, loss=0.1271]
Epoch 629/1000 | Loss: 0.1732 | Best: 0.1350 | 15.1s | Elapsed: 2.9h | ETA: 96m | LR: 0.000091
Epoch 630/1000: 100%|██████████████| 32/32 [00:15<00:00,  2.11it/s, loss=0.2008]
Epoch 630/1000 | Loss: 0.1946 | Best: 0.1350 | 15.2s | Elapsed: 2.9h | ETA: 96m | LR: 0.000090
Epoch 631/1000: 100%|██████████████| 32/32 [00:15<00:00,  2.06it/s, loss=0.3034]
Epoch 631/1000 | Loss: 0.1930 | Best: 0.1350 | 15.5s | Elapsed: 2.9h | ETA: 96m | LR: 0.000090
Epoch 632/1000: 100%|██████████████| 32/32 [00:15<00:00,  2.05it/s, loss=0.2786]
Epoch 632/1000 | Loss: 0.1763 | Best: 0.1350 | 15.6s | Elapsed: 2.9h | ETA: 96m | LR: 0.000090
Epoch 633/1000: 100%|██████████████| 32/32 [00:15<00:00,  2.09it/s, loss=0.1913]
Epoch 633/1000 | Loss: 0.1884 | Best: 0.1350 | 15.3s | Elapsed: 2.9h | ETA: 95m | LR: 0.000089
Epoch 634/1000: 100%|██████████████| 32/32 [00:15<00:00,  2.10it/s, loss=0.1228]
Epoch 634/1000 | Loss: 0.1887 | Best: 0.1350 | 15.2s | Elapsed: 2.9h | ETA: 95m | LR: 0.000089
Epoch 635/1000: 100%|██████████████| 32/32 [00:15<00:00,  2.10it/s, loss=0.1600]
Epoch 635/1000 | Loss: 0.2112 | Best: 0.1350 | 15.2s | Elapsed: 2.9h | ETA: 95m | LR: 0.000088
Epoch 636/1000: 100%|██████████████| 32/32 [00:15<00:00,  2.09it/s, loss=0.3844]
Epoch 636/1000 | Loss: 0.2132 | Best: 0.1350 | 15.3s | Elapsed: 2.9h | ETA: 95m | LR: 0.000088
Epoch 637/1000: 100%|██████████████| 32/32 [00:15<00:00,  2.08it/s, loss=0.2470]
Epoch 637/1000 | Loss: 0.1988 | Best: 0.1350 | 15.4s | Elapsed: 2.9h | ETA: 94m | LR: 0.000087
Epoch 638/1000: 100%|██████████████| 32/32 [00:15<00:00,  2.08it/s, loss=0.2070]
Epoch 638/1000 | Loss: 0.1938 | Best: 0.1350 | 15.4s | Elapsed: 2.9h | ETA: 94m | LR: 0.000087
Epoch 639/1000: 100%|██████████████| 32/32 [00:15<00:00,  2.06it/s, loss=0.1594]
Epoch 639/1000 | Loss: 0.1802 | Best: 0.1350 | 15.5s | Elapsed: 2.9h | ETA: 94m | LR: 0.000087
Epoch 640/1000: 100%|██████████████| 32/32 [00:15<00:00,  2.07it/s, loss=0.1630]
Epoch 640/1000 | Loss: 0.1781 | Best: 0.1350 | 15.4s | Elapsed: 3.0h | ETA: 93m | LR: 0.000086
  💾 Checkpoint saved (overwrite): epoch 640
Epoch 641/1000: 100%|██████████████| 32/32 [00:15<00:00,  2.09it/s, loss=0.0940]
Epoch 641/1000 | Loss: 0.1760 | Best: 0.1350 | 15.3s | Elapsed: 3.0h | ETA: 93m | LR: 0.000086
Epoch 642/1000: 100%|██████████████| 32/32 [00:15<00:00,  2.09it/s, loss=0.1330]
Epoch 642/1000 | Loss: 0.2158 | Best: 0.1350 | 15.3s | Elapsed: 3.0h | ETA: 93m | LR: 0.000085
Epoch 643/1000: 100%|██████████████| 32/32 [00:15<00:00,  2.09it/s, loss=0.1393]
Epoch 643/1000 | Loss: 0.1683 | Best: 0.1350 | 15.3s | Elapsed: 3.0h | ETA: 93m | LR: 0.000085
Epoch 644/1000: 100%|██████████████| 32/32 [00:15<00:00,  2.10it/s, loss=0.1462]
Epoch 644/1000 | Loss: 0.1801 | Best: 0.1350 | 15.3s | Elapsed: 3.0h | ETA: 92m | LR: 0.000084
Epoch 645/1000: 100%|██████████████| 32/32 [00:15<00:00,  2.09it/s, loss=0.2327]
Epoch 645/1000 | Loss: 0.2050 | Best: 0.1350 | 15.3s | Elapsed: 3.0h | ETA: 92m | LR: 0.000084
Epoch 646/1000: 100%|██████████████| 32/32 [00:15<00:00,  2.08it/s, loss=0.2035]
Epoch 646/1000 | Loss: 0.1500 | Best: 0.1350 | 15.4s | Elapsed: 3.0h | ETA: 92m | LR: 0.000084
Epoch 647/1000: 100%|██████████████| 32/32 [00:15<00:00,  2.08it/s, loss=0.2241]
Epoch 647/1000 | Loss: 0.2047 | Best: 0.1350 | 15.4s | Elapsed: 3.0h | ETA: 92m | LR: 0.000083
Epoch 648/1000: 100%|██████████████| 32/32 [00:15<00:00,  2.08it/s, loss=0.0746]
Epoch 648/1000 | Loss: 0.1748 | Best: 0.1350 | 15.4s | Elapsed: 3.0h | ETA: 91m | LR: 0.000083
Epoch 649/1000: 100%|██████████████| 32/32 [00:15<00:00,  2.07it/s, loss=0.1513]
Epoch 649/1000 | Loss: 0.1783 | Best: 0.1350 | 15.5s | Elapsed: 3.0h | ETA: 91m | LR: 0.000082
Epoch 650/1000: 100%|██████████████| 32/32 [00:15<00:00,  2.07it/s, loss=0.1242]
Epoch 650/1000 | Loss: 0.2294 | Best: 0.1350 | 15.4s | Elapsed: 3.0h | ETA: 91m | LR: 0.000082
RF Euler Sampling: 100%|████████████████████████| 30/30 [00:07<00:00,  3.92it/s]
RF Euler Sampling: 100%|████████████████████████| 30/30 [00:07<00:00,  3.93it/s]
RF Euler Sampling: 100%|████████████████████████| 30/30 [00:07<00:00,  3.91it/s]
Epoch 651/1000: 100%|██████████████| 32/32 [00:15<00:00,  2.06it/s, loss=0.1538]
Epoch 651/1000 | Loss: 0.2062 | Best: 0.1350 | 15.5s | Elapsed: 3.0h | ETA: 91m | LR: 0.000081
Epoch 652/1000: 100%|██████████████| 32/32 [00:15<00:00,  2.03it/s, loss=0.2764]
Epoch 652/1000 | Loss: 0.2320 | Best: 0.1350 | 15.7s | Elapsed: 3.0h | ETA: 90m | LR: 0.000081
Epoch 653/1000: 100%|██████████████| 32/32 [00:15<00:00,  2.06it/s, loss=0.1365]
Epoch 653/1000 | Loss: 0.1821 | Best: 0.1350 | 15.5s | Elapsed: 3.0h | ETA: 90m | LR: 0.000081
Epoch 654/1000: 100%|██████████████| 32/32 [00:15<00:00,  2.11it/s, loss=0.0726]
Epoch 654/1000 | Loss: 0.1856 | Best: 0.1350 | 15.2s | Elapsed: 3.0h | ETA: 90m | LR: 0.000080
Epoch 655/1000: 100%|██████████████| 32/32 [00:15<00:00,  2.12it/s, loss=0.3545]
Epoch 655/1000 | Loss: 0.2090 | Best: 0.1350 | 15.1s | Elapsed: 3.0h | ETA: 90m | LR: 0.000080
Epoch 656/1000: 100%|██████████████| 32/32 [00:15<00:00,  2.08it/s, loss=0.1262]
Epoch 656/1000 | Loss: 0.1653 | Best: 0.1350 | 15.4s | Elapsed: 3.0h | ETA: 89m | LR: 0.000079
Epoch 657/1000: 100%|██████████████| 32/32 [00:15<00:00,  2.06it/s, loss=0.1398]
Epoch 657/1000 | Loss: 0.1706 | Best: 0.1350 | 15.5s | Elapsed: 3.0h | ETA: 89m | LR: 0.000079
Epoch 658/1000: 100%|██████████████| 32/32 [00:15<00:00,  2.08it/s, loss=0.1007]
Epoch 658/1000 | Loss: 0.1806 | Best: 0.1350 | 15.4s | Elapsed: 3.0h | ETA: 89m | LR: 0.000079
Epoch 659/1000: 100%|██████████████| 32/32 [00:15<00:00,  2.10it/s, loss=0.1793]
Epoch 659/1000 | Loss: 0.1955 | Best: 0.1350 | 15.3s | Elapsed: 3.0h | ETA: 89m | LR: 0.000078
Epoch 660/1000: 100%|██████████████| 32/32 [00:15<00:00,  2.11it/s, loss=0.2952]
Epoch 660/1000 | Loss: 0.1691 | Best: 0.1350 | 15.2s | Elapsed: 3.0h | ETA: 88m | LR: 0.000078
  💾 Checkpoint saved (overwrite): epoch 660
Epoch 661/1000: 100%|██████████████| 32/32 [00:15<00:00,  2.10it/s, loss=0.2621]
Epoch 661/1000 | Loss: 0.1902 | Best: 0.1350 | 15.2s | Elapsed: 3.0h | ETA: 88m | LR: 0.000077
Epoch 662/1000: 100%|██████████████| 32/32 [00:15<00:00,  2.10it/s, loss=0.1529]
Epoch 662/1000 | Loss: 0.1767 | Best: 0.1350 | 15.3s | Elapsed: 3.1h | ETA: 88m | LR: 0.000077
Epoch 663/1000: 100%|██████████████| 32/32 [00:15<00:00,  2.09it/s, loss=0.2834]
Epoch 663/1000 | Loss: 0.2240 | Best: 0.1350 | 15.3s | Elapsed: 3.1h | ETA: 87m | LR: 0.000077
Epoch 664/1000: 100%|██████████████| 32/32 [00:15<00:00,  2.08it/s, loss=0.1528]
Epoch 664/1000 | Loss: 0.1947 | Best: 0.1350 | 15.4s | Elapsed: 3.1h | ETA: 87m | LR: 0.000076
Epoch 665/1000: 100%|██████████████| 32/32 [00:15<00:00,  2.07it/s, loss=0.0896]
Epoch 665/1000 | Loss: 0.1661 | Best: 0.1350 | 15.4s | Elapsed: 3.1h | ETA: 87m | LR: 0.000076
Epoch 666/1000: 100%|██████████████| 32/32 [00:15<00:00,  2.07it/s, loss=0.4263]
Epoch 666/1000 | Loss: 0.1845 | Best: 0.1350 | 15.4s | Elapsed: 3.1h | ETA: 87m | LR: 0.000075
Epoch 667/1000: 100%|██████████████| 32/32 [00:15<00:00,  2.06it/s, loss=0.1163]
Epoch 667/1000 | Loss: 0.2316 | Best: 0.1350 | 15.5s | Elapsed: 3.1h | ETA: 86m | LR: 0.000075
Epoch 668/1000: 100%|██████████████| 32/32 [00:15<00:00,  2.07it/s, loss=0.3023]
Epoch 668/1000 | Loss: 0.1668 | Best: 0.1350 | 15.4s | Elapsed: 3.1h | ETA: 86m | LR: 0.000074
Epoch 669/1000: 100%|██████████████| 32/32 [00:15<00:00,  2.08it/s, loss=0.2024]
Epoch 669/1000 | Loss: 0.1597 | Best: 0.1350 | 15.4s | Elapsed: 3.1h | ETA: 86m | LR: 0.000074
Epoch 670/1000: 100%|██████████████| 32/32 [00:15<00:00,  2.07it/s, loss=0.0762]
Epoch 670/1000 | Loss: 0.1937 | Best: 0.1350 | 15.5s | Elapsed: 3.1h | ETA: 86m | LR: 0.000074
Epoch 671/1000: 100%|██████████████| 32/32 [00:15<00:00,  2.08it/s, loss=0.2267]
Epoch 671/1000 | Loss: 0.1723 | Best: 0.1350 | 15.4s | Elapsed: 3.1h | ETA: 85m | LR: 0.000073
Epoch 672/1000: 100%|██████████████| 32/32 [00:15<00:00,  2.07it/s, loss=0.1697]
Epoch 672/1000 | Loss: 0.2298 | Best: 0.1350 | 15.5s | Elapsed: 3.1h | ETA: 85m | LR: 0.000073
Epoch 673/1000: 100%|██████████████| 32/32 [00:15<00:00,  2.08it/s, loss=0.3359]
Epoch 673/1000 | Loss: 0.1925 | Best: 0.1350 | 15.4s | Elapsed: 3.1h | ETA: 85m | LR: 0.000072
Epoch 674/1000: 100%|██████████████| 32/32 [00:15<00:00,  2.08it/s, loss=0.0988]
Epoch 674/1000 | Loss: 0.1751 | Best: 0.1350 | 15.4s | Elapsed: 3.1h | ETA: 85m | LR: 0.000072
Epoch 675/1000: 100%|██████████████| 32/32 [00:15<00:00,  2.08it/s, loss=0.2120]
Epoch 675/1000 | Loss: 0.1831 | Best: 0.1350 | 15.4s | Elapsed: 3.1h | ETA: 84m | LR: 0.000072
RF Euler Sampling: 100%|████████████████████████| 30/30 [00:07<00:00,  3.93it/s]
RF Euler Sampling: 100%|████████████████████████| 30/30 [00:07<00:00,  3.92it/s]
RF Euler Sampling: 100%|████████████████████████| 30/30 [00:07<00:00,  3.92it/s]
Epoch 676/1000: 100%|██████████████| 32/32 [00:15<00:00,  2.07it/s, loss=0.1715]
Epoch 676/1000 | Loss: 0.2075 | Best: 0.1350 | 15.5s | Elapsed: 3.1h | ETA: 84m | LR: 0.000071
Epoch 677/1000: 100%|██████████████| 32/32 [00:15<00:00,  2.04it/s, loss=0.1581]
Epoch 677/1000 | Loss: 0.1562 | Best: 0.1350 | 15.7s | Elapsed: 3.1h | ETA: 84m | LR: 0.000071
Epoch 678/1000: 100%|██████████████| 32/32 [00:15<00:00,  2.06it/s, loss=0.0879]
Epoch 678/1000 | Loss: 0.1754 | Best: 0.1350 | 15.5s | Elapsed: 3.1h | ETA: 84m | LR: 0.000070
Epoch 679/1000: 100%|██████████████| 32/32 [00:15<00:00,  2.11it/s, loss=0.0509]
Epoch 679/1000 | Loss: 0.2283 | Best: 0.1350 | 15.2s | Elapsed: 3.1h | ETA: 83m | LR: 0.000070
Epoch 680/1000: 100%|██████████████| 32/32 [00:15<00:00,  2.12it/s, loss=0.1734]
Epoch 680/1000 | Loss: 0.1997 | Best: 0.1350 | 15.1s | Elapsed: 3.1h | ETA: 83m | LR: 0.000070
  💾 Checkpoint saved (overwrite): epoch 680
Epoch 681/1000: 100%|██████████████| 32/32 [00:15<00:00,  2.09it/s, loss=0.1347]
Epoch 681/1000 | Loss: 0.1953 | Best: 0.1350 | 15.3s | Elapsed: 3.1h | ETA: 83m | LR: 0.000069
Epoch 682/1000: 100%|██████████████| 32/32 [00:15<00:00,  2.07it/s, loss=0.1344]
Epoch 682/1000 | Loss: 0.1946 | Best: 0.1350 | 15.4s | Elapsed: 3.1h | ETA: 83m | LR: 0.000069
Epoch 683/1000: 100%|██████████████| 32/32 [00:15<00:00,  2.07it/s, loss=0.1493]
Epoch 683/1000 | Loss: 0.2130 | Best: 0.1350 | 15.5s | Elapsed: 3.1h | ETA: 82m | LR: 0.000068
Epoch 684/1000: 100%|██████████████| 32/32 [00:15<00:00,  2.07it/s, loss=0.3158]
Epoch 684/1000 | Loss: 0.1920 | Best: 0.1350 | 15.4s | Elapsed: 3.2h | ETA: 82m | LR: 0.000068
Epoch 685/1000: 100%|██████████████| 32/32 [00:15<00:00,  2.07it/s, loss=0.2280]
Epoch 685/1000 | Loss: 0.1931 | Best: 0.1350 | 15.5s | Elapsed: 3.2h | ETA: 82m | LR: 0.000068
Epoch 686/1000: 100%|██████████████| 32/32 [00:15<00:00,  2.08it/s, loss=0.2831]
Epoch 686/1000 | Loss: 0.2154 | Best: 0.1350 | 15.4s | Elapsed: 3.2h | ETA: 81m | LR: 0.000067
Epoch 687/1000: 100%|██████████████| 32/32 [00:15<00:00,  2.08it/s, loss=0.1899]
Epoch 687/1000 | Loss: 0.2094 | Best: 0.1350 | 15.4s | Elapsed: 3.2h | ETA: 81m | LR: 0.000067
Epoch 688/1000: 100%|██████████████| 32/32 [00:15<00:00,  2.09it/s, loss=0.1404]
Epoch 688/1000 | Loss: 0.2152 | Best: 0.1350 | 15.3s | Elapsed: 3.2h | ETA: 81m | LR: 0.000066
Epoch 689/1000: 100%|██████████████| 32/32 [00:15<00:00,  2.08it/s, loss=0.2429]
Epoch 689/1000 | Loss: 0.1658 | Best: 0.1350 | 15.4s | Elapsed: 3.2h | ETA: 81m | LR: 0.000066
Epoch 690/1000: 100%|██████████████| 32/32 [00:15<00:00,  2.08it/s, loss=0.0872]
Epoch 690/1000 | Loss: 0.1850 | Best: 0.1350 | 15.4s | Elapsed: 3.2h | ETA: 80m | LR: 0.000066
Epoch 691/1000: 100%|██████████████| 32/32 [00:15<00:00,  2.08it/s, loss=0.1091]
Epoch 691/1000 | Loss: 0.2043 | Best: 0.1350 | 15.4s | Elapsed: 3.2h | ETA: 80m | LR: 0.000065
Epoch 692/1000: 100%|██████████████| 32/32 [00:15<00:00,  2.07it/s, loss=0.1363]
Epoch 692/1000 | Loss: 0.1702 | Best: 0.1350 | 15.4s | Elapsed: 3.2h | ETA: 80m | LR: 0.000065
Epoch 693/1000: 100%|██████████████| 32/32 [00:15<00:00,  2.07it/s, loss=0.2316]
Epoch 693/1000 | Loss: 0.1780 | Best: 0.1350 | 15.5s | Elapsed: 3.2h | ETA: 80m | LR: 0.000065
Epoch 694/1000: 100%|██████████████| 32/32 [00:15<00:00,  2.07it/s, loss=0.2037]
Epoch 694/1000 | Loss: 0.1848 | Best: 0.1350 | 15.5s | Elapsed: 3.2h | ETA: 79m | LR: 0.000064
Epoch 695/1000: 100%|██████████████| 32/32 [00:15<00:00,  2.06it/s, loss=0.2311]
Epoch 695/1000 | Loss: 0.2552 | Best: 0.1350 | 15.5s | Elapsed: 3.2h | ETA: 79m | LR: 0.000064
Epoch 696/1000: 100%|██████████████| 32/32 [00:15<00:00,  2.08it/s, loss=0.1571]
Epoch 696/1000 | Loss: 0.1339 | Best: 0.1350 | 15.4s | Elapsed: 3.2h | ETA: 79m | LR: 0.000063
  ★ Saved best model (loss=0.1339)
Epoch 697/1000: 100%|██████████████| 32/32 [00:15<00:00,  2.09it/s, loss=0.2297]
Epoch 697/1000 | Loss: 0.2157 | Best: 0.1339 | 15.3s | Elapsed: 3.2h | ETA: 79m | LR: 0.000063
Epoch 698/1000: 100%|██████████████| 32/32 [00:15<00:00,  2.09it/s, loss=0.1866]
Epoch 698/1000 | Loss: 0.1530 | Best: 0.1339 | 15.3s | Elapsed: 3.2h | ETA: 78m | LR: 0.000063
Epoch 699/1000: 100%|██████████████| 32/32 [00:15<00:00,  2.09it/s, loss=0.1391]
Epoch 699/1000 | Loss: 0.1685 | Best: 0.1339 | 15.3s | Elapsed: 3.2h | ETA: 78m | LR: 0.000062
Epoch 700/1000: 100%|██████████████| 32/32 [00:15<00:00,  2.09it/s, loss=0.0767]
Epoch 700/1000 | Loss: 0.1884 | Best: 0.1339 | 15.3s | Elapsed: 3.2h | ETA: 78m | LR: 0.000062
  💾 Checkpoint saved (overwrite): epoch 700
RF Euler Sampling: 100%|████████████████████████| 30/30 [00:07<00:00,  3.92it/s]
RF Euler Sampling: 100%|████████████████████████| 30/30 [00:07<00:00,  3.92it/s]
RF Euler Sampling: 100%|████████████████████████| 30/30 [00:07<00:00,  3.92it/s]
Epoch 701/1000: 100%|██████████████| 32/32 [00:15<00:00,  2.05it/s, loss=0.0579]
Epoch 701/1000 | Loss: 0.1655 | Best: 0.1339 | 15.6s | Elapsed: 3.2h | ETA: 78m | LR: 0.000061
Epoch 702/1000: 100%|██████████████| 32/32 [00:15<00:00,  2.04it/s, loss=0.1268]
Epoch 702/1000 | Loss: 0.1597 | Best: 0.1339 | 15.7s | Elapsed: 3.2h | ETA: 77m | LR: 0.000061
Epoch 703/1000: 100%|██████████████| 32/32 [00:15<00:00,  2.08it/s, loss=0.2044]
Epoch 703/1000 | Loss: 0.1495 | Best: 0.1339 | 15.4s | Elapsed: 3.2h | ETA: 77m | LR: 0.000061
Epoch 704/1000: 100%|██████████████| 32/32 [00:15<00:00,  2.11it/s, loss=0.0895]
Epoch 704/1000 | Loss: 0.1734 | Best: 0.1339 | 15.2s | Elapsed: 3.2h | ETA: 77m | LR: 0.000060
Epoch 705/1000: 100%|██████████████| 32/32 [00:15<00:00,  2.11it/s, loss=0.1517]
Epoch 705/1000 | Loss: 0.1860 | Best: 0.1339 | 15.1s | Elapsed: 3.3h | ETA: 77m | LR: 0.000060
Epoch 706/1000: 100%|██████████████| 32/32 [00:15<00:00,  2.08it/s, loss=0.0900]
Epoch 706/1000 | Loss: 0.2088 | Best: 0.1339 | 15.4s | Elapsed: 3.3h | ETA: 76m | LR: 0.000060
Epoch 707/1000: 100%|██████████████| 32/32 [00:15<00:00,  2.06it/s, loss=0.2151]
Epoch 707/1000 | Loss: 0.1578 | Best: 0.1339 | 15.5s | Elapsed: 3.3h | ETA: 76m | LR: 0.000059
Epoch 708/1000: 100%|██████████████| 32/32 [00:15<00:00,  2.08it/s, loss=0.2425]
Epoch 708/1000 | Loss: 0.1886 | Best: 0.1339 | 15.4s | Elapsed: 3.3h | ETA: 76m | LR: 0.000059
Epoch 709/1000: 100%|██████████████| 32/32 [00:15<00:00,  2.09it/s, loss=0.1774]
Epoch 709/1000 | Loss: 0.2131 | Best: 0.1339 | 15.3s | Elapsed: 3.3h | ETA: 75m | LR: 0.000058
Epoch 710/1000: 100%|██████████████| 32/32 [00:15<00:00,  2.10it/s, loss=0.1899]
Epoch 710/1000 | Loss: 0.1842 | Best: 0.1339 | 15.3s | Elapsed: 3.3h | ETA: 75m | LR: 0.000058
Epoch 711/1000: 100%|██████████████| 32/32 [00:15<00:00,  2.09it/s, loss=0.2747]
Epoch 711/1000 | Loss: 0.1973 | Best: 0.1339 | 15.3s | Elapsed: 3.3h | ETA: 75m | LR: 0.000058
Epoch 712/1000: 100%|██████████████| 32/32 [00:15<00:00,  2.08it/s, loss=0.1185]
Epoch 712/1000 | Loss: 0.1754 | Best: 0.1339 | 15.3s | Elapsed: 3.3h | ETA: 75m | LR: 0.000057
Epoch 713/1000: 100%|██████████████| 32/32 [00:15<00:00,  2.09it/s, loss=0.1258]
Epoch 713/1000 | Loss: 0.1871 | Best: 0.1339 | 15.3s | Elapsed: 3.3h | ETA: 74m | LR: 0.000057
Epoch 714/1000: 100%|██████████████| 32/32 [00:15<00:00,  2.08it/s, loss=0.1547]
Epoch 714/1000 | Loss: 0.1803 | Best: 0.1339 | 15.4s | Elapsed: 3.3h | ETA: 74m | LR: 0.000057
Epoch 715/1000: 100%|██████████████| 32/32 [00:15<00:00,  2.07it/s, loss=0.1685]
Epoch 715/1000 | Loss: 0.1656 | Best: 0.1339 | 15.5s | Elapsed: 3.3h | ETA: 74m | LR: 0.000056
Epoch 716/1000: 100%|██████████████| 32/32 [00:15<00:00,  2.08it/s, loss=0.2044]
Epoch 716/1000 | Loss: 0.1698 | Best: 0.1339 | 15.4s | Elapsed: 3.3h | ETA: 74m | LR: 0.000056
Epoch 717/1000: 100%|██████████████| 32/32 [00:15<00:00,  2.08it/s, loss=0.0470]
Epoch 717/1000 | Loss: 0.1740 | Best: 0.1339 | 15.4s | Elapsed: 3.3h | ETA: 73m | LR: 0.000055
Epoch 718/1000: 100%|██████████████| 32/32 [00:15<00:00,  2.09it/s, loss=0.1743]
Epoch 718/1000 | Loss: 0.1875 | Best: 0.1339 | 15.3s | Elapsed: 3.3h | ETA: 73m | LR: 0.000055
Epoch 719/1000: 100%|██████████████| 32/32 [00:15<00:00,  2.09it/s, loss=0.3449]
Epoch 719/1000 | Loss: 0.1803 | Best: 0.1339 | 15.3s | Elapsed: 3.3h | ETA: 73m | LR: 0.000055
Epoch 720/1000: 100%|██████████████| 32/32 [00:15<00:00,  2.09it/s, loss=0.1371]
Epoch 720/1000 | Loss: 0.2143 | Best: 0.1339 | 15.3s | Elapsed: 3.3h | ETA: 73m | LR: 0.000054
  💾 Checkpoint saved (overwrite): epoch 720
Epoch 721/1000: 100%|██████████████| 32/32 [00:15<00:00,  2.10it/s, loss=0.2455]
Epoch 721/1000 | Loss: 0.2010 | Best: 0.1339 | 15.3s | Elapsed: 3.3h | ETA: 72m | LR: 0.000054
Epoch 722/1000: 100%|██████████████| 32/32 [00:15<00:00,  2.08it/s, loss=0.1569]
Epoch 722/1000 | Loss: 0.1806 | Best: 0.1339 | 15.4s | Elapsed: 3.3h | ETA: 72m | LR: 0.000054
Epoch 723/1000: 100%|██████████████| 32/32 [00:15<00:00,  2.08it/s, loss=0.3768]
Epoch 723/1000 | Loss: 0.2087 | Best: 0.1339 | 15.4s | Elapsed: 3.3h | ETA: 72m | LR: 0.000053
Epoch 724/1000: 100%|██████████████| 32/32 [00:15<00:00,  2.08it/s, loss=0.1067]
Epoch 724/1000 | Loss: 0.1631 | Best: 0.1339 | 15.4s | Elapsed: 3.3h | ETA: 72m | LR: 0.000053
Epoch 725/1000: 100%|██████████████| 32/32 [00:15<00:00,  2.06it/s, loss=0.0805]
Epoch 725/1000 | Loss: 0.1924 | Best: 0.1339 | 15.5s | Elapsed: 3.3h | ETA: 71m | LR: 0.000053
RF Euler Sampling: 100%|████████████████████████| 30/30 [00:07<00:00,  3.92it/s]
RF Euler Sampling: 100%|████████████████████████| 30/30 [00:07<00:00,  3.92it/s]
RF Euler Sampling: 100%|████████████████████████| 30/30 [00:07<00:00,  3.92it/s]
Epoch 726/1000: 100%|██████████████| 32/32 [00:15<00:00,  2.05it/s, loss=0.0520]
Epoch 726/1000 | Loss: 0.1918 | Best: 0.1339 | 15.6s | Elapsed: 3.3h | ETA: 71m | LR: 0.000052
Epoch 727/1000: 100%|██████████████| 32/32 [00:15<00:00,  2.04it/s, loss=0.1480]
Epoch 727/1000 | Loss: 0.1923 | Best: 0.1339 | 15.7s | Elapsed: 3.4h | ETA: 71m | LR: 0.000052
Epoch 728/1000: 100%|██████████████| 32/32 [00:15<00:00,  2.08it/s, loss=0.1962]
Epoch 728/1000 | Loss: 0.1947 | Best: 0.1339 | 15.4s | Elapsed: 3.4h | ETA: 71m | LR: 0.000052
Epoch 729/1000: 100%|██████████████| 32/32 [00:15<00:00,  2.11it/s, loss=0.2110]
Epoch 729/1000 | Loss: 0.1558 | Best: 0.1339 | 15.2s | Elapsed: 3.4h | ETA: 70m | LR: 0.000051
Epoch 730/1000: 100%|██████████████| 32/32 [00:15<00:00,  2.11it/s, loss=0.3864]
Epoch 730/1000 | Loss: 0.1784 | Best: 0.1339 | 15.1s | Elapsed: 3.4h | ETA: 70m | LR: 0.000051
Epoch 731/1000: 100%|██████████████| 32/32 [00:15<00:00,  2.08it/s, loss=0.1472]
Epoch 731/1000 | Loss: 0.2221 | Best: 0.1339 | 15.4s | Elapsed: 3.4h | ETA: 70m | LR: 0.000050
Epoch 732/1000: 100%|██████████████| 32/32 [00:15<00:00,  2.06it/s, loss=0.3398]
Epoch 732/1000 | Loss: 0.2007 | Best: 0.1339 | 15.5s | Elapsed: 3.4h | ETA: 69m | LR: 0.000050
Epoch 733/1000: 100%|██████████████| 32/32 [00:15<00:00,  2.08it/s, loss=0.0954]
Epoch 733/1000 | Loss: 0.1997 | Best: 0.1339 | 15.4s | Elapsed: 3.4h | ETA: 69m | LR: 0.000050
Epoch 734/1000: 100%|██████████████| 32/32 [00:15<00:00,  2.08it/s, loss=0.1345]
Epoch 734/1000 | Loss: 0.1547 | Best: 0.1339 | 15.4s | Elapsed: 3.4h | ETA: 69m | LR: 0.000049
Epoch 735/1000: 100%|██████████████| 32/32 [00:15<00:00,  2.09it/s, loss=0.0888]
Epoch 735/1000 | Loss: 0.1630 | Best: 0.1339 | 15.3s | Elapsed: 3.4h | ETA: 69m | LR: 0.000049
Epoch 736/1000: 100%|██████████████| 32/32 [00:15<00:00,  2.09it/s, loss=0.1757]
Epoch 736/1000 | Loss: 0.2057 | Best: 0.1339 | 15.3s | Elapsed: 3.4h | ETA: 68m | LR: 0.000049
Epoch 737/1000: 100%|██████████████| 32/32 [00:15<00:00,  2.10it/s, loss=0.5595]
Epoch 737/1000 | Loss: 0.2040 | Best: 0.1339 | 15.3s | Elapsed: 3.4h | ETA: 68m | LR: 0.000048
Epoch 738/1000: 100%|██████████████| 32/32 [00:15<00:00,  2.09it/s, loss=0.1533]
Epoch 738/1000 | Loss: 0.1945 | Best: 0.1339 | 15.3s | Elapsed: 3.4h | ETA: 68m | LR: 0.000048
Epoch 739/1000: 100%|██████████████| 32/32 [00:15<00:00,  2.08it/s, loss=0.1515]
Epoch 739/1000 | Loss: 0.2426 | Best: 0.1339 | 15.4s | Elapsed: 3.4h | ETA: 68m | LR: 0.000048
Epoch 740/1000: 100%|██████████████| 32/32 [00:15<00:00,  2.08it/s, loss=0.0402]
Epoch 740/1000 | Loss: 0.1898 | Best: 0.1339 | 15.4s | Elapsed: 3.4h | ETA: 67m | LR: 0.000047
  💾 Checkpoint saved (overwrite): epoch 740
Epoch 741/1000: 100%|██████████████| 32/32 [00:15<00:00,  2.07it/s, loss=0.4689]
Epoch 741/1000 | Loss: 0.2166 | Best: 0.1339 | 15.4s | Elapsed: 3.4h | ETA: 67m | LR: 0.000047
Epoch 742/1000: 100%|██████████████| 32/32 [00:15<00:00,  2.08it/s, loss=0.0637]
Epoch 742/1000 | Loss: 0.1971 | Best: 0.1339 | 15.4s | Elapsed: 3.4h | ETA: 67m | LR: 0.000047
Epoch 743/1000: 100%|██████████████| 32/32 [00:15<00:00,  2.07it/s, loss=0.3016]
Epoch 743/1000 | Loss: 0.1976 | Best: 0.1339 | 15.4s | Elapsed: 3.4h | ETA: 67m | LR: 0.000046
Epoch 744/1000: 100%|██████████████| 32/32 [00:15<00:00,  2.06it/s, loss=0.0884]
Epoch 744/1000 | Loss: 0.2050 | Best: 0.1339 | 15.5s | Elapsed: 3.4h | ETA: 66m | LR: 0.000046
Epoch 745/1000: 100%|██████████████| 32/32 [00:15<00:00,  2.07it/s, loss=0.2665]
Epoch 745/1000 | Loss: 0.1992 | Best: 0.1339 | 15.5s | Elapsed: 3.4h | ETA: 66m | LR: 0.000046
Epoch 746/1000: 100%|██████████████| 32/32 [00:15<00:00,  2.08it/s, loss=0.2982]
Epoch 746/1000 | Loss: 0.2402 | Best: 0.1339 | 15.4s | Elapsed: 3.4h | ETA: 66m | LR: 0.000045
Epoch 747/1000: 100%|██████████████| 32/32 [00:15<00:00,  2.08it/s, loss=0.2697]
Epoch 747/1000 | Loss: 0.1944 | Best: 0.1339 | 15.4s | Elapsed: 3.4h | ETA: 66m | LR: 0.000045
Epoch 748/1000: 100%|██████████████| 32/32 [00:15<00:00,  2.09it/s, loss=0.2076]
Epoch 748/1000 | Loss: 0.2091 | Best: 0.1339 | 15.3s | Elapsed: 3.4h | ETA: 65m | LR: 0.000045
Epoch 749/1000: 100%|██████████████| 32/32 [00:15<00:00,  2.10it/s, loss=0.1619]
Epoch 749/1000 | Loss: 0.1969 | Best: 0.1339 | 15.3s | Elapsed: 3.4h | ETA: 65m | LR: 0.000044
Epoch 750/1000: 100%|██████████████| 32/32 [00:15<00:00,  2.10it/s, loss=0.4348]
Epoch 750/1000 | Loss: 0.2043 | Best: 0.1339 | 15.2s | Elapsed: 3.5h | ETA: 65m | LR: 0.000044
RF Euler Sampling: 100%|████████████████████████| 30/30 [00:07<00:00,  3.92it/s]
RF Euler Sampling: 100%|████████████████████████| 30/30 [00:07<00:00,  3.92it/s]
RF Euler Sampling: 100%|████████████████████████| 30/30 [00:07<00:00,  3.92it/s]
Epoch 751/1000: 100%|██████████████| 32/32 [00:15<00:00,  2.06it/s, loss=0.2272]
Epoch 751/1000 | Loss: 0.2155 | Best: 0.1339 | 15.5s | Elapsed: 3.5h | ETA: 65m | LR: 0.000044
Epoch 752/1000: 100%|██████████████| 32/32 [00:15<00:00,  2.02it/s, loss=0.1466]
Epoch 752/1000 | Loss: 0.1934 | Best: 0.1339 | 15.9s | Elapsed: 3.5h | ETA: 64m | LR: 0.000043
Epoch 753/1000: 100%|██████████████| 32/32 [00:15<00:00,  2.08it/s, loss=0.2435]
Epoch 753/1000 | Loss: 0.1808 | Best: 0.1339 | 15.4s | Elapsed: 3.5h | ETA: 64m | LR: 0.000043
Epoch 754/1000: 100%|██████████████| 32/32 [00:15<00:00,  2.12it/s, loss=0.3038]
Epoch 754/1000 | Loss: 0.2322 | Best: 0.1339 | 15.1s | Elapsed: 3.5h | ETA: 64m | LR: 0.000043
Epoch 755/1000: 100%|██████████████| 32/32 [00:15<00:00,  2.12it/s, loss=0.1416]
Epoch 755/1000 | Loss: 0.1751 | Best: 0.1339 | 15.1s | Elapsed: 3.5h | ETA: 64m | LR: 0.000042
Epoch 756/1000: 100%|██████████████| 32/32 [00:15<00:00,  2.08it/s, loss=0.2223]
Epoch 756/1000 | Loss: 0.2175 | Best: 0.1339 | 15.4s | Elapsed: 3.5h | ETA: 63m | LR: 0.000042
Epoch 757/1000: 100%|██████████████| 32/32 [00:15<00:00,  2.06it/s, loss=0.0589]
Epoch 757/1000 | Loss: 0.1937 | Best: 0.1339 | 15.5s | Elapsed: 3.5h | ETA: 63m | LR: 0.000042
Epoch 758/1000: 100%|██████████████| 32/32 [00:15<00:00,  2.08it/s, loss=0.3283]
Epoch 758/1000 | Loss: 0.1944 | Best: 0.1339 | 15.4s | Elapsed: 3.5h | ETA: 63m | LR: 0.000041
Epoch 759/1000: 100%|██████████████| 32/32 [00:15<00:00,  2.09it/s, loss=0.2497]
Epoch 759/1000 | Loss: 0.1658 | Best: 0.1339 | 15.3s | Elapsed: 3.5h | ETA: 62m | LR: 0.000041
Epoch 760/1000: 100%|██████████████| 32/32 [00:15<00:00,  2.09it/s, loss=0.1242]
Epoch 760/1000 | Loss: 0.2230 | Best: 0.1339 | 15.3s | Elapsed: 3.5h | ETA: 62m | LR: 0.000041
  💾 Checkpoint saved (overwrite): epoch 760
Epoch 761/1000: 100%|██████████████| 32/32 [00:15<00:00,  2.10it/s, loss=0.1383]
Epoch 761/1000 | Loss: 0.2086 | Best: 0.1339 | 15.2s | Elapsed: 3.5h | ETA: 62m | LR: 0.000040
Epoch 762/1000: 100%|██████████████| 32/32 [00:15<00:00,  2.10it/s, loss=0.1661]
Epoch 762/1000 | Loss: 0.2057 | Best: 0.1339 | 15.3s | Elapsed: 3.5h | ETA: 62m | LR: 0.000040
Epoch 763/1000: 100%|██████████████| 32/32 [00:15<00:00,  2.09it/s, loss=0.1587]
Epoch 763/1000 | Loss: 0.1656 | Best: 0.1339 | 15.3s | Elapsed: 3.5h | ETA: 61m | LR: 0.000040
Epoch 764/1000: 100%|██████████████| 32/32 [00:15<00:00,  2.09it/s, loss=0.2093]
Epoch 764/1000 | Loss: 0.2119 | Best: 0.1339 | 15.3s | Elapsed: 3.5h | ETA: 61m | LR: 0.000039
Epoch 765/1000: 100%|██████████████| 32/32 [00:15<00:00,  2.08it/s, loss=0.1091]
Epoch 765/1000 | Loss: 0.1520 | Best: 0.1339 | 15.4s | Elapsed: 3.5h | ETA: 61m | LR: 0.000039
Epoch 766/1000: 100%|██████████████| 32/32 [00:15<00:00,  2.07it/s, loss=0.0563]
Epoch 766/1000 | Loss: 0.1846 | Best: 0.1339 | 15.5s | Elapsed: 3.5h | ETA: 61m | LR: 0.000039
Epoch 767/1000: 100%|██████████████| 32/32 [00:15<00:00,  2.07it/s, loss=0.3495]
Epoch 767/1000 | Loss: 0.1734 | Best: 0.1339 | 15.4s | Elapsed: 3.5h | ETA: 60m | LR: 0.000038
Epoch 768/1000: 100%|██████████████| 32/32 [00:15<00:00,  2.08it/s, loss=0.1642]
Epoch 768/1000 | Loss: 0.1825 | Best: 0.1339 | 15.4s | Elapsed: 3.5h | ETA: 60m | LR: 0.000038
Epoch 769/1000: 100%|██████████████| 32/32 [00:15<00:00,  2.07it/s, loss=0.0986]
Epoch 769/1000 | Loss: 0.2039 | Best: 0.1339 | 15.4s | Elapsed: 3.5h | ETA: 60m | LR: 0.000038
Epoch 770/1000: 100%|██████████████| 32/32 [00:15<00:00,  2.08it/s, loss=0.1988]
Epoch 770/1000 | Loss: 0.1843 | Best: 0.1339 | 15.4s | Elapsed: 3.5h | ETA: 60m | LR: 0.000037
Epoch 771/1000: 100%|██████████████| 32/32 [00:15<00:00,  2.07it/s, loss=0.2175]
Epoch 771/1000 | Loss: 0.1543 | Best: 0.1339 | 15.5s | Elapsed: 3.5h | ETA: 59m | LR: 0.000037
Epoch 772/1000: 100%|██████████████| 32/32 [00:15<00:00,  2.07it/s, loss=0.2677]
Epoch 772/1000 | Loss: 0.2298 | Best: 0.1339 | 15.4s | Elapsed: 3.6h | ETA: 59m | LR: 0.000037
Epoch 773/1000: 100%|██████████████| 32/32 [00:15<00:00,  2.07it/s, loss=0.1166]
Epoch 773/1000 | Loss: 0.1985 | Best: 0.1339 | 15.5s | Elapsed: 3.6h | ETA: 59m | LR: 0.000037
Epoch 774/1000: 100%|██████████████| 32/32 [00:15<00:00,  2.07it/s, loss=0.0827]
Epoch 774/1000 | Loss: 0.1665 | Best: 0.1339 | 15.4s | Elapsed: 3.6h | ETA: 59m | LR: 0.000036
Epoch 775/1000: 100%|██████████████| 32/32 [00:15<00:00,  2.08it/s, loss=0.1184]
Epoch 775/1000 | Loss: 0.2129 | Best: 0.1339 | 15.4s | Elapsed: 3.6h | ETA: 58m | LR: 0.000036
RF Euler Sampling: 100%|████████████████████████| 30/30 [00:07<00:00,  3.92it/s]
RF Euler Sampling: 100%|████████████████████████| 30/30 [00:07<00:00,  3.92it/s]
RF Euler Sampling: 100%|████████████████████████| 30/30 [00:07<00:00,  3.92it/s]
Epoch 776/1000: 100%|██████████████| 32/32 [00:15<00:00,  2.05it/s, loss=0.2643]
Epoch 776/1000 | Loss: 0.1863 | Best: 0.1339 | 15.6s | Elapsed: 3.6h | ETA: 58m | LR: 0.000036
Epoch 777/1000: 100%|██████████████| 32/32 [00:15<00:00,  2.03it/s, loss=0.0707]
Epoch 777/1000 | Loss: 0.1948 | Best: 0.1339 | 15.8s | Elapsed: 3.6h | ETA: 58m | LR: 0.000035
Epoch 778/1000: 100%|██████████████| 32/32 [00:15<00:00,  2.08it/s, loss=0.0821]
Epoch 778/1000 | Loss: 0.2072 | Best: 0.1339 | 15.4s | Elapsed: 3.6h | ETA: 58m | LR: 0.000035
Epoch 779/1000: 100%|██████████████| 32/32 [00:15<00:00,  2.12it/s, loss=0.3423]
Epoch 779/1000 | Loss: 0.2101 | Best: 0.1339 | 15.1s | Elapsed: 3.6h | ETA: 57m | LR: 0.000035
Epoch 780/1000: 100%|██████████████| 32/32 [00:15<00:00,  2.11it/s, loss=0.3023]
Epoch 780/1000 | Loss: 0.1833 | Best: 0.1339 | 15.2s | Elapsed: 3.6h | ETA: 57m | LR: 0.000034
  💾 Checkpoint saved (overwrite): epoch 780
Epoch 781/1000: 100%|██████████████| 32/32 [00:15<00:00,  2.08it/s, loss=0.2088]
Epoch 781/1000 | Loss: 0.2073 | Best: 0.1339 | 15.4s | Elapsed: 3.6h | ETA: 57m | LR: 0.000034
Epoch 782/1000: 100%|██████████████| 32/32 [00:15<00:00,  2.07it/s, loss=0.2262]
Epoch 782/1000 | Loss: 0.2393 | Best: 0.1339 | 15.5s | Elapsed: 3.6h | ETA: 56m | LR: 0.000034
Epoch 783/1000: 100%|██████████████| 32/32 [00:15<00:00,  2.09it/s, loss=0.2256]
Epoch 783/1000 | Loss: 0.2086 | Best: 0.1339 | 15.3s | Elapsed: 3.6h | ETA: 56m | LR: 0.000034
Epoch 784/1000: 100%|██████████████| 32/32 [00:15<00:00,  2.11it/s, loss=0.1673]
Epoch 784/1000 | Loss: 0.1834 | Best: 0.1339 | 15.2s | Elapsed: 3.6h | ETA: 56m | LR: 0.000033
Epoch 785/1000: 100%|██████████████| 32/32 [00:15<00:00,  2.11it/s, loss=0.0861]
Epoch 785/1000 | Loss: 0.2030 | Best: 0.1339 | 15.2s | Elapsed: 3.6h | ETA: 56m | LR: 0.000033
Epoch 786/1000: 100%|██████████████| 32/32 [00:15<00:00,  2.09it/s, loss=0.3771]
Epoch 786/1000 | Loss: 0.1607 | Best: 0.1339 | 15.3s | Elapsed: 3.6h | ETA: 55m | LR: 0.000033
Epoch 787/1000: 100%|██████████████| 32/32 [00:15<00:00,  2.08it/s, loss=0.1277]
Epoch 787/1000 | Loss: 0.1828 | Best: 0.1339 | 15.4s | Elapsed: 3.6h | ETA: 55m | LR: 0.000032
Epoch 788/1000: 100%|██████████████| 32/32 [00:15<00:00,  2.07it/s, loss=0.1458]
Epoch 788/1000 | Loss: 0.1732 | Best: 0.1339 | 15.5s | Elapsed: 3.6h | ETA: 55m | LR: 0.000032
Epoch 789/1000: 100%|██████████████| 32/32 [00:15<00:00,  2.07it/s, loss=0.0864]
Epoch 789/1000 | Loss: 0.1739 | Best: 0.1339 | 15.4s | Elapsed: 3.6h | ETA: 55m | LR: 0.000032
Epoch 790/1000: 100%|██████████████| 32/32 [00:15<00:00,  2.08it/s, loss=0.3509]
Epoch 790/1000 | Loss: 0.2168 | Best: 0.1339 | 15.4s | Elapsed: 3.6h | ETA: 54m | LR: 0.000031
Epoch 791/1000: 100%|██████████████| 32/32 [00:15<00:00,  2.09it/s, loss=0.2006]
Epoch 791/1000 | Loss: 0.1939 | Best: 0.1339 | 15.3s | Elapsed: 3.6h | ETA: 54m | LR: 0.000031
Epoch 792/1000: 100%|██████████████| 32/32 [00:15<00:00,  2.10it/s, loss=0.0563]
Epoch 792/1000 | Loss: 0.1937 | Best: 0.1339 | 15.3s | Elapsed: 3.6h | ETA: 54m | LR: 0.000031
Epoch 793/1000: 100%|██████████████| 32/32 [00:15<00:00,  2.10it/s, loss=0.2051]
Epoch 793/1000 | Loss: 0.2125 | Best: 0.1339 | 15.2s | Elapsed: 3.6h | ETA: 54m | LR: 0.000031
Epoch 794/1000: 100%|██████████████| 32/32 [00:15<00:00,  2.10it/s, loss=0.1330]
Epoch 794/1000 | Loss: 0.1819 | Best: 0.1339 | 15.2s | Elapsed: 3.7h | ETA: 53m | LR: 0.000030
Epoch 795/1000: 100%|██████████████| 32/32 [00:15<00:00,  2.10it/s, loss=0.1321]
Epoch 795/1000 | Loss: 0.1729 | Best: 0.1339 | 15.2s | Elapsed: 3.7h | ETA: 53m | LR: 0.000030
Epoch 796/1000: 100%|██████████████| 32/32 [00:15<00:00,  2.09it/s, loss=0.3589]
Epoch 796/1000 | Loss: 0.2060 | Best: 0.1339 | 15.3s | Elapsed: 3.7h | ETA: 53m | LR: 0.000030
Epoch 797/1000: 100%|██████████████| 32/32 [00:15<00:00,  2.08it/s, loss=0.3270]
Epoch 797/1000 | Loss: 0.2443 | Best: 0.1339 | 15.4s | Elapsed: 3.7h | ETA: 53m | LR: 0.000029
Epoch 798/1000: 100%|██████████████| 32/32 [00:15<00:00,  2.06it/s, loss=0.2319]
Epoch 798/1000 | Loss: 0.2169 | Best: 0.1339 | 15.5s | Elapsed: 3.7h | ETA: 52m | LR: 0.000029
Epoch 799/1000: 100%|██████████████| 32/32 [00:15<00:00,  2.08it/s, loss=0.1868]
Epoch 799/1000 | Loss: 0.2033 | Best: 0.1339 | 15.4s | Elapsed: 3.7h | ETA: 52m | LR: 0.000029
Epoch 800/1000: 100%|██████████████| 32/32 [00:15<00:00,  2.10it/s, loss=0.2927]
Epoch 800/1000 | Loss: 0.2190 | Best: 0.1339 | 15.2s | Elapsed: 3.7h | ETA: 52m | LR: 0.000029
  💾 Checkpoint saved (overwrite): epoch 800
RF Euler Sampling: 100%|████████████████████████| 30/30 [00:07<00:00,  3.92it/s]
RF Euler Sampling: 100%|████████████████████████| 30/30 [00:07<00:00,  3.92it/s]
RF Euler Sampling: 100%|████████████████████████| 30/30 [00:07<00:00,  3.92it/s]
Epoch 801/1000: 100%|██████████████| 32/32 [00:15<00:00,  2.05it/s, loss=0.1204]
Epoch 801/1000 | Loss: 0.2239 | Best: 0.1339 | 15.6s | Elapsed: 3.7h | ETA: 52m | LR: 0.000028
Epoch 802/1000: 100%|██████████████| 32/32 [00:15<00:00,  2.02it/s, loss=0.2824]
Epoch 802/1000 | Loss: 0.2007 | Best: 0.1339 | 15.9s | Elapsed: 3.7h | ETA: 51m | LR: 0.000028
Epoch 803/1000: 100%|██████████████| 32/32 [00:15<00:00,  2.08it/s, loss=0.2300]
Epoch 803/1000 | Loss: 0.1832 | Best: 0.1339 | 15.4s | Elapsed: 3.7h | ETA: 51m | LR: 0.000028
Epoch 804/1000: 100%|██████████████| 32/32 [00:15<00:00,  2.12it/s, loss=0.3423]
Epoch 804/1000 | Loss: 0.1836 | Best: 0.1339 | 15.1s | Elapsed: 3.7h | ETA: 51m | LR: 0.000028
Epoch 805/1000: 100%|██████████████| 32/32 [00:15<00:00,  2.11it/s, loss=0.1406]
Epoch 805/1000 | Loss: 0.1744 | Best: 0.1339 | 15.2s | Elapsed: 3.7h | ETA: 51m | LR: 0.000027
Epoch 806/1000: 100%|██████████████| 32/32 [00:15<00:00,  2.08it/s, loss=0.2040]
Epoch 806/1000 | Loss: 0.2153 | Best: 0.1339 | 15.4s | Elapsed: 3.7h | ETA: 50m | LR: 0.000027
Epoch 807/1000: 100%|██████████████| 32/32 [00:15<00:00,  2.06it/s, loss=0.2437]
Epoch 807/1000 | Loss: 0.1969 | Best: 0.1339 | 15.5s | Elapsed: 3.7h | ETA: 50m | LR: 0.000027
Epoch 808/1000: 100%|██████████████| 32/32 [00:15<00:00,  2.07it/s, loss=0.0654]
Epoch 808/1000 | Loss: 0.2081 | Best: 0.1339 | 15.4s | Elapsed: 3.7h | ETA: 50m | LR: 0.000026
Epoch 809/1000: 100%|██████████████| 32/32 [00:15<00:00,  2.09it/s, loss=0.2107]
Epoch 809/1000 | Loss: 0.1910 | Best: 0.1339 | 15.3s | Elapsed: 3.7h | ETA: 49m | LR: 0.000026
Epoch 810/1000: 100%|██████████████| 32/32 [00:15<00:00,  2.09it/s, loss=0.2682]
Epoch 810/1000 | Loss: 0.1954 | Best: 0.1339 | 15.3s | Elapsed: 3.7h | ETA: 49m | LR: 0.000026
Epoch 811/1000: 100%|██████████████| 32/32 [00:15<00:00,  2.10it/s, loss=0.2277]
Epoch 811/1000 | Loss: 0.1787 | Best: 0.1339 | 15.2s | Elapsed: 3.7h | ETA: 49m | LR: 0.000026
Epoch 812/1000: 100%|██████████████| 32/32 [00:15<00:00,  2.11it/s, loss=0.2855]
Epoch 812/1000 | Loss: 0.2025 | Best: 0.1339 | 15.2s | Elapsed: 3.7h | ETA: 49m | LR: 0.000025
Epoch 813/1000: 100%|██████████████| 32/32 [00:15<00:00,  2.10it/s, loss=0.2494]
Epoch 813/1000 | Loss: 0.2030 | Best: 0.1339 | 15.3s | Elapsed: 3.7h | ETA: 48m | LR: 0.000025
Epoch 814/1000: 100%|██████████████| 32/32 [00:15<00:00,  2.08it/s, loss=0.4508]
Epoch 814/1000 | Loss: 0.2362 | Best: 0.1339 | 15.4s | Elapsed: 3.7h | ETA: 48m | LR: 0.000025
Epoch 815/1000: 100%|██████████████| 32/32 [00:15<00:00,  2.08it/s, loss=0.2179]
Epoch 815/1000 | Loss: 0.1897 | Best: 0.1339 | 15.4s | Elapsed: 3.7h | ETA: 48m | LR: 0.000025
Epoch 816/1000: 100%|██████████████| 32/32 [00:15<00:00,  2.08it/s, loss=0.2055]
Epoch 816/1000 | Loss: 0.2258 | Best: 0.1339 | 15.4s | Elapsed: 3.8h | ETA: 48m | LR: 0.000024
Epoch 817/1000: 100%|██████████████| 32/32 [00:15<00:00,  2.08it/s, loss=0.1505]
Epoch 817/1000 | Loss: 0.2090 | Best: 0.1339 | 15.4s | Elapsed: 3.8h | ETA: 47m | LR: 0.000024
Epoch 818/1000: 100%|██████████████| 32/32 [00:15<00:00,  2.08it/s, loss=0.1789]
Epoch 818/1000 | Loss: 0.2265 | Best: 0.1339 | 15.4s | Elapsed: 3.8h | ETA: 47m | LR: 0.000024
Epoch 819/1000: 100%|██████████████| 32/32 [00:15<00:00,  2.07it/s, loss=0.1468]
Epoch 819/1000 | Loss: 0.1824 | Best: 0.1339 | 15.4s | Elapsed: 3.8h | ETA: 47m | LR: 0.000024
Epoch 820/1000: 100%|██████████████| 32/32 [00:15<00:00,  2.08it/s, loss=0.2434]
Epoch 820/1000 | Loss: 0.2063 | Best: 0.1339 | 15.4s | Elapsed: 3.8h | ETA: 47m | LR: 0.000023
  💾 Checkpoint saved (overwrite): epoch 820
Epoch 821/1000: 100%|██████████████| 32/32 [00:15<00:00,  2.08it/s, loss=0.2134]
Epoch 821/1000 | Loss: 0.2223 | Best: 0.1339 | 15.4s | Elapsed: 3.8h | ETA: 46m | LR: 0.000023
Epoch 822/1000: 100%|██████████████| 32/32 [00:15<00:00,  2.08it/s, loss=0.3255]
Epoch 822/1000 | Loss: 0.1890 | Best: 0.1339 | 15.4s | Elapsed: 3.8h | ETA: 46m | LR: 0.000023
Epoch 823/1000: 100%|██████████████| 32/32 [00:15<00:00,  2.07it/s, loss=0.1585]
Epoch 823/1000 | Loss: 0.1857 | Best: 0.1339 | 15.4s | Elapsed: 3.8h | ETA: 46m | LR: 0.000023
Epoch 824/1000: 100%|██████████████| 32/32 [00:15<00:00,  2.08it/s, loss=0.1480]
Epoch 824/1000 | Loss: 0.1963 | Best: 0.1339 | 15.4s | Elapsed: 3.8h | ETA: 46m | LR: 0.000022
Epoch 825/1000: 100%|██████████████| 32/32 [00:15<00:00,  2.08it/s, loss=0.1546]
Epoch 825/1000 | Loss: 0.1920 | Best: 0.1339 | 15.4s | Elapsed: 3.8h | ETA: 45m | LR: 0.000022
RF Euler Sampling: 100%|████████████████████████| 30/30 [00:07<00:00,  3.92it/s]
RF Euler Sampling: 100%|████████████████████████| 30/30 [00:07<00:00,  3.92it/s]
RF Euler Sampling: 100%|████████████████████████| 30/30 [00:07<00:00,  3.93it/s]
Epoch 826/1000: 100%|██████████████| 32/32 [00:15<00:00,  2.06it/s, loss=0.2535]
Epoch 826/1000 | Loss: 0.1920 | Best: 0.1339 | 15.5s | Elapsed: 3.8h | ETA: 45m | LR: 0.000022
Epoch 827/1000: 100%|██████████████| 32/32 [00:15<00:00,  2.03it/s, loss=0.3656]
Epoch 827/1000 | Loss: 0.1910 | Best: 0.1339 | 15.7s | Elapsed: 3.8h | ETA: 45m | LR: 0.000022
Epoch 828/1000: 100%|██████████████| 32/32 [00:15<00:00,  2.07it/s, loss=0.2578]
Epoch 828/1000 | Loss: 0.2238 | Best: 0.1339 | 15.4s | Elapsed: 3.8h | ETA: 45m | LR: 0.000021
Epoch 829/1000: 100%|██████████████| 32/32 [00:15<00:00,  2.10it/s, loss=0.1680]
Epoch 829/1000 | Loss: 0.1961 | Best: 0.1339 | 15.2s | Elapsed: 3.8h | ETA: 44m | LR: 0.000021
Epoch 830/1000: 100%|██████████████| 32/32 [00:15<00:00,  2.11it/s, loss=0.2358]
Epoch 830/1000 | Loss: 0.2112 | Best: 0.1339 | 15.2s | Elapsed: 3.8h | ETA: 44m | LR: 0.000021
Epoch 831/1000: 100%|██████████████| 32/32 [00:15<00:00,  2.09it/s, loss=0.1029]
Epoch 831/1000 | Loss: 0.1598 | Best: 0.1339 | 15.3s | Elapsed: 3.8h | ETA: 44m | LR: 0.000021
Epoch 832/1000: 100%|██████████████| 32/32 [00:15<00:00,  2.08it/s, loss=0.1747]
Epoch 832/1000 | Loss: 0.1718 | Best: 0.1339 | 15.4s | Elapsed: 3.8h | ETA: 44m | LR: 0.000020
Epoch 833/1000: 100%|██████████████| 32/32 [00:15<00:00,  2.07it/s, loss=0.2276]
Epoch 833/1000 | Loss: 0.1959 | Best: 0.1339 | 15.4s | Elapsed: 3.8h | ETA: 43m | LR: 0.000020
Epoch 834/1000: 100%|██████████████| 32/32 [00:15<00:00,  2.08it/s, loss=0.1429]
Epoch 834/1000 | Loss: 0.1595 | Best: 0.1339 | 15.4s | Elapsed: 3.8h | ETA: 43m | LR: 0.000020
Epoch 835/1000: 100%|██████████████| 32/32 [00:15<00:00,  2.10it/s, loss=0.2752]
Epoch 835/1000 | Loss: 0.2069 | Best: 0.1339 | 15.3s | Elapsed: 3.8h | ETA: 43m | LR: 0.000020
Epoch 836/1000: 100%|██████████████| 32/32 [00:15<00:00,  2.11it/s, loss=0.1666]
Epoch 836/1000 | Loss: 0.2167 | Best: 0.1339 | 15.2s | Elapsed: 3.8h | ETA: 42m | LR: 0.000019
Epoch 837/1000: 100%|██████████████| 32/32 [00:15<00:00,  2.10it/s, loss=0.2362]
Epoch 837/1000 | Loss: 0.2300 | Best: 0.1339 | 15.2s | Elapsed: 3.8h | ETA: 42m | LR: 0.000019
Epoch 838/1000: 100%|██████████████| 32/32 [00:15<00:00,  2.11it/s, loss=0.1730]
Epoch 838/1000 | Loss: 0.2074 | Best: 0.1339 | 15.2s | Elapsed: 3.9h | ETA: 42m | LR: 0.000019
Epoch 839/1000: 100%|██████████████| 32/32 [00:15<00:00,  2.09it/s, loss=0.2155]
Epoch 839/1000 | Loss: 0.2173 | Best: 0.1339 | 15.3s | Elapsed: 3.9h | ETA: 42m | LR: 0.000019
Epoch 840/1000: 100%|██████████████| 32/32 [00:15<00:00,  2.08it/s, loss=0.1671]
Epoch 840/1000 | Loss: 0.2444 | Best: 0.1339 | 15.4s | Elapsed: 3.9h | ETA: 41m | LR: 0.000019
  💾 Checkpoint saved (overwrite): epoch 840
Epoch 841/1000: 100%|██████████████| 32/32 [00:15<00:00,  2.08it/s, loss=0.3045]
Epoch 841/1000 | Loss: 0.2373 | Best: 0.1339 | 15.4s | Elapsed: 3.9h | ETA: 41m | LR: 0.000018
Epoch 842/1000: 100%|██████████████| 32/32 [00:15<00:00,  2.07it/s, loss=0.2271]
Epoch 842/1000 | Loss: 0.1535 | Best: 0.1339 | 15.5s | Elapsed: 3.9h | ETA: 41m | LR: 0.000018
Epoch 843/1000: 100%|██████████████| 32/32 [00:15<00:00,  2.07it/s, loss=0.2709]
Epoch 843/1000 | Loss: 0.1692 | Best: 0.1339 | 15.5s | Elapsed: 3.9h | ETA: 41m | LR: 0.000018
Epoch 844/1000: 100%|██████████████| 32/32 [00:15<00:00,  2.08it/s, loss=0.1275]
Epoch 844/1000 | Loss: 0.2136 | Best: 0.1339 | 15.4s | Elapsed: 3.9h | ETA: 40m | LR: 0.000018
Epoch 845/1000: 100%|██████████████| 32/32 [00:15<00:00,  2.09it/s, loss=0.1181]
Epoch 845/1000 | Loss: 0.1828 | Best: 0.1339 | 15.3s | Elapsed: 3.9h | ETA: 40m | LR: 0.000017
Epoch 846/1000: 100%|██████████████| 32/32 [00:15<00:00,  2.08it/s, loss=0.0558]
Epoch 846/1000 | Loss: 0.1978 | Best: 0.1339 | 15.4s | Elapsed: 3.9h | ETA: 40m | LR: 0.000017
Epoch 847/1000: 100%|██████████████| 32/32 [00:15<00:00,  2.09it/s, loss=0.3151]
Epoch 847/1000 | Loss: 0.2191 | Best: 0.1339 | 15.3s | Elapsed: 3.9h | ETA: 40m | LR: 0.000017
Epoch 848/1000: 100%|██████████████| 32/32 [00:15<00:00,  2.10it/s, loss=0.0531]
Epoch 848/1000 | Loss: 0.1743 | Best: 0.1339 | 15.2s | Elapsed: 3.9h | ETA: 39m | LR: 0.000017
Epoch 849/1000: 100%|██████████████| 32/32 [00:15<00:00,  2.09it/s, loss=0.3017]
Epoch 849/1000 | Loss: 0.2187 | Best: 0.1339 | 15.3s | Elapsed: 3.9h | ETA: 39m | LR: 0.000017
Epoch 850/1000: 100%|██████████████| 32/32 [00:15<00:00,  2.09it/s, loss=0.0829]
Epoch 850/1000 | Loss: 0.1736 | Best: 0.1339 | 15.3s | Elapsed: 3.9h | ETA: 39m | LR: 0.000016
RF Euler Sampling: 100%|████████████████████████| 30/30 [00:07<00:00,  3.92it/s]
RF Euler Sampling: 100%|████████████████████████| 30/30 [00:07<00:00,  3.93it/s]
RF Euler Sampling: 100%|████████████████████████| 30/30 [00:07<00:00,  3.92it/s]
Epoch 851/1000: 100%|██████████████| 32/32 [00:15<00:00,  2.05it/s, loss=0.2950]
Epoch 851/1000 | Loss: 0.2267 | Best: 0.1339 | 15.6s | Elapsed: 3.9h | ETA: 39m | LR: 0.000016
Epoch 852/1000: 100%|██████████████| 32/32 [00:15<00:00,  2.03it/s, loss=0.0758]
Epoch 852/1000 | Loss: 0.1890 | Best: 0.1339 | 15.7s | Elapsed: 3.9h | ETA: 38m | LR: 0.000016
Epoch 853/1000: 100%|██████████████| 32/32 [00:15<00:00,  2.08it/s, loss=0.2817]
Epoch 853/1000 | Loss: 0.1875 | Best: 0.1339 | 15.4s | Elapsed: 3.9h | ETA: 38m | LR: 0.000016
Epoch 854/1000: 100%|██████████████| 32/32 [00:15<00:00,  2.11it/s, loss=0.1675]
Epoch 854/1000 | Loss: 0.1835 | Best: 0.1339 | 15.2s | Elapsed: 3.9h | ETA: 38m | LR: 0.000016
Epoch 855/1000: 100%|██████████████| 32/32 [00:15<00:00,  2.11it/s, loss=0.1736]
Epoch 855/1000 | Loss: 0.2040 | Best: 0.1339 | 15.2s | Elapsed: 3.9h | ETA: 38m | LR: 0.000015
Epoch 856/1000: 100%|██████████████| 32/32 [00:15<00:00,  2.08it/s, loss=0.1798]
Epoch 856/1000 | Loss: 0.2057 | Best: 0.1339 | 15.4s | Elapsed: 3.9h | ETA: 37m | LR: 0.000015
Epoch 857/1000: 100%|██████████████| 32/32 [00:15<00:00,  2.07it/s, loss=0.0689]
Epoch 857/1000 | Loss: 0.2104 | Best: 0.1339 | 15.5s | Elapsed: 3.9h | ETA: 37m | LR: 0.000015
Epoch 858/1000: 100%|██████████████| 32/32 [00:15<00:00,  2.08it/s, loss=0.1172]
Epoch 858/1000 | Loss: 0.2070 | Best: 0.1339 | 15.4s | Elapsed: 3.9h | ETA: 37m | LR: 0.000015
Epoch 859/1000: 100%|██████████████| 32/32 [00:15<00:00,  2.08it/s, loss=0.2114]
Epoch 859/1000 | Loss: 0.1884 | Best: 0.1339 | 15.4s | Elapsed: 3.9h | ETA: 36m | LR: 0.000014
Epoch 860/1000: 100%|██████████████| 32/32 [00:15<00:00,  2.09it/s, loss=0.0789]
Epoch 860/1000 | Loss: 0.1631 | Best: 0.1339 | 15.3s | Elapsed: 4.0h | ETA: 36m | LR: 0.000014
  💾 Checkpoint saved (overwrite): epoch 860
Epoch 861/1000: 100%|██████████████| 32/32 [00:15<00:00,  2.10it/s, loss=0.2051]
Epoch 861/1000 | Loss: 0.2235 | Best: 0.1339 | 15.2s | Elapsed: 4.0h | ETA: 36m | LR: 0.000014
Epoch 862/1000: 100%|██████████████| 32/32 [00:15<00:00,  2.10it/s, loss=0.2072]
Epoch 862/1000 | Loss: 0.2222 | Best: 0.1339 | 15.2s | Elapsed: 4.0h | ETA: 36m | LR: 0.000014
Epoch 863/1000: 100%|██████████████| 32/32 [00:15<00:00,  2.10it/s, loss=0.2417]
Epoch 863/1000 | Loss: 0.1908 | Best: 0.1339 | 15.2s | Elapsed: 4.0h | ETA: 35m | LR: 0.000014
Epoch 864/1000: 100%|██████████████| 32/32 [00:15<00:00,  2.10it/s, loss=0.3429]
Epoch 864/1000 | Loss: 0.1776 | Best: 0.1339 | 15.3s | Elapsed: 4.0h | ETA: 35m | LR: 0.000013
Epoch 865/1000: 100%|██████████████| 32/32 [00:15<00:00,  2.09it/s, loss=0.0493]
Epoch 865/1000 | Loss: 0.1920 | Best: 0.1339 | 15.3s | Elapsed: 4.0h | ETA: 35m | LR: 0.000013
Epoch 866/1000: 100%|██████████████| 32/32 [00:15<00:00,  2.09it/s, loss=0.1075]
Epoch 866/1000 | Loss: 0.2103 | Best: 0.1339 | 15.3s | Elapsed: 4.0h | ETA: 35m | LR: 0.000013
Epoch 867/1000: 100%|██████████████| 32/32 [00:15<00:00,  2.09it/s, loss=0.2304]
Epoch 867/1000 | Loss: 0.1747 | Best: 0.1339 | 15.3s | Elapsed: 4.0h | ETA: 34m | LR: 0.000013
Epoch 868/1000: 100%|██████████████| 32/32 [00:15<00:00,  2.09it/s, loss=0.1197]
Epoch 868/1000 | Loss: 0.1791 | Best: 0.1339 | 15.3s | Elapsed: 4.0h | ETA: 34m | LR: 0.000013
Epoch 869/1000: 100%|██████████████| 32/32 [00:15<00:00,  2.09it/s, loss=0.1481]
Epoch 869/1000 | Loss: 0.1880 | Best: 0.1339 | 15.3s | Elapsed: 4.0h | ETA: 34m | LR: 0.000013
Epoch 870/1000: 100%|██████████████| 32/32 [00:15<00:00,  2.08it/s, loss=0.1027]
Epoch 870/1000 | Loss: 0.1600 | Best: 0.1339 | 15.4s | Elapsed: 4.0h | ETA: 34m | LR: 0.000012
Epoch 871/1000: 100%|██████████████| 32/32 [00:15<00:00,  2.08it/s, loss=0.2583]
Epoch 871/1000 | Loss: 0.2029 | Best: 0.1339 | 15.4s | Elapsed: 4.0h | ETA: 33m | LR: 0.000012
Epoch 872/1000: 100%|██████████████| 32/32 [00:15<00:00,  2.08it/s, loss=0.0729]
Epoch 872/1000 | Loss: 0.1934 | Best: 0.1339 | 15.4s | Elapsed: 4.0h | ETA: 33m | LR: 0.000012
Epoch 873/1000: 100%|██████████████| 32/32 [00:15<00:00,  2.07it/s, loss=0.2142]
Epoch 873/1000 | Loss: 0.1964 | Best: 0.1339 | 15.5s | Elapsed: 4.0h | ETA: 33m | LR: 0.000012
Epoch 874/1000: 100%|██████████████| 32/32 [00:15<00:00,  2.08it/s, loss=0.1813]
Epoch 874/1000 | Loss: 0.1826 | Best: 0.1339 | 15.4s | Elapsed: 4.0h | ETA: 33m | LR: 0.000012
Epoch 875/1000: 100%|██████████████| 32/32 [00:15<00:00,  2.09it/s, loss=0.0755]
Epoch 875/1000 | Loss: 0.2028 | Best: 0.1339 | 15.3s | Elapsed: 4.0h | ETA: 32m | LR: 0.000011
RF Euler Sampling: 100%|████████████████████████| 30/30 [00:07<00:00,  3.92it/s]
RF Euler Sampling: 100%|████████████████████████| 30/30 [00:07<00:00,  3.93it/s]
RF Euler Sampling: 100%|████████████████████████| 30/30 [00:07<00:00,  3.93it/s]
Epoch 876/1000: 100%|██████████████| 32/32 [00:15<00:00,  2.06it/s, loss=0.2385]
Epoch 876/1000 | Loss: 0.1748 | Best: 0.1339 | 15.5s | Elapsed: 4.0h | ETA: 32m | LR: 0.000011
Epoch 877/1000: 100%|██████████████| 32/32 [00:15<00:00,  2.03it/s, loss=0.3742]
Epoch 877/1000 | Loss: 0.1631 | Best: 0.1339 | 15.7s | Elapsed: 4.0h | ETA: 32m | LR: 0.000011
Epoch 878/1000: 100%|██████████████| 32/32 [00:15<00:00,  2.08it/s, loss=0.0633]
Epoch 878/1000 | Loss: 0.1992 | Best: 0.1339 | 15.4s | Elapsed: 4.0h | ETA: 32m | LR: 0.000011
Epoch 879/1000: 100%|██████████████| 32/32 [00:15<00:00,  2.10it/s, loss=0.1680]
Epoch 879/1000 | Loss: 0.1999 | Best: 0.1339 | 15.2s | Elapsed: 4.0h | ETA: 31m | LR: 0.000011
Epoch 880/1000: 100%|██████████████| 32/32 [00:15<00:00,  2.10it/s, loss=0.2234]
Epoch 880/1000 | Loss: 0.2098 | Best: 0.1339 | 15.2s | Elapsed: 4.0h | ETA: 31m | LR: 0.000011
  💾 Checkpoint saved (overwrite): epoch 880
Epoch 881/1000: 100%|██████████████| 32/32 [00:15<00:00,  2.09it/s, loss=0.1925]
Epoch 881/1000 | Loss: 0.1691 | Best: 0.1339 | 15.4s | Elapsed: 4.1h | ETA: 31m | LR: 0.000010
Epoch 882/1000: 100%|██████████████| 32/32 [00:15<00:00,  2.08it/s, loss=0.0489]
Epoch 882/1000 | Loss: 0.1825 | Best: 0.1339 | 15.4s | Elapsed: 4.1h | ETA: 31m | LR: 0.000010
Epoch 883/1000: 100%|██████████████| 32/32 [00:15<00:00,  2.08it/s, loss=0.1414]
Epoch 883/1000 | Loss: 0.1768 | Best: 0.1339 | 15.4s | Elapsed: 4.1h | ETA: 30m | LR: 0.000010
Epoch 884/1000: 100%|██████████████| 32/32 [00:15<00:00,  2.08it/s, loss=0.1702]
Epoch 884/1000 | Loss: 0.1817 | Best: 0.1339 | 15.4s | Elapsed: 4.1h | ETA: 30m | LR: 0.000010
Epoch 885/1000: 100%|██████████████| 32/32 [00:15<00:00,  2.08it/s, loss=0.2807]
Epoch 885/1000 | Loss: 0.1817 | Best: 0.1339 | 15.4s | Elapsed: 4.1h | ETA: 30m | LR: 0.000010
Epoch 886/1000: 100%|██████████████| 32/32 [00:15<00:00,  2.07it/s, loss=0.0927]
Epoch 886/1000 | Loss: 0.1909 | Best: 0.1339 | 15.5s | Elapsed: 4.1h | ETA: 29m | LR: 0.000010
Epoch 887/1000: 100%|██████████████| 32/32 [00:15<00:00,  2.08it/s, loss=0.1542]
Epoch 887/1000 | Loss: 0.1708 | Best: 0.1339 | 15.4s | Elapsed: 4.1h | ETA: 29m | LR: 0.000009
Epoch 888/1000: 100%|██████████████| 32/32 [00:15<00:00,  2.07it/s, loss=0.2066]
Epoch 888/1000 | Loss: 0.1807 | Best: 0.1339 | 15.5s | Elapsed: 4.1h | ETA: 29m | LR: 0.000009
Epoch 889/1000: 100%|██████████████| 32/32 [00:15<00:00,  2.07it/s, loss=0.0478]
Epoch 889/1000 | Loss: 0.2248 | Best: 0.1339 | 15.5s | Elapsed: 4.1h | ETA: 29m | LR: 0.000009
Epoch 890/1000: 100%|██████████████| 32/32 [00:15<00:00,  2.08it/s, loss=0.1237]
Epoch 890/1000 | Loss: 0.2039 | Best: 0.1339 | 15.4s | Elapsed: 4.1h | ETA: 28m | LR: 0.000009
Epoch 891/1000: 100%|██████████████| 32/32 [00:15<00:00,  2.08it/s, loss=0.1114]
Epoch 891/1000 | Loss: 0.2101 | Best: 0.1339 | 15.4s | Elapsed: 4.1h | ETA: 28m | LR: 0.000009
Epoch 892/1000: 100%|██████████████| 32/32 [00:15<00:00,  2.08it/s, loss=0.1411]
Epoch 892/1000 | Loss: 0.2043 | Best: 0.1339 | 15.4s | Elapsed: 4.1h | ETA: 28m | LR: 0.000009
Epoch 893/1000: 100%|██████████████| 32/32 [00:15<00:00,  2.09it/s, loss=0.3143]
Epoch 893/1000 | Loss: 0.2015 | Best: 0.1339 | 15.3s | Elapsed: 4.1h | ETA: 28m | LR: 0.000008
Epoch 894/1000: 100%|██████████████| 32/32 [00:15<00:00,  2.09it/s, loss=0.0650]
Epoch 894/1000 | Loss: 0.1633 | Best: 0.1339 | 15.3s | Elapsed: 4.1h | ETA: 27m | LR: 0.000008
Epoch 895/1000: 100%|██████████████| 32/32 [00:15<00:00,  2.09it/s, loss=0.3424]
Epoch 895/1000 | Loss: 0.1981 | Best: 0.1339 | 15.3s | Elapsed: 4.1h | ETA: 27m | LR: 0.000008
Epoch 896/1000: 100%|██████████████| 32/32 [00:15<00:00,  2.09it/s, loss=0.2917]
Epoch 896/1000 | Loss: 0.1882 | Best: 0.1339 | 15.3s | Elapsed: 4.1h | ETA: 27m | LR: 0.000008
Epoch 897/1000: 100%|██████████████| 32/32 [00:15<00:00,  2.08it/s, loss=0.0871]
Epoch 897/1000 | Loss: 0.2098 | Best: 0.1339 | 15.4s | Elapsed: 4.1h | ETA: 27m | LR: 0.000008
Epoch 898/1000: 100%|██████████████| 32/32 [00:15<00:00,  2.08it/s, loss=0.0913]
Epoch 898/1000 | Loss: 0.1994 | Best: 0.1339 | 15.4s | Elapsed: 4.1h | ETA: 26m | LR: 0.000008
Epoch 899/1000: 100%|██████████████| 32/32 [00:15<00:00,  2.07it/s, loss=0.0431]
Epoch 899/1000 | Loss: 0.1564 | Best: 0.1339 | 15.5s | Elapsed: 4.1h | ETA: 26m | LR: 0.000007
Epoch 900/1000: 100%|██████████████| 32/32 [00:15<00:00,  2.07it/s, loss=0.0860]
Epoch 900/1000 | Loss: 0.1719 | Best: 0.1339 | 15.5s | Elapsed: 4.1h | ETA: 26m | LR: 0.000007
  💾 Checkpoint saved (overwrite): epoch 900
RF Euler Sampling: 100%|████████████████████████| 30/30 [00:07<00:00,  3.93it/s]
RF Euler Sampling: 100%|████████████████████████| 30/30 [00:07<00:00,  3.92it/s]
RF Euler Sampling: 100%|████████████████████████| 30/30 [00:07<00:00,  3.93it/s]
Epoch 901/1000: 100%|██████████████| 32/32 [00:15<00:00,  2.06it/s, loss=0.1782]
Epoch 901/1000 | Loss: 0.1873 | Best: 0.1339 | 15.5s | Elapsed: 4.1h | ETA: 26m | LR: 0.000007
Epoch 902/1000: 100%|██████████████| 32/32 [00:15<00:00,  2.03it/s, loss=0.1236]
Epoch 902/1000 | Loss: 0.2118 | Best: 0.1339 | 15.8s | Elapsed: 4.1h | ETA: 25m | LR: 0.000007
Epoch 903/1000: 100%|██████████████| 32/32 [00:15<00:00,  2.06it/s, loss=0.1690]
Epoch 903/1000 | Loss: 0.1771 | Best: 0.1339 | 15.5s | Elapsed: 4.2h | ETA: 25m | LR: 0.000007
Epoch 904/1000: 100%|██████████████| 32/32 [00:15<00:00,  2.10it/s, loss=0.3580]
Epoch 904/1000 | Loss: 0.1720 | Best: 0.1339 | 15.2s | Elapsed: 4.2h | ETA: 25m | LR: 0.000007
Epoch 905/1000: 100%|██████████████| 32/32 [00:15<00:00,  2.11it/s, loss=0.1148]
Epoch 905/1000 | Loss: 0.1979 | Best: 0.1339 | 15.2s | Elapsed: 4.2h | ETA: 25m | LR: 0.000007
Epoch 906/1000: 100%|██████████████| 32/32 [00:15<00:00,  2.08it/s, loss=0.2130]
Epoch 906/1000 | Loss: 0.1842 | Best: 0.1339 | 15.4s | Elapsed: 4.2h | ETA: 24m | LR: 0.000006
Epoch 907/1000: 100%|██████████████| 32/32 [00:15<00:00,  2.06it/s, loss=0.3386]
Epoch 907/1000 | Loss: 0.2307 | Best: 0.1339 | 15.5s | Elapsed: 4.2h | ETA: 24m | LR: 0.000006
Epoch 908/1000: 100%|██████████████| 32/32 [00:15<00:00,  2.08it/s, loss=0.2267]
Epoch 908/1000 | Loss: 0.1942 | Best: 0.1339 | 15.4s | Elapsed: 4.2h | ETA: 24m | LR: 0.000006
Epoch 909/1000: 100%|██████████████| 32/32 [00:15<00:00,  2.09it/s, loss=0.1521]
Epoch 909/1000 | Loss: 0.2279 | Best: 0.1339 | 15.3s | Elapsed: 4.2h | ETA: 24m | LR: 0.000006
Epoch 910/1000: 100%|██████████████| 32/32 [00:15<00:00,  2.10it/s, loss=0.3574]
Epoch 910/1000 | Loss: 0.2305 | Best: 0.1339 | 15.3s | Elapsed: 4.2h | ETA: 23m | LR: 0.000006
Epoch 911/1000: 100%|██████████████| 32/32 [00:15<00:00,  2.10it/s, loss=0.2986]
Epoch 911/1000 | Loss: 0.2062 | Best: 0.1339 | 15.2s | Elapsed: 4.2h | ETA: 23m | LR: 0.000006
Epoch 912/1000: 100%|██████████████| 32/32 [00:15<00:00,  2.09it/s, loss=0.0654]
Epoch 912/1000 | Loss: 0.1709 | Best: 0.1339 | 15.3s | Elapsed: 4.2h | ETA: 23m | LR: 0.000006
Epoch 913/1000: 100%|██████████████| 32/32 [00:15<00:00,  2.10it/s, loss=0.1211]
Epoch 913/1000 | Loss: 0.2274 | Best: 0.1339 | 15.2s | Elapsed: 4.2h | ETA: 23m | LR: 0.000006
Epoch 914/1000: 100%|██████████████| 32/32 [00:15<00:00,  2.09it/s, loss=0.1763]
Epoch 914/1000 | Loss: 0.1902 | Best: 0.1339 | 15.3s | Elapsed: 4.2h | ETA: 22m | LR: 0.000005
Epoch 915/1000: 100%|██████████████| 32/32 [00:15<00:00,  2.09it/s, loss=0.1569]
Epoch 915/1000 | Loss: 0.2386 | Best: 0.1339 | 15.3s | Elapsed: 4.2h | ETA: 22m | LR: 0.000005
Epoch 916/1000: 100%|██████████████| 32/32 [00:15<00:00,  2.08it/s, loss=0.2194]
Epoch 916/1000 | Loss: 0.2148 | Best: 0.1339 | 15.4s | Elapsed: 4.2h | ETA: 22m | LR: 0.000005
Epoch 917/1000: 100%|██████████████| 32/32 [00:15<00:00,  2.07it/s, loss=0.2676]
Epoch 917/1000 | Loss: 0.2238 | Best: 0.1339 | 15.4s | Elapsed: 4.2h | ETA: 21m | LR: 0.000005
Epoch 918/1000: 100%|██████████████| 32/32 [00:15<00:00,  2.07it/s, loss=0.0842]
Epoch 918/1000 | Loss: 0.1818 | Best: 0.1339 | 15.5s | Elapsed: 4.2h | ETA: 21m | LR: 0.000005
Epoch 919/1000: 100%|██████████████| 32/32 [00:15<00:00,  2.07it/s, loss=0.2502]
Epoch 919/1000 | Loss: 0.1941 | Best: 0.1339 | 15.5s | Elapsed: 4.2h | ETA: 21m | LR: 0.000005
Epoch 920/1000: 100%|██████████████| 32/32 [00:15<00:00,  2.07it/s, loss=0.1574]
Epoch 920/1000 | Loss: 0.1787 | Best: 0.1339 | 15.4s | Elapsed: 4.2h | ETA: 21m | LR: 0.000005
  💾 Checkpoint saved (overwrite): epoch 920
Epoch 921/1000: 100%|██████████████| 32/32 [00:15<00:00,  2.09it/s, loss=0.2557]
Epoch 921/1000 | Loss: 0.1935 | Best: 0.1339 | 15.3s | Elapsed: 4.2h | ETA: 20m | LR: 0.000005
Epoch 922/1000: 100%|██████████████| 32/32 [00:15<00:00,  2.09it/s, loss=0.1394]
Epoch 922/1000 | Loss: 0.1737 | Best: 0.1339 | 15.3s | Elapsed: 4.2h | ETA: 20m | LR: 0.000004
Epoch 923/1000: 100%|██████████████| 32/32 [00:15<00:00,  2.09it/s, loss=0.1055]
Epoch 923/1000 | Loss: 0.1546 | Best: 0.1339 | 15.3s | Elapsed: 4.2h | ETA: 20m | LR: 0.000004
Epoch 924/1000: 100%|██████████████| 32/32 [00:15<00:00,  2.08it/s, loss=0.1967]
Epoch 924/1000 | Loss: 0.2086 | Best: 0.1339 | 15.4s | Elapsed: 4.2h | ETA: 20m | LR: 0.000004
Epoch 925/1000: 100%|██████████████| 32/32 [00:15<00:00,  2.07it/s, loss=0.2801]
Epoch 925/1000 | Loss: 0.1532 | Best: 0.1339 | 15.4s | Elapsed: 4.2h | ETA: 19m | LR: 0.000004
RF Euler Sampling: 100%|████████████████████████| 30/30 [00:07<00:00,  3.92it/s]
RF Euler Sampling: 100%|████████████████████████| 30/30 [00:07<00:00,  3.92it/s]
RF Euler Sampling: 100%|████████████████████████| 30/30 [00:07<00:00,  3.92it/s]
Epoch 926/1000: 100%|██████████████| 32/32 [00:15<00:00,  2.06it/s, loss=0.2252]
Epoch 926/1000 | Loss: 0.2358 | Best: 0.1339 | 15.6s | Elapsed: 4.3h | ETA: 19m | LR: 0.000004
Epoch 927/1000: 100%|██████████████| 32/32 [00:15<00:00,  2.04it/s, loss=0.2285]
Epoch 927/1000 | Loss: 0.1628 | Best: 0.1339 | 15.7s | Elapsed: 4.3h | ETA: 19m | LR: 0.000004
Epoch 928/1000: 100%|██████████████| 32/32 [00:15<00:00,  2.07it/s, loss=0.1946]
Epoch 928/1000 | Loss: 0.1809 | Best: 0.1339 | 15.5s | Elapsed: 4.3h | ETA: 19m | LR: 0.000004
Epoch 929/1000: 100%|██████████████| 32/32 [00:15<00:00,  2.11it/s, loss=0.1107]
Epoch 929/1000 | Loss: 0.1765 | Best: 0.1339 | 15.1s | Elapsed: 4.3h | ETA: 18m | LR: 0.000004
Epoch 930/1000: 100%|██████████████| 32/32 [00:15<00:00,  2.10it/s, loss=0.1966]
Epoch 930/1000 | Loss: 0.2293 | Best: 0.1339 | 15.2s | Elapsed: 4.3h | ETA: 18m | LR: 0.000004
Epoch 931/1000: 100%|██████████████| 32/32 [00:15<00:00,  2.08it/s, loss=0.3417]
Epoch 931/1000 | Loss: 0.1949 | Best: 0.1339 | 15.4s | Elapsed: 4.3h | ETA: 18m | LR: 0.000004
Epoch 932/1000: 100%|██████████████| 32/32 [00:15<00:00,  2.06it/s, loss=0.3245]
Epoch 932/1000 | Loss: 0.2068 | Best: 0.1339 | 15.5s | Elapsed: 4.3h | ETA: 18m | LR: 0.000003
Epoch 933/1000: 100%|██████████████| 32/32 [00:15<00:00,  2.08it/s, loss=0.1252]
Epoch 933/1000 | Loss: 0.1531 | Best: 0.1339 | 15.4s | Elapsed: 4.3h | ETA: 17m | LR: 0.000003
Epoch 934/1000: 100%|██████████████| 32/32 [00:15<00:00,  2.09it/s, loss=0.1582]
Epoch 934/1000 | Loss: 0.2266 | Best: 0.1339 | 15.3s | Elapsed: 4.3h | ETA: 17m | LR: 0.000003
Epoch 935/1000: 100%|██████████████| 32/32 [00:15<00:00,  2.10it/s, loss=0.2380]
Epoch 935/1000 | Loss: 0.1902 | Best: 0.1339 | 15.2s | Elapsed: 4.3h | ETA: 17m | LR: 0.000003
Epoch 936/1000: 100%|██████████████| 32/32 [00:15<00:00,  2.11it/s, loss=0.2255]
Epoch 936/1000 | Loss: 0.1744 | Best: 0.1339 | 15.2s | Elapsed: 4.3h | ETA: 17m | LR: 0.000003
Epoch 937/1000: 100%|██████████████| 32/32 [00:15<00:00,  2.10it/s, loss=0.2190]
Epoch 937/1000 | Loss: 0.2063 | Best: 0.1339 | 15.2s | Elapsed: 4.3h | ETA: 16m | LR: 0.000003
Epoch 938/1000: 100%|██████████████| 32/32 [00:15<00:00,  2.09it/s, loss=0.0910]
Epoch 938/1000 | Loss: 0.2018 | Best: 0.1339 | 15.3s | Elapsed: 4.3h | ETA: 16m | LR: 0.000003
Epoch 939/1000: 100%|██████████████| 32/32 [00:15<00:00,  2.10it/s, loss=0.0872]
Epoch 939/1000 | Loss: 0.1629 | Best: 0.1339 | 15.3s | Elapsed: 4.3h | ETA: 16m | LR: 0.000003
Epoch 940/1000: 100%|██████████████| 32/32 [00:15<00:00,  2.08it/s, loss=0.2481]
Epoch 940/1000 | Loss: 0.2025 | Best: 0.1339 | 15.4s | Elapsed: 4.3h | ETA: 16m | LR: 0.000003
  💾 Checkpoint saved (overwrite): epoch 940
Epoch 941/1000: 100%|██████████████| 32/32 [00:15<00:00,  2.09it/s, loss=0.0992]
Epoch 941/1000 | Loss: 0.2121 | Best: 0.1339 | 15.3s | Elapsed: 4.3h | ETA: 15m | LR: 0.000003
Epoch 942/1000: 100%|██████████████| 32/32 [00:15<00:00,  2.08it/s, loss=0.3855]
Epoch 942/1000 | Loss: 0.2251 | Best: 0.1339 | 15.4s | Elapsed: 4.3h | ETA: 15m | LR: 0.000002
Epoch 943/1000: 100%|██████████████| 32/32 [00:15<00:00,  2.08it/s, loss=0.1904]
Epoch 943/1000 | Loss: 0.2034 | Best: 0.1339 | 15.4s | Elapsed: 4.3h | ETA: 15m | LR: 0.000002
Epoch 944/1000: 100%|██████████████| 32/32 [00:15<00:00,  2.07it/s, loss=0.2599]
Epoch 944/1000 | Loss: 0.2022 | Best: 0.1339 | 15.4s | Elapsed: 4.3h | ETA: 14m | LR: 0.000002
Epoch 945/1000: 100%|██████████████| 32/32 [00:15<00:00,  2.08it/s, loss=0.1529]
Epoch 945/1000 | Loss: 0.1792 | Best: 0.1339 | 15.4s | Elapsed: 4.3h | ETA: 14m | LR: 0.000002
Epoch 946/1000: 100%|██████████████| 32/32 [00:15<00:00,  2.08it/s, loss=0.0812]
Epoch 946/1000 | Loss: 0.1680 | Best: 0.1339 | 15.4s | Elapsed: 4.3h | ETA: 14m | LR: 0.000002
Epoch 947/1000: 100%|██████████████| 32/32 [00:15<00:00,  2.08it/s, loss=0.2779]
Epoch 947/1000 | Loss: 0.2083 | Best: 0.1339 | 15.4s | Elapsed: 4.3h | ETA: 14m | LR: 0.000002
Epoch 948/1000: 100%|██████████████| 32/32 [00:15<00:00,  2.08it/s, loss=0.2093]
Epoch 948/1000 | Loss: 0.1971 | Best: 0.1339 | 15.4s | Elapsed: 4.4h | ETA: 13m | LR: 0.000002
Epoch 949/1000: 100%|██████████████| 32/32 [00:15<00:00,  2.08it/s, loss=0.0604]
Epoch 949/1000 | Loss: 0.1824 | Best: 0.1339 | 15.4s | Elapsed: 4.4h | ETA: 13m | LR: 0.000002
Epoch 950/1000: 100%|██████████████| 32/32 [00:15<00:00,  2.08it/s, loss=0.0705]
Epoch 950/1000 | Loss: 0.1665 | Best: 0.1339 | 15.4s | Elapsed: 4.4h | ETA: 13m | LR: 0.000002
RF Euler Sampling: 100%|████████████████████████| 30/30 [00:07<00:00,  3.93it/s]
RF Euler Sampling: 100%|████████████████████████| 30/30 [00:07<00:00,  3.92it/s]
RF Euler Sampling: 100%|████████████████████████| 30/30 [00:07<00:00,  3.92it/s]
Epoch 951/1000: 100%|██████████████| 32/32 [00:15<00:00,  2.06it/s, loss=0.1647]
Epoch 951/1000 | Loss: 0.2024 | Best: 0.1339 | 15.6s | Elapsed: 4.4h | ETA: 13m | LR: 0.000002
Epoch 952/1000: 100%|██████████████| 32/32 [00:15<00:00,  2.04it/s, loss=0.0787]
Epoch 952/1000 | Loss: 0.2193 | Best: 0.1339 | 15.7s | Elapsed: 4.4h | ETA: 12m | LR: 0.000002
Epoch 953/1000: 100%|██████████████| 32/32 [00:15<00:00,  2.09it/s, loss=0.1324]
Epoch 953/1000 | Loss: 0.1751 | Best: 0.1339 | 15.3s | Elapsed: 4.4h | ETA: 12m | LR: 0.000002
Epoch 954/1000: 100%|██████████████| 32/32 [00:15<00:00,  2.12it/s, loss=0.2328]
Epoch 954/1000 | Loss: 0.1882 | Best: 0.1339 | 15.1s | Elapsed: 4.4h | ETA: 12m | LR: 0.000002
Epoch 955/1000: 100%|██████████████| 32/32 [00:15<00:00,  2.11it/s, loss=0.2808]
Epoch 955/1000 | Loss: 0.2046 | Best: 0.1339 | 15.2s | Elapsed: 4.4h | ETA: 12m | LR: 0.000001
Epoch 956/1000: 100%|██████████████| 32/32 [00:15<00:00,  2.07it/s, loss=0.1054]
Epoch 956/1000 | Loss: 0.1945 | Best: 0.1339 | 15.4s | Elapsed: 4.4h | ETA: 11m | LR: 0.000001
Epoch 957/1000: 100%|██████████████| 32/32 [00:15<00:00,  2.06it/s, loss=0.2919]
Epoch 957/1000 | Loss: 0.1922 | Best: 0.1339 | 15.5s | Elapsed: 4.4h | ETA: 11m | LR: 0.000001
Epoch 958/1000: 100%|██████████████| 32/32 [00:15<00:00,  2.09it/s, loss=0.1956]
Epoch 958/1000 | Loss: 0.1819 | Best: 0.1339 | 15.3s | Elapsed: 4.4h | ETA: 11m | LR: 0.000001
Epoch 959/1000: 100%|██████████████| 32/32 [00:15<00:00,  2.10it/s, loss=0.1613]
Epoch 959/1000 | Loss: 0.1767 | Best: 0.1339 | 15.2s | Elapsed: 4.4h | ETA: 11m | LR: 0.000001
Epoch 960/1000: 100%|██████████████| 32/32 [00:15<00:00,  2.11it/s, loss=0.2450]
Epoch 960/1000 | Loss: 0.2002 | Best: 0.1339 | 15.2s | Elapsed: 4.4h | ETA: 10m | LR: 0.000001
  💾 Checkpoint saved (overwrite): epoch 960
Epoch 961/1000: 100%|██████████████| 32/32 [00:15<00:00,  2.09it/s, loss=0.1754]
Epoch 961/1000 | Loss: 0.1765 | Best: 0.1339 | 15.3s | Elapsed: 4.4h | ETA: 10m | LR: 0.000001
Epoch 962/1000: 100%|██████████████| 32/32 [00:15<00:00,  2.08it/s, loss=0.1828]
Epoch 962/1000 | Loss: 0.2098 | Best: 0.1339 | 15.4s | Elapsed: 4.4h | ETA: 10m | LR: 0.000001
Epoch 963/1000: 100%|██████████████| 32/32 [00:15<00:00,  2.08it/s, loss=0.0968]
Epoch 963/1000 | Loss: 0.2059 | Best: 0.1339 | 15.4s | Elapsed: 4.4h | ETA: 10m | LR: 0.000001
Epoch 964/1000: 100%|██████████████| 32/32 [00:15<00:00,  2.07it/s, loss=0.1497]
Epoch 964/1000 | Loss: 0.1788 | Best: 0.1339 | 15.5s | Elapsed: 4.4h | ETA: 9m | LR: 0.000001
Epoch 965/1000: 100%|██████████████| 32/32 [00:15<00:00,  2.08it/s, loss=0.2935]
Epoch 965/1000 | Loss: 0.1902 | Best: 0.1339 | 15.4s | Elapsed: 4.4h | ETA: 9m | LR: 0.000001
Epoch 966/1000: 100%|██████████████| 32/32 [00:15<00:00,  2.08it/s, loss=0.0925]
Epoch 966/1000 | Loss: 0.1731 | Best: 0.1339 | 15.4s | Elapsed: 4.4h | ETA: 9m | LR: 0.000001
Epoch 967/1000: 100%|██████████████| 32/32 [00:15<00:00,  2.09it/s, loss=0.1413]
Epoch 967/1000 | Loss: 0.2059 | Best: 0.1339 | 15.3s | Elapsed: 4.4h | ETA: 9m | LR: 0.000001
Epoch 968/1000: 100%|██████████████| 32/32 [00:15<00:00,  2.09it/s, loss=0.0932]
Epoch 968/1000 | Loss: 0.2008 | Best: 0.1339 | 15.3s | Elapsed: 4.4h | ETA: 8m | LR: 0.000001
Epoch 969/1000: 100%|██████████████| 32/32 [00:15<00:00,  2.09it/s, loss=0.1829]
Epoch 969/1000 | Loss: 0.1851 | Best: 0.1339 | 15.3s | Elapsed: 4.4h | ETA: 8m | LR: 0.000001
Epoch 970/1000: 100%|██████████████| 32/32 [00:15<00:00,  2.09it/s, loss=0.0789]
Epoch 970/1000 | Loss: 0.1908 | Best: 0.1339 | 15.3s | Elapsed: 4.5h | ETA: 8m | LR: 0.000001
Epoch 971/1000: 100%|██████████████| 32/32 [00:15<00:00,  2.09it/s, loss=0.2095]
Epoch 971/1000 | Loss: 0.1983 | Best: 0.1339 | 15.3s | Elapsed: 4.5h | ETA: 7m | LR: 0.000001
Epoch 972/1000: 100%|██████████████| 32/32 [00:15<00:00,  2.10it/s, loss=0.1470]
Epoch 972/1000 | Loss: 0.2005 | Best: 0.1339 | 15.2s | Elapsed: 4.5h | ETA: 7m | LR: 0.000001
Epoch 973/1000: 100%|██████████████| 32/32 [00:15<00:00,  2.10it/s, loss=0.2603]
Epoch 973/1000 | Loss: 0.1800 | Best: 0.1339 | 15.3s | Elapsed: 4.5h | ETA: 7m | LR: 0.000001
Epoch 974/1000: 100%|██████████████| 32/32 [00:15<00:00,  2.10it/s, loss=0.1426]
Epoch 974/1000 | Loss: 0.1756 | Best: 0.1339 | 15.3s | Elapsed: 4.5h | ETA: 7m | LR: 0.000001
Epoch 975/1000: 100%|██████████████| 32/32 [00:15<00:00,  2.08it/s, loss=0.1741]
Epoch 975/1000 | Loss: 0.1880 | Best: 0.1339 | 15.4s | Elapsed: 4.5h | ETA: 6m | LR: 0.000000
RF Euler Sampling: 100%|████████████████████████| 30/30 [00:07<00:00,  3.92it/s]
RF Euler Sampling: 100%|████████████████████████| 30/30 [00:07<00:00,  3.92it/s]
RF Euler Sampling: 100%|████████████████████████| 30/30 [00:07<00:00,  3.93it/s]
Epoch 976/1000: 100%|██████████████| 32/32 [00:15<00:00,  2.06it/s, loss=0.2000]
Epoch 976/1000 | Loss: 0.1980 | Best: 0.1339 | 15.5s | Elapsed: 4.5h | ETA: 6m | LR: 0.000000
Epoch 977/1000: 100%|██████████████| 32/32 [00:15<00:00,  2.04it/s, loss=0.3213]
Epoch 977/1000 | Loss: 0.2100 | Best: 0.1339 | 15.7s | Elapsed: 4.5h | ETA: 6m | LR: 0.000000
Epoch 978/1000: 100%|██████████████| 32/32 [00:15<00:00,  2.07it/s, loss=0.2248]
Epoch 978/1000 | Loss: 0.2273 | Best: 0.1339 | 15.5s | Elapsed: 4.5h | ETA: 6m | LR: 0.000000
Epoch 979/1000: 100%|██████████████| 32/32 [00:15<00:00,  2.11it/s, loss=0.2556]
Epoch 979/1000 | Loss: 0.2030 | Best: 0.1339 | 15.2s | Elapsed: 4.5h | ETA: 5m | LR: 0.000000
Epoch 980/1000: 100%|██████████████| 32/32 [00:15<00:00,  2.11it/s, loss=0.2663]
Epoch 980/1000 | Loss: 0.2036 | Best: 0.1339 | 15.2s | Elapsed: 4.5h | ETA: 5m | LR: 0.000000
  💾 Checkpoint saved (overwrite): epoch 980
Epoch 981/1000: 100%|██████████████| 32/32 [00:15<00:00,  2.09it/s, loss=0.0682]
Epoch 981/1000 | Loss: 0.1540 | Best: 0.1339 | 15.3s | Elapsed: 4.5h | ETA: 5m | LR: 0.000000
Epoch 982/1000: 100%|██████████████| 32/32 [00:15<00:00,  2.08it/s, loss=0.3448]
Epoch 982/1000 | Loss: 0.2051 | Best: 0.1339 | 15.4s | Elapsed: 4.5h | ETA: 5m | LR: 0.000000
Epoch 983/1000: 100%|██████████████| 32/32 [00:15<00:00,  2.07it/s, loss=0.1891]
Epoch 983/1000 | Loss: 0.2047 | Best: 0.1339 | 15.4s | Elapsed: 4.5h | ETA: 4m | LR: 0.000000
Epoch 984/1000: 100%|██████████████| 32/32 [00:15<00:00,  2.05it/s, loss=0.1579]
Epoch 984/1000 | Loss: 0.1719 | Best: 0.1339 | 15.6s | Elapsed: 4.5h | ETA: 4m | LR: 0.000000
Epoch 985/1000: 100%|██████████████| 32/32 [00:15<00:00,  2.06it/s, loss=0.0662]
Epoch 985/1000 | Loss: 0.1878 | Best: 0.1339 | 15.5s | Elapsed: 4.5h | ETA: 4m | LR: 0.000000
Epoch 986/1000: 100%|██████████████| 32/32 [00:15<00:00,  2.07it/s, loss=0.1477]
Epoch 986/1000 | Loss: 0.1680 | Best: 0.1339 | 15.5s | Elapsed: 4.5h | ETA: 4m | LR: 0.000000
Epoch 987/1000: 100%|██████████████| 32/32 [00:15<00:00,  2.08it/s, loss=0.1782]
Epoch 987/1000 | Loss: 0.2107 | Best: 0.1339 | 15.4s | Elapsed: 4.5h | ETA: 3m | LR: 0.000000
Epoch 988/1000: 100%|██████████████| 32/32 [00:15<00:00,  2.08it/s, loss=0.2144]
Epoch 988/1000 | Loss: 0.1876 | Best: 0.1339 | 15.4s | Elapsed: 4.5h | ETA: 3m | LR: 0.000000
Epoch 989/1000: 100%|██████████████| 32/32 [00:15<00:00,  2.07it/s, loss=0.2546]
Epoch 989/1000 | Loss: 0.1740 | Best: 0.1339 | 15.4s | Elapsed: 4.5h | ETA: 3m | LR: 0.000000
Epoch 990/1000: 100%|██████████████| 32/32 [00:15<00:00,  2.07it/s, loss=0.0546]
Epoch 990/1000 | Loss: 0.1479 | Best: 0.1339 | 15.5s | Elapsed: 4.5h | ETA: 3m | LR: 0.000000
Epoch 991/1000: 100%|██████████████| 32/32 [00:15<00:00,  2.08it/s, loss=0.2508]
Epoch 991/1000 | Loss: 0.1766 | Best: 0.1339 | 15.4s | Elapsed: 4.5h | ETA: 2m | LR: 0.000000
Epoch 992/1000: 100%|██████████████| 32/32 [00:15<00:00,  2.08it/s, loss=0.1725]
Epoch 992/1000 | Loss: 0.1844 | Best: 0.1339 | 15.4s | Elapsed: 4.6h | ETA: 2m | LR: 0.000000
Epoch 993/1000: 100%|██████████████| 32/32 [00:15<00:00,  2.09it/s, loss=0.1230]
Epoch 993/1000 | Loss: 0.1464 | Best: 0.1339 | 15.3s | Elapsed: 4.6h | ETA: 2m | LR: 0.000000
Epoch 994/1000: 100%|██████████████| 32/32 [00:15<00:00,  2.09it/s, loss=0.1482]
Epoch 994/1000 | Loss: 0.2203 | Best: 0.1339 | 15.3s | Elapsed: 4.6h | ETA: 2m | LR: 0.000000
Epoch 995/1000: 100%|██████████████| 32/32 [00:15<00:00,  2.09it/s, loss=0.2226]
Epoch 995/1000 | Loss: 0.1854 | Best: 0.1339 | 15.3s | Elapsed: 4.6h | ETA: 1m | LR: 0.000000
Epoch 996/1000: 100%|██████████████| 32/32 [00:15<00:00,  2.09it/s, loss=0.1437]
Epoch 996/1000 | Loss: 0.1562 | Best: 0.1339 | 15.3s | Elapsed: 4.6h | ETA: 1m | LR: 0.000000
Epoch 997/1000: 100%|██████████████| 32/32 [00:15<00:00,  2.09it/s, loss=0.0852]
Epoch 997/1000 | Loss: 0.1844 | Best: 0.1339 | 15.3s | Elapsed: 4.6h | ETA: 1m | LR: 0.000000
Epoch 998/1000: 100%|██████████████| 32/32 [00:15<00:00,  2.09it/s, loss=0.2071]
Epoch 998/1000 | Loss: 0.1940 | Best: 0.1339 | 15.3s | Elapsed: 4.6h | ETA: 1m | LR: 0.000000
Epoch 999/1000: 100%|██████████████| 32/32 [00:15<00:00,  2.08it/s, loss=0.2738]
Epoch 999/1000 | Loss: 0.1704 | Best: 0.1339 | 15.4s | Elapsed: 4.6h | ETA: 0m | LR: 0.000000
Epoch 1000/1000: 100%|█████████████| 32/32 [00:15<00:00,  2.07it/s, loss=0.2991]
Epoch 1000/1000 | Loss: 0.1742 | Best: 0.1339 | 15.5s | Elapsed: 4.6h | ETA: 0m | LR: 0.000000
  💾 Checkpoint saved (overwrite): epoch 1000
RF Euler Sampling: 100%|████████████████████████| 30/30 [00:07<00:00,  3.92it/s]
RF Euler Sampling: 100%|████████████████████████| 30/30 [00:07<00:00,  3.93it/s]
RF Euler Sampling: 100%|████████████████████████| 30/30 [00:07<00:00,  3.92it/s]

============================================================
TRAINING COMPLETE
  Stop reason:  completed
  Final epoch:  1000
  Best loss:    0.1339
  Total time:   4.6h
  Best model:   /kaggle/working/rf_output/best_rf_model.pt
============================================================
