step 0: train loss 5.0981, val loss 5.1017
[34m[1mwandb[0m: [33mWARNING[0m Saving files without folders. If you want to preserve subdirectories pass base_path to wandb.save, i.e. wandb.save("/mnt/folder/file.h5", base_path="/mnt")
step 500: train loss 2.3152, val loss 2.3498
step 1000: train loss 1.9169, val loss 1.9696
step 1500: train loss 1.7625, val loss 1.8314
step 2000: train loss 1.6704, val loss 1.7711
step 2500: train loss 1.6100, val loss 1.7343
step 3000: train loss 1.5574, val loss 1.7140
step 3500: train loss 1.5194, val loss 1.7025
step 4000: train loss 1.4782, val loss 1.6931
step 4500: train loss 1.4454, val loss 1.6895
step 5000: train loss 1.4108, val loss 1.6883
step 5500: train loss 1.3803, val loss 1.6887
step 6000: train loss 1.3515, val loss 1.6966
step 6500: train loss 1.3270, val loss 1.7036
step 7000: train loss 1.2982, val loss 1.6928

পাঁচিল বাগান।
শ্বশুর বক্ষে লয়ে বিশীর্ণ করি
দাঁড়াও তারে নাড়াও
গায়ে মুছে।
দোঁহার লাগি সে প্রকারণ—
‘কি রে জানাশোনা তোরে, ওরে,
যোগ্য
কোথা খোকার কোটি পুষ্পবন তোরে,
নহে, তোরাখ অপমান!’
আমি তুইমি, নহি নহে গো তোর
কন্যা বলে—
আমি রেখে দেবার জানা,
তোদের দলে ভয় দেবগান তব মাহ,
আড়ালে ভয়ে লামে তো কবি
দেব পশু, মা রেখে দিব
সকল বক্ষে তোর তোরে। '
ডাতরো মাথার ফেটে বেঁধে তুলি
আমি তো ভেসেছিনু বেড়া চলে।
ওরে দাস গ্রামগ্রাম, ওরে দাসত্বেরে
আঘাত-লোক, লুপ করছে শুদ্রকর প্রবাহ,
বিষ্ণু দিতে কি দেবে দিনে আসত্যি তোর মুসলিম আগে ;
বজাও রে মোহন বাঁশি।
সারা দিবসক
বিরহদহনদুখ,
মরমক তিয়াষ নাশি।
রিঝমনভেদন
বাঁশরিবাদন
কঁহা শিখলি রে কান?

বজাও রে মোহন বাঁশি।
সারা দিবসক
বিরহদহনদুখ,
মরমক তিয়াষ নাশি।
রিঝমনভেদন
বাঁশরিবাদন
কঁহা শিখলি রে কান?
হানে থিরথির
মরমঅবশকর
লহু লহু মধুময় বাণ।
ধসধস করতহ
উরহ বিয়াকুলু,
ঢুলু ঢুলু অবশনয়ান ;
কত কত বরষক
বাত সোঁয়ারয়,
অধীর করয় পরান।
কত শত আশা
পূরল না বঁধু,
কত সুখ করল পয়ান।
পহু গো কত শত
পীরিতযাতন
হিয়ে বিঁধাওল বাণ।
হৃদয় উদাসয়,
নয়ন উছাসয়
দারুণ
মধুময় গান।
সাধ যায় বঁধূ,
যমুনাবারিম
ডারিব
দগধপরান।
সাধ যায় পহু,
রাখি চরণ তব
হৃদয়মাঝ
হৃদয়েশ,
হৃদয়জুড়াওন
বদনচন্দ্র তব
হেরব
জীবনশেষ।
সাধ যায়, ইহ
চন্দ্রমকিরণে
কুসুমিত
কুঞ্জবিতানে
বসন্তবায়ে
প্রাণ মিশায়ব
বাঁশিক সুমধুর গানে।
প্রাণ ভৈবে মঝু
বেণুগীতময়,
রাধাময় তব
বেণু।
জয় জয় মাধব,
জয় জয় রাধা,
চরণে
প্রণমে ভানু।
শুনহ শুনহ বালিকা,
রাখ কুসুমমালিকা,
কুঞ্জ কুঞ্জ ফেরনু সখি শ্যামচন্দ্র নাহি রে।
দুলই কুসুমমুঞ্জরী,
ভমর ফিরই গুঞ্জরি,
অলস যমুনা বহয়ি যায় ললিত গীত গাহি রে।
শশিসনাথ যামিনী,
বিরহবিধুর কামিনী,
কুসুমহার ভইল ভার— হৃদয় তার দাহিছে।
অধর উঠই কাঁপিয়া
সখিকরে কর আপিয়া,
কুঞ্জভবনে পাপিয়া কাহে গীত গাহিছে।
মৃদু সমীর সঞ্চলে
হরয়ি শিথিল অঞ্চলে,
চকিত হৃদয় চঞ্চলে কাননপথ চাহি রে।
কুঞ্জপান

প্রথম এসেছিল ভেবে, সে আর আশা-মথি বুথি লাগি হাত হাড়ি,
কেন সে পথ চিনা ঘুরবে করিতে বৃথাই কারা পাতা পাতা,
সেই মহামণি হইল বক্ষ-ক্ষে ধুলাতুর সাথে আসে,
চাহিয়া ছাড়ি গো হেরি নিশ্চল বাতা।
চাইনি চাহি চাহিতে —
পারি না কেহ চিরকাল নীরব বসিতে লাগিতে চারি
পাড়নির এই গহনজাগর গোপন নিশ্বাসে,
নিমেষে চেয়ে আছে অনন্ত চরণ কাঁদিনী কাঁদিয়া উঠিতে চাহিতে
আমার কি কুহের মুখের ভরে।
তার পরে দীপ হইতে শুধু জাগিতেছিল চাঁদিয়া,
ভেবে গেলেম পুব হাসিতেছিল চাহিয়া, ছুটে গেল বুকের পুরায়ে,
কেননার আশীর্বাদে পুরাতে পুড়িল খুঁজিয়া এসে ধুলার পিছু
সহসা উষার ইনবরাত হইয়া এসেছে কোণে কেহ কোথা সুথার করিল মায়ে।
হেরিনু চবতোমা হতে ধূমকেতু মাহিলের জমজাতের প্রভাত বাতাস,
হে পথিক
অন্তরযুগের মৃতদেহের মরমেয়ে, চন্দ্রালোকে মরু মমরচে-মরু-ভূমি
রুদ্র অভিসারে আনিল ফিরে। জহরত সাধুসিংহীন মরুর জেনে না আর মুগ্ধ ঘটে যায়।
ভোগ্য-বল্প ভাবে, ভুলে যদি আরোগ্য আজ যাতে, মরুতে কুল-কাদা ফেরতা বেরো বলতে অবমানবের আর,
ইসলাম তাহারই দন্তী করে মেনে না এমনই লজ্জারে ডাকবে হরু!
শুনেছিল তারই স্বর্গ-যারি, জিনি নিজে যার আঁধার ঘুমায়ে উঠিল বুঝিয়া না ভেবে,
যাহাদের এ-মক্কার অপূর্ব নিরু
 শতাব্দীর।
মোরা যুবাদল, সকল আগল
ভাঙিতে চলেছি ছুটি,
তোমারে দিয়াছি মোদের পতাকা
তুমি পড়িয়ো না লুটি।প্রলয়শিখা
চাহি না জানিতে – বাঁচিবে অথবা
মরিবে তুমি এ পথে,
এ পতাকা বয়ে চলিতে হইবে
বিপুল ভবিষ্যতে।
তাজা জীবন্ত যৌবন-অভিযান –
সেনা মোরা আছি,
ভূমিকম্পের সাগরের মতো
সুখে প্রাণ ওঠে নাচি;
চাহ বা না চাহ, মোরা যুবাদল
তোমারে চালাব আগে,
ব্যগ্র-চরণ চলিবে অগ্রে
আমাদের অনুরাগে!
মৃত্যুর হাতে মরে তো সবাই,
সেই শুধু বেঁচে থাকে –
মানুষের লাগি যে চির-বিরাগী,
মানুষ মেরেছে যাকে।
বিধাতার পরিহাস –
রচেছে মানুষ যুগে যুগে তার
অমানুষী ইতিহাস।
সবচেয়ে বড়ো কল্যাণ তার
করিয়াছে যে মানুষ,
তারেই পাথরে পিষিয়া মেরেছে
মেরেছে বিঁধিয়া ক্রুশ!
যে-হাতে করিয়া এনেছে মানুষ
স্বর্গ-অমৃত-বারি,
সে-হাত কাটিয়া ধরার মানুষ
প্রতিদান দিল তারই!প্রলয়শিখা
দেয় ফুল ফল ছায়া সুশীতল –
তরুরে আমরা তাই,
ঢিল ছুঁড়ে মারি, ফুল ছিঁড়ি তার
শেষে শাখা ভেঙে যাই।
সেই অভিমানে ফুটিবে না ফুল?
ফলিবে না তরু-শাখে
সু-রসাল ফল? দিবে না সে ছায়া
যে আঘাত করে তাকে?
চন্দ্রে যাহারা বলে কলঙ্কী
চন্দ্রালোকেই বসি,
করুণার হাসি দেখে তাহাদেরে,
দিই না গলায় রশি!
অসম সাহসে আমরা অসীম
সম্ভাবনার পথে
ছুটিয়া চলেছি, সময় কোথায়
পিছে চাব কোন মতে!
নীচের যাহারা রহিবে নীচেই,
ঊর্ধ্বে ছিটাবে কালি,
আপনার অনুরাগে চলে যাব
আমরা মশাল জ্বালি।
যৌবন-সেনাদল তব সখা,
বন্ধু গো নাহি ভয়,
পোহাবে রাত্রি, গাহিবে যাত্রী
নব আলোকের জয়!প্রলয়শিখা
পূজা অভিনয়
মানুষের পদ-পূত মাটি দিয়া
দেবতা রচিছে পূজারিদল।
সে দেবতা গেল স্বর্গে, মানুষ
রহিল আঁকড়ি মর্ত্যতল।
দেবতারে যারা করেছে সৃজন,
সৃজিতে পারে না আপনারে,
আসে না শক্তি, পায় না আশিস,
ব্যর্থ সে পূজা বারে বারে।
মাটির প্রতিমা মাটিই রহিল,
হায় কারে দিবে শক্তিবর,
দেবতার বর নিতে পারে হাতে
হেথা কোথা সেই শক্তিধর!
বিগ্রহ-চালে হাসে বুড়োশিব,
বলে, ‘দেখো দেখো দশভুজা,
নেংটি পরিয়া নেংটে ইঁদুর –
ভক্তরা এল দিতে পূজা;
গণেশ-ভক্ত ইঁদুরে-বুদ্ধি
হস্তীকর্ণ লম্বোদর,
কার্তিকে মোর সাজায়েছে দেখো,
যেন উহাদের মিয়ের বর!
উহাদের দেব-সেনাপতি পরে
ছেঁড়া কটিবাস আধ-হাতি,
সেনাদল হল চরকাবুড়ি গো,
তরুণেরা হল জোলা তাঁতি!
মাথা কেটে আর অস্ত্র হেনেও
হয় না স্বাধীন আর সকল,
সূতা কেটে আর বস্ত্র বুনিয়া
কেল্লা করিবে ওরা দখল!প্রলয়শিখা
বলি দেয় ওরা কুমড়ো ছাগল
বড়ো জোর দুটো পোষা মহিষ,
মহিষাসুরেরে বলি দিতে নারে,
বলে, ‘মাগো ওটা তুই বধিস।’
লক্ষ্মীর হাতে অমৃতভাণ্ড,
লক্ষ্মী ছেলেরা তাহাই চায়,
তাই পূজা করে ওরা বণিকেরে –
লক্ষ্মীবাহন কালপ্যাঁচায়!
অমৃত চাহিছে, ওরা তো চাহে না
মোর কণ্ঠের বিষের ভাগ,
ওদেরই মরুতে জঙ্গলে চরে
তোমার বাহন সিংহ-বাঘ!
দেখিয়া তরাসে পলায় উহারা;
বাহন দেখিয়া যাদের ভয়,
সিংহবাহিনী! পূজিয়া তোমায়
তারাই করিবে অসুর জয়?
সেথা তব হাতে টিনের খড়গ,
সারা গায়ে মোড়া ঝালতা রাং,
দেখে হাসে আর ঘুমাই শ্মশানে,
ভক্তের দল জোগায় ভাং।
কোন রূপ তব ধ্যান করে ওরা,
শুনিবে? শুনিয়া যাও ঘুমোও,
শ্বশুর-বাড়ির ফেরত যেন গো,
অসুর-বাড়ির ফেরত নও!
বাণী-মেয়ে মোর বোবা হয়ে বসে,
ভাঙা বীণা কোলে বসিয়া রয়,
কথায় কথায় সেথা সিডিসন,
কী জানি কখন জেলের ভয়।
নিজেরা বন্দি, তাই দেখো ওরা
ধরিয়া ও কোন কন্যারে
কলা-বউ করে রেখেছে তাদের
হীন কামনার কারাগারে!প্রলয়শিখা
ভূতো ছেলেগুলো কলেজেতে পড়ে,
কে জানে ক-ল্যাজ পায় হোথায়,
কেহ শাখামৃগ হইয়াছে উঠি
আধ্যাত্মিক উঁচু শাখায়!’
এমনই শরৎ সৌরাশ্বিনে
অকাল-বোধনে মহামায়ার
যে পূজা করিল বধিতে রাবণে
ত্রেতায় স্বয়ং রামাবতার,
আজিও আমরা সে দেবী-পূজার
অভিনয় করে চলিয়াছি!
লঙ্কা-সায়রী রাবণ ধরিয়া
টুঁটিতে ফাঁসায়ে দেয় কাছি।
দুঃসাহসীরা দুর্গা বলিয়া
হয়তো কাছিতে পড়ে ঝুলে,
দেবীর আসন তেমনই অটল,
হয়তো ঈষৎ ওঠে দুলে।
কে ঘুচাবে এই পূজা-অভিনয়,
কোথায় দূর্বাদলশ্যাম
ধরণি-কন্যা শস্য-সীতারে
উদ্ধারিবে যে নবীন রাম!
দশমুখো ওই ধনিক রাবণ
দশ দিকে আছে মেলিয়া মুখ,
বিশ হাতে করে লুণ্ঠন তবু
ভরে নাকো ওর ক্ষুধিত বুক।
হয়তো গোকুলে বাড়িছে সে আজ,
উহারে কল্য বধিবে যে,
গোয়ালার গরে খেঁটে-লাঠি-করে
হলধর-রূপী রাম সেজে!প্রলয়শিখা
যৌবন
ওরে ও শীর্ণা নদী,
দু-তীরে নিরাশা বালুচর লয়ে জাগিবি কি নিরবধি?
নব-যৌবনজলতরঙ্গ জোয়ারে কি দুলিবি না?
নাচিবে জোয়ারে পদ্মা গঙ্গা, তুই রবি চির-ক্ষীণা?
ভরা-ভাদরের বরিষন এসে বারে বারে তোর কূলে
জানাবে রে তোরে সজল মিনতি, তুই চাহিবি না ভুলে?
দুই কূলে বাঁধি প্রস্তর-বাঁধ কূল ভাঙিবার ভয়ে
আকাশের পানে চেয়ে রবি তুই শুধু আপনারে লয়ে?
ভেঙে ফেল বাঁধ, আশেপাশে তোর বহে যে জীবন-ঢল
তারে বুকে লয়ে দুলে ওঠ তুই যৌবন-টলমল।
প্রস্তর-ভরা দুই কূল তোর ভেসে যাক বন্যায়,
হোক উর্বর, হাসিয়া উঠুক ফুলে ফলে সুষমায়।
একবার পথ ভোল,
দূর সিন্ধুর লাগি তোর বুকে জাগুক মরণ-দোল!
ভাঙ ভাঙ কারা, ফুলিয়া ফাঁপিয়া ওঠ নব যৌবনে!
বাঁচিতে চাহিয়া মরুপথে তুই মরিলি হীন মরণে।
সকল দুয়ার খুলে দে রে তোর, ভাসা এ মরু-সাহারা,
দু-কুল প্লাবিয়া আয় আয় ছুটে ভাঙ এ মৃত্যু-কারা।প্রলয়শিখা
ভারতী - আরতি
গান
[তিলক-কামোদ ও শুভাবতী – সাদ্রা ও গীতাঙ্গী]
জয় ভারতী শ্বেতশতদলবাসিনী,
বিষ্ণু-শরণ-চরণ আদি বাণী।
কণ্ঠ-লীলা বাজিছে বীণা
বিশ্ব ঘুরে গাহে সে সুরে
জয় জয় বীণাপাণি।।
শুনি সে সুর অন্ধ নভে
উদিল গ্রহ তারকা সবে,
মাতিল আলো-মহোৎসবে মা
বিশ্বরানি।।
আদি সৃজন-দিনে অন্ধ ভুবনে
তোমার জ্যোতি আলো দিল মা নয়নে।
জ্ঞান-প্রদায়িনী হৃদয়ে আলো দিলে,
ধেয়ান-সুন্দর করিলে সব নিখিলে।
ঊরো মা ঊরো আঁধার-পুরে আলো দানি।।প্রলয়শিখা
বহ্নিশিখা
মেলি
শতদিকে শতলেলিহান রসনা
জাগো
বহ্নিশিখা স্বাহা দিগ্-বসনা!
জাগো
রুদ্রের ললাটের রক্ত-অনল,
জাগো
বজ্র-জ্বালা বিদ্যুৎ-ঝলমল!
জাগো
মহেন্দ্র-তপোভঙ্গের অভিশাপ,
জাগো
অনঙ্গ-দাহন নয়নের তাপ।
জাগো
ভাগীরথী-কূলে-কূলে চুল্লি-শ্মশান,
জাগো
অস্ত-গোধূলি-বেলা দিবা-অবসান!
জাগো
উদয়প্রাতের ঊষা রক্তশিখা,
জাগো
সূর্যের টিপ পরি জয়ন্তিকা!
জাগো
ক্রোধাগ্নি অবমানিতের বক্ষে,
জাগো
শোকাগ্নি নিরশ্রু রাঙা চক্ষে!
জাগো
নিশ্চুপ সয়ে-থাকা ধূমায়িত রোষ,
জাগো
বাণী-মূক কন্ঠে অশনি-নির্ঘোষ!
জাগো
খান্ডব-দাহন ভীমা দাহিকা,
মরু
বিদ্রুপ-হাসি জাগো হে মরীচিকা।প্রলয়শিখা
জাগো
বাড়ব-অনল জ্বলে, বনে দাবানল,
জাগো
অগ্নি-সিন্ধু-মন্থন হলাহল!
জাগো
বহ্নিরুপী তরু-শুষ্ক-জ্বালা,
জাগো
তরলিত অগ্নি গো সুরা-পেয়ালা।
জাগো
প্রতিশোধরূপে উৎপীড়িত বুকে,
নামো স্বর্গে অভিশাপ উল্কা-মুখে!
এসো
ধূমকেতু-ঝাঁটা হাতে ধূমাবতী,
এসো
ভস্মের টিপ পরি অশ্রুমতী,
জাগো
আলো হয়ে রবি-শশী-তারকা-চাঁদে,
এসো
অনুরাগ-রাঙা হয়ে নয়ন-ফাঁদে।
জাগো
কন্টকে জ্বালা হয়ে, নাগ-মুখে বিষ,
এসো
আলেয়ার আলো হয়ে, নিশি-ডাক শিস্।
এসো
ক্ষুধা হয়ে নিরন্ন রিক্ত ঘরে,
লুটো
লক্ষ্মীর ভান্ডার হাহাস্বরে
জাগো
ভীমা-ভয়ংকরী উন্মাদিনী,
রাঙা
দীপক আগুন সুরে বীণাবাদিনী!প্রলয়শিখা
খেয়ালি
আয় রে পাগল আপন-বিভোল খুশির খেয়ালি
হাতে নিয়ে রবাব-বেণু রঙিন পেয়ালি!
ভোজপুরিদের প্রমত্ততায়
মাতুক ওরা রাজার সভায়
আঙিনাতে জ্বালরে তোরা অরুণ-দেয়ালি
স্বপনলোকের পথিক তোরা ধরার হেঁয়ালি।প্রলয়শিখা
রঙিন খাতা
রেঙে উঠুক রঙিন খাতা
নতুন হাতের নতুন লেখায়
মুখর হউক নিথর কানন
নিত্য নূতন কুহু-কেকায়।
নিটোল আকাশ টোল খেয়ে যাক
হাজার পাখির গানের দোলে,
লেখার কুসুম ফুটে উঠুক
খাতার পাতার কোলে কোলে।
হাজার দেশের গানের পাখির
হাজার রাঙা পালক ঝরে
রচে তুলুক অমর ঝাঁপি,
দুলুক বীণাপাণির করে।প্রলয়শিখা
বৈতালিক
অসুরের খল-কোলাহলে এসো সুরের বৈতালিক!
বেতালের যতি-ভঙ্গে তোমার নৃত্য ছন্দ দিক।
অকুণ্ঠিত ও-কন্ঠে তোমার আনো উদাত্ত বাণী,
সুরের সভায় রাত্রিপারের উষসীরে আনো টানি।
তোমার কন্ঠ বিহগ-কণ্ঠে ছড়াক দিগ্ বিদিক।।
তন্দ্রা-অলস নয়নে বুলাও জাগর-সুরের স্পর্শ,
গত নিশীথের মুকুলে ফোটাও বিকশিত-প্রাণ হর্ষ!
মৃতের নয়নে দাও দাও তব চপল আঁখি নিমিখ।।প্রলয়শিখা
চাষার গান
আমাদের
জমির মাটি ঘরের বেটি, সমান রে ভাই।
কে রাবণ
করে হরণ দেখব রে তাই।।
আমাদের
ঘরের বেটির কেশের মুঠি ধরে নে যায় সাগরপারে,
দিয়ে হাত
মাথায় শুধু ঘরে বসে রইব না রে।
যে লাঙল
ফলা দিয়ে শস্য ফলাই মরুর বুকে,
আছে সে
লাঙল আজও রুখব তাতেই রাজার সেপাই।।
পাঁচনির
আশীর্বাদে মানুষ করি ঠেঙিয়ে বলদ,
সে পাঁচন
আছে আজও ভাঙব তাতেই ওদের গলদ।
যে-জলে
ভাসছি মোরা চল সে-জলে ওদের ভাসাই।।
পাথুরে
পাহাড় কেটে নিঙাড়ি নীরস ধরা,
আনি রে
ঝরনাধারা এ নিখিল শীতল করা।
আজি সে
গাঁইতি শাবল কোথায় গেল, হাতে কি নাই।।
খেতেছে
ফসল নিতুই ডিঙিয়ে বেড়ার কাঁটা,
এবারের
পুজোয় নতুন বলি দে সে-সব পাঁঠা।
দেখিবি
আসবে ফিরে শক্তিময়ী আবার হেথাই।।প্রলয়শিখা
মণীন্দ্র-প্রয়াণ**) কাশিমবাজার-মহারাজা দানবীর মণীন্দ্রচন্দ্র নন্দীর প্রয়াণে।
দানবীর, এতদিনে নিঃশেষে
করিলে নিজেরে দান।
মৃত্যুরে দিলে অঞ্জলি ভরি
তোমার অমৃত প্রাণ।
অমৃতলোকের যাত্রী তোমরা
পথ ভুলে আস, তাই
তোমাদের ছুঁয়ে অমর মৃত্যু
আজিও সে মরে নাই।
স্বর্গলোকের ইঙ্গিত – আস
ছল করে ধরাতল,
তোমাদেরে চাহি ফোটে ধরণিতে
ধেয়ানের শতদল।
রৌদ্র-মলিন নয়নে বুলাও
স্বপনলোকের মায়া,
তৃষিত আর্ত ধরায় ঘনাও
সজল মেঘের ছায়া।
ইন্দ্রকান্তমণি ছিলে তুমি
শ্যাম ধরণির বুকে,
সুন্দরতর লোকের আভাস
এনেছিলে চোখে-মুখে।প্রলয়শিখা
ঐশ্বর্যের বুকে বসে বলে –
-ছিলে শিব বৈরাগী,
বিভব রতন ইঙ্গিত শুধু
ত্যাগের মহিমা লাগি।
ইন্দ্র, কুবের, লক্ষ্মী, আশিস
ঢেলেছিল যত শিরে,
দু-হাত ভরিয়া ক্ষুধিত মানবে
দিলে তাহা ফিরে ফিরে।
যে ঐশ্বর্য লয়ে এসেছিলে,
তাহারই গর্ব লয়ে
করেছ প্রয়াণ, পুরুষশেষ্ঠ,
উঁচু শিরে নির্ভয়ে!
তব দান-ভারে টলমল ধরা
চাহে বিহ্বল-আঁখি,
অঞ্জলি পুরি দিয়া মহাদান,
চক্ষেরে দিলে ফাঁকি।প্রলয়শিখা
নব-ভারতের হলদিঘাট
বালাশোর – বুড়িবালামের তীর –
নব-ভারতের হলদিঘাট,
উদয়-গোধূলি-রঙে রাঙা হয়ে
উঠেছিল যথা অস্তপাট।
আ-নীল গগন-গম্বুজ-ছোঁয়া
কাঁপিয়া উঠিল নীল অচল,
অস্তরবিরে ঝুঁটি ধরে আনে
মধ্য গগনে কোন পাগল!
আপন বুকের রক্তঝলকে
পাংশু রবিরে করে লোহিত,
বিমনানে বিমানে বাজে দুন্দুভি,
থরথর কাঁপে স্বর্গ-ভিত।
দেবকী মাতার বুকের পাথর
নড়িল কারায় অকস্মাৎ
বিনা মেঘে হল দৈত্যপুরীর
প্রাসাদে সেদিন বজ্রপাত।
নাচে ভৈরব, শিবানী, প্রমথ
জুড়িয়া শ্মশান মৃত্যুনাট, -
বালাশোর – বুড়িবালামের তীর –
নব ভারতের হলদিঘাট।প্রলয়শিখা
অভিমন্যুর দেখেছিস রণ?
যদি দেখিসনি, দেখিবি আয়,
আধা-পৃথিবীর রাজার হাজার
সৈনিকে চারি তরুণ হটায়।
ভাবী ভারতের না-চাহিতে আসা
নবীন প্রতাপ, নেপোলিয়ন,
ওই ‘যতীন্দ্র’ রণোন্মত্ত –
শনির সহিত অশনি-রণ।
দুই বাহু আর পশ্চাতে তার
রুষিছে তিনটি বালক শের,
‘চিত্তপ্রিয়’, ‘মনোরঞ্জন’,
‘নীরেন’ – ত্রিশূল ভৈরবের!
বাঙালির রণ দেখে যা রে তোরা
রাজপুত, শিখ, মারাঠি, জাঠ!
বালাশোর – বুড়িবালামের তীর –
নব-ভারতের হলদিঘাট।
চার হাতিয়ারে – দেখে যা কেমনে
বধিতে হয় রে চার হাজার,
মহাকাল করে কেমনে নাকাল
নিতাই গোরার লালবাজার!
অস্ত্রের রণ দেখেছিস তোরা,
দেখ নিরস্ত্র প্রাণের রণ;
প্রাণ যদি থাকে – কেমনে সাহসী
করে সহস্র প্রাণ হরণ!প্রলয়শিখা
হিংস-বুদ্ধ-মহিমা দেখিবি
আয় অহিংস-বুদ্ধগণ
হেসে যারা প্রাণ নিতে জানে, প্রাণ
দিতে পারে তারা হেসে কেমন!
অধীন ভারত করিল প্রথম
স্বাধীন-ভারত মন্ত্রপাঠ,
বালাশোর – বুড়িবালামের তীর –
নব-ভারতের হলদিঘাট।
সে মহিমা হেরি ঝুঁকিয়া পড়েছে
অসীম আকাশ, স্বর্গদ্বার,
ভারতের পূজা-অঞ্জলি যেন
দেয় শিরে খাড়া নীল পাহাড়!
গগনচুম্বী গিরিশের হতে
ইঙ্গিত দিল বীরের দল,
‘মোরা স্বর্গের পাইয়াছি পথ –
তোরা যাবি যদি, এ পথে চল!
স্বর্গ-সোপানে রাখিনু চিহ্ন
মোদের বুকের রক্ত-ছাপ,
ওই সে রক্ত-সোপানে আরোহি
মোছ রে পরাধীনতার পাপ!
তোরা ছুটে আয় অগণিত সেনা,
খুলে দিনু দুর্গের কবাট!’
বালাশোর – বুড়িবালামের তীর –
নব-ভারতের হলদিঘাট।প্রলয়শিখা
যতীন দাস
আসিল শরৎ সৌরাশ্বিন
দেবদেবী যবে ঘুমায়ে রয়
পাষাণ-স্বর্গ হিমালয়-চূড়ে
শুভ্র মৌলি তুষারময়।
ধরার অশ্রু – সাত সাগরের
লোনা জল উঠি রাত্রিদিন
ধোঁয়াইয়া ওঠে স্বর্গের পানে,
অভিমানে জমে হয় তু্হিন।
পাষাণ স্বর্গ, পাষাণ দেবতা,
কোথা দুর্গতিনাশিনী মা,
বলির রক্তে রাঙিয়া উঠেছে
যুগে যুগে দশ দিক-সীমা।
খড়ের মাটির দুর্গা গড়িয়া
দুর্গে বন্দি পূজারিদল
করে অভিনয়! দেবী-বিগ্রহ
জড় গতিহীন চির-অচল।
দেবতা ঘুমান, ঘুমায় মানুষ,
এরই মাঝে নিজ তপোবলে
জোর করে নেয় দেবতার বর
দৈত্য-দানব দলে দলে।
মোরা পূজা করি, পূজা শেষে চাই
পায়ের পদ্ম শুভ-আশিস,
ওরা চেয়ে নেয় কালীর খড়গ,
বিষ্ণুর গদা, শিবের বিষ।
তপস্যা নাই, ঢাকঢোল পিটে
দেবতা জাগাতে করি পূজা,
দশপ্রহরণধারিণী এল না
দশশো বছরে দশভুজা।....প্রলয়শিখা
এমনই শরৎ সৌরাশ্বিনে
অকাল-বোধনে মহামায়ার
যে পূজা করিল লঙ্কেশ্বরে
বধিতে ত্রেতায় রাম-অবতার,
আজিও আমরা সে দেবীপূজার
অভিনয় করে চলিয়াছি,
লঙ্কা-সায়রি রাবণ মোদেরে
ধরিয়া গলায় দেয় কাছি!
দুঃসাহসীরা দুর্গা বলিয়া
হয়তো কাছিতে পড়ে ঝুলে,
দেবীর আসন তেমনই অটল,
শুধু নিমেষের তরে দুলে।
বলি দিয়া মোরা পূজেছি দেবীরে
নব-ভারতের পূজারিদল
গিয়াছিনু ভুলি – দেবীরে জাগাতে
দিতে হল আঁখি-নীলোৎপল।
মহিষ-অসুর-মর্দিনী মা গো,
জাগো এইবার, খড়গ ধরো।
দিয়াছি ‘যতীন’ অঞ্জলি নব –
ভারতের আঁখি-ইন্দিবর।
টুটে তপস্যা, ওঠে জাগি ওই
পূজারত অভিনব ভারত,
ভারত-সিন্ধু গর্জি উঠিল
নিযুত শঙ্খ মন্ত্রবৎ।
‘উলু উলু’ বোলে পুরনারী, দোলে
হিম-কৈলাস টালমাটাল,
কারাগারে টুটে অর্গল, ওঠে
রাঙিয়া আশার পূর্বভাল।প্রলয়শিখা
ছুটে বিমুক্ত-পিঞ্জর, পায়ে
লুটে শৃঙ্খল ছিন্ন ওই,
নাচে ভৈরব, ভৈরবী নাচে
ছিন্নমস্তা তাথই থই।
আকাশে আকাশে বৃংহিত – নাদ
করে কোটি মেঘ ঐরাবত,
সাগর শুষিয়া ছিটাইছে বারি,
ও কী ফুল হানে পুষ্পরথ।
এ কী এ শ্মশান-উল্লাস নাচে
ধূর্জটি-শিরে ভাগীরথী,
অকূল তিমিরে সহসা ভাতিল
নব-উদিচীর নব জ্যোতি।
বিস্ময়ে আঁখি মেলিয়া চাহিনু,
দেখা যায় শুধু দেবীচরণ,
মৃত্যুঞ্জয় মহাকাল শিব
যে চরণ-তলে মাগে মরণ!
ভৈরব নাচে ঊর্ধ্বে, নিম্নে
খণ্ডিত শির মহিষাসুর,
দুলিছে রক্ত-সিক্ত খড়গ,
কাঁপিছে তরাসে অসুর-পুর।
চিৎকারি ওঠে উল্লাসে
নব-ভারতের নব-পূজারিদল,
‘চাই না মা তোর শুভদ আশিস,
চাই শুধু ওই চরণতল –
যে চরণে তোর বাহন সিংহ,
মহিষ-অসুর মথিয়া যাস।
যদি বর দিস, দিয়ে যা বরদা,
দিয়ে যা শক্তি দৈত্য-ত্রাস’ ।প্রলয়শিখা
শুধু দেখা যায় দেবীর রক্ত –
চরণ, খড়গ, মহিষাসুর, -
ওকে ও চরণ-নিম্নে ঘুমায়
সমর-শয়নে বিজয়ী শূর?
কে যতী-ইন্দ্র তরুণ তাপস
দিয়া গেলে তুমি এ কী এ দান?
শবে শবে গেলে প্রাণ সঞ্চারি –
কেশব, বিলায়ে তোমার প্রাণ!
তিলে তিলে ক্ষয় করি আপনারে
তিলোত্তমারে সৃজিলে, হায়!
সুন্দ ও উপসুন্দ অসুর
বিনাশিতে তব তপ-প্রভায়!
হাতে ছিল তব চক্র ও গদা,
গ্রহণ করনি হেলায়, বীর!
বুকে ছিল প্রাণ, তাই দিয়ে রণ
জিনে গেলে প্রাণহীন জাতির।
তোমার হাতের শ্বেত-শতদল,
শুভ্র মহাপ্রাণ তোমার,
দিয়া গেলে তব জাতিরে আশিস,
তোমার হাতের নমস্কার!
লইবে কে বীর উন্নত-শির
দেবতার দান সে শতদল,
টলিয়া উঠেছে বিস্ময়ে ত্রাসে
বিন্ধ্য হইতে হিম-অচল।
নামিয়া আসিল এতদিনে বুঝি
হিমগিরি হতে পাষাণী মা,
কে জানে কাঘার রক্তে রাঙিয়া
উঠিতেছে দশদিক-সীমা!
দেখালে মায়ের রক্তচরণ,
কে দেখাবি দেবীমূর্তি মা-র,
ভারত চাহিয়া আছে তার পানে,
কে করিবে প্রতি-নমস্কার!প্রলয়শিখা
বিংশ শতাব্দী
হইল প্রভাত বিংশ শতাব্দীর,
নব-চেতনায় জাগো, জাগো, ওঠো বীর!
নব ধ্যান নব ধারণায় জাগো
নব প্রাণ নব প্রেরণায় জাগো,
সকল কালের উচ্চে তোলো গো শির,
সর্ব-বন্ধ-মুক্ত জাগো গে বীর!
নূতন কন্ঠে গাহো নূতনের জয়,
আমরা ছাড়ায়ে উঠেছি সর্বভয়!
সর্বকালের সব মোহ টুটি
বালারুণ-সম উঠিয়াছি ফুটি,
আজিকে সর্ব-পরাধীনতার লয়,
নতুন জগতে আমরা সর্বময়!
আমরা ভেঙেছি রাজার সিংহাসন,
করিয়াছি নরে আমরা গো নারায়ণ।
পায়ের তলার মানুষে টানিয়া
বসায়েছি দেব-বেদিতে আনিয়া,
টুটায়েছি সব দেশের সব বাঁধন
নিখিল মানব-জাতি এক-দেহ-মন।
পুবে, পশ্চিমে, উত্তরে, দক্ষিণে,
য়ুরোপ, রাশিয়া, আরব, মিশর, চীনে,
আমরা আজিকে এক-প্রাণ এক-দেহ,
এক বাণী – ‘কারো অধীন রবে না কেহ!’
চলি একে একে দৈত্য-প্রাসাদ জিনে।
পারি নাই যাহা, পারিব দু-এক দিনে।প্রলয়শিখা
কাটায়ে উঠেছ্রাণ শুধু ভালোবাসা চায়।
সাক্ষী আছ তুমি অন্তর্যামী
কতখানি ভালোবাসি আমি,
দেখি যবে তার মুখ
হৃদয়ে দারুণ সুখ
ভেঙে ফেলে হৃদয়ের দ্বার,
বলে, “ এ
কী ঘোর কারাগার!”
প্রাণ বলে, “ পারি নে সহিতে,
এ দুরন্ত সুখেরে বহিতে। ”
আকাশে হেরিলে শশী আনন্দে উথলি
উঠি
দেয় যথা মহাপারাবার
অসীম আনন্দ উপহার,
তেমনি সমুদ্র - ভরা আনন্দ তাহারে দিই
হৃদয় যাহারে ভালোবাসে,
হৃদয়ের প্রতি ঢেউ উথলি গাহিয়া উঠে
আকাশ পুরিয়া গীতোচ্ছ্বাসে।
ভেঙে ফেলি উপকূল পৃথিবী ডুবাতে চাহে,
আকাশে উঠিতে চায় প্রাণ --
আপনারে ভুলে
গিয়ে হৃদয় হইতে চাহে
একটি জগতব্যাপী গান।
তাহারে কবির অশ্রু হাসি
দিয়েছি কত - না রাশি রাশি,
সন্ধ্যাসংগীত
তাহারি কিরণে ফুটিতেছে
হৃদয়ের আশা ও ভরসা
তাহারি হাসি ও অশ্রুজল
এ প্রাণের বসন্ত বরষা।
‍‍
ভালোবাসি, আর গান গাই--
কবি হয়ে জন্মেছি ধরায়--
রাত্রি এত ভালো নাহি বাসে,
উষা এত গান নাহি গায়।
ভালোবাসা স্বাধীন মহান,
ভালোবাসা পর্বত-সমান।
ভিক্ষাবৃত্তি করে না তপন
পৃথিবীরে চাহে সে যখন --
সে চাহে উজ্জ্বল করিবারে,
সে চাহে উর্বর করিবারে,
জীবন করিতে প্রবাহিত,
কুসুম করিতে বিকশিত।
চাহে সে বাসিতে শুধু ভালো
চাহে সে করিতে শুধু আলো
স্বপ্নেও কি ভাবে কভু ধরা,
তপনেরে অনুগ্রহ করা?
যবে আমি যাই তার কাছে
সে কি মনে ভাবে গো তখন
অনুগ্রহ ভিক্ষা মাগিবারে
এসেছে ভিক্ষুক একজন?
অনুগ্রহ পাষাণমমতা
করুণার
কঙ্কাল কেবল,
ভাবহীন
বজ্রে গড়া হাসি --
স্ফটিককঠিন অশ্রু - জল।
সন্ধ্যাসংগীত
অনুগ্রহ বিলাসী গবিত,
দয়ালু কৃপণ --
বহু কষ্টে অশ্রুবিন্দু দেয়
শুষ্ক আঁখি করিয়া মন্থন।
নীচ হীন দীন অনুগ্রহ
কাছে যবে
আসিবারে চায়,
প্রণয় বিলাপ করি উঠে --
গীতগান ঘৃণায় পলায়।
হে দেবতা, অনুগ্রহ হতে
রক্ষা করো অভাগা কবিরে,
অপযশ অপমান
দাও --
দুঃখ
জ্বালা বহিব এ শিরে।
সম্পদের স্বর্ণকারাগারে,
গরবের
অন্ধকার - মাঝ,
রাজার মতন
চিরকাল
করুক বিরাজ।
সোনার শৃঙ্খল ঝংকারিয়া
গরবের
স্ফীত দেহ লয়ে
আসে নাকো যেন
আমাদের
স্বাধীন আলয়ে।
গান আসে ব’লে গান গাই,
ভালোবাসি ব’লে ভালোবাসি,
কেহ যেন
মনে নাহি করে
মোরা কারো
কৃপার প্রয়াসী।
নাহয় শুনো
না মোর গান,
ভালেবাসা
ঢাকা রবে মনে।
অনুগ্রহ করে এই কোরো --
অনুগ্রহ কোরো না এ জনে।
বুঝেছি গো বুঝেছি সজনি,
কী ভাব তোমার মনে জাগে--
বুক - ফাটা প্রাণ - ফাটা মোর
ভালোবাসা
এত বুঝি ভালো নাহি লাগে।
এত ভালোবাসা বুঝি পার না সহিতে,
এত বুঝি পার না বহিতে।
যখনি গো নেহারি তোমায় --
মুখ দিয়া আঁখি দিয়া
বাহিরিতে চায় হিয়া,
শিরার শৃঙ্খলগুলি ছিঁড়িয়া ফেলিতে চায়,
ওই মুখ বুকে ঢাকে,
ওই হাতে হাত রাখে,
কী করিবে ভাবিয়া না পায়,
যেন তুমি কোথা আছ খুঁজিয়া না পায়।
মন মোর পাগলের হেন
প্রাণপণে শুধায় সে যেন,
“ প্রাণের
প্রাণের মাঝে কী করিলে তোমারে গো পাই,
যে ঠাঁই রয়েছে শূন্য কী করিলে সে শূন্য পুরাই। ”
এইরূপে দেহের দুয়ারে
মন যবে থাকে যুঝিবারে,
তুমি চেয়ে দেখ মুখ - বাগে --
এত বুঝি ভালো নাহি লাগে।
তুমি চাও যবে মাঝে মাঝে
অবসর পাবে তুমি কাজে
আমারে ডাকিবে একবার --
কাছে গিয়া বসিব তোমার,
মৃদু মৃদু সুমধুর বাণী
কব তব কানে কানে রানী।
তুমিও কহিবে মৃদু ভাষ,
তুমিও হাসিবে মৃদু হাস,
হৃদয়ের মৃদু খেলাখেলি --
সন্ধ্যাসংগীত
ফুলেতে ফুলেতে হেলাহেলি।
চাও তুমি দুখহীন প্রেম
ছুটে যেথা ফুলের সুবাস,
উঠে যেথা জোছনালহরী,
বহে যেথা বসন্তবাতাস।
নাহি চাও আত্মহারা প্রেম
আছে যেথা অনন্ত পিয়াস,
বহে যেথা চোখের সলিল
,
উঠে যেথা দুখের নিশ্বাস।
প্রাণ যেথা কথা ভুলে যায়,
আপনারে ভুলে যায় হিয়া,
অচেতন চেতনা যেথায়,
চরাচর, ফেলে হারাইয়া।
এমন কি কেহ নাই, বল্ মোরে বল্
আশা,
মার্জনা করিবে মোর অতি -- অতি
ভালোবাসা!
ও কী সুরে গান গাস, হৃদয় আমার?
শীত নাই গ্রীষ্ম নাই, বসন্ত শরৎ
নাই,
দিন নাই রাত্রি নাই -- অবিরাম
অনিবার
ও কী সুরে গান গাস, হৃদয় আমার?
বিরলে বিজন বনে
বসিয়া আপন মনে
ভূমি - পানে চেয়ে চেয়ে, একই গান
গেয়ে গেয়ে --
দিন যায়, রাত যায়, শীত যায়,
গ্রীষ্ম যায়,
তবু গান ফুরায় না আর?
মাথায় পড়িছে পাতা, পড়িছে শুকানো
ফুল,
পড়িছে শিশিরকণা, পড়িছে রবির কর
,
পড়িছে বরষা - জল ঝরঝর ঝরঝর,
কেবলি মাথার ' পরে
করিতেছে সমস্বরে
বাতাসে শুকানো পাতা মরমর মরমর --
বসিয়া বসিয়া সেথা, বিশীর্ণ মলিন
প্রাণ
গাহিতেছে একই গান একই গান একই
গান।
পারি নে শুনিতে আর একই গান একই
গান।
কখন থামিবি তুই, বল্ মোরে বল্
প্রাণ!
একেলা ঘুমায়ে আছি --
সহসা স্বপন টুটি
সহসা জাগিয়া উঠি
সহসা শুনিতে পাই
হৃদয়ের এক ধারে
সেই স্বর ফুটিতেছে,
সেই গান উঠিতেছে --
কেহ শুনিছে না যবে
চারি দিকে স্তব্ধ সবে
সেই স্বর সেই গান অবিরাম
অবিশ্রাম
অচেতন আঁধারের শিরে শিরে চেতনা
সঞ্চারে।
সন্ধ্যাসংগীত
দিবসে মগন কাজে, চারি দিকে দলবল
,
চারি দিকে কোলাহল।
সহসা পাতিলে কান
শুনিতে পাই সে গান,
নানাশব্দময় সেই জনকোলাহল।
তাহারি প্রাণের মাঝে
একমাত্র শব্দ বাজে --
এক সুর, এক ধ্বনি,
অবিরাম অবিরল --
যেন সে কোলাহলের হৃদয়ম্পন্দন -
ধ্বনি --
সমস্ত ভুলিয়া যাই, বসে বসে তাই
গনি।
ঘুমাই বা জেগে থাকি, মনের
দ্বারের কাছে
কে যেন বিষণ্ন প্রাণী
দিনরাত বসে আছে --
চিরদিন করিতেছে বাস,
তারি শুনিতেছি যেন নিশ্বাস -
প্রশ্বাস।
এ প্রাণের ভাঙা ভিতে স্তব্ধ
দ্বিপ্রহরে
ঘুঘু এক বসে বসে গায় একস্বরে,
কে জানে কেন সে গান গায়।
বলি সে কাতর স্বরে স্তব্ধতা
কাঁদিয়া মরে,
প্রতিধ্বনি করে হায় - হায়।
হৃদয় রে, আর কিছু শিখিলি নে তুই
,
শুধু ওই গান!
প্রকৃতির শত শত রাগিণীর মাঝে
শুধু ওই তান!
তবে থাম্ থাম্ ওরে প্রাণ,
পারি নে শুনিতে আর একই গান, একই গান।
ভুলে গেছি
কবে তুমি ছেলেবেলা একদিন
মরমের কাছে এসেছিলে,
স্নেহময় ছায়াময়
সন্ধ্যাসম আঁখি মেলি
একবার বুঝি হেসেছিলে।
বুঝি গো সন্ধ্যার কাছে
শিখেছে সন্ধ্যার মায়া
ওই আঁখি দুটি --
চাহিলে হৃদয়পানে
মরমেতে পড়ে ছায়া,
তারা উঠে ফুটি।
আগে কে জানিত বলো
কত কী লুকানো ছিল
হৃদয়নিভৃতে,
তোমার নয়ন দিয়া
আমার নিজের হিয়া
পাইনু দেখিতে।
কখনো গাও নি তুমি
কেবল নীরবে রহি
শিখায়েছ গান --
স্ববপ্নময় শান্তিময়
পূরবীরাগিনী - তানে
বাঁধিয়াছ প্রাণ।
আকাশের পানে চাই,
সেই সুরে গান গাই
একেলা বসিয়া।
একে একে সুরগুলি,
অনন্তে হারায়ে যায়
আঁধারে পশিয়া।
বলো দেখি কতদিন
আস নি এ শূন্য প্রাণে।
বলো দেখি কতদিন
চাও নি হৃদয়পানে,
বলো দেখি কতদিন
শোনো নি এ মোর গান --
সন্ধ্যাসংগীত
তবে সখী গান - গাওয়া
হল বুঝি অবসান।
যে রাগ শিখায়েছিলে
সে কি আমি গেছি ভুলে?
তার সাথে মিলিছে না সুর?
তাই কি আস না প্রাণে,
তাই কি শোন না গান --
তাই সখী, রয়েছ কি দূর?
ভালো সখী, আবার শিখাও,
আরবার মুখপানে চাও,
একবার ফেলো অশ্রুজল,
আঁখিপানে দুটি আঁখি তুলি।
তা হলে পুরানো সুর
আবার পড়িবে মনে,
আর কভু যাইব না ভুলি।
সেই পুরাতন চোখে
মাঝে মাঝে চেয়ো সখী,
উজলিয়া স্মৃতির মন্দির।
এই পুরাতন প্রাণে
মাঝে মাঝে এসো সখী,
শূন্য আছে প্রাণের কুটির।
নহিলে আঁধার মেঘরাশি
হৃদয়ের আলোক নিবাবে,
একে একে ভুলে যাব সুর,
গান গাওয়া সাঙ্গ হয়ে যাবে।
আয় দুঃখ, আয় তুই,
তোর তরে পেতেছি আসন,
হৃদয়ের প্রতি শিরা টানি টানি
উপাড়িয়া
বিচ্ছিন্ন শিরার মুখে তৃষিত অধর
দিয়া
বিন্দু বিন্দু রক্ত তুই করিস
শোষণ ;
জননীর স্নেহে তোরে করিব পোষণ।
হৃদয়ে আয় রে তুই হৃদয়ের ধন।
নিভৃতে ঘুমাবি তুই হৃদয়ের নীড়ে ;
অতি গুরু তোর ভার --
দু - একটি শিরা তাহে যাবে বুঝি
ছিঁড়ে,
যাক ছিঁড়ে।
জননীর স্নেহে তোরে করিব বহন
দুর্বল বুকের ’পরে
করিব ধারণ,
একেলা বসিয়া ঘরে
অবিরল একস্বরে
গাব তোর কানে কানে ঘুম পাড়াবার গান।
মুদিয়া আসিবে তোর শ্রান্ত দু - নয়ান।
প্রাণের ভিতর হতে উঠিয়া নিশ্বাস
,
শ্রান্ত কপালেতে তোর করিবে বাতাস
,
তুই নীরবে ঘুমাস।
আয়, দুঃখ, আয় তুই,
ব্যাকুল এ হিয়া।
দুই হাতে মুখ চাপি হৃদয়ের ভূমি -
’পরে
পড়্ আছাড়িয়া।
সমস্ত হৃদয় ব্যাপি একবার
উচ্চস্বরে
অনাথ শিশুর মতো ওঠ্ রে কাঁদিয়া
প্রাণের মর্মের কাছে
একটি যে ভাঙা বাদ্য আছে
দুই হাতে তুলে নে রে,
সবলে বাজায়ে দে রে
সন্ধ্যাসংগীত
নিতান্ত উন্মাদ - সম ঝন্ ঝন্ ঝন্ ঝন্ ।
ভাঙ্গে তো ভাঙ্গিবে বাদ্য,
ছেঁড়ে তো ছিঁড়িবে তন্ত্রী --
নে রে তবে তুলে নে রে,
সবলে বাজায়ে দে রে
নিতান্ত উন্মাদ - সম ঝন্ ঝন্ ঝন্ ঝন্ ।
দারুণ আহত হয়ে দারুণ শব্দের ঘায়,
যত আছে প্রতিধ্বনি
বিষম প্রমাদ গনি
একেবারে সমস্বরে
কাঁদিয়া উঠিবে যন্ত্রণায় -
দুঃখ, তুই আয় তুই আয়।
নিতান্ত একেলা এ হৃদয়।
আর কিছু নয়,
কাছে আয় একবার,
তুলে ধর্ মুখ তার,
মুখে তার আঁখি দুটি রাখ্
একদৃষ্টে চেয়ে শুধু থাক্ ।
আর কিছু নয়,
নিরালয় এ হৃদয়
শুধু এক সহচর চায়।
তুই দুঃখ তুই কাছে আয়।
কথা না কহিস যদি
বসে থাক্
নিরবধি
হৃদয়ের পাশে দিনরাতি।
যখনি খেলাতে চাস
হৃদয়ের কাছে যাস,
হৃদয় আমার চায় খেলাবার সাথি।
আয় দুঃখ হৃদয়ের ধন,
এই হেথা পেতেছি আসন।
প্রাণের মর্মের কাছে
এখনো যা রক্ত আছে
তাই তুই করিস শোষণ।
এমন ক’দিন কাটে আর!
ললিত গলিত হাস,
জাগরণ, দীর্ঘশ্বাস,
সোহাগ, কটাক্ষ, মান,
নয়নসলিলধার,
মৃদু হাসি -- মৃদু কথা -- আদরের
, উপেক্ষার --
এই শুধু, এই শুধু, দিনরাত এই
শুধু --
এমন ক’দিন কাটে আর!
কটাক্ষে মরিয়া যায়,
কটাক্ষে বাঁচিয়া উঠে,
হাসিতে হৃদয় জুড়ে, হাসিতে হৃদয়
টুটে,
ভীরুর মতন আসে
দাঁড়ায়ে রহে গো পাশে,
ভয়ে ভয়ে মৃদু হাসে,
ভয়ে ভয়ে মুখ ফুটে,
একটু আদর পেলে অমনি চরণে লুটে,
অমনি হাসিটি জাগে মলিন অধরপুটে,
একটু কটাক্ষ হেরি অমনি সরিয়া যায়
--
অমনি জগৎ যেন শূন্য মরুভূমি -
হেন,
অমনি মরণ যেন প্রাণের অধিক ভায়।
প্রণয় অমৃত এ কি? এ যে ঘোর
হলাহল --
হৃদয়ের শিরে শিরে
প্রবেশিয়া
ধীরে ধীরে
অবশ করেছে দেহ, শোণিত করেছে জল
।
কাজ নাই, কর্ম নাই,
বসে আছে এক ঠাঁই,
হাসি ও কটাক্ষ লয়ে খেলেনা গড়িছে
যত,
কভু ঢুলে পড়া আঁখি কভু
অশ্রুভারে নত।
দূর করো,দূর করো,
বিকৃত এ ভালোবাসা
জীবনদায়িনী নহে, এ যে গো
হৃদয়নাশা।
কোথায় প্রণয়ে মন যৌবনে ভরিয়া উঠে
,
সন্ধ্যাসংগীত
জগতের অধরেতে হাসির জোছনা ফুটে,
চোখেতে সকলি ঠেকে বসন্তহিল্লোলময়
,
হৃদয়ের শিরে শিরে শোণিত সতেজে বয়
--
তা নয়, একি এ হল, একি এ জর্জর
মন!
হাসিহীন দু অধর, জ্যোতিহীন দু
নয়ন!
দূরে যাও, দূরে যাও, হৃদয় রে
দূরে যাও --
ভূলে যাও, ভুলে যাও,
ছেলেখেলা ভুলে যাও।
দূর করো, দূর করো, বিকৃত এ
ভালোবাসা --
জীবনদায়িনী নহে, এ
যে গো হৃদয়নাশা।
হায় হায়,
জীবনের তরুণ বেলায়,
কে ছিল রে হৃদয় - মাঝারে,
দুলিত রে অরুণ - দোলায়!
হাসি তার ললাটে ফুটিত,
হাসি তার ভাসিত নয়নে,
হাসি তার ঘুমায়ে পড়িত
সুকোমল অধরশয়নে।
ঘুমাইলে, নন্দনবালিকা
গেঁথে দিত স্বপনমালিকা ;
জাগরণে, নয়নে তাহার
ছায়াময় স্বপন জাগিত ;
আশা তার পাখা প্রসারিয়া
উড়ে যেত উধাও হইয়া,
চাঁদের পায়ের কাছে গিয়ে
জ্যোৎস্নাময় অমৃত মাগিত।
বনে সে তুলিত শুধু ফুল,
শিশির করিত শুধু পান,
প্রভাতের পাখিটির মতো
হরষে করিত শুধু গান।
কে গো সেই, কে গো হায় হায়,
জীবনের তরুণ বেলায়
খেলাইত হৃদয় - মাঝারে
দুলিত রে অরুণ - দোলায়?
সচেতন অরুণকিরণ
কে সে প্রাণে এসেছিল নামি?
সে আমার শৈশবের কুঁড়ি,
সে আমার সুকুমার আমি।
সন্ধ্যাসংগীত
প্রতিদিন বাড়িল আঁধার,
পথমাঝে উড়িল রে ধূলি,
হৃদয়ের অরণ্য - আঁধারে
দুজনে আইনু পথ ভুলি।
নয়নে পড়িছে তার রেণু,
শাখা বাজে সুকুমার কায়,
ঘন ঘন বহিছে নিশ্বাস
কাঁটা বিঁধে সুকোমল গায়।
ধুলায় মলিন হল দেহ,
সভয়ে মলিন হল মুখ
কেঁদে সে চাহিল মুখপানে
দেখে মোর ফেটে গেলে বুক।
কেঁদে সে কহিল মুখ চাহি,
“ ওগো মোরে আনিলে কোথায়?
পায় পায় বাজিতেছে বাধা,
তরুশাখা লাগিছে মাথায়।
চারি দিকে মলিন আঁধার,
কিছু হেথা নাহি যে সুন্দর,
কোথা গো শিশির - মাখা ফুল,
কোথা গো প্রভাতরবিকর?”
কেঁদে কেঁদে সাথে সে চলিল,
কহিল সে সকরুণ স্বর,
“ কোথা গো শিশির - মাখা ফুল,
কোথা গো প্রভাত রবিকর। ”
প্রতিদিন বাড়িল আঁধার
পথ হল পঙ্কিল মলিন --
মুখে তার কথাটিও নাই,
দেহ তার হল বলহীন।
অবশেষে একদিন,
কেমনে, কোথায়, কবে
কিছুই যে জানি নে গো হায়,
সন্ধ্যাসংগীত
হারাইয়া গেল সে কোথায়।
রাখো দেব, রাখো, মোরে রাখো,
তোমার স্নেহেতে মোরে ঢাকো
আজি চারি দিকে মোর এ কী অন্ধকার ঘোর,
একবার নাম ধরে ডাকো।
পারি না যে সামালিতে, কাঁদি গো আকুল চিতে
,
কত রব মৃত্তিকা বহিয়া।
ধূলিময় দেহখানি
ধুলায় আনিছে টানি,
ধুলায় দিতেছে ঢাকি হিয়া।
হারায়েছি আমার আমারে,
আজি আমি ভ্রমি অন্ধকারে।
কখনো বা সন্ধ্যাবেলা আমার পুরানো সাথি
মুহূর্তের তরে আসে প্রাণে,
চারি দিকে নিরখে নয়ানে।
প্রণয়ীর শ্মশানেতে
একেলা বিরলে আসি
প্রণয়ী যেমন কেঁদে যায়,
নিজের সমাধি - ’পরে নিজে বসি
উপছায়া
যেমন নিশ্বাস ফেলে হায়,
কুসুম শুকায়ে গেলে যেমন সৌরভ
তার
কাছে কাছে কাঁদিয়া বেড়ায়,
সুখ ফুরাইয়া গেলে
একটি মলিন হাসি
অধরে বসিয়া কেঁদে চায়,
তেমনি সে আসে প্রাণে --
চায় চারি দিক - পানে,
কাঁদে, আর কেঁদে চলে যায়।
বলে শুধূ, “ কী ছিল, কী হল,
সে - সব কোথায় চলে গেল!”
বহুদিন দেখি নাই তারে,
আসে নি এ হৃদয় - মাঝারে।
সন্ধ্যাসংগীত
মনে করি মনে আনি
তার সেই মুখখানি,
ভালো করে মনে পড়িছে না।
হৃদয়ে যে ছবি ছিল
ধুলায় মলিন হল,
আর তাহা নাহি যায় চেনা।
ভুলে গেছি কী খেলা খেলিত,
ভুলে গেছি কী কথা বলিত।
যে গান গাহিত সদা
সুর তার মনে আছে,
কথা তার নাহি পড়ে মনে।
যে আশা হৃদয়ে লয়ে
উড়িত সে মেঘ চেয়ে
আর তাহা পড়ে না স্মরণে।
শুধু যবে হৃদি-মাঝে চাই
মনে পড়ে -- কী ছিল, কী নাই।
অবশ নয়ন নিমীলিয়া
সুখ কহে নিশ্বাস ফেলিয়া,
“ এমন জোছনা সুমধুর,
বাঁশরি বাজিছে দূর দূর,
যামিনীর হসিত নয়নে
লেগেছে মৃদুল, ঘুমঘোর।
নদীতে উঠেছে মৃদু ঢেউ,
গাছেতে নড়িছে মৃদু পাতা,
লতায় ফুটিয়া ফুল দুটি
পাতায় লুকায় তার মাথা
মলয় সুদূর বনভূমে
কাঁপায়ে গাছের ছায়াগুলি
লাজুক ফুলের মুখ হতে
ঘোমটা দিতেছে খুলি খুলি।
এমন মধুর রজনীতে
একেলা রয়েছি বসিয়া,
যামিনীর হৃদয় হইতে
জোছনা পড়িছে খসিয়া। ”
হৃদয়ে একেলা শুয়ে শুয়ে
সুখ শুধু এই গান গায়,
“ নিতান্ত একেলা আমি যে
কেহ, কেহ, কেহ নাই হায়। ”
আমি তারে শুধাইনু গিয়া,
“ কেন, সুখ, কার কর আশা?”
সুখ শুধু কাঁদিয়া কহিল,
“ ভালোবাসা, ভালোবাসা গো।
সকলি, সকলি হেথা আছে --
কুসুম ফুটেছে গাছে গাছে,
আকাশে তারকা রাশি রাশি,
সন্ধ্যাসংগীত
জোছনা ঘুমায় হাসি হাসি।
সকলি, সকলি হেথা আছে -
সেই শুধু, সেই শুধু নাই,
ভালোবাসা নাই শুধু কাছে। ”
অবশ নয়ন নিমীলিয়া
সুখ কহে নিশ্বাস ফেলিয়া,
“
এই তটিনীর ধারে, এই শুভ্র জোছ্নায়,
এই কুসুমিত বনে, এই বসন্তের বায়,
কেহ মোর নাই একেবারে,
তাই সাধ গেছে কাঁদিবারে।
তাই সাধ যায় মনে মনে --
মিশাব এ যামিনীর সনে,
কিছুই রবে না আর প্রাতে,
শিশির রহিবে পাতে পাতে।
সাধ যায় মেঘটির মতো
কাঁদিয়া মরিয়া গিয়া আজি
অশ্রুজলে হই পরিণত। ”
সুখ বলে, “ এ জন্ম ঘুচায়ে
সাধ যায় হইতে বিষাদ। ”
“ কেন সুখ, কেন হেন সাধ?”
“ নিতান্ত একা যে আমি গো
কেহ যে, কেহ যে নাই মোর। ”
“ সুখ, কারে চায় প্রাণ তোর?
সুখ, কার করিস রে আশা?”
সুখ শুধু কেঁদে কেঁদে বলে,
“ ভালোবাসা, ভালোবাসা গো। ”
পরাজয়-সঙ্গীত
ভালো করে যুঝিলি নে, হল তোরি
পরাজয় --
কী আর ভাবিতেছিস, ম্রিয়মাণ, হা
হৃদয়!
কাঁদ্ তুই, কাঁদ্ , হেথা আয়,
একা বসে বিজনে বিদেশে।
জানিতাম জানিতাম হা রে
এমনি ঘটিবে অবশেষে।
সংসারে যাহারা ছিল সকলেই জয়ী হল
,
তোরি শুধু হল পরাজয় --
প্রতি রণে প্রতি পদে একে একে ছেড়ে দিলি
জীবনের রাজ্য সমুদয়।
যতবার প্রতিজ্ঞা করিলি
ততবার পড়িল টুটিয়া,
ছিন্ন আশা বাঁধিয়া তুলিলি
বার বার পড়িল লুটিয়া।
“ সান্ত্বনা সান্ত্বনা” করি ফিরি
সান্ত্বনা কি মিলিল রে মন?
জুড়াইতে ক্ষত বক্ষঃস্থল
ছুরিরে করিলি আলিঙ্গন।
ইচ্ছা, সাধ, আশা যাহা ছিল
অদৃষ্ট সকলি লুটে নিল।
মনে হইতেছে আজি
জীবন
হারায়ে গেছে,
মরণ হারায়ে গেছে হায়!
কে জানে এ কী এ ভাব? শূন্যপানে
চেয়ে আছি
মৃত্যুহীন মরণের প্রায়।
পরাজিত এ হৃদয়
জীবনের দুর্গ মম
মরণে করিল সমর্পণ,
তাই আজ জীবনে মরণ!
সন্ধ্যাসংগীত
জাগ্ জাগ্ জাগ্ ওরে,
গ্রাসিতে এসেছে তোরে
নিদারুণ শূন্যতার ছায়া,
আকাশ - গরাসী তার কায়া।
গেল তোর চন্দ্র সূর্য
, গেল তোর গ্রহ তারা,
গেল, তোর আত্ম আর পর।
এইবেলা প্রাণপণ কর্ ।
এইবেলা ফিরে দাঁড়া তুই,
স্রোতোমুখে ভাসিস নে আর।
যাহা পাস আঁকড়িয়া ধর্ --
সম্মুখে অসীম পারাবার,
সম্মুখেতে চির অমানিশি,
সম্মুখেতে মরণ বিনাশ
!
গেল, গেল, বুঝি নিয়ে গেল
আবর্ত করিল বুঝি গ্রাস!
তুমি কেন আসিলে হেথায়
এ আমার সাধের আবাসে?
এ আলয়ে যে নিবাসী থাকে,
এ আলয়ে যে অতিথি আসে,
সবাই আমার সখা,
সবাই আমার বঁধু,
সবারেই আমি ভালোবাসি,
তারাও আমারে ভালোবাসে --
তুমি তবে কেন এলে হেথা
এ আমার সাধের আবাসে?
এ আমার প্রেমের আলয়,
এ মোর স্নেহের নিকেতন ;
বেছে বেছে কুসুম তুলিয়া
রচিয়াছি কোমল আসন।
কেহ হেথা নাইকো নিষ্ঠুর,
কিছু হেথা নাইকো কঠিন,
কবিতা আমার প্রণয়িনী
এইখানে আসে প্রতিদিন।
সমীর কোমলমন
আসে হেথা অনুক্ষণ
যখনি সে পায় অবকাশ,
যখনি প্রভাত ফুটে, যখনি সে জেগে উঠে
ছুটিয়া সে আসে মোর পাশে।
দুই বাহু প্রসারিয়া
আমারে বুকেতে নিয়া
কত শত বারতা শুধায়,
সখা মোর প্রভাতের বায়।
আকাশেতে তুলে আঁখি
বাতায়নে বসে থাকি
নিশি যবে পোহায় - পোহায় ;
উষার আলোকে হারা সখী মোর শুকতারা
আমার এ মুখপানে চায়।
নীরবে চাহিয়া রহে, নীরব নয়নে কহে,
সন্ধ্যাসংগীত
“ সখা, আজ বিদায়, বিদায়। ”
ধীরে ধীরে সন্ধ্যার বাতাস
প্রতিদিন আসে মোর পাশ।
দেখে, আমি বাতায়নে,
অশ্রু ঝরে দু নয়নে,
ফেলিতেছি দুখের নিশ্বাস।
অতি ধীরে আলিঙ্গন করে,
কথা কহে সকরুণ স্বরে,
কানে কানে বলে, “ হায় হায়। ”
কোমল কপোল দিয়া কপোল
চুম্বন করি
অশ্রু বিন্দু সুধীরে শুকায়।
সবাই আমার মন বুঝে,
সবাই আমার দুঃখ জানে,
সবাই করুণ আঁখি মেলি
চেয়ে থাকে এই মুখপানে।
যে কেহ আমার ঘরে আসে
সবাই আমারে ভালোবাসে --
তবে কেন তুমি এলে হেথা
এ আমার সাধের আবাসে?
ফেরো ফেরো, ও নয়ন রসহীন ও বয়ন
আনিয়ো না এ মোর আলয়ে,
আমরা সখারা মিলি আছি হেথা
নিরিবিলি
আপনার মনোদুঃখ লয়ে।
এমনি হয়েছে শান্ত মন,
ঘুচেছে দুঃখের কঠোরতা ;
ভালো লাগে বিহঙ্গের গান,
ভালো লাগে তটিনীর কথা।
ভালো লাগে কাননে দেখিতে
বসন্তের কুসুমের মেলা,
ভালো লাগে সারাদিন বসে
সন্ধ্যাসংগীত
দেখিতে মেঘের ছেলেখেলা।
এইরূপে সায়াহ্নের কোলে
রচেছি গোধূলি - নিকেতন,
দিবসের অবসান - কালে
পশে হেথা রবির কিরণ।
আসে হেথা অতি দূর হতে
পাখিদের বিরামের তান,
ম্রিয়মাণ সন্ধ্যা - বাতাসের
থেকে থেকে মরণের গান।
পরিশ্রান্ত অবশ পরানে
বসিয়া রয়েছি এইখানে।
যাও মোরে যাও ছেড়ে নিয়ো না নিয়ো না কেড়ে,
নিয়ো না নিয়ো না মন মোর।
সখাদের কাছ হতে ছিনিয়া নিয়ো না
মোরে,
ছিঁড়ো না এ প্রণয়ের ডোর।
আবার হারাই যদি এই
গিরি, এই নদী,
মেঘ বায়ু কানন নির্ঝর,
আবার স্বপন ছুটে
একেবারে যায় টুটে
এ আমার গোধূলির ঘর।
আবার আশ্রয়হারা,
ঘুরে ঘুরে হই সারা
ঝটিকার মেঘখণ্ড - সম,
দুঃখের বিদ্যুৎ - ফণা
ভীষণ ভুজঙ্গ এক
পোষণ করিয়া বক্ষে মম --
তাহা হলে এ জনমে,
নিরাশ্রয় এ জীবনে
ভাঙা ঘর আর গড়িবে না,
ভাঙা হৃদি আর জুড়িবে না।
কাল সবে গড়েছি আলয়,
কাল সবে জুড়েছি হৃদয় -
আজি তা দিয়ো না যেন ভেঙে,
রাখো তুমি রাখো এ বিনয়।
ঘুমা দুঃখ হৃদয়ের ধন,
ঘুমা তুই ঘুমা রে এখন।
সুখে সারা দিনমান
শোণিত করিয়া পান
এখন তো মিটেছে তিয়াষ?
দুঃখ, তুই সুখেতে ঘুমাস।
আজ জোছনার রাত্রে বসন্তপবনে,
অতীতের পরলোক ত্যজি শূন্যমনে,
বিগত দিবসগুলি শুধু একবার
পুরানো খেলার ঠাঁই দেখিতে এসেছে
এই হৃদয়ে আমার --
যবে বেঁচেছিল তারা এই এ শ্মশানে
দিন গেলে প্রতিদিন পুড়াত যেখানে
একেকটি আশা আর একেকটি সুখ,
সেইখানে আসি তারা বসিয়া রয়েছে
অতি ম্লান মুখ।
সেখানে বসিয়া তারা সকলে মিলিয়া
অতি মৃদু স্বরে
পুরানো কালের গীতি নয়ন মুদিয়া
ধীরে গান করে।
দুঃখ, তুই ঘুমা।
ধীরে উঠিতেছে গান,
ক্রমে ছাইতেছে প্রাণ,
নীরবতা ছায় যথা সন্ধ্যার গগন।
গানের প্রাণের মাঝে তোর তীব্র কণ্ঠস্বর
সন্ধ্যাসংগীত
ছুরির মতন।
তুই থাম্ দুঃখ, থাম্ ।
তুই ঘুমা দুঃখ, ঘুমা।
কাল উঠিস আবার,
খেলিস দুরন্ত খেলা হৃদয়ে আমার ;
হৃদয়ের শিরাগুলি ছিঁড়ি ছিঁড়ি মোর
তাইতে রচিস তন্ত্রী বীণাটির তোর,
সারাদিন বাজাস বসিয়া
ধ্বনিয়া হৃদয়।
আজ রাত্রে রব শুধু চাহিয়া চাঁদের পানে,
আর কিছু নয়।
আরম্ভিছে শীতকাল,
পরিছে নীহারজাল,
শীর্ণ বৃক্ষশাখা যত ফুলপত্রহীন,
মৃতপ্রায় পৃথিবীর মুখের উপরে
বিষাদে প্রকৃতিমাতা
শুভ্র বাম্পজালে - গাঁথা
কুজ্ঝটি - বসনখানি দেছেন টানিয়া।
পশ্চিমে গিয়েছে রবি, স্তব্ধ সন্ধ্যাবেলা,
বিদেশে আসিনু শ্রান্ত পথিক একেলা।
রহিনু দুদিন।
এখনো রয়েছে শীত,
বিহঙ্গ গাহে না গীত,
এখনো ঝরিছে পাতা, পড়িছে তুহিন।
বসন্তের প্রাণভরা চুম্বন - পরশে
সর্ব অঙ্গ শিহরিয়া
পুলকে - আকুল - হিয়া
মৃতশয্যা হতে ধরা জাগে নি হরষে।
এক দিন দুই দিন ফুরাইল শেষে,
আবার উঠিতে হল, চলিনু বিদেশে।
এই - যে ফিরানু মুখ, চলিনু পুরবে,
আর কি রে এ জীবনে ফিরে আসা হবে।
কত মুখ দেখিয়াছি দেখিব না আর।
ঘটনা ঘটিবে কত,
বরষ বরষ শত
জীবনের ’পর দিয়া হয়ে যাবে পার --
হয়তো - বা একদিন অতি দূর দেশে,
আসিয়াছে সন্ধ্যা হয়ে,
বাতাস যেতেছে বয়ে,
একেলা নদীর ধারে রহিয়াছি বসে --
হু হু করে উঠিবেক সহসা এ হিয়া,
সহসা এ মেঘাচ্ছন্ন স্মৃতি উজলিয়া
একটি অস্ফুট রেখা -- সহসা দিবে যে দেখা,
একটি মুখের ছবি উঠিবে জাগিয়া,
একটি গানের ছত্র পড়িবেক মনে,
সন্ধ্যাসংগীত
দু - একটি সুর তার উদিবে স্মরণে,
অবশেষে একেবারে সহসা সবলে
বিস্মৃতির বাঁধগুলি
ভাঙিয়া চুর্ণিয়া ফেলি
সেদিনের কথাগুলি বন্যার মতন
একেবারে বিপ্লাবিয়া ফেলিবে এ মন।
শতফুলদলে গড়া সেই মুখ তার
স্বপনেতে প্রতিনিশি
হৃদয়ে উদিবে আসি
এলানো আকুল কেশে, আকুল নয়নে।
সেই মুখ সঙ্গী মোর হইবে বিজনে,
নিশীথের অন্ধকার আকাশের পটে
নক্ষত্র - গ্রহের মতো উঠিবেক ফুটে
ধীরে ধীরে রেখা রেখা সেই মুখ তার
নিঃশব্দে মুখের পানে চাহিয়া আমার।
চমকি উঠিব জাগি শুনি ঘুমঘোরে
“ যাবে তবে? যাবে?” সেই ভাঙা - ভাঙা স্বরে।
ফুরাল দু’দিন --
শরতে যে শাখা হয়েছিল পত্রহীন
এ দু’দিনে সে শাখা
উঠে নি মুকুলিয়া,
অচল শিখর - ’পরি
যে তুষার ছিল পড়ি
এ দু’দিনে কণা তার যায় নি গলিয়া,
কিন্তু এ দু’দিন তার শত বাহু দিয়া
চিরটি জীবন মোর রহিবে বেষ্টিয়া।
দু’দিনের পদচিহ্ন চিরদিন - তরে
অঙ্কিত রহিবে শত বরষের শিরে।
নাম তার সন্তোষ,
জঠরে অগ্নিদোষ,
হাওয়া খেতে গেল সে পচম্বা।
নাকছাবি দিয়ে নাকে
বাঘনাপাড়ায় থাকে
বউ তার বেঁটে জগদম্বা
।
ডাক্তার গ্রেগ্ সন
দিল ইনজেক্ শন —
দেহ হল সাত ফুট লম্বা।
এত বাড়াবাড়ি দেখে
সন্তোষ কহে হেঁকে,
‘ অপমান সহিব কথম্ বা।
শুন ডাক্তার ভায়া,
উঁচু করো মোর পায়া,
স্ত্রীর কাছে কেন রব
কম বা।
খড়ম জোড়ায় ঘষে
ওষুধ লাগাও কষে'—
শুনে ডাক্তার হতভম্বা।
মুরগি-পাখির 'পরে
অন্তরে টান তার,
জীবে তার দয়া আছে
এই তো প্রমাণ তার।
বিড়াল চাতুরী ক'রে
পাছে পাখি নেয় ধরে
এই ভয়ে সেই দিকে
সদা আছে কান তার —
শেয়ালের খলতায়
ব্যথা পায় প্রাণ তার।
হাতে কোনো কাজ নেই,
নওগাঁর তিনকড়ি
সময় কাটিয়ে দেয়
ঘরে ঘরে ঋণ করি।
ভাঙা খাট কিনেছিল,
ছ
পয়সা খরচা —
শোয় না সে হয় পাছে
কুঁড়েমির চর্চা।
বলে, ‘ ঘরে এত ঠাসা
কিঙ্কর কিঙ্করী,
তাই কম খেয়ে খেয়ে
দেহটারে ক্ষীণ করি। '
অল্পেতে খুশি হবে
দামোদর শেঠ কি।
মুড়কির মোয়া চাই,
চাই ভাজা ভেট ্ কি।
আনবে কট্ কি জুতো,
মট্ কিতে ঘি এনো,
জলপাইগুঁড়ি থেকে
এনো কই জিয়োনো —
চাঁদনিতে পাওয়া যাবে
বোয়ালের পেট কি।
চিনেবাজারের থেকে
এনো তো করমচা,
কাঁকড়ার ডিম চাই,
চাই যে গরম চা,
নাহয় খরচা হবে
মাথা হবে হেঁট কি।
মনে রেখো বড়ো মাপে
করা চাই আয়োজন,
কলেবর খাটো নয় —
তিন মোন প্রায় ওজন।
খোঁজ নিয়ো ঝড়িয়াতে
জিলিপির রেট কী।
পাঠশালে হাই তোলে
মতিলাল নন্দী।
বলে, ‘ পাঠ এগোয় না
যত কেন মন দি। '
শেষকালে একদিন
গেল চড়ি টঙ্গায়,
পাতাগুলো ছিঁড়ে ছিঁড়ে
ভাসালো মা-গঙ্গায় ;
সমাস এগিয়ে গেল,
ভেসে গেল সন্ধি —
পাঠ এগোবার তরে
এই তার ফন্দি।
মেছুয়াবাজার থেকে
পালোয়ান চারজন
পরের ঘরেতে করে
জঞ্জাল-মার্জন।
ডালায় লাগিয়ে চাপ
বাক্সো করেছে সাফ,
হঠাৎ লাগালো গুঁতো
পুলিসের সার্জন।
কেঁদে বলে, ‘ আমাদের
নেই কোনো গার্জন,
ভেবেছিনু হেথা হয়
নৈশবিদ্যালয় —
নিখর্ চা জীবিকার
বিদ্যা-উপার্জন। '
কুঁজো তিনকড়ি ঘোরে
পাড়া চারিদিককার,
সন্ধ্যায় ঘরে ফেরে
নিয়ে ঝুলি ভিক্ষার।
বলে সিধু গড়গড়ি
রাগে দাঁত কড়মড়ি,
‘ ভিখ্ মেগে ফেরো ', মনে
হয় না কি ধিক ্ কার?'
ঝুলি নিজে কেড়ে বলে,
‘ মাহিনা এ শিক্ষার।
'
রাজা বসেছেন ধ্যানে,
বিশজন সর্দার
চীৎকার রবে তারা
হাঁকিছে — ‘ খবরদার '
।
সেনাপতি ডাক ছাড়ে,
মন্ত্রী সে দাড়ি নাড়ে,
যোগ দিল তার সাথে
ঢাকঢোল-বর্দার।
ধরাতল কম্পিত,
পশুপ্রাণী লম্ফিত,
রানীরা মূর্ছা যায়
আড়ালেতে পর্দার।
আয়না দেখেই চমকে বলে,
‘ মুখ যে দেখি
ফ্যাকাশে,
বেশিদিন আর বাঁচব না তো — '
ভাবছে বসে একা সে।
ডাক্তারেরা লুটল কড়ি,
খাওয়ায় জোলাপ, খাওয়ায় বড়ি,
অবশেষে বাঁচল না সেই
বয়স যখন
একাশি।
সন্ধেবেলায় বন্ধুঘরে
জুটল চুপিচুপি
গোপেন্দ্র মুস্তুফি।
রাত্রে যখন ফিরল ঘরে
সবাই দেখে তারিফ করে —
পাগড়িতে তার জুতোজোড়া,
পায়ে রঙিন টুপি।
এই উপদেশ দিতে এল —
সব করা চাই এলোমেলো,
‘ মাথায় পায়ে রাখব না ভেদ '
চেঁচিয়ে বলে গুপি।
বর এসেছে বীরের ছাঁদে,
বিয়ের লগ্ন আট ্ টা।
পিতল-আঁটা লাঠি কাঁধে,
গালেতে গালপাট্টা।
শ্যালীর সঙ্গে ক্রমে ক্রমে
আলাপ যখন উঠল জমে,
রায়বেঁশে নাচ নাচের ঝোঁকে
মাথায় মারলে গাঁট্টা।
শ্বশুর কাঁদে মেয়ের শোকে,
বর হেসে কয় —'ঠাট্টা'।
দাড়ীশ্বরকে মানত ক ' রে
গোঁপ-গাঁ গেল হাবল —
স্বপ্নে শেয়ালকাঁটা-পাখি
গালে মারল খাবল।
দেখতে দেখতে ছাড়ায় দাড়ি
ভদ্র সীমার মাত্রা —
নাপিত খুঁজতে করল হাবল
রাওলপিণ্ডি যাত্রা।
উর্ দু ভাষায় হাজাম এসে
বক্ ল আবল-তাবল।
তিরিশটা খুর একে একে
ভাঙল যখন পটাৎ,
কামারটুলি থেকে নাপিত
আনল তখন হঠাৎ
যা হাতে পায় খাঁড়া বঁটি
কোদাল করাত সাবল।
কাঁচড়াপাড়াতে এক
ছিল রাজপুত্তুর,
রাজকন্যারে লিখে
পায় না সে উত্তর।
টিকিটের দাম দিয়ে
রাজ্য বিকাবে কি এ,
রেগেমেগে শেষকালে
বলে ওঠে — দুত্তোর!
ডাকবাবুটিকে দিল
মুখে ডালকুত্তোর।
নিষ্কাম পরহিতে কে ইহারে সামলায় —
স্বার্থেরে নিঃশেষে-মুছে-ফেলা মামলায়।
চলেছে উদারভাবে সম্বল-খোয়ানি —
গিনি যায়, টাকা যায়, সিকি যায় দোয়ানি,
হল সারা বাঁটোয়ারা উকিলে ও আমলায়।
গিয়েছে পরের লাগি অন্নের শেষ গুঁড়ো —
কিছু খুঁটে পাওয়া যায় ভুষি তুঁষ খুদকুঁড়ো
গোরুহীন গোয়ালের তলাহীন গামলায়।
সভাতলে ভুঁয়ে
কাৎ হয়ে শুয়ে
নাক ডাকাইছে সুল্ তান,
পাকা দাড়ি নেড়ে
গলা দিয়ে ছেড়ে
মন্ত্রী গাহিছে মূলতান।
এত উৎসাহ দেখি গায়কের
জেদ হল মনে সেনানায়কের —
কোমরেতে এক ওড়না জড়িয়ে
নেচে করে সভা গুলতান।
ফেলে সব কাজ
বরকন্দাজ
বাঁশিতে লাগায় ভুল তান।
বাদশার মুখখানা
গুরুতর গম্ভীর,
মহিষীর হাসি নাহি ঘুচে ;
কহিলা বাদশা-বীর,—
‘ যতগুলো দম্ভীর
দম্ভ মুছিব চেঁচে-পুঁছে। '
উঁচু মাথা হল হেঁট,
খালি হল ভরা পেট,
শপাশপ্ পিঠে পড়ে বেত
।
কভু ফাঁসি কভু জেল,
কভু শূল কভু শেল,
কভু ক্রোক দেয় ভরা খেত
।
মহিষী বলেন তবে,—
‘ দম্ভ যদি না র'বে
কী দেখে হাসিব তবে,
প্রভু। '
বাদশা শুনিয়া কহে,—
‘ কিছুই যদি না রহে
হসনীয় আমি র'ব তবু।
'
ঘোষালের বক্তৃতা
করা কর্তব্যই,
বেঞ্চি চৌকি আদি
আছে সব দ্রব্যই।
মাতৃভূমির লাগি
পাড়া ঘুরে মরেছে,
একশো টিকিট বিলি
নিজ হাতে করেছে।
চোখ বুজে ভাবে, বুঝি
এল সব সভ্যই।
চোখ চেয়ে দেখে, বাকি
শুধু নিরেনব্বই।
‘ শুনব হাতির হাঁচি '
এই ব'লে কেষ্টা
নেপালের বনে বনে
ফেরে সারা দেশটা।
শুঁড়ে সুড়্ সুড়ি দিতে
নিয়ে গেল কঞ্চি,
সাত জালা নস্যি ও
রেখেছিল সঞ্চি,
জল কাদা ভেঙে ভেঙে
করেছিল চেষ্টা —
হেঁচে দু-হাজার হাঁচি
মরে গেল শেষটা।
ইঁটের গাদার নীচে
ফটকের ঘড়িটা।
ভাঙা দেয়ালের গায়ে
হেলে-পড়া কড়িটা।
পাঁচিলটা নেই, আছে
কিছু ইঁট সুরকি।
নেই দই সন্দেশ,
আছে খই মুড়কি।
ফাটা হুঁকো আছে হাতে,
গেছে গড়গড়িটা।
গলায় দেবার মতো
বাকি আছে দড়িটা।
পাখিওয়ালা বলে, ‘ এটা
কালোরঙ চন্দনা। '
পানুলাল হালদার
বলে, ‘ আমি অন্ধ না —
কাক ওটা নিশ্চিত,
হরিনাম ঠোঁটে নাই। '
পাখিওয়ালা বলে, ‘ বুলি
ভালো করে ফোটে নাই —
পারে না বলিতে 'বাবা',
'কাকা' নামে বন্দনা। '
রসগোল্লার লোভে
পাঁচকড়ি মিত্তির
দিল ঠোঙা শেষ করে
বড়ো ভাই পৃথ্বির।
সইল না কিছুতেই
যকৃতের নিচুতেই
যন্ত্র বিগ ্ ড়ে গিয়ে
ব্যামো হল পিত্তির।
ঠোঙাটাকে বলে, ‘ পাজি
ময়রার কারসাজি। '
দাদার উপরে রাগে —
দাদা বলে, ‘ চিত্তির!
পেটে যে স্মরণসভা
আপনারি কীর্তির। '
শ্রীযুক্ত রাজশেখর বসু
বন্ধুবরেষু
যদি দেখ খোলসটা
খসিয়াছে বৃদ্ধের,
যদি দেখ চপলতা
প্রলাপেতে সফলতা
ফলেছে জীবনে সেই ছেলেমিতে-সিদ্ধের,
যদি ধরা পড়ে সে যে নয় ঐকান্তিক
ঘোর বৈদান্তিক,
দেখ গম্ভীরতায় নয় অতলান্তিক,
যদি দেখ কথা তার
কোনো মানে-মোদ্দার
হয়তো ধারে না ধার,
মাথা উদ্ ভ্রান্তিক,
মনখানা পৌঁছয় খ্যাপামির প্রান্তিক,
তবে তার শিক্ষার
দাও যদি ধিক্কার —
শুধাব, বিধির মুখ চারিটা কী কারণে।
একটাতে দর্শন
করে বাণী বর্ষণ,
একটা ধ্বনিত হয় বেদ-উচ্চারণে।
একটাতে কবিতা
রসে হয় দ্রবিতা,
কাজে লাগে মনটারে উচাটনে মারণে।
নিশ্চিত জেনো তবে,
একটাতে হো হো রবে
পাগলামি বেড়া ভেঙে উঠে উচ্ছ্বাসিয়া।
তাই তারি ধাক্কায়
বাজে কথা
পাক খায়,
আওড় পাকাতে থাকে মগজেতে আসিয়া।
খাপছাড়া চতুর্মুখের চেলা
কবিটিরে বলিলে
তোমরা যতই হাস, রবে
সেটা দলিলে।
দেখাবে সৃষ্টি নিয়ে খেলে বটে কল্পনা,
অনাসৃষ্টিতে তবু ঝোঁকটাও অল্প না।
[ শান্তিনিকেতন ]
৩ ভাদ্র ১৩৪৩
রবীন্দ্রনাথ ঠাকুর
নাম তার ভেলুরাম ধুনিচাঁদ শিরত্থ,
ফাটা এক তম্বুরা কিনেছে সে নিরর্থ।
সুরবোধ-সাধনায়
ধুরপদে বাধা নাই,
পাড়ার লোকেরা তাই হারিয়েছে ধীরত্ব—
অতি-ভালোমানুষেরও বুকে জাগে বীরত্ব।
যখনি যেমনি হোক জিতেনের মর্ জি
কথায় কথায় তার লাগে আশ্চর্যি।
অডিটর ছিল জিতু হিসাবেতে টঙ্ক,
আপিসে মেলাতেছিল বজেটের অঙ্ক ;
শুনলে সে, গেছে দেশে রামদীন দর্ জি,
শুনতে না-শুনতেই বলে ‘ আশ্চর্যি '।
যে দোকানি গাড়ি তাকে করেছিল বিক্রি
কিছুতে দাম না পেয়ে করেছে সে ডিক্রি,
বিস্তর ভেবে জিতু উঠল সে গর্জি —
‘ভারি আশ্চর্যি'।
শুনলে, জামাইবাড়ি ছিল বুড়ি ঝিনাদায়,
ছ বছর মেলেরিয়া ভুগে ভুগে চিনা দায়,
সেদিন মরেছে শেষে পুরোনো সে ওর ঝি,
জিতেন চশমা
খুলে বলে ‘ আশ্চর্যি '।
খ্যাতি আছে সুন্দরী বলে তার,
ত্রুটি ঘটে নুন দিতে ঝোলে তার ;
চিনি কম পড়ে বটে পায়সে
স্বামী তবু চোখ বুজে
খায় সে —
যা পায় তাহাই মুখে তোলে তার,
দোষ দিতে মুখ নাহি খোলে তার।
জামাই মহিম এল, সাথে এল কিনি —
হায় রে কেবলই ভুলি ষষ্ঠীর দিনই।
দেহটা কাহিল বড়ো, রাঁধবার
নামে
কে জানে কেন রে বাপু, ভেসে যায় ঘামে।
বিধাতা জানেন আমি বড়ো অভাগিণী।
বেয়ানকে লিখে দেব, খাওয়াবেন তিনি।
বেণীর মোটরখানা
চালায় মুখুর্জে।
বেণী ঝেঁকে উঠে বলে,
‘ মরল কুকুর যে! '
অকারণে সেরে দিলে
দফা ল্যাম্ -পোস্ টার,
নিমেষেই পরলোকে
গতি হল মোষটার।
যে দিকে ছুটেছে সোজা
ওদিকে পুকুর যে —
আরে চাপা পড়ল কে?
জামাই খুকুর যে।
দু-কানে ফুটিয়ে দিয়ে
কাঁকড়ার দাঁড়া
বর বলে, ‘ কান দুটো
ধীরে ধীরে নাড়া। '
বউ দেখে আয়নায়,
জাপানে কি চায়নায়
হাজার হাজার আছে
মেছনীর পাড়া —
কোথাও ঘটেনি কানে
এত বড়ো ফাঁড়া।
নিধু বলে আড়চোখে, ‘ কুছ নেই পরোয়া ' —
স্ত্রী দিলে গলায় দড়ি বলে, ‘ এটা ঘরোয়া। '
দারোগাকে হেসে কয়,
‘ খবরটা দিতে হয় ' —
পুলিস যখন করে ঘরে এসে চড়োয়া।
বলে, ‘চরণের রেণু
নাহি চাহিতেই পেনু।' —
এই ব'লে নিধিরাম করে পায়ে-ধরোয়া।
নিধু বাঁকা ক'রে ঘাড় ওড়নাটা উড়িয়ে
বলে, ‘মোর পাকা হাড়, যাব নাকো বুড়িয়ে।
যে যা খুশি করুক-না,
মারুক-না, ধরুক-না,
তাকিয়াতে দিয়ে ঠেস দেব সব তুড়িয়ে।'
গালি তারে দিল লোকে
হাসে নিধু আড়চোখে ;
বলে, ‘দাদা, আরো বলো, কান গেল জুড়িয়ে। '
পিসে হয় কুলদার, ভুলুদার কাকা সে —
আড়চোখে হাসে আর করে ঘাড় বাঁকা সে।
যবে গিয়ে শালিখায়
সাহেবের গালি খায়,
‘কেয়ার করি নে' ব'লে তুড়ি মারে আকাশে।
যেদিন ফয়জাবাদে
পত্নী ফুঁপিয়ে কাঁদে,
‘ তবে আসি ' ব'লে হাসি চলে যায় ঢাকা সে।
নাম তার ডাক্তার ময়জন ্
।
বাতাসে মেশায় কড়া পয়জন ্
।
গণিয়া দেখিল, বড়ো বহরের
একখানা রীতিমতো শহরের
টিঁকে আছে নাবালক নয়জন
।
খুশি হয়ে ভাবে, এই গবেষণা
না জানি সবার কবে হবে শোনা,
শুনিতে বা বাকি রবে
কয়জন।
ঘাসি কামারের বাড়ি
সাঁড়া,
গড়েছে মন্ত্রপড়া
খাঁড়া।
খাপ থেকে বেরিয়ে সে
উঠেছে
অট্টহেসে ;
কামার পালায় যত
বলে, ‘ দাঁড়া দাঁড়া। '
দিনরাত দেয় তার
নাড়ীটাতে নাড়া।
যে-মাসেতে আপিসেতে
হল তার নাম ছাঁটা
স্ত্রীর শাড়ি নিজে পরে,
স্ত্রী পরিল গামছাটা।
বলে, ‘ আমি বৈরাগী,
ছেড়ে দেব শিগ্ গির,
ঘরে মোর যত আছে
বিলাস-সামিগ্ গির। '
ছিল তার টিনে-গড়া
চা-খাওয়ার চাম্ চাটা,
কেউ তা কেনে না সেটা
যত করে দাম-ছাঁটা।
ডাকাতের সাড়া পেয়ে
তাড়াতাড়ি ইজেরে
চোখ ঢেকে মুখ ঢেকে
ঢাকা দিল নিজেরে।
পেটে ছুরি লাগালো কি,
প্রাণ তার ভাগালো কি,
দেখতে পেল না কালু
হল তার কী যে রে!
প্রাইমারি ইস্কুলে
প্রায়-মারা পণ্ডিত
সব কাজ ফেলে রেখে
ছেলে করে দণ্ডিত।
নাকে খত দিয়ে দিয়ে
ক্ষয়ে গেল যত নাক,
কথা-শোনবার পথ
টেনে টেনে করে ফাঁক।
ক্লাসে যত কান ছিল
সব হল খণ্ডিত,
বেঞ্চিটেঞ্চিগুলো লণ্ডিত ভণ্ডিত।
জন্মকালেই ওর লিখে দিল কুষ্ঠি,
ভালো মানুষের 'পরে চালাবে ও মুষ্টি।
যতই প্রমাণ পায় বাবা বলে, ‘মোদ্দা,
কভু জন্মেনি ঘরে এত বড়ো যোদ্ধা।'
‘বেঁচে থাকলেই বাঁচি ' বলে ঘোষগুষ্টি —
এত গাল খায় তবু এত পরিপুষ্টি।
গণিতে রেলেটিভিটি প্রমাণের ভাবনায়
দিনরাত একা ব ' সে কাটালো সে পাব ্ নায় —
নাম তার চুনিলাল, ডাক
নাম ঝোড়কে।
১ গুলো সবই ১ সাদা আর কালো কি,
গণিতের গণনায় এ মতটা ভালো কি।
অবশেষে সাম্যের
সামলাবে তোড় কে।
একের বহর কভু বেশি কভু কম হবে,
এক রীতি হিসাবের তবুও কি সম্ভবে।
৭ যদি বাঁশ হয়, ৩ হয় খড়কে,
তবু শুধু ১০ দিয়ে জুড়বে সে জোড় কে।
যোগ যদি করা যায় হিড়িম্বা কুন্তীতে,
সে কি ২ হতে পারে গণিতের গুন্ তিতে।
যতই না কষে নাও মোচা
আর থোড়কে
তার গুণফল নিয়ে আঁক
যাবে ভড়কে।
জমল সতেরো টাকা —
সুদে টাকা খেলাবার
শখ গেল, নবু তাই
গেল চলি ম্যালাবার।
ভাবনা বাড়ায় তার
মুনফার মাত্রা,
পাঁচ মেয়ে বিয়ে ক ' রে
বাঁচল এ যাত্রা।
কাজ দিল কন্যারা
ঠেলাগাড়ি ঠেলাবার,
রোদ্ দুরে ভার্যার
ভিজে চুল এলাবার।
খুদিরাম ক'সে টান
দিল থেলো হুঁকোতে —
গেল সারবান কিছু
অন্তরে ঢুকোতে।
অবশেষে হাঁড়ি শেষ
করি রসগোল্লার
রোদে বসে খুদুবাবু
গান ধরে মোল্লার ;
বলে, ‘ এতখানি রস
দেহ থেকে চুকোতে
হবে তাকে ধোঁয়া দিয়ে
সাত দিন শুকোতে। '
বাংলাদেশের মানুষ হয়ে
ছুটিতে ধাও চিতোরে,
কাঁচড়াপাড়ার জলহাওয়াটা
লাগল এতই তিতো রে?
মরিস ভয়ে ঘরের প্রিয়ার
,
পালাস ভয়ে ম্যালেরিয়ার
,
হায় রে ভীরু, রাজপুতানার
ভূত পেয়েছে কী তোরে।
লড়াই ভালোবাসিস, সে তো
আছেই ঘরের ভিতরে।
মহারাজা ভয়ে থাকে
পুলিসের থানাতে,
আইন বানায় যত
পারে না তা মানাতে।
চর ফিরে তাকে তাকে —
সাধু যদি ছাড়া থাকে
খোঁজ পেলে নৃপতিরে
হয় তাহা জানাতে,
রক্ষা করিতে তারে
রাখে জেলখানাতে।
ঝিনেদার জ্ঞানদার
ছেলেটার জন্যে
ত্রিচিনাপল্লী গিয়ে
খুঁজে পেল কন্যে।
শহরেতে সব-সেরা
ছিল যেই বিবেচক
দেখে দেখে বললে সে —
‘ কিবে নাক, কিবে চোখ ;
চুলের ডগার খুঁত
বুঝবে না অন্যে। '
কন্যেকর্তা শুনে
ঘটকের কানে কয় —
‘ ওটুকু ত্রুটির তরে
করিস্ নে কোনো ভয় ;
ক ' খানা মেয়েকে বেছে
আরো তিনজন নে,
তাতেও না ভরে যদি
ভরি-কয় পণ নে। '
খড়দয়ে যেতে যদি সোজা এস খুল্ না
যত কেন রাগ কর, কে বলে তা ভুল
না।
মালা গাঁথা পণ ক'রে আন যদি আমড়া,
রাগ করে বেত মেরে ফাটাও-না চামড়া,
তবুও বলতে হবে — ও জিনিস ফুল না
।
বেঞ্চিতে বসে তুমি বল যদি ‘দোল দাও ',
চটে-মটে শেষে যদি কড়া কড়া বোল দাও,
পষ্ট বুঝিয়ে দেব — ওটা নয়
ঝুল্ না।
যদি বা মাথার গোলে ঘরে এসে বসবার
হাঁটুতে বুরুশ করো একমনে দশবার,
কী করি, বলতে হবে — ওখানে তো
চুল না।
তম্বুরা কাঁধে নিয়ে
শর্মা বাণেশ্বর
ভেবেছিল, তীর্থেই
যাবে সে থানেশ্বর।
হঠাৎ খেয়াল চাপে গাইয়ের কাজ নিতে —
বরাবর গেল চলে একদম গাজ ্ নিতে,
পাঠানের ভাব দেখে
ভাঙিল গানের স্বর।
হাজারিবাগের ঝোপে হাজারটা হাই
তুলেছিল হাজারটা বাঘে
,
ময়মন্ সিংহের মাসতুত ভাই
গর্জি উঠিল তাই রাগে।
খেঁকশেয়ালের দল শেয়ালদহর
হাঁচি শুনে হেসে মরে অষ্টপ্রহর,
হাতিবাগানের হাতি ছাড়িয়া শহর
ভাগলপুরের দিকে ভাগে —
গিরিডির গিরগিটি মস্ত-বহর
পথ দেখাইয়া চলে আগে।
মহিশূরে মহিষটা খায় অড়হর —
খামকাই তেড়ে গিয়ে লাগে
।
স্বপ্ন হঠাৎ উঠল রাতে
প্রাণ পেয়ে,
মৌন হতে ত্রাণ পেয়ে।
ইন্দ্রলোকের পাগ্ লাগারদ
খুলল তারই দ্বার,
পাগল ভুবন দুর্দাড়িয়া
ছুটল চারিধার —
দারুণ ভয়ে মানুষগুলোর
চক্ষে বারিধার,
বাঁচল আপন স্বপন হতে
খাটের তলায় স্থান পেয়ে।
নিদ্রা-ব্যাপার কেন
হবেই অবাধ্য,
চোখ-চাওয়া ঘুম হোক
মানুষের সাধ্য —
এম.এস্ সি বিভাগের ব্রিলিয়ান্ ট্ ছাত্র
এই নিয়ে সন্ধান করে দিনরাত্র,
বাজায় পাড়ার কানে
নানাবিধ বাদ্য,
চোখ-চাওয়া ঘটে তাহে,
নিদ্রার শ্রাদ্ধ।
নীলুবাবু বলে,‘শোনো
নেয়ামৎ দর্জি,
পুরোনো ফ্যাশানটাতে
নয় মোর মর্জি। '
শুনে নিয়ামৎ মিঞা যতনে পঁচিশটে
সম্মুখে ছিদ্র, বোতাম দিল পৃষ্ঠে।
লাফ দিয়ে বলে নীলু, ‘ এ কী আশ্চর্যি! '
ঘরের গৃহিণী কয়, ‘ রয় না তো ধর্যি। '
জান তুমি, রাত্তিরে
নাই মোর সাথি আর —
ছোটোবউ, জেগে থেকো,
হাতে রেখো হাতিয়ার।
যদি করে ডাকাতি,
পারি নে যে তাকাতেই,
আছে এক ভাঙা বেত
আছে ছেঁড়া ছাতি আর।
ভাঙতে চায় না ঘুম,
তা না হলে দুমাদুম্
লাগাতেম কিল ঘুষি
চালাতেম লাথি আর।
হরপণ্ডিত বলে, ‘ ব্যঞ্জন সন্ধি এ,
পড়ো দেখি, মনুবাবা, একটুকু মন নিয়ে। '
মনোযোগহন্ত্রীর
বেড়ি আর খন্তির
ঝংকার মনে পড়ে ; হেঁশেলের পন্থার
ব্যঞ্জন-চিন্তায় অস্থির মন তার।
থেকে থেকে জল পড়ে চক্ষুর কোণ দিয়ে।
স্ত্রীর বোন চায়ে তার
ভুলে ঢেলেছিল কালি,
‘ শ্যালী ' ব ' লে ভর্ৎসনা
করেছিল বনমালী।
এত বড়ো গালি শুনে
জ্ব'লে মরে মনাগুনে,
আফিম সে খাবে কিনা
সাত মাস ভাবে খালি,
অথবা কি গঙ্গায়
পোড়া দেহ দিবে ডালি।
নাম তার চিনুলাল
হরিরাম মোতিভয়,
কিছুতে ঠকায় কেউ
এই তার অতি ভয়।
সাতানব্বই থেকে
তেরোদিন ব'কে ব'কে
বারোতে নামিয়ে এনে
তবু ভাবে, গেল ঠকে।
মনে মনে আঁক কষে,
পদে পদে ক্ষতি-ভয়।
কষ্টে কেরানি তার
টিকে আছে কতিপয়।
পাবনায় বাড়ি হবে, গাড়ি গাড়ি ইঁট কিনি,
রাঁধুনিমহল-তরে করোগেট-শীট্ কিনি।
ধার ক ' রে মিস্ত্রির সিকি বিল চুকিয়েছি,
পাওনাদারের ভয়ে দিনরাত লুকিয়েছি,
শেষে দেখি জানলায় লাগে
নাকো ছিট্ কিনি।
দিনরাত দুড়্ দাড়্ কী বিষম শব্দ যে,
তিনটে পাড়ার লোক হয়ে গেল জব্দ যে,
ঘরের মানুষ করে খিট্
খিট্ খিট্ কিনি।
কী করি না ভেবে পেয়ে মথুরায় দিনু পাড়ি,
বাজে খরচের ভয়ে আরেকটা পাকাবাড়ি
বানাবার মতলবে পোড়ো এক
ভিট কিনি।
তিনতলা ইমারত শোভা পায় নবাবেরই,
সিঁড়িটা রইল বাকি চিহ্ন সে অভাবেরই,
তাই নিয়ে গৃহিণীর কী
যে নাক-সিট্ কিনি।
বালিশ নেই, সে ঘুমোতে যায় মাথার নীচে ইঁট দিয়ে।
কাঁথা নেই ; সে প ' ড়ে থাকে রোদের দিকে পিঠ দিয়ে।
শ্বশুর বাড়ি নেমন্তন্ন,
তাড়াতাড়ি তারই জন্য
ছেঁড়া গামছা পরেছে সে তিনটে-চারটে গিঁঠ দিয়ে।
ভাঙা ছাতার বাঁটখানাতে ছড়ি ক '
রে চায় বানাতে,
রোদে মাথা সুস্থ করে ঠাণ্ডা জলের ছিট দিয়ে।
হাসির কথা নয় এ মোটে,
খেঁকশেয়ালিই হেসে ওঠে
যখন রাতে পথ করে সে হতভাগার ভিট দিয়ে।
খাপছাড়া
পাঁচদিন ভাত নেই, দুধ একরত্তি —
জ্বর গেল, যায় না যে তবু তার পথ্যি।
সেই চলে জলসাবু, সেই
ডাক্তারবাবু,
কাঁচা কুলে আমড়ায় তেমনি আপত্তি।
ইস্কুলে যাওয়া নেই সেইটে যা মঙ্গল —
পথ খুঁজে ঘুরিনেকো গণিতের জঙ্গল।
কিন্তু যে বুক ফাটে
দূর থেকে দেখি মাঠে
ফুটবল-ম্যাচে জমে ছেলেদের দঙ্গল।
কিনুরাম পণ্ডিত, মনে পড়ে, টাক তার —
সমান ভীষণ জানি চুনিলাল ডাক্তার।
খুলে ওষুধের ছিপি হেসে
আসে টিপিটিপি —
দাঁতের পাটিতে দেখি, দুটো দাঁত ফাঁক তার।
জ্বরে বাঁধে ডাক্তারে, পালাবার পথ নেই ;
প্রাণ করে হাঁসফাঁস যত থাকি যত্নেই।
জ্বর গেলে মাস্টারে
গিঁঠ দেয় ফাঁসটারে —
আমারে ফেলেছে সেরে এই দুটি রত্নেই।
মানিক কহিল, ‘ পিঠ পেতে দিই দাঁড়াও।
আম দুটো ঝোলে, ওর দিকে হাত বাড়াও।
উপরের ডালে
সবুজে ও লালে
ভরে আছে, কষে নাড়াও।
নিচে নেমে এসে
ছুরি দিয়ে শেষে
ব'সে ব'সে খোসা ছাড়াও।
যদি আসে মালি
চোখে দিয়ে
বালি
পারো যদি তারে তাড়াও।
খাপছাড়া
বাকি কাজটার
মোর ‘ পরে ভার,
পাবে না শাঁসের সাড়াও।
আঁঠি যদি থাকে
দিয়ো
মালিটাকে,
মাড়াব না তার পাড়াও।
পিসিমা রাগিলে
তাঁর চড়ে কিলে
বাঁদরামি-ভূত ঝাড়াও। '
ভোতনমোহন স্বপ্ন দেখেন, চড়েছেন চৌঘুরি।
মোচার খোলার গাড়িতে তাঁর ব্যাঙ দিয়েছেন জুড়ি।
পথ দেখালো মাছরাঙাটায়, দেখল এসে
চিংড়িঘাটায় —
ঝুম্ কো ফুলের বোঝাই নিয়ে মোচার খোলা ভাসে।
খোকনবাবু বিষম খুশি খিল্ খিলিয়ে হাসে।
গিন্নির কানে শোনা ঘটে অতি সহজেই
‘গিনি সোনা এনে দেব’ কানে কানে কহ যেই।
না হলে তোমারি কানে দুর্গ্রহ টেনে আনে,
অনেক কঠিন শোনা — চুপ করে রহ যেই। '
ধীরু কহে শূন্যেতে মজো রে,
নিরাধার সত্যেরে ভজো রে।
এত বলি যত চায় শূন্যেতে ওড়াটা
কিছুতে কিছু-না-পানে পৌঁছে না ঘোড়াটা,
চাবুক লাগায় তারে সজোরে।
ছুটে মরে সারারাত, ছুটে মরে সারাদিন —
হয়রান হয়ে তবু আমিহীন ঘোড়াহীন
আপনারে নাহি পড়ে নজরে।
খাপছাড়া
ট্রাম্ -কন্ ডাক্টার,
হুইসেলে ফুঁক দিয়ে
শহরের বুক দিয়ে
গাড়িটা চালায়, তার সীমা নেই জাঁকটার।
বারো-আনা বাকি তার মাথাটার তেলো যে,
চিরুনির চালাচালি শেষ হয়ে এল যে।
বিধাতার নিজ হাতে ঝাঁট-দেওয়া ফাঁকটার
কিছু চুল দুপাশেতে
ফুটপাথ আছে পেতে,
মাঝে বড়ো রাস্তাটা বুক জুড়ে টাকটার।
মাস্টার বলে, ‘ তুমি দেবে
ম্যাট্রিক,
এক লাফে দিতে চাও হবে না সে ঠিক
।
ঘরে দাদামশায়ের দেখো example,
সত্তর বৎসরও হয়নিকো ample।
একদা পরীক্ষায় হবে উত্তীর্ণ
যখন পাকবে চুল, হাড় হবে জীর্ণ।
'
তিনকড়ি। তোল্ পাড়িয়ে উঠল পাড়া,
তবু কর্তা দেন না সাড়া! জাগুন
শিগ্ গির জাগুন্ ।
কর্তা। এলারামের
ঘড়িটা যে
চুপ রয়েছে, কই সে বাজে —
তিনকড়ি। ঘড়ি পরে বাজবে, এখন
ঘরে লাগল আগুন।
কর্তা। অসময়ে জাগলে
পরে
ভীষণ আমার মাথা ধরে —
তিনকড়ি। জানলাটা ওই উঠল জ্বলে,
ঊর্ধ্বশ্বাসে ভাগুন।
কর্তা। বড্ড জ্বালায়
তিনকড়িটা —
তিনকড়ি। জ্বলে যে ছাই হল ভিটা,
ফুটপাথে ওই বাকি ঘুমটা
শেষ করতে লাগুন।
খাপছাড়া
গাড়িতে মদের পিপে ছিল
তেরো-চোদ্দো,
এঞ্জিনে জল দিতে
দিল ভুলে মদ্য।
চাকাগুলো ধেয়ে করে ধানখেত-ধ্বংসন,
বাঁশি ডাকে কেঁদে কেঁদে ‘ কোথা
কানু জংশন ' —
ট্রেন করে মাতলামি
নেহাত অবোধ্য,
সাবধান করে দিতে কবি
লেখে পদ্য।
রায়ঠাকুরানী অম্বিকা।
দিনে দিনে তাঁর বাড়ে বাণীটার
লম্বিকা।
অবকাশ নেই তবুও তো কোনো গতিকে
নিজে ব ' কে যান, কহিতে না দেন
পতিকে।
নারীসমাজের তিনি তোরণের
স্তম্ভিকা।
সয় নাকো তাঁর দ্বিতীয় কাহারো
দম্ভিকা।
জর্মন প্রোফেসার দিয়েছেন গোঁফে
সার কত যে!
উঠেছে ঝাঁকড়া হয়ে
খোঁচা-খোঁচা ছাঁটা ছাঁটা —
দেখে তাঁর ছাত্রের ভয়ে
গায়ে দেয় কাঁটা,
মাটির পানেতে চোখ নত
যে।
বৈদিক ব্যাখ্যায় বাণী
তাঁর মুখে এসে
যে নিমেষে পা বাড়ান
ওষ্ঠের দ্বারদেশে
চরণকমল হয়
ক্ষত যে।
হাত দিয়ে পেতে হবে কী তাহে আনন্দ —
হাত পেতে পাওয়া যাবে সেটাই পছন্দ।
খাপছাড়া
আপিসেতে খেটে মরা তার চেয়ে ঝুলি ধরা
ঢের ভালো — এ কথায় নাই কোনো সন্দ।
দোতলায় ধুপ্ ধাপ্
হেমবাবু দেয় লাফ,
মা বলেন, একি খেলা
ভূতের নাচন নেচে?
নাকি সুরে বেলা হেমা, ‘ চলতে যে পারিনে,
মা,
সকালে সর্দি লেগে
যেমনি উঠেছি হেঁচে
অমনি যে খচ্ করে পা
আমার মচ্ কেছে। '
কনে দেখা হয়ে গেছে, নাম তার চন্দনা ;
তোমারে মানাবে ভায়া, অতিশয় মন্দ না।
লোকে বলে, খিট্ খিটে, মেজাজটা নয় মিঠে —
দেবী ভেবে নেই তারে
করিলে বা বন্দনা।
কুঁজো হোক, কালো হোক
, কালাও না, অন্ধ না।
পাতালে বলিরাজার
যত বলীরামরা,
ভূতলেতে ঘাসিরাম
আর ঘনশ্যামরা,
লড়াই লাগালো বেগে ;
ভূমিকম্পন লেগে
চারি দিকে হাহাকার
করে ওঠে গ্রামরা।
মানুষ কহিল, ‘ ক্রমে
খবর উঠছে জমে,
সেটা খুব মজা, তবু
মরি কেন আমরা। '
মাঝে মাঝে বিধাতার ঘটে
একি ভুল —
ধান পাকাবার মাসে ফোটে
বেলফুল।
হঠাৎ আনাড়ি কবি
তুলি হাতে আঁকে ছবি,
অকারণে কাঁচা কাজে
পেকে যায় চুল।
খাপছাড়া
পেন্ সিল টেনেছিনু
হপ্তায় সাতদিন,
রবার ঘষেছি তাহে
তিনমাস রাতদিন।
কাগজ হয়েছে সাদা ;
সংশোধনের বাধা
ঘুচে গেছে, এইবার
শিক্ষক হাত দিন —
কিন্তু ছবির কোণে
স্বাক্ষর বাদ দিন।
বলিয়াছিনু মামারে —
তোমারি ওই চেহারাখানি কেন গো দিলে আমারে।
তখনো আমি জন্মিনি তো,
নেহাত ছিনু
অপরিচিত,
আগেভাগেই শাস্তি এমন, এ কথা মনে ঘা মারে।
হাড় ক ' খানা চামড়া দিয়ে ঢেকেছে যেন চামারে।
কাঁধে মই, বলে ‘কই ভূঁইচাপা গাছ ',
দইভাঁড়ে ছিপ ছাড়ে, খোঁজে কইমাছ,
ঘুঁটেছাই মেখে লাউ রাঁধে ঝাউপাতা —
কী খেতাব দেব তায় ঘুরে যায় মাথা।
শিমূল রাঙা রঙে চোখেরে দিল ভ '
রে।
নাকটা হেসে বলে, ‘ হায় রে যাই ম ' রে। '
নাকের মতে, গুণ
কেবলি আছে ঘ্রাণে,
রূপ যে রঙ খোঁজে
নাকটা তা কি জানে।
আইডিয়াল নিয়ে থাকে, নাহি চড়ে হাঁড়ি।
প্র্যাক্ টিক্যাল লোকে বলে, এ যে বাড়াবাড়ি।
খাপছাড়া
শিবনেত্র হল বুঝি, এইবার মোলো —
অক্সিজেন নাকে দিয়ে চাঙ্গা ক ' রে তোলো।
খুব তার বোলচাল, সাজ ফিট্ ফাট্ ,
তক্ রার হলে আর নাই মিট্ মাট্ ।
চশমায় চম্ কায়, আড়ে চায় চোখ —
কোনো ঠাঁই ঠেকে নাই কোনো বড়ো লোক।
বশীরহাটেতে বাড়ি
বশ-মানা ধাত তার,
ছেলে বুড়ো যে যা বলে
কথা শোনে যার-তার।
দিনরাত সর্বথা
সাধে নিজ খর্বতা,
মাথা আছে হেঁট-করা,
সদা জোড়-হাত তার,
সেই ফাঁকে কুকুরটা
চেটে যায় পাত তার।
ব্রিজটার প্ল্যান দিল
বড়ো এন্ জিনিয়ার
ডিস্ট্রিক্ ট্ বোর্ডের
সবচেয়ে সীনিয়ার।
নতুন রকম প্ল্যান
দেখে সবে অজ্ঞান,
বলে, ‘ এই চাই, এটা
চিনি নাই-চিনি আর। '
ব্রিজখানা গেল শেষে
কোন্ অঘটন দেশে,
তার সাথে গেছে ভেসে
ন হাজার গিনি আর।
বিড়ালে মাছেতে হল সখ্য।
বিড়াল কহিল, ‘ ভাই ভক্ষ্য,
বিধাতা স্বয়ং জেনো সর্বদা কন তোরে —
ঢোকো গিয়ে বন্ধুর রসময় অন্তরে,
সেখানে নিজেরে তুমি সযতনে রক্ষ।
ওই দেখো পুকুরের ধারে আছে ঢালু ডাঙা,
ওইখানে শয়তান বসে থাকে মাছরাঙা,
কেন মিছে হবে ওর চঞ্চুর লক্ষ্য!'
দিন চলে না যে, নিলেমে চড়েছে
খাট-টিপাই ;
ব্যাবসা
ধরেছি গল্পেরে করা
নাট্যি- fy।
ক্রিটিক মহল করেছি ঠাণ্ডা,
মুর্গি
এবং মুর্গি-আণ্ডা
খেয়ে করে শেষ, আমি হাড় দুটি-
চারটি পাই —
ভোজন-ওজনে লেখা ক ' রে দেয়
certify।
শ্বশুরবাড়ির গ্রাম,
নাম তার কুলকাঁটা,
যেতে হবে উপেনের —
চাই তাই চুল-ছাঁটা।
নাপিত বললে, কাঁচি
খুঁজে যদি পাই বাঁচি —
ক্ষুর আছে, একেবারে
করে দেব মূল-ছাঁটা।
জেনো বাবু, তাহলেই
বেঁচে যায় ভুল-ছাঁটা। '
থাকে সে কাহালগাঁয় ;
কলুটোলা আফিসে
রোজ আসে দশটায়
এক্কায় চাপি সে।
ঠিক যেই মোড়ে এসে
লাগাম গিয়েছে ফেঁসে,
দেরি হয়ে গেল ব ' লে
ভয়ে মরে কাঁপি সে —
ঘোড়াটার লেজ ধ ' রে
করে দাপাদাপি সে।
চিন্তাহরণ দালালের বাড়ি
গিয়ে
একশো টাকার একখানি নোট
দিয়ে
তিনখানা নোট আনে সে
দশ টাকার।
কাগজ -গন্ তি মুনফা যতই
বাড়ে
টাকার গন্ তি লক্ষ্মী ততই
ছাড়ে,
কিছুতে বুঝিতে পারে না
দোষটা কার।
লটারিতে পেল পীতু
হাজার পঁচাত্তর,
জীবনী লেখার লোক
জুটিল সে-মাত্তর।
যখনি পড়িল চোখে
চেহারাটা চেক্ টার
‘ আমি পিসে ' কহে এসে
ড্রেন্ ইন্ স্ পেক্ টার।
গুরু-ট্রেনিঙের এক
পিলেওয়ালা ছাত্তর
অযাচিত এল তার
কন্যার পাত্তর।
একটা খোঁড়া ঘোড়ার 'পরে
চড়েছিল চাটুর্জে,
পড়ে গিয়ে কী দশা তার
হয়েছিল হাঁটুর যে!
বলে কেঁদে, ‘ ব্রাহ্মণেরে
বইতে ঘোড়া পারল না যে
সইত তাও, মরি আমি
তার থেকে এই অধিক লাজে
—
লোকের মুখের ঠাট্টা যত
বইতে হবে টাটুর যে! '
পণ্ডিত কুমিরকে
ডেকে বলে, ‘ নক্র,
প্রখর তোমার দাঁত,
মেজাজটা বক্র।
আমি বলি নখ তব
করো তুমি কর্তন,
হিংস্র স্বভাব তবে
হবে পরিবর্তন
আমিষ ছাড়িয়া যদি
শুধু খাও তক্র। '
পাড়াতে এসেছে এক
নাড়ীটেপা ডাক্তার,
দূর থেকে দেখা যায়
অতি উঁচু নাক তার।
নাম লেখে ওষুধের,
এ দেশের পশুদের
সাধ্য কী পড়ে তাহা
এই বড়ো জাঁক তার।
যেথা যায় বাড়ি বাড়ি
দেখে যে ছেড়েছে নাড়ী,
পাওনাটা আদায়ের
মেলে না যে ফাঁক তার।
গেছে নির্বাকপুরে
ভক্তের ঝাঁক তার।
ননীলাল বাবু যাবে লঙ্কা ;
শ্যালা শুনে এল, তার
ডাক-নাম টঙ্কা।
বলে, ‘ হেন উপদেশ তোমারে দিয়েছে সে কে,
আজও আছে রাক্ষস, হঠাৎ চেহারা দেখে
রামের সেবক ব ' লে করে যদি শঙ্কা।
আকৃতি প্রকৃতি তব হতে পারে জম্ কালো,
দিদি যা বলুন, মুখ নয় কভু কম কালো —
খামকা তাদের ভয় লাগিবে
আচমকা।
হয়তো বাজাবে রণডঙ্কা। '
টাকা সিকি আধুলিতে
ছিল তার হাত জোড়া ;
সে-সাহসে কিনেছিল
পান্তোয়া সাত ঝোড়া।
ফুঁকে দিয়ে কড়াকড়ি
শেষে হেসে গড়াগড়ি ;
ফেলে দিতে হল সব —
আলুভাতে পাত-জোড়া।
বেলা আটটার কমে
খোলে না তো চোখ সে।
সামলাতে পারে না যে
নিদ্রার ঝোঁক সে।
জরিমানা
হলে বলে —
‘ এসেছি যে মা ফেলে,
আমার চলে না দিন
মাইনেটা না পেলে।
তোমার চলবে কাজ
যে ক'রেই হোক সে,
আমারে অচল করে
মাইনের শোক সে। '
ভোলানাথ লিখেছিল,
তিন-চারে নব্বই —
গণিতের মার্কায়
কাটা গেল সর্বই।
তিন চারে বারো হয়,
মাস্টার তারে কয় ;
‘ লিখেছিনু ঢের বেশি '
এই তার গর্বই।
ইয়ারিং ছিল তার দু কানেই।
গেল যবে স্যাকরার দোকানেই
মনে প'ল, গয়না তো চাওয়া যায়,
আরেকটা কান কোথা পাওয়া যায় —
সে কথাটা নোটবুকে টোকা নেই।
মাসি বলে, ‘ তোর মতো বোকা নেই। '
ইস্কুল-এড়ায়নে
সেই ছিল বরিষ্ঠ,
ফেল-করা ছেলেদের
সবচেয়ে গরিষ্ঠ।
কাজ যদি জুটে যায়
দুদিনে তা ছুটে যায়,
চাকরির বিভাগে সে
অতিশয় নড়িষ্ঠ —
গলদ করিতে কাজে
ভয়ানক দ্রঢ়িষ্ঠ।
ভুত হয়ে দেখা দিল
বড়ো কোলাব্যাঙ,
এক পা টেবিলে রাখে,
কাঁধে এক ঠ্যাঙ।
বনমালী খুড়ো বলে—
‘ করো মোরে রক্ষে,
শীতল দেহটি তব
বুলিয়ো না বক্ষে। '
উত্তর দেয় না সে,
দেয় শুধু ‘ ক্যাঙ '।
বটে আমি উদ্ধত,
নই তবু ক্রুদ্ধ তো,
শুধু ঘরে মেয়েদের সাথে মোর যুদ্ধ তো।
যেই দেখি গুণ্ডায়
ক্ষমি হেঁটমুণ্ডায়,
দুর্জন মানুষেরে ক্ষমেছেন বুদ্ধ তো।
পাড়ায় দারোগা এলে দ্বার করি রুদ্ধ তো —
সাত্ত্বিক সাধকের এ আচার শুদ্ধ তো।
বেদনায় সারা মন
করতেছে টনটন্
শ্যালী কথা বলল না
সেই বৈরাগ্যে।
মরে গেলে ট্রাস্ টিরা
করে দিক বণ্টন
বিষয়-আশয় যত —
সবকিছু যাক গে।
উমেদারি-পথে আহা
ছিল যাহা সঙ্গী —
কোথা সে শ্যামবাজার
কোথা চৌরঙ্গি —
সেই ছেঁড়া ছাতা চোরে
নেয় নাই ভাগ্যে —
আর আছে ভাঙা ঐ
হ্যারিকেন লণ্ঠন,
বিশ্বের কাজে তারা
লাগে যদি লাগ্ গে।
পেঁচোটাকে মাসি তার
যত দেয় আস্কারা,
মুশকিল ঘটে তত
এক সাথে বাস করা।
হঠাৎ চিমটি কাটে
কপালের চামড়ায় —
বলে সে, ‘ এমনি ক ' রে
ভিমরুল কামড়ায়। '
আমার বিছানা নিয়ে
খেলা ওর চাষ-করা —
মাথার বালিশ থেকে
তুলোগুলো হ্রাস-করা।
দাঁয়েদের গিন্নিটি
কিপ্ টে সে অতিশয়,
পান থেকে চুন গেলে
কিছুতে না ক্ষতি সয়।
কাঁচকলা-খোষা দিয়ে
পচা মহুয়ার ঘিয়ে
ছেঁচকি বানিয়ে আনে —
সে কেবল পতি সয় ;
একটু করলে ‘ উহুঁ '
যদি এক-রতি সয়!
জিরাফের বাবা বলে —
‘ খোকা তোর দেহ
দেখে দেখে মনে মোর
ক ' মে যায় স্নেহ।
সামনে বিষম উঁচু,
পিছনেতে খাটো,
এমন দেহটা নিয়ে
কী করে যে হাঁটো। '
খোকা বলে, ‘ আপনার
পানে তুমি চেহো,
মা যে কেন ভালোবাসে
বোঝে না তা কেহ। '
ডুগডুগিটা বাজিয়ে দিয়ে
ধুলোয় আসর সাজিয়ে দিয়ে
পথের ধারে বসল জাদুকর।
এল উপেন, এল রূপেন,
দেখতে এল নৃপেন, ভূপেন,
গোঁদলপাড়ার এল মাধু কর।
দাড়িওয়ালা বুড়ো লোকটা,
কিসের-নেশায়-পাওয়া চোখটা,
চার দিকে তার জুটল অনেক ছেলে।
যা-তা মন্ত্র আউড়ে, শেষে
একটুখানি মুচকে হেসে
ঘাসের 'পরে চাদর দিল মেলে।
উঠিয়ে নিল কাপড়টা যেই
দেখা দিল ধুলোর মাঝেই
দুটো বেগুন, একটা চড়ুই-ছানা,
জামের আঁঠি, ছেঁড়া ঘুড়ি,
একটিমাত্র গালার চুড়ি,
ধুঁইয়ে-ওঠা ধুনুচি একখানা,
টুকরো বাসন চিনেমাটির,
মুড়ো ঝাঁটা খড়কেকাঠির,
নলছে-ভাঙা হুঁকো, পোড়া কাঠটা —
ঠিকানা নেই আগুপিছুর,
কিছুর সঙ্গে যোগ না কিছুর,
ক্ষণকালের ভোজবাজির এই ঠাট্টা।
যখন জলের কল
হয়েছিল পলতায়
সাহেবে জানালো খুদু,
ভরে দেবে জল তায়।
ঘড়াগুলো পেত যদি
শহরে বহাত নদী,
পারে নি যে সে কেবল
কুমোরের খলতায়।
আধখানা বেল
খেয়ে কানু বলে —
‘ কোথা গেল বেল।
একখানা। '
আধা গেলে শুধু
আধা বাকি থাকে,
যত করি আমি
ব্যাখ্যানা,
সে বলে, ‘ তাহলে মহা ঠকিলাম,
আমি তো দিয়েছি ষোল আনা দাম। '
হাতে হাতে সেটা করিল
প্রমাণ
ঝাড়া দিয়ে তার
ব্যাগখানা।
কেন মার ' সিঁধ-কাটা ধূর্তে।
কাজ ওর দেয়ালটা খুঁড়তে।
তোমার পকেটটাকে করেছ কি ডোবা হে —
চিরদিন বহমান অর্থের প্রবাহে
বাধা দেবে অপরের পকেটটি পুরতে?
আর, যত নীতিকথা সে তো ওর চেনা —
ওর কাছে অর্থনীতিটা নয় জেনানা ;
বন্ধ ধনেরে তাই দেয় সদা ঘুরতে,
হেথা হতে হোথা তারে চালায় মুহূর্তে।
নিজের হাতে উপার্জনে
সাধনা নেই সহিষ্ণুতার।
পরের কাছে হাত পেতে খাই,
বাহাদুরি তারি গুঁতার।
কৃপণ দাতার অন্নপাকে
ডাল যদি বা কমতি থাকে
গাল-মিশানো গিলি তো ভাত —
নাহয় তাতে নেইকো সুতার।
নিজের জুতার পাত্তা না পাই,
স্বাদ পাওয়া যায় পরের জুতার।
আমার পাচকবর গদাধর মিশ্র,
তারি ঘরে দেখি মোর কুন্তলবৃষ্য।
কহিনু তাহারে ডেকে,—
‘ এ শিশিটা এনেছে কে,
শোভন করিতে চাও হেঁশেলের দৃশ্য?'
সে কহিল, ‘ বরিষার
এই ঋতু ; সরিষার
তেলে ক'ষে যায় ধাত, বেড়ে যায় কৃশ্য। '
কহে, ‘ কাঠমুণ্ডার
নেপালের গুণ্ডার
এই তেলে কেটে যায় জঠরের গ্রীষ্ম
।
লোকমুখে শুনেছি তো, রাজা-গোলকুণ্ডার
এই সাত্ত্বিক তেলে পূজার হবিষ্য
।
আমি আর তাঁরা সবে চরকের শিষ্য। '
ভয় নেই, আমি আজ
রান্নাটা দেখছি।
চালে জলে মেপে, নিধু,
চড়িয়ে দে ডেকচি।
আমি গণি কলাপাতা,
তুমি এসো নিয়ে হাতা,
যদি দেখ, মেজবউ,
কোনোখানে ঠেকছি।
রুটি মেখে বেলে দিয়ো,
উনুনটা জ্বেলে দিয়ো,
মহেশকে
সাথে নিয়ে
আমি নয় সেঁকছি।
ঘাসে আছে ভিটামিন, গোরু ভেড়া
অশ্ব
ঘাস খেয়ে বেঁচে আছে, আঁখি মেলে পশ্য।
অনুকূল বাবু বলে, ‘ ঘাস খাওয়া ধরা চাই,
কিছুদিন জঠরেতে অভ্যেস করা চাই —
বৃথাই খরচ ক'রে চাষ করা শস্য।'
গৃহিণী দোহাই পাড়ে মাঠে যবে চরে সে,
ঠেলা মেরে চলে যায় পায়ে যবে ধরে সে —
মানবহিতের
ঝোঁকে কথা শোনে কস্য!
দুদিনে না যেতে যেতে মারা গেল লোকটা,
বিজ্ঞানে বিঁধে আছে এই মহা শোকটা,
বাঁচলে
প্রমাণ-শেষ হ 'ত যে অবশ্য।
রান্নার সব ঠিক,
পেয়েছি তো নুনটা —
অল্প অভাব আছে,
পাইনি বেগুনটা।
পরিবেশনের তরে
আছি মোরা সব ভাই,
যাদের আসার কথা
অনাগত সব্বাই।
পান পেলে পুরো হয়,
জুটিয়েছি চুনটা —
একটু-আধটু বাকি,
নাই তাহে কুণ্ঠা।
আদর ক ' রে মেয়ের নাম
রেখেছে ক্যালিফর্নিয়া
,
গরম হল বিয়ের হাট
ঐ মেয়েরই দর নিয়া।
মহেশদাদা খুঁজিয়া গ্রামে গ্রামে
পেয়েছে ছেলে
ম্যাসাচুসেট্ স্ নামে,
শাশুড়ি বুড়ি ভীষণ খুশি
নামজাদা সে বর নিয়া —
ভাটের দল চেঁচিয়ে মরে
নামের গুণ বর্ণিয়া।
গুপ্তিপাড়ায় জন্ম তাহার ;
নিন্দাবাদের দংশনে
অভিমানে মরতে গেল
মোগলসরাই জংসনে।
কাছা কোঁচা ঘুচিয়ে গুপি
ধরল ইজের, পরল টুপি,
দু হাত দিয়ে লেগে গেল
কোফ্ তা-কাবাব-ধ্বংসনে
।
গুরুপুত্র সঙ্গে ছিল —
বললে তারে, ‘ অংশ নে
। '
হাস্যদমনকারী গুরু —
নাম যে বশীশ্বর,
কোথা থেকে জুটল তাহার
ছাত্র হসীশ্বর।
হাসিটা তার অপর্যাপ্ত,
তরঙ্গে তার বাতাস ব্যাপ্ত,
পরীক্ষাতে মার্কা যে তাই
কাটেন মসীশ্বর।
ডাকি সরস্বতী মাকে,—
‘ ত্রাণ করো এই ছেলেটাকে,
মাস্টারিতে ভর্তি করো
হাস্যরসীশ্বর। '
খবর পেলেম কল্য,
তাঞ্জামেতে চ ' ড়ে রাজা
গাঞ্জামেতে চলল।
সময়টা তার জলদি কাটে ;
পৌঁছল যেই হলদিঘাটে
একটা ঘোড়া রইল বাকি,
তিনটে ঘোড়া মরল।
গরানহাটায় পৌঁছে সেটা
মুটের ঘাড়ে চড়ল।
বউ নিয়ে লেগে গেল
বকাবকি
রোগা ফণী আর মোটা
পঞ্চিতে,
মণিকর্ণিকা-ঘাটে
ঠকাঠকি
যেন বাঁশে আর সরু
কঞ্চিতে।
দুজনে না জানে এই
বউ কার,
মিছেমিছি ভাড়া বাড়ে
নৌকার,
পঞ্চি চেঁচায় শুধু
হাউহাউ—
‘ পারবিনে তুই মোরে
বঞ্চিতে। '
বউ বলে, ‘ বুঝে নিই
দাউদাউ
মোর তরে জ্বলে ওই
কোন্ চিতে। '
ইদিলপুরেতে বাস নরহরি শর্মা,
হঠাৎ খেয়াল গেল যাবেই সে বর্মা।
দেখবে-শুনবে কে যে তাই নিয়ে ভাবনা,
রাঁধবে বাড়বে, দেবে গোরুটাকে জাবনা —
সহধর্মিণী নেই, খোঁজে সহধর্মা।
গেল তাই খণ্ডালা, গেল তাই অণ্ডালে,
মহা রেগে গাল দেয় রেলগাড়ি-চণ্ডালে,
সাথি খুঁজে সে বেচারা কী
গলদ্ ঘর্মা —
বিস্তর ভেবে শেষে গেল সে কোডর্মা
।
কন্ কনে শীত তাই
চাই তার দস্তানা ;
বাজার ঘুরিয়ে দেখে,
জিনিসটা সস্তা না।
কম দামে কিনে মোজা
বাড়ি ফিরে গেল সোজা —
কিছুতে ঢোকে না হাতে,
তাই শেষে পস্তানা।
সর্দিকে সোজাসুজি
সর্দি ব'লেই বুঝি
মেডিকেল বিজ্ঞান না
শিখে।
ডাক্তার দেয় শিষ,
টাকা নিয়ে পঁয়ত্রিশ
ইন ফ্লুয়েঞ্জা বলে
কাশিকে।
ভাবনায় গেল ঘুম,
ওষুধের লাগে ধুম,
শঙ্কা লাগালো
পারিভাষিকে।
আমি পুরাতন পাপী,
Hanging শুনেই কাঁপি,
ডরিনেকো সাদাসিধে
ফাঁসিকে।
শূন্য তবিল যবে,
বলে ‘ পাঁচনেই হবে ' —
চেতাইল এ ভারতবাসীকে।
নর্ স্ কে ঠেকিয়ে দূরে
যাই বিক্রমপুরে,
সহায় মিলিল
খাঁদুমাসিকে।
আধা রাতে গলা ছেড়ে
মেতেছিনু কাব্যে,
ভাবি নি পাড়ার লোকে
মনেতে কী ভাববে।
ঠেলা দেয় জানলায়,
শেষে দ্বার-ভাঙাভাঙি,
ঘরে ঢুকে দলে দলে
মহা চোখ-রাঙারাঙি —
শ্রাব্য আমার ডোবে
ওদেরই অশ্রাব্যে।
আমি শুধু করেছিনু
সামান্য ভণিতাই,
সামলাতে পারল না
অরসিক জনে তাই —
কে জানিত অধৈর্য
মোর পিঠে নাববে!
নামজাদা দানুবাবু
রীতিমতো খর্ চে,
অথচ ভিটেয় তার
ঘুঘু সদা চরছে।
দানধর্মের 'পরে
মন তার নিবিষ্ট,
রোজগার করিবার
বেলা জপে ‘ শ্রীবিষ্ণু ',
চাঁদার খাতাটা তাই
দ্বারে দ্বারে ধরছে।
এই ভাবে পুণ্যের
খাতা তার ভরছে।
কনের পণের আশে
চাকরি সে ত্যেজেছে।
বার বার আয়নাতে
মুখখানি মেজেছে।
হেনকালে বিনা কোনো কসুরে
যম এসে ঘা দিয়েছে শ্বশুরে,
কনেও বাঁকালো মুখ —
বুকে তাই বেজেছে।
বরবেশ ছেড়ে হীরু
দরবেশ সেজেছে।
মন উড়ুউড়ু, চোখ ঢুলুঢুলু,
ম্লান মুখখানি কাঁদুনিক —
আলুথালু ভাষা, ভাব এলোমেলো,
ছন্দটা নির্ বাঁধুনিক।
পাঠকেরা বলে, ‘ এ তো নয় সোজা,
বুঝি কি বুঝি নে যায় না সে বোঝা। '
কবি বলে, ‘ তার কারণ, আমার
কবিতার ছাঁদ আধুনিক। '
ইতিহাস-বিশারদ গণেশ ধুরন্ধর
ইজারা নিয়েছে একা বম্বাই বন্দর।
নিয়ে সাতজন
জেলে
দেখে মাপকাঠি ফেলে —
সাগরমথনে কোথা উঠেছিল চন্দর,
কোথা ডুব দিয়ে আছে ডানাকাটা মন্দর।
ক্ষান্তবুড়ির দিদিশাশুড়ির
পাঁচ বোন থাকে কাল্ নায়,
শাড়িগুলো তারা উনুনে বিছায়,
হাঁড়িগুলো রাখে আল্ নায়।
কোনো দোষ পাছে ধরে নিন্দুকে
নিজে থাকে তারা লোহাসিন্দুকে,
টাকাকড়িগুলো হাওয়া খাবে ব ' লে
রেখে দেয় খোলা
জাল্ নায় —
নুন দিয়ে তারা ছাঁচিপান সাজে,
চুন দেয় তারা
ডাল্ নায়।
টেরিটি বাজারে তার
সন্ধান পেনু —
গোরা বোষ্টমবাবা,
নাম নিল বেণু।
শুদ্ধ নিয়ম-মতে
মুরগিরে পালিয়া,
গঙ্গাজলের যোগে
রাঁধে তার কালিয়া —
মুখে জল আসে তার
চরে যবে ধেনু।
বড়ি ক ' রে কৌটায়
বেচে পদরেণু।
কালুর খাবার শখ সব চেয়ে পিষ্টকে।
গৃহিণী গড়েছে যেন চিনি মেখে ইষ্টকে।
পুড়ে সে হয়েছে কালো,
মুখে কালু বলে ‘ ভালো ',
মনে মনে খোঁটা দেয় দগ্ধ অদৃষ্টকে।
কলিক্ -ব্যথায় ডাকে ক্রুসে-বেঁধা খ্রীস্টকে।
বরের বাপের বাড়ি
যেতেছে বৈ বাহিক,
সাথে সাথে ভাঁড় হাতে
চলেছে দই-বাহিক।
পণ দেবে কত টাকা
লেখাপড়া হবে পাকা,
দলিলের খাতা নিয়ে
এসেছে সই-বাহিক।
বহু কোটি যুগ পরে
সহসা বাণীর বরে
জলচর প্রাণীদের
কণ্ঠটা পাওয়া যেই
সাগর জাগর হল
কতমতো আওয়াজেই।
তিমি ওঠে গাঁ গাঁ করে ;
চিঁ চিঁ করে চিংড়ি ;
ইলিস বেহাগ ভাঁজে
যেন মধু নিংড়ি ;
শাঁখগুলো বাজে, বহে
দক্ষিণে হাওয়া যেই ;
গান গেয়ে শুশুকেরা
লাগে কুচ-কাওয়াজেই।
উজ্জ্বলে ভয় তার,
ভয় মিট্ মিটেতে,
ঝালে তার যত ভয়
তত ভয় মিঠেতে।
ভয় তার পশ্চিমে,
ভয় তার পূর্বে,
যে দিকে তাকায় ভয়
সাথে সাথে ঘুরবে।
ভয় তার আপনার
বাড়িটার ইঁটেতে,
ভয় তার অকারণে
অপরের ভিটেতে।
ভয় তার বাহিরেতে,
ভয় তার অন্তরে,
ভয় তার ভূত-প্রেতে,
ভয় তার মন্তরে।
দিনের আলোতে ভয়
সামনের দিঠেতে,
রাতের আঁধারে ভয়
আপনারি পিঠেতে।
গব্বুরাজার পাতে
ছাগলের কোর্ মাতে
যবে দেখা গেল তেলা
পোকাটা
রাজা গেল মহা চ ' টে,
চীৎকার করে ওঠে —
‘ খানসামা কোথাকার
বোকাটা। '
মন্ত্রী জুড়িয়া পাণি
কহে,ি ধর্ম-আফিম-নেশা,
ধ্বংস করেছি ধর্মযাজকী পেশা!
ভাঙি মন্দির, ভাঙি মসজিদ,
ভাঙিয়া গির্জা গাহি সংগীত –
এক মানবের একই রক্ত মেশা।
কে শুনিবে আর ভজনালয়ের হ্রেষা!
আদিম সৃষ্টি-দিবস হইতে ক্রমে
প্রাচীরের পর প্রাচীর উঠেছে জমে।
সে প্রাচীর মোরা ভাঙিয়া চলেছি,
যতই চলেছি ততই দলেছি,
জ্বালায়ে চলেছি পুঞ্জিভূত সে ভ্রমে।
শ্রমণের চেয়ে পূজ্য ভেবেছি শ্রমে।
সংস্কারের জগদ্দল পাষাণ
তুলিয়া বিশ্বে আমরা করেচি ত্রাণ।
সর্ব আচার-বিচার-পঙ্ক হতে
তুলিয়া জগতে এনেছি মুক্ত স্রোতে।
অচলায়তনের বাতায়ন খুলি – প্রাণ
এনেছি, গেয়েছি নব-আলোকের গান।
নচিকেতা-সম আমরা মৃত্যুপুরী
বারে বারে যাই বারে বারে আসি ঘুরি।
মৃত্যুরে মোরে মুখোমুখি দেখিয়াছি,
মোদের জীবনে মরণ আছে গো বাঁচি।
স্বর্গ এনেছি মর্ত্যে করিয়া চুরি;
চাহিছে মর্ত্য দেবতা বাদলে ঝুরি।প্রলয়শিখা
সার্থক হল আজিকে ভৃগু-সাধন,
আমরা করেছি সৃজন নব-ভুবন।
এক আদমের মোরা সন্তান,
নাহি দেশ কাল ধর্মাভিমান,
নাহি ব্যবধান, উচ্চ, নীচ, সুজন;
নিখিলের মাঝে আমরা এক জীবন!
আমরা সহিয়া সকল অত্যাচার
অত্যাচারের করিতেছি সংহার।
ধ্বংসের আগে এই পৃথিবীরে
হাসাইতে মোরা আসিয়াছি ফিরে,
শেষের আশিস আমরা নিয়ন্তার;
খুলিতে এসেছি সকল বন্ধ দ্বার।
আমরা বাহিনী বিংশ শতাব্দীর
মন্থন-শেষ-অমৃত জলধির
কল্কি-দেবের আগে-চলা দূত,
কভু ঝড়, কভু মলয়-মারুত,
কভু ভয়, কভু ভরসা লক্ষ্মীশ্রীর।
জীবন-মরণ পায়ে বাজে মঞ্জীর!
আমরা বাহিনী বিংশ শতাব্দীর।প্রলয়শিখা
শূদ্রের মাঝে জাগিছে রুদ্র
শূদ্রের মাঝে জাগিছে রুদ্র
ব্যথা-অনিদ্র দেবতা।
শুনি নির্জিত কোটি দীন-মুখে
বজ্র-ঘোষ বারতা।
এ কী মহা দীন রূপ ধরি ফের
পথে পথে ভাঙা কুটিরে,
সবারে অন্ন বিলায়ে আপনি
মাগিছ ভিক্ষা-মুঠিরে।।
কৃষক হইয়া কর্ষিছ ভূমি
জলে ভিজে রোদে পুড়িয়া,
পরবাসে তুলি হরের লক্ষ্মী
আঁধারে মরিছ ঝুরিয়া।
শ্রমিক হইয়া খুঁড়িতেছ মাটি,
হীরক মানিক আহরি
রাজার ভাঁড়ার করিছ পূর্ণ
নিজে নিরন্ন বিহরি।
আপনার গায়ে লাগাইয়া ধূলি
নির্মল রাখ ধরণি,
সকলের বোঝা বহিবার লাগি
মুটে কুলি হলে আপনি।
সকলের তরে রচিয়া প্রাসাদ,
নগর বসায়ে কাননে,
রাজমিস্ত্রির রূপে ফের সাঁঝে
চুন-বালি মাখা আননে।প্রলয়শিখা
কুটিরে তোমার জলে না প্রদীপ,
কাঁদে নিরন্ন পরিজন,
সকলের তরে রচি শুচি-বাস
নিজে হলে তাঁতি বিবসন।
আপনি হইয়া অশুচি মেথর
রাখিতেছ শুচি ভুবনে,
না হতে প্রভাত রাজপথ-ধূলি
মার্জনা কর গোপনে!
সকল রুচি ও শুচিতা তেয়াগি
আবিলতা কাঁধে বহিয়া,
ফিরিছ দেবতা হাড়ি ডোম হয়ে
সকলের ঘৃণা সহিয়া।
দ্বারবান হয়ে রক্ষিছ দ্বার,
সেব পদ হয়ে সেবাদাস,
দেবতা হইয়া মানুষের সেবা
করিতেছ তুমি বারো মাস।
ভেবেছিলে বুঝি, ছলের ঠাকুর,
মর্ত্যের অধিবাসী সব
তোমারে চিনিয়া এই রূপে রূপে
পূজিয়া করিবে পরাভব।
যত সেবা দাও, তত করে ঘৃণা,
দেখিতে দেখিতে চারি কাল।
হইল অন্ত, ধূর্জটি তাই
খেপিয়ে উঠেছে জটাজাল?প্রলয়শিখা
ছিলে শূদ্রের শ্মশানে-মশানে
রুদ্ররূপী হে মহাকাল,
খুলিয়া পড়েছে রাজার পুরীতে
নাগ-বন্ধন বাঘছাল!
যমের বাহন মহিষ, তোমার
বাহন বৃষভ লইয়া
প্রমথের দল ছিল এতদিন
শান্ত কৃষক হইয়া;
তব ইঙ্গিতে খেপিয়া উঠেছে
আজি কি সকলে নিখিলে?
তোমার ললাট-অগ্নি দিয়া কি
রাজার শাস্তি লিখিলে?
নমো নমো নমঃ শূদ্ররূপী হে
রুদ্র ভীষণ ভৈরব!
পূর্ণ করো গো পাপ ধরণির,
মহাপ্রলয়ের উৎসব।
সৃষ্টির কথা তুমি জান, দেব!
এ ভীষণ পাপ-ধরাতে
পারি না বাঁচিতে; এর চেয়ে ঢের
ভালো তব হাতে মরাতে।প্রলয়শিখা
রক্ত-তিলক
শত্রু-রক্তে রক্ত-তিলক পরিবে কারা?
ভিড় লাগিয়াছে – ছুটে দিকে দিকে সর্বহারা।
বিহগী মাতার পক্ষপুটের আড়াল ছিঁড়ে
শূন্যে উড়েছে আলোক-পিয়াসি শাবক কি রে!
নীড়ের বাঁধন বাঁধিয়া রাখিতে পারে না আর,
গগনে গগনে শুনেছে কাহার হুহুংকার!
কাঁদিতেছে বসি জনক-জননী শূন্য নীড়ে,
চঞ্চল-পাখা চলেছে শাবক অজানা তীরে।
সপ্ত-সারথি-রবির অশ্ব বল্গা-হারা
পশ্চিমে ঢলি পড়িছে; যথায় সন্ধ্যাতারা
ম্লান মুখে কাঁদে হৃত-গৌরব ভারত-সম,
ফিরাবে রবিরে – আজি প্রতিজ্ঞা দারুণতম।
দেখাইছে পথ বজ্র জ্বালিয়া অনল-শিখা,
বিজয়-শঙ্খ বাজায় স্বর্গে জয়ন্তিকা।
পশ্চিম হতে আনিবে পূর্বে রবির চাকা,
বিধুনিত করে বিপুল শূন্যে চপল পাখা।
কণ্ঠে ধ্বনিছে মারণ-মণ্ত্র শত্রুজয়ী,
পার্শ্বে নাচিছে দানব-দলনী শক্তিময়ী।
রিক্ত-ললাট চলেছে মৃত্যু-তোরণ-দ্বারে,
রাঙাবে ললাট শত্রু-রক্তে মরণ-পারে।
শত্রুরক্তে-চর্চিতভালে তিলকরেখা,
পরাধীনতার অমা-যামিনীতে চন্দ্রলেখা।
সাত্ত্বিক ঋষি বৃথা হোমানলে আহুতি ঢালে,
যত মরে তত বাঁচে গো দৈত্য সর্বকালে।
দধীচির হাড়ে লাগিয়াছে ঘুণ অনেক আগে,
বজ্রে কেবলই সৃষ্টি-কাঁদন-শব্দ জাগে!
ইন্দ্র, চন্দ্র, বরুণাদি দেব বীর্যহারা,প্রলয়শিখা
তেমনই কাঁদিছে দৈত্য-প্রহরী বিশ্ব-কারা।
শ্মশান আগুলি জাগে একা শিব নির্নিমিখ,
আঁধার শ্মশান, শবে শবে ছেয়ে দিগ্ বিদিক।
কোথা কাপালিক, ভীমা ভৈরবী-চক্র কই,
নাচাও শ্মশানে পাগলা মহেশ তাথই থই!
মহাতান্ত্রিক! রক্ততিলক পরাও ভালে,
কী হবে লইয়া জ্ঞান-যোগী-ঋষি ফেরুর পালে!
শবে ছেয়ে দেশ, শব-সাধনার মন্ত্র দাও,
তামসী নিশায়, জামসিক বীর, পথ দেখাও!
কাটুক রাত্রি, আসুক আলোক, হবে তখন
নতুন করিয়া নতুন স্বর্গ-সৃষ্টি-পণ।
তামসী নিশার ওরে শ্মশানের শিবার দল!
শব লয়ে তোর কাটিল জনম; বল কী ফল
ঝিমায়ে ঝিমায়ে ভবিষ্যতের হেরি স্বপন?
আজ যদি নাহি বাঁচিলি, বাঁচিবি বল কখন?
আজ যদি বাঁচি, কী ফল আমার স্বর্গে কাল?
আজের মর্ত্য সেই সে স্বর্গ সর্বকাল!
আহত মায়ের রক্ত মাখিয়া লভি জনম
পুণ্যের লোভে হবি বকধার্মিক পরম?
রক্তের ঋণ শুধিব রক্তে, মন্ত্র হোক!
হস যদি জয়ী, পূজিবে রে তোরে সর্বলোক।
না দেয় দেবতা আশিস, না দিক, ভয় কী তোর?
কী হবে পূজিয়া পাষাণ-দেবতা পুণ্য-চোর?
জন্মেছি মোরা পাপ-যুগে এই পাপ-দেশে,
করিবি ক্ষালন এ মহাপাপেরে ভালোবেসে?
আঁধার-কৃষ্ণ-মহিষ-অসুর বধিতে কৃষ্ণ খড়গ ধরো,
শবের-শ্মশানে হয়তো উদিবে সেদিন শুভ্র গৌরী-হর!
গাহি সাম্যের গান–
যেখানে আসিয়া এক হয়ে গেছে সব বাধা-ব্যবধান
যেখানে মিশছে হিন্দু-বৌদ্ধ-মুস্ লিম-ক্রীশ্চান।
গাহি সাম্যের গান!
কে তুমি? – পারসি? জৈন? ইহুদী? সাঁওতাল, ভীল, গারো?
কনফুসিয়াস? চার্বাক-চেলা? বলে যাও, বলো আরও!
বন্ধু, যা-খুশি হও,
পেটে পিঠে কাঁধে মগজে যা-খুশি পুথি ও কেতাব বও,
কোরান-পুরাণ-বেদ-বেদান্ত-বাইবেল-ত্রিপিটক –
জেন্দাবেস্তাজেন্দাবেস্তা : পারসিদের ধর্মগ্রন্থ।-গ্রন্থসাহেব পড়ে যাও, য্ত শখ –
কিন্তু, কেন এ পন্ডশ্রম, মগজে হানিছ শূল?
দোকানে কেন এ দর কষাকষি? – পথে ফুটে তাজা ফুল!
তোমাতে রয়েছে সকল কেতাব সকল কালের জ্ঞান,
সকল শাস্ত্র খুঁজে পাবে সখা, খুলে দেখ নিজ প্রাণ!
তোমাতে রয়েছে সকল ধর্ম, সকল যুগাবতার,
তোমার হৃদয় বিশ্ব-দেউল সকল দেবতার।
কেন খুঁজে ফের’ দেবতা ঠাকুর মৃত পুঁথি -কঙ্কালে?
হাসিছেন তিনি অমৃত-হিয়ার নিভৃত অন্তরালে!
বন্ধু, বলিনি ঝুট,
এইখানে এসে লুটাইয়া পড়ে সকল রাজমুকুট।
এই হৃদ্য়ই সে নীলাচল, কাশী, মথুরা, বৃন্দাবন,
বুদ্ধ-গয়া এ, জেরুজালেম্ এ, মদিনামদিনা : আরব শহর, মুসলিম তীর্থ।, কাবা-ভবনকাবা-ভবন : আল্লার ভবন, মক্কাশরিফে অবস্থিত উপাসনাগৃহ।,
মস্ জিদ এই, মন্দির এই, গির্জা এই হৃদয়,
এইখানে বসে ঈশাইশা : জিশু, হজরত। মুসামুসা : আল্লা হ্ র বিশিষ্ট নবি। পেল সত্যের পরিচয়।
এই রণ-ভূমে বাঁশির কিশোর গাহিলেন মহা-গীতা,
এই মাঠে হল মেষের রাখাল নবীরা খোদার মিতা।
এই হৃদয়ের ধ্যান-গুহা-মাঝে বসিয়া শাক্যমুনি
ত্যজিল রাজ্য মানবের মহা-বেদনার ডাক শুনি।
এই কন্দরে আরব-দুলাল শুনিতেন আহ্বান,
এইখানে বসি’ গাহিলেন তিনি কোরানের সাম-গান!
মিথ্যা শুনিনি ভাই,
এই হৃদয়ের চেয়ে বড় কোনো মন্দির-কাবা নাই।সাম্যবাদী
ঈশ্বর
কে তুমি খুঁজিছ জগদীশ ভাই আকাশ পাতাল জুড়ে’
কে তুমি ফিরিছ বনে-জঙ্গলে, কে তুমি পাহাড়-চূড়ে?
হায় ঋষি দরবেশ,
বুকের মানিকে বুকে ধরে তুমি খোঁজ তারে দেশ-দেশ।
সৃষ্টি রয়েছে তোমা পানে চেয়ে তুমি আছ চোখ বুঁজে,
স্রষ্টারে খোঁজো – আপনারে তুমি আপনি ফিরিছ খুঁজে!
ইচ্ছা-অন্ধ! আঁখি খোলো, দেশ দর্পণে নিজ-কায়া,
দেখিবে, তোমারি সব অবয়বে পড়েছে তাঁহার ছায়া।
শিহরি উঠো না, শাস্ত্রবিদেরে কোরো নাকো বীর ভয়-
তাহারা খোদার খোদ্ ‘ প্রাইভেট সেক্রেটারি’ তো নয়!
সকলের মাঝে প্রকাশ তাঁহার, সকলের মাঝে তিনি!
আমারে দেখিয়া আমার অদেখা জন্মদাতারে চিনি!
রত্ন লইয়া বেচা-কেনা করে বণিক সিন্ধু-কুলে –
রত্নাকরের খবর তা বলে পুছো না ওদের ভুলে।
উহারা রত্ন-বেনে,
রত্ন চিনিয়া মনে করে ওরা রত্নাকরেও চেনে।
ডুবে নাই তারা অতল গভীর রত্ন-সিন্ধুতলে,
শাস্ত্র না ঘেঁটে ডুব দাও সখা, সত্য-সিন্ধু-জলে।সাম্যবাদী
মানুষ
গাহি সাম্যের গান-
মানুষের চেয়ে বড় কিছু নাই, নহে কিছু মহীয়ান্ ।
নাই দেশ-কাল-পাত্রের ভেদ, অভেদ ধর্ম জাতি,
সব দেশে সব কালে ঘরে-ঘরে তিনি মানুষের জ্ঞাতি। –
‘পূজারি দুয়ার খোলো,
ক্ষুধার ঠাকুর দাঁড়ায়ে দুয়ারে পূজার সময় হল!’
স্বপন দেখিয়া আকুল পূজারী খুলিল ভজনালয়,
দেবতার বরে আজ রাজা-টাজা হয়ে যাবে নিশ্চয়!
জীর্ণ-বস্ত্র শীর্ণ-গাত্র, ক্ষুধায় কন্ঠ ক্ষীণ
ডাকিল পান্থ, ‘দ্বার খোলো বাবা, খাইনিকো সাত দিন।’
সহসা বন্ধ হল মন্দির, ভুখারী ফিরিয়া চলে,
তিমির রাত্রি, পথ জুড়ে তার ক্ষুধার মানিক জ্বলে!
ভুখারি ফুকারি কয়,
‘ঐ মন্দির পূজারির, হায় দেবতা, তোমার নয়!’
মসজিদে কাল শিরনীশিরনি :মিষ্টান্ন-ভোগ। আছিল,-অঢেল গোস্ত–রুটি
বাঁচিয়া গিয়াছে, মোল্লা সাহেব হেসে তাই কুটিকুটি,
এমন সময় এল মুসাফিরমুসাফির : পথিক। গায়ে আজারিরআজারি : দুঃখী। চিন,
বলে,‘ বাবা, আমি ভূখা-ফাকা আমি আজ নিয়ে সাত দিন!’
তেরিয়া হইয়া হাঁকিল মোল্লা –‘ভ্যালা হ’ল দেখি ল্যাঠা,
ভূখা আছ মরো গো-ভাগাড়ে গিয়ে! নামাজ পড়িস ব্যাটা?’
ভূখারি কহিল, ‘না বাবা!’ মোল্লা হাঁকিল –‘তা হলে শালা
সোজা পথ দেখ!’ গোস–রুটি নিয়া মসজিদে দিল তালা!
ভুখারী ফিরিয়া চলে,
চলিতে চলিতে বলে –
‘আশিটা বছর কেটে গেল, আমি ডাকিনি তোমায় কভু,
আমার ক্ষুধার অন্ন তা বলে বন্ধ করনি প্রভু!
তব মস্ জিদ মন্দিরে প্রভু নাই মানুষের দাবী।
মোল্লা-পুরুত লাগায়েছে তার সকল দুয়ারে চাবি!’
কোথা চেঙ্গিসচেঙ্গিস : তিনজনই নির্মম এবং ভারতজয়ী লুন্ঠক।, গজনী-মামুদগজনি-মামুদ : তিনজনই নির্মম এবং ভারতজয়ী লুন্ঠক, কোথায় কালাপাহাড়কালাপাহাড় : তিনজনই নির্মম এবং ভারতজয়ী লুন্ঠক?
ভেঙে ফেল ঐ ভজনালয়ের যত তালা-দেওয়া-দ্বার!
খোদার ঘরে কে কপাট লাগায়, কে দেয় সেখানে তালা?
সব দ্বার এর খোলা রবে, চালা হাতুড়ি শাবল চালা!
হায় রে ভজনালয়,
তোমার মিনারে চড়িয়া ভন্ড গাহে স্বার্থের জয়!
মানুষেরে ঘৃণা করি’
ও কারা কোরান, বেদ, বাইবেল চুম্বিছে মরি মরি!
ও’ মুখ হইতে কেতাব গ্রন্থ নাও জোর করে কেড়ে,
যাহারা আনিল গ্রন্থ-কেতাব সেই মানুষেরে মেরে,
পূজিছে গ্রন্থ ভন্ডের দল! মূর্খরা সব শোনো,
মানুষ এনেছে গ্রন্থ; –গ্রন্থ’ আনেনি মানুষ কোনো!
আদমআদম : প্রথম মানুষ। দাউদদাউদ : বিখ্যাত রাজা। ঈশাইশা : জিশু। মুসামুসা : ও। ইব্রাহিমইব্রাহিম : সুবিখ্যাত নবি। মোহাম্মদমোহাম্মদ : বিশ্বনবি।সাম্যবাদী
কৃষ্ণ বুদ্ধ নানক কবির,-বিশ্বের সম্পদ,
আমাদেরই এঁরা পিতা-পিতামহ, এই আমাদের মাঝে
তাঁদেরই রক্ত কম-বেশি করে প্রতি ধমনিতে রাজে!
আমরা তাঁদেরই সন্তান, জ্ঞাতি, তাঁদেরই মতন দেহ,
কে জানে কখন মোরাও অমনি হয়ে যেতে পারি কেহ।
হেসো না বন্ধু! আমার আমি সে কত অতল অসীম,
আমিই কি জানি-কে জানে কে আছে আমাতে মহামহিম।
হয়ত আমাতে আসিছে কল্কি, তোমাতে মেহেদি ইশা,
কে জানে কাহার অন্ত ও আদি, কে পায় কাহার দিশা?
কাহারে করিছ ঘৃণা তুমি ভাই, কাহারে মারিছ লাথি?
হয়ত উহারই বুকে ভগবান জাগিছেন দিবারাতি!
অথবা হয়ত কিছুই নহে সে, মহান উচ্চ নহে,
আছে ক্লেদাক্ত ক্ষত-বিক্ষত পড়িয়া দুঃখ-দহে,
তবু জগতের যত পবিত্র গ্রন্থ ভজনালয়
ওই একখানি ক্ষুদ্র দেহের সম পবিত্র নয়!
হয়ত ইহারি ঔরসে ভাই ইহারই কুটির-বাসে
জন্মিছে কেহ- জোড়া নাই যার জগতের ইতিহাসে!
যে বাণী আজিও শোনেনি জগৎ, যে মহাশক্তিধরে
আজিও বিশ্ব দেখেনি,– হয়ত আসিছে সে এরই ঘরে!
ও কে? চন্ডাল? চম্ কাও কেন? নহে ও ঘৃণ্য জীব!
ওই হতে পারে হরিশচন্দ্র, ওই শ্মশানের শিব।
আজ চন্ডাল, কাল হতে পারে মহাযোগী-সম্রাট,
তুমি কাল তারে অর্ঘ্য দানিবে, করিবে নান্দী-পাঠ।
রাখাল বলিয়া কারে কর হেলা, ও-হেলা কাহারে বাজে!
হয়ত গোপনে ব্রজের গোপাল এসেছে রাখাল সাজে!
চাষা বলে কর ঘৃণা!
দেখো চাষা-রূপে লুকায়ে জনক বলরাম এলো কি না!
যত নবী ছিল মেষের রাখাল, তারাও ধরিল হাল,
তারাই আনিল অমর বাণী – যা আছে রবে চিরকাল।
দ্বারে গালি খেয়ে ফিরে যায় নিতি ভিখারী ও ভিখারিনী,
তারই মাঝে কবে এল ভোলানাথ-গিরিজায়া, তা কি চিনি!
তোমার ভোগের হ্রাস হয় পাছে ভিক্ষা-মুষ্টি দিলে,
দ্বারী দিয়ে তাই মার দিয়ে তুমি দেবতারে খেদাইলে।
সে মার রহিল জমা –
কে জানে তোমায় লাঞ্ছিতা দেবী করিয়াছে কিনা ক্ষমা!
বন্ধু, তোমার বুক-ভরা লোভ, দুচোখে স্বার্থ-ঠুলি,
নতুবা দেখিতে, তোমারে সেবিতে দেবতা হয়েছে কুলি।
মানুষের বুকে যেটুকু দেবতা, বেদনা-মথিত সুধা,
তাই লুটে তুমি খাবে পশু? তুমি তা দিয়ে মিটাবে ক্ষুধা?
তোমার ক্ষুধার আহার তোমার মন্দোদরীই জানে
তোমার মৃত্যু-বাণ আছে তব প্রাসাদের কোন্ খানে!
তোমারি কামনা-রাণী
যুগে যুগে পশু, ফেলেছে তোমায় মৃত্যু-বিবরে টানি।সাম্যবাদী
পাপ
সাম্যের গান গাই!–
যত পাপী তাপী সব মোর বোন, সব হয় মোর ভাই।
এ পাপ-মুলুকে পাপ করেনিকো কে আছে পুরুষ-নারী?
আমরা ত ছার; – পাপে পঙ্কিল পাপীদের কাণ্ডারি!
তেত্রিশ কোটি দেবতার পাপে স্বর্গ সে টলমল,
দেবতার পাপ-পথ দিয়া পশে স্বর্গে অসুর দল!
আদম হইতে শুরু করে এই নজরুল তক সবে
কম-বেশি করে পাপের ছুরিতে পুণ্যে করেছে জবেহ্ ।
বিশ্ব পাপস্থান
অর্ধেক এর ভগবান, আর অর্ধেক শয়তান্ !
ধর্মান্ধরা শোনো,
অন্যের পাপ গনিবার আগে নিজেদের পাপ গোনো!
পাপের পঙ্কে পুণ্য-পদ্ম, ফুলে ফুলে হেথা পাপ!
সুন্দর এই ধরা-ভরা শুধু বঞ্চনা অভিশাপ।
এদের এড়াতে না পারিয়া যত অবতার আদি কেহ
পুণ্যে দিলেন আত্মা ও প্রাণ, পাপেরে দিলেন দেহ।
বন্ধু, কহিনি মিছে,
ব্রহ্মা বিষ্ণু শিব হতে ধরে ক্রমে নেমে এসো নীচে,–
মানুষের কথা ছেড়ে দাও, যত ধ্যানী মুনি ঋষি যোগী
আত্মা তাঁদের ত্যাগী তপস্বী, দেহ তাঁহাদের ভোগী!
এ-দুনিয়া পাপশালা,
ধর্ম-গাধার পৃষ্ঠে এখানে শূণ্য-ছালা!
হেথা সবে সম পাপী,
আপন পাপের বাটখারা দিয়ে অন্যের পাপ মাপি!
জবাবদিহির কেন এত ঘটা যদি দেবতাই হও,
টুপি পরে টিকি রেখে সদা বলো যেন তুমি পাপী নও।
পাপী নও যদি কেন এ ভড়ং, ট্রেডমার্কার ধুম?
পুলিশী পোশাক পরিয়া হয়েছ পাপের আসামী গুম!সাম্যবাদী
বন্ধু, একটা মজার গল্প শোনো,
একদা অপাপ ফেরেশ ্তাফেরেশ ্তা : স্বর্গের দূত। সব স্বর্গ-সভায় কোনো
এই আলোচনা করিতে আছিল বিধির নিয়মে দুষি –
দিন রাত নাই এত পূজা করি, এত করে তাঁরে তুষি,
তবু তিনি যেন খুশি নন – তাঁর যত স্নেহ দয়া ঝরে
পাপ-আসক্ত কাদা ও মাটির মানুষ-জাতিরই পরে!
শুনিলেন সব অন্তর্যামী, হাসিয়া সবারে কন,-
মলিন ধুলার সন্তান ওরা বড় দুর্বল মন,
ফুলে ফুলে সেথা ভুলের বেদনা-নয়নে , অধরে শাপ,
চন্দনে সেথা কামনার জ্বালা, চাঁদে চুম্বন-তাপ!
সেথা কামিনীর নয়নে কাজল, শ্রোনিতে চন্দ্রহার,
চরণে লাক্ষা, ঠোঁটে তাম্বুল, দেখে মরে আছে মার!
প্রহরী সেখানে চোখা চোখ নিয়ে সুন্দর শয়তান,
বুকে বুকে সেথা বাঁকা ফুল-ধনু, চোখে চোখে ফুল-বাণ।
দেবদূত সব বলে, ‘প্রভু, মোরা দেখিব কেমন ধরা,
কেমনে সেখানে ফুল ফোটে যার শিয়রে মৃত্যু-জরা!’
কহিলেন বিভু-‘তোমাদের মাঝে শ্রেষ্ঠ যে দুইজন
যাক্ পৃথিবীতে, দেখুক কি ঘোর ধরণির প্রলোভন!’
‘হারুত’ ‘মারুত’‘মারুত’ : আল্লাহ্-কর্তৃক শাস্তিপ্রাপ্ত ফেরেশ্ তাদ্বয় মর্ত্যে নির্বাসিত হয়ে সুন্দরী-প্রেমে মত্ত ও পাপকার্যে রত ঙ্গয়। তখন চরম শাস্তি স্বরূপ তাদের ব্যাবিলনের এক কূপে চিরবন্দি করে রাখা হয়। ফেরেশতাদের গৌরব রবি-শশী
ধরার ধুলার অংশী হইল মানবের গৃহে পশি।
কায়ায় কায়ায় মায়া বুলে হেথা ছায়ায় ছায়ায় ফাঁদ,
কমল-দিঘিতে সাতশো হয়েছে এই আকাশের চাঁদ!
শব্দ গন্ধ বর্ণ হেথায় পেতেছে অরূপ-ফাঁসী,
ঘাটে ঘাটে হেথা ঘট-ভরা হাসি, মাঠে মাঠে কাঁদে বাঁশী!
দুদিনে আতশিআতশি : অগ্নিময়। ফেরেশতা প্রাণ- ভিজিল মাটির রসে,
শফরী-চোখের চটুল চাতুরী বুকে দাগ কেটে বসে।
ঘাঘরী ঝলকি গাগরী ছলকি নাগরী ‘জোহরা’'জোহরা' : অপরূপ যুবতির নাম। যায় –
স্বর্গের দূত মজিল সে রূপে, বিকাইল রাঙা পায়!
অধর-আনার-রসে ডুবে গেল দোজখেরদোজখ : নরক। নার-ভীতি
মাটির সোরাহিসোরাহি : কলশি। মস্তানামস্তানা : নেশাগ্রস্ত। হল আঙ্গুরি-খুনেআঙ্গুরি-খুন : দ্রাক্ষা-মদিরা। তিতি!
কোথা ভেসে গেল সংযম-বাঁধ, বারণের বেড়া টুটে,
প্রাণ ভরে পিয়ে মাটির মদিরা ওষ্ঠ-পুষ্প-পুটে।
বেহেশ্ তে সব ফেরেশ্ তাদের বিধাতা কহেন হাসি –
‘হারুত মারুতে কি করেছে দেখো ধরণি সর্বনাশী!’
নয়না এখানে যাদু জানে সখা এক আঁখি-ইশারায়
লক্ষ যুগের মহা-তপস্যা কোথায় উবিয়া যায়।
সুন্দর বসুমতী
চিরযৌবনা, দেবতা ইহার শিব নয় – কাম রতি!সাম্যবাদী
চোর-ডাকাত
কে তোমায় বলে ডাকাত বন্ধু, কে তোমায় চোর বলে?
চারিদিকে বাজে ডাকাতি ডঙ্কা, চোরেরই রাজ্য চলে!
চোর-ডাকাতের করিছে বিচার কোন সে ধর্মরাজ?
জিজ্ঞাসা করো, বিশ্ব জুড়িয়া কে নহে দস্যু আজ?
বিচারক! তব ধর্মদণ্ড ধরো,
ছোটোদের সব চুরি করে আজ বড়োরা হয়েছ বড়ো!
যারা যত বড়ো ডাকাত-দস্যু জোচ্চোর দাগাবাজ
তারা তত বড়ো সম্মানী গুণী জাতি-সংঘেতে আজ।
রাজার প্রাসাদ উঠিছে প্রজার জমাট-রক্ত-ইঁটে,
ডাকু ধনিকের কারখানা চলে নাশ করি কোটি ভিটে।
দিব্যি পেতেছ খল কলওলা মানুষ-পেষানো কল,
আখ-পেষা হয়ে বাহির হতেছে ভূখারি মানব-দল!
কোটি মানুষের মনুষ্যত্ব নিঙাড়ি কলওয়ালা
ভরিছে তাহার মদিরা-পাত্র, পুরিছে স্বর্ণ-জালা!
বিপন্নদের অন্ন ঠাসিয়া ফুলে মহাজন-ভুঁড়ি
নিরন্নদের ভিটে নাশ করে জমিদার চড়ে জুড়ি!
পেতেছে বিশ্বে বণিক-বৈশ্য অর্থ-বেশ্যালয়,
নীচে সেথা পাপ-শয়তান-সাকি, গাহে যক্ষের জয়!
অন্ন, স্বাস্থ্য, প্রাণ, আশা, ভাষা হারায়ে সকল-কিছু
দেউলিয়া হয়ে চলেছে মানব ধ্বংসের পিছু পিছু।
পালাবার পথ নাই,
দিকে দিকে আজ অর্থ-পিশাচ খুঁড়িয়াছে গড়খাই।
জগৎ হয়েছে জিন্দানখানাজিন্দানখানা : জেলখানা।, প্রহরী যত ডাকাত –
চোরে-চোরে এরা মাসতুতো ভাই, ঠগে ও ঠগে স্যাঙাত।
কে বলে তোমায় ডাকাত, বন্ধু কে বলে করিছ চুরি?
চুরি করিয়াছ টাকা ঘটি, বাটি, হৃদয়ে হানোনি ছুরি!
ইহাদের মতো অমানুষ নহ, হতে পার তস্কর,
মানুষ দেখিলে বাল্মীকি হও তোমরা রত্নাকর!সাম্যবাদী
বারাঙ্গনা
কে তোমায় বলে বারাঙ্গনা মা, কে দেয় থুতু ও-গায়ে?
হয়ত তোমায় স্তন্য দিয়াছে সীতা-সম সতী মায়ে।
না-ই হলে সতী, তবু তো তোমরা মাতা-ভগিনীরই জাতি;
তোমাদের ছেলে আমাদেরই মতো, তারা আমাদের জ্ঞাতি;
আমাদেরই মতো খ্যাতি যশ মান তারাও লভিতে পারে,
তাহাদের সাধনা হানা দিতে পারে সদর স্বর্গ-দ্বারে! –
স্বর্গবেশ্যা ঘৃতাচী-পুত্র হল মহাবীর দ্রোণ,
কুমারীর ছেলে বিশ্ব-পূজ্য কৃষ্ণ-দ্বৈপায়ন.
কানীন-পুত্র কর্ণ হইল দানবীর মহারথী
স্বর্গ হইতে পতিতা গঙ্গা শিবেরে পেলেন পতি,
শান্তনু রাজা নিবেদিল প্রেম পুন সেই গঙ্গায় –
তাঁদেরই পুত্র অমর ভীষ্ম, কৃষ্ণ প্রণমে যাঁয়!
মুনি হল শুনি সত্যকাম সে জারজ জবালা-শিশু,
বিস্ময়কর জন্ম যাঁহার – মহাপ্রেমিক সে জিশু!-
কেহ নহে হেথা পাপ-পঙ্কিল, কেহ সে ঘৃণ্য নহে,
ফুটিছে অযুত বিমল কমল কামনা-কালিয়-দহে!
শোনো মানুষের বাণী,
জনমের পর মানব জাতির থাকে নাকো কোনো গ্লানি!
পাপ করিয়াছি বলিয়া কি নাই পুণ্যেরও অধিকার?
শত পাপ করি হয়নি ক্ষুন্ন দেবত্ব দেবতার।
অহল্যা যদি মুক্তি লভে, মা, মেরি হতে প ‘ সবই এক প্রাণী। '
রাজার ঘুচিয়া গেল
ধোঁকাটা।
জীবের শিবের প্রেমে
একদম গেল থেমে
মেঝে তার তলোয়ার
ঠোকাটা।
মুচকে হাসে অতুল খুড়ো,
কানে কলম গোঁজা।
চোখ টিপে সে বললে হঠাৎ,
‘ পরতে হবে মোজা। '
হাসল ভজা, হাসল নবাই
—
‘ ভারি মজা ' ভাবল
সবাই —
ঘরসুদ্ধ উঠল হেসে,
কারণ যায় না বোঝা।
স্বপ্নে দেখি নৌকো আমার
নদীর ঘাটে বাঁধা ;
নদী কিংবা আকাশ সেটা
লাগল মনে ধাঁধাঁ।
এমন সময় হঠাৎ দেখি,
দিক্ সীমানায় গেছে ঠেকি
একটুখানি ভেসে-ওঠা
ত্রয়োদশীর চাঁদা।
‘ নৌকোতে
তোর পার করে দে '
এই ব ' লে তার কাঁদা
।
আমি বলি, ‘ ভাবনা কী তায়,
আকাশপারে নেব মিতায় —
কিন্তু আমি ঘুমিয়ে আছি
এই যে বিষম বাধা,
দেখছ আমার চতুর্দিকটা
স্বপ্নজালে ফাঁদা। '
আপিস থেকে ঘরে এসে
মিলত গরম আহার্য,
আজকে থেকে রইবে না আর
তাহার জো।
বিধবা সেই পিসি ম'রে
গিয়েছে ঘর খালি করে,
বদ্দি স্বয়ং করেছে তার
সাহায্য।
‘ সময় চলেই যায় '
নিত্য এ নালিশে
উদ্ বেগে ছিল ভুপু
মাথা রেখে বালিশে।
কব্ জির ঘড়িটার
উপরেই সন্দ,
একদম করে দিল
দম তার বন্ধ —
সময় নড়ে না আর,
হাতে বাঁধা খালি সে,
ভুপুরাম অবিরাম
বিশ্রাম-শালী সে।
ঝাঁ-ঝাঁ করে রোদ্ দুর,
তবু ভোর পাঁচটায়
ঘড়ি করে ইঙ্গিত
ডালাটার কাঁচটায় —
রাত বুঝি ঝক্ ঝকে
কুঁড়েমির পালিশে।
বিছানায় প'ড়ে তাই
দেয় হাততালি সে।
অবকাশ ঘোরতর অল্প,
অতএব কবে লিখি গল্প!
সময়টা বিনা কাজে ন্যস্ত,
তা নিয়েই সর্বদা ব্যস্ত।
তাই ছেড়ে দিতে হল শেষটা
কলমের ব্যবহার - চেষ্টা।
সারাবেলা চেয়ে থাকি শূন্যে,
বুঝি গতজন্মের পুণ্যে
পায় মোর উদাসীন চিত্ত
রূপে রূপে অরূপের বিত্ত।
নাই তার সঞ্চয়তৃষ্ণা,
নষ্ট করাতে তার নিষ্ঠা।
মৌমাছি - স্বভাবটা পায় নাই,
ভবিষ্যতের কোনো দায় নাই।
ভ্রমর যেমন মধু নিচ্ছে
যখন যেমন তার ইচ্ছে।
অকিঞ্চনের মতো কুঞ্জে
নিত্য আলসরস ভুঞ্জে।
মৌচাক রচে না কী জন্যে—
ব্যর্থ বলিয়া তারে অন্যে
গাল দিক, খেদ নাই তা নিয়ে।
জীবনটা চলেছে সে বানিয়ে
আলোতে বাতাসে আর গন্ধে
আপন পাখা - নাড়ার ছন্দে।
জগতের উপকার করতে
চায় না সে প্রাণপণে মরতে,
কিংবা সে নিজের শ্রীবৃদ্ধির
টিকি দেখিল না আজও সিদ্ধির।
কভু যার পায় নাই তত্ত্ব
তারি গুণগান নিয়ে মত্ত।
বীথিকা
যাহা - কিছু হয় নাই পষ্ট,
যা দিয়েছে না - পাওয়ার কষ্ট,
যা রয়েছে অভ্যাসের বস্তু,
তারেই সে বলিয়াছে ‘ অস্তু '
যাহা নহে গণনায় গণ্য
তারি রসে হয়েছে সে ধন্য।
তবে কেন চাও তারে আনতে
পাব্ লিশরের চক্রান্তে।
যে রবি চলেছে আজ অস্তে
দেবে সমালোচকের হস্তে?
বসে আছি, প্রলয়ের পথ - কার
কবে করিবেন তার সৎকার।
নিশীথিনী নেবে তারে বাহুতে,
তার আগে খাবে কেন রাহুতে?
কলমটা তবে আজ তোলা থাক্ ,
স্তুতিনিন্দার দোলে দোলা থাক্ ।
আজি শুধু ধরণীর স্পর্শ
এনে দিক অন্তিম হর্ষ।
বোবা তরুলতিকার বাক্য
দিক তারে অসীমের সাক্ষ্য।
অপরাধ যদি ক'রে থাকো
কেন
ঢাকো
মিথ্যা
মোর কাছে।
শাসনের দণ্ড সে কি এই হাতে আছে
যে
হাতে তোমার কণ্ঠে পরায়েছি বরণের হার।
শাস্তি
এ আমার।
ভাগ্যেরে
করেছি জয়
এ
বিশ্বাসে মনে মনে ছিলাম নির্ভয়।
আলস্যে
কি ভেবেছিনু তাই—
সাধনার
আয়োজনে আর মোর প্রয়োজন নাই।
রুষ্ট ভাগ্য ভেঙে দিল অহংকার।
যা ঘটিল তাই আমি করিনু স্বীকার।
ক্ষমা করো মোরে।
আপনারে রেখেছিনু কারাগার ক'রে
তোমারে ঘিরিয়া,
পীড়িয়াছি ফিরিয়া ফিরিয়া
দিনে রাতে।
কখনো অজ্ঞাতে
যেখানে বেদনা তব সেখানে দিয়েছি
মোর ভার।
বিষম দুঃসহ বোঝা এ ভালোবাসার
সেখানে দিয়েছি চেপে ভালোবাসা নেই যেখানেতে
।
বসেছি আসন পেতে
যেখানে স্থানের টানাটানি।
হায় জানি,
কী ব্যথা কঠোর!
এ প্রেমের কারাগারে মোর
যন্ত্রণায় জাগি
সুরঙ্গ কেটেছ যদি পরিত্রাণ লাগি
বীথিকা
দোষ দিব কারে।
শাস্তি তো পেয়েছ তুমি এতদিন সেই
রুদ্ধদ্বারে।
সে শাস্তির হোক অবসান।
আজ হতে মোর শাস্তি শুরু হবে,
বিধির বিধান।
মনে পড়ে, যেন এককালে লিখিতাম
চিঠিতে তোমারে প্রেয়সী অথবা প্রিয়ে।
একালের দিনে শুধু বুঝি লেখে নাম—
থাক্ সে কথায়, লিখি বিনা নাম দিয়ে।
তুমি দাবি কর কবিতা আমার কাছে
মিল মিলাইয়া দুরূহ ছন্দে লেখা,
আমার কাব্য তোমার দুয়ারে যাচে
নম্র চোখের কম্প্র কাজলরেখা।
সহজ ভাষায় কথাটা বলাই শ্রেয়—
যে - কোনো ছুতায় চলে এসো মোর ডাকে,
সময় ফুরোলে আবার ফিরিয়া যেয়ো,
বোসো মুখোমুখি যদি অবসর থাকে।
গৌরবরন তোমার চরণমূলে
ফল্ সাবরন শাড়িটি ঘেরিবে ভালো ;
বসনপ্রান্ত সীমন্তে রেখো তুলে,
কপোলপ্রান্তে সরু পাড় ঘন কালো।
একগুছি চুল বায়ু - উচ্ছ্বাসে কাঁপা
ললাটের ধারে থাকে যেন অশাসনে।
ডাহিন অলকে একটি দোলনচাঁপা
দুলিয়া উঠুক গ্রীবাভঙ্গির সনে।
বৈকালে গাঁথা যূথীমুকুলের মালা
কণ্ঠের তাপে ফুটিয়া উঠিবে সাঁঝে ;
দূরে থাকিতেই গোপনগন্ধ - ঢালা
সুখসংবাদ মেলিবে হৃদয় মাঝে।
এই সুযোগেতে একটুকু দিই খোঁটা—
আমারই দেওয়া সেই ছোট্ট চুনির দুল,
রক্তে জমানো যেন সে অশ্রুর ফোঁটা,
কতদিন সেটা পরিতে করেছ ভুল।
বীথিকা
আরেকটা কথা বলে রাখি এইখানে,
কাব্যে সে কথা হবে না মানানসই,
সুর দিয়ে সেটা গাহিব না কোনো গানে—
তুচ্ছ শোনাবে, তবু সে তুচ্ছ কই।
একালে চলে না সোনার প্রদীপ আনা,
সোনার বীণাও নহে আয়ত্তগত।
বেতের ডালায় রেশমি - রুমাল - টানা
অরুণবরন আম এনো গোটাকত।
গদ্য জাতীয় ভোজ্যও কিছু দিয়ো,
পদ্যে তাদের মিল খুঁজে পাওয়া দায়।
তা হোক, তবুও লেখকের তারা প্রিয় ;
জেনো, বাসনার সেরা বাসা রসনায়।
ওই দেখো, ওটা আধুনিকতার ভূত
মুখেতে জোগায় স্থূলতার জয়ভাষা ;
জানি, অমরার পথহারা কোনো দূত
জঠরগুহায় নাহি করে যাওয়া - আসা।
তথাপি পষ্ট বলিতে নাহি তো দোষ
যে কথা কবির গভীর মনের কথা—
উদরবিভাগে দৈহিক পরিতোষ
সঙ্গী জোটায় মানসিক মধুরতা।
শোভন হাতের সন্দেশ, পানতোয়া,
মাছমাংসের পোলাও ইত্যাদিও
যবে দেখা দেয় সেবা মাধুর্যে - ছোঁওয়া
তখন সে হয় কী অনির্বচনীয়!
বুঝি অনুমানে, চোখে কৌতুক ঝলে ;
ভাবিছ বসিয়া সহাস ওষ্ঠাধরা,
এ সমস্তই কবিতার কৌশলে
মৃদুসংকেতে মোটা ফরমাশ করা।
আচ্ছা, নাহয় ইঙ্গিত শুনে হেসো ;
বরদানে, দেবী, নাহয় হইবে বাম ;
খালি হাতে যদি আস তবে তাই এসো,
বীথিকা
সে দুটি হাতেরও কিছু কম নহে দাম!
সেই কথা ভালো, তুমি চলে এসো একা,
বাতাসে তোমার আভাস যেন গো থাকে ;
স্তব্ধ প্রহরে দুজনে বিজনে দেখা,
সন্ধ্যাতারাটি শিরীষডালের ফাঁকে।
তার পরে যদি ফিরে যাও ধীরে ধীরে
ভুলে ফেলে যে য়ো তোমার যূথীর মালা ;
ইমন বাজিবে বক্ষের শিরে শিরে,
তার পরে হবে কাব্য লেখার পালা।
যত লিখে যাই ততই ভাবনা আসে,
লেফাফার 'পরে কার নাম দিতে হবে ;
মনে মনে ভাবি গভীর দীর্ঘশ্বাসে,
কোন্ দূর যুগে তারিখ ইহার কবে।
মনে ছবি আসে— ঝিকিমিকি বেলা হল,
বাগানের ঘাটে গা ধুয়েছ তাড়াতাড়ি ;
কচি মুখখানি, বয়স তখন ষোলো ;
তনু দেহখানি ঘেরিয়াছে ডুরে শাড়ি।
কুঙ্কুমফোঁটা ভুরুসংগমে কিবা,
শ্বেতকরবীর গুচ্ছ কর্ণমূলে ;
পিছন হইতে দেখিনু কোমল গ্রীবা
লোভন হয়েছে রেশমচিকন চুলে।
তাম্রথালায় গোড়ে মালাখানি গেঁথে
সিক্ত রুমালে যত্নে রেখেছ ঢাকি ;
ছায়া - হেলা ছাদে মাদুর দিয়েছ পেতে—
কার কথা ভেবে বসে আছ জানি না কি!
আজি এই চিঠি লিখিছে তো সেই কবি ;
গোধূলির ছায়া ঘনায় বিজন ঘরে,
দেয়ালে ঝুলিছে সেদিনের ছায়াছবি—
শব্দটি নেই, ঘড়ি টিক্ টিক্ করে।
ওই তো তোমার হিসাবের ছেঁড়া পাতা,
বীথিকা
দেরাজের কোণে পড়ে আছে আধুলিটি।
কতদিন হল গিয়েছ, ভাবিব না তা,
শুধু রচি বসে নিমন্ত্রণের চিঠি।
মনে আসে, তুমি পুব - জানালার ধারে
পশমের গুটি কোলে নিয়ে আছ বসে ;
উৎসুক চোখে বুঝি আশা কর কারে,
আলগা আঁচল মাটিতে পড়েছে খসে।
অর্ধেক ছাদে রৌদ্র নেমেছে বেঁকে,
বাকি অর্ধেক ছায়াখানি দিয়ে ছাওয়া ;
পাঁচিলের গায়ে চীনের টবের থেকে
চামেলি ফুলের গন্ধ আনিছে হাওয়া।
এ চিঠির নেই জবাব দেবার দায়,
আপাতত এটা দেরাজে দিলেম রেখে।
পার যদি এসো শব্দবিহীন পায়,
চোখ টিপে ধোরো হঠাৎ পিছন থেকে।
আকাশে চুলের গন্ধটি দিয়ো পাতি,
এনো সচকিত কাঁকনের রিনিরিন,
আনিয়ো মধুর স্বপ্নসঘন রাতি,
আনিয়ো গভীর আলস্যঘন দিন।
তোমাতে আমাতে মিলিত নিবিড় একা—
স্থির আনন্দ, মৌন মাধুরীধারা,
মুগ্ধ প্রহর ভরিয়া তোমারে দেখা,
তব করতল মোর করতলে হারা।
কেন চুপ করে আছি, কেন কথা নাই,
শুধাইছ তাই।
কথা দিয়ে ডেকে আনি যারে
দেবতারে,
বাহির দ্বারের কাছে এসে
ফিরে যায় হেসে।
মৌনের বিপুল শক্তিপাশে
ধরা দিয়ে আপনে সে আসে
আসে পরিপূর্ণতায়
হৃদয়ের গভীর গুহায়।
অধীর আহ্বানে রবাহূত
প্রসাদের মূল্য হয় চ্যুত।
স্বর্গ হতে বর, সেও আনে অসম্মান
ভিক্ষার সমান।
ক্ষুব্ধ বাণী যবে শান্ত হয়ে আসে
দৈববাণী নামে সেই অবকাশে।
নীরব আমার পূজা তাই,
স্তবগান নাই ;
আর্দ্র স্বরে ঊর্ধ্বপানে চেয়ে নাহি ডাকে,
স্তব্ধ হয়ে থাকে।
হিমাদ্রিশিখরে নিত্য নীরবতা তার
ব্যাপ্ত করি রহে চারি ধার ;
নির্লিপ্ত সে সুদূরতা
বাক্যহীন বিশাল আহ্বান
আকাশে আকাশে দেয় টান,
মেঘপুঞ্জ কোথা থেকে
অবারিত অভিষেকে
অজস্র সহস্রধারে
পুণ্য করে তারে।
না - কওয়ার না -
চাওয়ার সেই সাধনায় হয়ে লীন
সার্থক শান্তিতে যাক দিন।
জন্ম মোর বহি যাবে
খেয়ার তরী এল ভবে
যে - আমি এল সে - তরীখানি বেয়ে,
ভাবিয়াছিনু বারে বারে
প্রথম হতে জানি তারে,
পরিচিত সে পুরানো সবচেয়ে।
হঠাৎ যবে হেনকালে
আবেশকুহেলিকাজালে
অরুণরেখা ছিদ্র দেয় আনি
আমার নব পরিচয়
চমকি উঠে মনোময়—
নূতন সে যে, নূতন তারে জানি।
বসন্তের ভরাস্রোতে
এসেছিল সে কোথা হতে
বহিয়া চিরযৌবনেরই ডালি।
অনন্তের হোমানলে
যে - যজ্ঞের শিখা জ্বলে,
সে - শিখা হতে এনেছে দীপ জ্বালি।
মিলিয়া যায় তারই সাথে
আশ্বিনেরই নবপ্রাতে
শিউলিবনে আলোটি যাহা পড়ে,
শব্দহীন কলরোলে
সে - নাচ তারই বুকে দোলে
যে - নাচ লাগে বৈশাখের ঝড়ে।
এ - সংসারে সব সীমা
ছাড়ায়ে গেছে যে - মহিমা
বীথিকা
ব্যাপিয়া আছে অতীতে অনাগতে,
মরণ করি অভিভব
আছেন চির যে - মানব
নিজেরে দেখি সে - পথিকের পথে।
সংসারের ঢেউখেলা
সহজে করি অবহেলা
রাজহংস চলেছে যেন ভেসে—
সিক্ত নাহি করে তারে,
মুক্ত রাখে পাখাটারে,
ঊর্ধ্বশিরে পড়িছে আলো এসে।
আনন্দিত মন আজি
কী সংগীতে উঠে বাজি,
বিশ্ববীণা পেয়েছি যেন বুকে।
সকল লাভ, সকল ক্ষতি,
তুচ্ছ আজি হল অতি
দুঃখ সুখ ভুলে যাওয়ার সুখে।
কে আমার ভাষাহীন অন্তরে
চিত্তের মেঘলোকে সন্তরে,
বক্ষের কাছে থাকে তবুও সে রয় দূরে,
থাকে অশ্রুত সুরে।
ভাবি বসে, গাব আমি তারই গান—
চুপ করে থাকি সারা দিনমান,
অকথিত আবেগের ব্যথা সই।
মন বলে, কথা কই কথা কই!
চঞ্চল শোণিতে যে
সত্তার ক্রন্দন ধ্বনিতেছে
অর্থ কী জানি তাহা,
আদিতম আদিমের বাণী তাহা।
ভেদ করি ঝঞ্ঝার আলোড়ন
ছেদ করি বাষ্পের আবরণ
চুম্বিল ধরাতল যে আলোক,
স্বর্গের সে বালক
কানে তার বলে গেছে যে কথাটি
তারই স্মৃতি আজো ধরণীর মাটি
দিকে দিকে বিকাশিছে ঘাসে ঘাসে—
তারই পানে চেয়ে চেয়ে
সেই সুর কানে আসে।
প্রাণের প্রথমতম কম্পন
অশথের মজ্জায় করিতেছে বিচরণ,
তারই সেই ঝংকার ধ্বনিহীন—
আকাশের বক্ষেতে কেঁপে ওঠে নিশিদিন ;
মোর শিরাতন্তুতে বাজে তাই ;
সুগভীর চেতনার মাঝে
তাই
নর্তন জেগে ওঠে অদৃশ্য ভঙ্গিতে
বীথিকা
অরণ্যমর্মর - সংগীতে।
ওই তরু ওই লতা ওরা সবে
মুখরিত কুসুমে ও পল্লবে—
সেই মহাবাণীময় গহনমৌনতলে
নির্বাক স্থলে জলে
শুনি আদি - ওংকার,
শুনি মূক গুঞ্জন অগোচর চেতনার।
ধরণীর ধূলি হতে তারার সীমার কাছে
কথাহারা যে ভুবন ব্যাপিয়াছে
তার মাঝে নিই স্থান,
চেয়ে - থাকা দুই চোখে বাজে ধ্বনিহীন গান।
কী আশা নিয়ে
এসেছ হেথা উৎসবের দল।
অশোকতরুতল
অতিথি লাগি রাখে নি আয়োজন।
হায় সে নির্ধন
শুকানো গাছে আকাশে শাখা তুলি
কাঙালসম মেলেছে অঙ্গুলি ;
সুরসভার অপ্সরার চরণঘাত মাগি
রয়েছে বৃথা জাগি।
আরেকদিন এসেছ যবে সেদিন ফুলে ফুলে
যৌবনের তুফান দিল তুলে
।
দখিনবায়ে তরুণ ফাল্গুনে
শ্যামল বনবল্লভের
পায়ের ধ্বনি শুনে
পল্লবের আসন দিল পাতি ;
মর্মরিত প্রলাপবাণী
কহিল সারারাতি।
যেয়ো না ফিরে, একটু
তবু রোসো,
নিভৃত তার প্রাঙ্গণেতে এসেছ যদি— বোসো।
ব্যাকুলতার নীরব আবেদনে
যে দিন গেছে সে দিনখানি জাগায়ে তোলো মনে।
যে দান মৃদু হেসে
কিশোর করে নিয়েছ তুলি, পরেছ কালো কেশে,
তাহারি ছবি স্মরিয়ো মোর শুকানো - শাখা - আগে
প্রভাতবেলা নবীনারুণরাগে।
সেদিনকার গানের থেকে চয়ন করি কথা
ভরিয়া তোলো আজি এ নীরবতা।
যায় আসে সাঁওতাল মেয়ে
শিমূলগাছের তলে কাঁকরবিছানো পথ বেয়ে।
মোটা শাড়ি আঁট করে ঘিরে আছে তনু কালো দেহ।
বিধাতার ভোলা - মন কারিগর কেহ
কোন্ কালো পাখিটিরে গড়িতে গড়িতে
শ্রাবণের মেঘে ও তড়িতে
উপাদান খুঁজি
ওই নারী রচিয়াছে বুঝি।
ওর দুটি পাখা
ভিতরে অদৃশ্য আছে ঢাকা,
লঘু পায়ে মিলে গেছে চলা আর ওড়া।
নিটোল দু হাতে তার সাদারাঙা কয় জোড়া
গালা - ঢালা চুড়ি,
মাথায় মাটিতে - ভরা ঝুড়ি,
যাওয়া - আসা করে বারবার।
আঁচলে প্রান্ত তার
লাল রেখা দুলাইয়া
পলাশের স্পর্শমায়া আকাশেতে দেয় বুলাইয়া।
পউষের পালা হল শেষ,
উত্তর বাতাসে লাগে দক্ষিণের ক্বচিৎ আবেশ।
হিমঝুরি শাখা - ' পরে
চিকন চঞ্চল পাতা ঝলমল করে
শীতের রোদ্ দুরে।
পাণ্ডুনীল আকাশেতে চিল উড়ে যায় বহুদূরে।
আমলকীলতা ছেয়ে খসে পড়ে ফল,
জোটে সেথা ছেলেদের দল।
আঁকাবাঁকা বনপথে আলোছায়া - গাঁথা,
অকস্মাৎ ঘুরে ঘুরে ওড়ে ঝরা পাতা
সচকিত হাওয়ার খেয়ালে।
বীথিকা
ঝোপের আড়ালে
গলাফোলা গিরগিটি স্তব্ধ আছে ঘাসে।
ঝুড়ি নিয়ে বারবার সাঁওতাল মেয়ে যায় আসে।
আমার মাটির ঘরখানা
আরম্ভ হয়েছে গড়া, মজুর জুটেছে তার নানা।
ধীরে ধীরে ভিত তোলে গেঁথে
রৌদ্রে পিঠ পেতে।
মাঝে মাঝে
সুদূরে রেলের বাঁশি বাজে ;
প্রহর চলিয়া যায়, বেলা পড়ে আসে,
ঢং ঢং ঘন্টাধ্বনি জেগে ওঠে দিগন্ত - আকাশে।
আমি দেখি চেয়ে,
ঈষৎ সংকোচে ভাবি—এ কিশোরী মেয়ে
পল্লীকোণে যে ঘরের তরে
করিয়াছে প্রস্ফুটিত দেহে ও অন্তরে
নারীর সহজ শক্তি আত্মনিবেদনপরা
শুশ্রূষার স্নিগ্ধসুধা - ভরা,
আমি তারে
লাগিয়েছি কেনা কাজে করিতে মজুরি—
মূল্যে যার অসম্মান সেই শক্তি করি চুরি
পয়সার দিয়ে সিঁধকাঠি।
সাঁওতাল মেয়ে ওই ঝুড়ি ভরে নিয়ে আসে মাটি।
রূপহীন, বর্ণহীন, চিরস্তব্ধ, নাই শব্দ সুর,
মহাতৃষ্ণা মরুতলে মেলিয়াছে আসন মৃত্যুর ;
সে মহানৈঃশব্দ্য - মাঝে বেজে ওঠে মানবের বাণী
‘ বাধা নাহি মানি '।
আস্ফালিছে লক্ষ লোল ফেনজিহ্বা নিষ্ঠুর নীলিমা—
তরঙ্গতাণ্ডবী মৃত্যু, কোথা তার নাহি হেরি সীমা ;
সে রুদ্র সমুদ্রতটে ধ্বনিতেছে মানবের বাণী
‘ বাধা নাহি মানি '।
আদিতম যুগ হতে অন্তহীন অন্ধকারপথে
আবর্তিছে বহ্নিচক্র কোটি কোটি নক্ষত্রের রথে ;
দুর্গম রহস্য ভেদি সেথা উঠে মানবের বাণী
‘ বাধা নাহি মানি '।
অণুতম অণুকণা আকাশে আকাশে নিত্যকাল
বর্ষিয়া বিদ্যুৎবিন্দু রচিছে রূপের ইন্দ্রজাল ;
নিরুদ্ধ প্রবেশদ্বারে উঠে সেথা মানবের বাণী
‘ বাধা নাহি মানি '।
চিত্তের গহনে যেথা দুরন্ত কামনা লোভ ক্রোধ
আত্মঘাতী মত্ততায় করিছে মুক্তির দ্বার রোধ
অন্ধতার অন্ধকারে উঠে সেথা মানবের বাণী
‘ বাধা নাহি মানি '।
তোমারে ডাকিনু যবে কুঞ্জবনে
তখনো আমের বনে গন্ধ ছিল।
জানি না কী লাগি ছিলে অন্যমনে,
তোমার দুয়ার কেন বন্ধ ছিল।
একদিন শাখা ভরি এল ফলগুচ্ছ,
ভরা অঞ্জলি মোর করি গেলে তুচ্ছ,
পূর্ণতা - পানে আঁখি অন্ধ ছিল।
বৈশাখে অকরুণ দারুণ ঝড়ে
সোনার বরন ফল খসিয়া পড়ে।
কহিনু, ‘ ধুলায় লোটে মোর যত অর্ঘ্য,
তব করতলে যেন পায় তার স্বর্গ। '
হায় রে, তখনো মনে দ্বন্দ্ব ছিল।
তোমার সন্ধ্যা ছিল প্রদীপহীনা,
আঁধারে দুয়ারে তব বাজানু বীণা।
তারার আলোক - সাথে মিলি মোর চিত্ত
ঝংকৃত তারে তারে করেছিল নৃত্য,
তোমার হৃদয় নিস্পন্দ ছিল।
তন্দ্রাবিহীন নীড়ে ব্যাকুল পাখি
হারায়ে কাহারে বৃথা মরিল ডাকি।
প্রহর অতীত হল, কেটে গেল লগ্ন,
একা ঘরে তুমি ঔদাস্যে নিমগ্ন,
তখনো দিগঞ্চলে চন্দ্র ছিল।
কে বোঝে কাহার মন! অবোধ হিয়া
দিতে চেয়েছিল বাণী নিঃশেষিয়া।
আশা ছিল, কিছু বুঝি আছে অতিরিক্ত
অতীতের স্মৃতিখানি অশ্রুতে সিক্ত—
বীথিকা
বুঝিবা নূপুরে কিছু ছন্দ ছিল।
উষার চরণতলে মলিন শশী
রজনীর হার হতে পড়িল খসি।
বীণার বিলাপ কিছু দিয়েছে কি সঙ্গ,
নিদ্রার তটতলে তুলেছে তরঙ্গ,
স্বপ্নেও কিছু কি আনন্দ ছিল।
কোথা হতে পেলে তুমি অতি পুরাতন
এ যৌবন,
হে তরু প্রবীণ,
প্রতিদিন
জরাকে ঝরাও তুমি কী নিগূঢ় তেজে—
প্রতিদিন আসো তুমি
সেজে
সদ্য জীবনের মহিমায়।
প্রাচীনের সমুদ্রসীমায়
নবীন প্রভাত তার
অক্লান্ত কিরণে
তোমাতে জাগায় লীলা নিরন্তর শ্যামলে হিরণে।
দিনে দিনে পথিকের দল
ক্লিষ্টপদতল
তব ছায়াবীথি দিয়ে রাত্রি - পানে ধায় নিরুদ্দেশ ;
আর তো ফেরে না তারা,
যাত্রা করে শেষ।
তোমার নিশ্চল যাত্রা নব নব পল্লব - উদ্ গমে,
ঋতুর গতির ভঙ্গে
পুষ্পের উদ্যমে।
প্রাণের নির্ঝরলীলা স্তব্ধ রূপান্তরে
দিগন্তেরে পুলকিত করে।
তপোবনবালকের মতো
আবৃত্তি করিছ তুমি ফিরে ফিরে অবিরত
সঞ্জীবন - সামমন্ত্র - গাথা।
তোমার
পুরানো পাতা
মাটিরে করিছে প্রত্যর্পণ
মাটির যা মর্তধন ;
মৃত্যুভার সঁপিছে মৃত্যুরে
মর্মরিত আনন্দের সুরে।
সেইক্ষণে নবকিশলয়
রবিকর হতে করে জয়
প্রচ্ছন্ন আলোক
অমর অশোক
বীথিকা
সৃষ্টির প্রথম বাণী ;
বায়ু হতে লয় টানি
চিরপ্রবাহিত
নৃত্যের অমৃত।
দেবদারু, তুমি মহাবাণী
দিয়েছ মৌনের বক্ষে প্রাণমন্ত্র আনি—
যে প্রাণ নিস্তব্ধ ছিল মরুদূর্গতলে
প্রস্তরশৃঙ্খলে
কোটি কোটি যুগযুগান্তরে।
যে প্রথম যুগে তুমি দেখা দিলে নির্জন প্রান্তরে,
রুদ্ধ অগ্নিতেজের উচ্ছ্বাস
উদ্ ঘাটন করি দিল ভবিষ্যের ইতিহাস—
জীবের কঠিন দ্বন্দ্ব অন্তহীন,
দুঃখে সুখে যুদ্ধ রাত্রিদিন,
জ্বেলে ক্ষোভহুতাশন
অন্তরবিবরে যাহা সর্পসম করে অন্দোলন
শিখার রসনা
অশান্ত বাসনা।
স্নিগ্ধ স্তব্ধ রূপে
শ্যামল শান্তিতে তুমি চুপে চুপে
ধরণীর রঙ্গভূমে রচি দিলে কী ভূমিকা—
তারই মাঝে প্রাণীর হৃদয়রক্তে লিখা
মহানাট্য জীবনমৃত্যুর,
কঠিন নিষ্ঠুর
দুর্গম পথের দুঃসাহস।
যে পতাকা ঊর্ধ্ব - পানে তুলেছিলে নিরলস,
বলো কে জানিত তাহা নিরন্তর যুদ্ধের পতাকা,
সৌম্যকান্তি - দিয়ে - ঢাকা!
কে জানিত, আজ আমি এ - জন্মের জীবন মন্থিয়া
যে বাণী উদ্ধার করি চলেছি গ্রন্থিয়া
দিনে দিনে আমার আয়ুতে,
সে যুগের বসন্তবায়ুতে
প্রথম নীরব মন্ত্র তারই
ভাষাহারা মর্মরেতে দিয়েছ বিস্তারি
তুমি, বনস্পতি,
মোর জ্যোতিবন্দনায় জন্মপূর্ব প্রথম প্রণতি!
আসে অবগুণ্ঠিতা প্রভাতের অরুণ দুকূলে
শৈলতটমূলে,
আত্মদান অর্ঘ্য আনে পায়।
তপস্বীর ধ্যানে ভেঙে যায়,
গিরিরাজ কঠোরতা যায় ভুলি,
চরণের প্রান্ত হতে বক্ষে লয় তুলি
সজল তরুণ মেঘমালা।
কল্যাণে ভরিয়া উঠে মিলনের পালা।
অচলে চঞ্চলে লীলা,
সুকঠিন শিলা
মত্ত হয় রসে।
উদার দাক্ষিণ্য তার বিগলিত নির্ঝরে বরষে,
গায় কলোচ্ছল গান।
সে দাক্ষিণ্য গোপনের দান
এ মেঘমালারই।
এ বর্ষণ তারই
পর্বতের বাণী হয়ে উঠে জেগে—
নৃত্যবন্যাবেগে
বাধাবিঘ্ন চূর্ণ ক'রে
তরঙ্গের নৃত্যসাথে যুক্ত হয় অনন্ত সাগরে।
নির্মমের তপস্যা টুটিয়া
চলিল ছুটিয়া
দেশে দেশে প্রাণের প্রবাহ,
জয়ের উৎসাহ—
শ্যামলের মঙ্গল - উৎসবে
আকাশে বাজিল বীণা অনাহত রবে।
লঘুসুকুমার স্পর্শ ধীরে ধীরে
রুদ্রসন্ন্যাসীর স্তব্ধ নিরুদ্ধ শক্তিরে
দিল ছাড়া ; সৌন্দর্যের বীর্যবলে
স্বর্গেরে করিয়া জয় মুক্ত করি দিল ধরাতলে।
এ লেখা মোর শূন্যদ্বীপের সৈকততীর,
তাকিয়ে থাকে দৃষ্টি - অতীত পারের পানে।
উদ্দেশহীন জোয়ার - ভাঁটায় অস্থির নীর
শামুক ঝিনুক যা - খুশি তাই ভাসিয়ে আনে।
এ লেখা নয় বিরাট সভার শ্রোতার লাগি,
রিক্ত ঘরে একলা এ যে দিন কাটাবার ;
আটপহুরে কাপড়টা তার ধুলায় দাগি,
বড়োঘরের নেমন্তন্নে নয় পাঠাবার।
বয়ঃসন্ধিকালের যেন বালিকাটি,
ভাব্ নাগুলো উড়ো উড়ো আপনাভোলা।
অযতনের সঙ্গী তাহার ধুলোমাটি,
বাহির - পানে পথের দিকে দুয়ার খোলা।
আলস্যে তার পা ছড়ানো মেঝের উপর,
ললাটে তার রুক্ষ কেশের অবহেলা।
নাইকো খেয়াল কখন সকাল পেরোয় দুপুর
রেশমি
ডানায় যায় চলে তার হালকা বেলা।
চিনতে যদি চাও তাহারে এসো তবে,
দ্বারের ফাঁকে দাঁড়িয়ে থেকো আমার পিছু।
শুধাও যদি প্রশ্ন কোনো তাকিয়ে রবে
বোকার মতন—বলার কথা নেই - যে কিছু।
ধুলোয় লোটে রাঙাপাড়ের আঁচলখানা,
দুই চোখে তার নীল আকাশের সুদূর ছুটি ;
কানে কানে কে কথা কয় যায় না জানা,
মুখের 'পরে কে রাখে তার নয়নদুটি।
মর্মরিত শ্যামল বনের কাঁপন থেকে
চমকে নামে আলোর কণা আলগা চুলে ;
তাকিয়ে দেখে নদীর রেখা চলছে বেঁকে—
দোয়েল - ডাকা ঝাউয়ের শাখা উঠছে দুলে।
সম্মুখে তার বাগান - কোণায় কামিনী ফুল
আনন্দিত অপব্যয়ে পাপড়ি ছড়ায়।
বীথিকা
বেড়ার ধারে বেগনিগুচ্ছে ফুল্ল জারুল
দখিন - হাওয়ার সোহাগেতে শাখা নড়ায়।
তরুণ রৌদ্রে তপ্ত মাটির মৃদুশ্বাসে
তুলসীঝোপের গন্ধটুকু ঢুকছে ঘরে।
খামখেয়ালী একটা ভ্রমর আশে - পাশে
গুঞ্জরিয়া যায় উড়ে কোন্ বনান্তরে।
পাঠশালা সে ফাঁকি দিয়ে পালিয়ে এড়ায়,
শেখার মতো কোনো কিছুই হয় নি শেখা ;
আলোছায়ায় ছন্দ তাহার খেলিয়ে বেড়ায়
আলুথালু অবকাশের অবুঝ লেখা।
সবুজ সোনা নীলের মায়া ঘিরল তাকে ;
শুকনো ঘাসের গন্ধ আসে জানলা ঘুরে ;
পাতার শব্দে, জলের শব্দে, পাখির ডাকে
প্রহরটি তার আঁকাজোকা নানান সুরে।
সব নিয়ে যে দেখল তারে পায় সে দেখা
বিশ্বমাঝে
ধুলার'পরে অলজ্জিত—
নইলে সে তো মেঠো পথে নীরব একা
শিথিলবেশে
অনাদরে অসজ্জিত।
অপরিচিতের দেখা বিকশিত ফুলের উৎসবে
পল্লবের সমারোহে।
মনে পড়ে, সেই আর কবে
দেখেছিনু শুধু ক্ষণকাল।
খর সূর্যকরতাপে
নিষ্ঠুর বৈশাখবেলা ধরণীর রুদ্র অভিশাপে
বন্দী করেছিল তৃষ্ণাজালে।
শুষ্ক তরু,
ম্লান বন,
অবসন্ন পিককণ্ঠ,
শীর্ণচ্ছায়া অরণ্য নির্জন।
সেই তীব্র আলোকেতে দেখিলাম দীপ্ত মূর্তি তার—
জ্বালাময় আঁখি,
বর্ণচ্ছটাহীন বেশ,
নির্বিকার,
মুখচ্ছবি।
বিরলপল্লব স্তব্ধ বনবীথি 'পরে
নিঃশব্দ
মধ্যাহ্নবেলা দূর হতে মুক্তকণ্ঠ স্বরে
করেছি বন্দনা।
জানি, সে না - শোনা সুর গেছে ভেসে
শূন্যতলে।
সেও ভালো, তবু সে তো তাহারই উদ্দেশে
একদা অর্পিয়াছিনু
স্পষ্টবাণী, সত্য নমস্কার,
অসংকোচে
পূজা - অর্ঘ্য
সেই জানি গৌরব আমার।
আজ ক্ষুব্ধ
ফাল্গুনের কলস্বরে মত্ততাহিল্লোলে
মদির আকাশ।
আজি মোর এ অশান্ত চিত্ত দোলে
উদ্ ভ্রান্ত পবনবেগে।
আজ তারে যে বিহ্বল চোখে
বীথিকা
হেরিলাম, সে যে হায় পুষ্পরেণু - আবিল আলোকে
মাধুর্যের ইন্দ্রজালে রাঙা।
তাই মোর কণ্ঠস্বর
আবেগে জড়িত রুদ্ধ।
পাই নাই শান্ত অবসর
চিনিবারে, চেনাবারে।
কোনো কথা বলা হল না যে,
মোহমুগ্ধ ব্যর্থতার সে বেদনা চিত্তে মোর বাজে।
প্রণাম আমি পাঠানু
গানে
উদয়গিরিশিখর - পানে
অস্তমহাসাগরতট হতে—
নবজীবনযাত্রাকালে
সেখান হতে লেগেছে ভালে
আশিসখানি অরুণ - আলোস্রোতে।
প্রথম সেই
প্রভাত - দিনে
পড়েছি বাঁধা ধরার ঋণে,
কিছু কি তার দিয়েছি শোধ করি?
চিররাতের তোরণে থেকে
বিদায়বাণী গেলেম রেখে
নানারঙের বাষ্পলিপি ভরি।
বেসেছি ভালো এই ধরারে,
মুগ্ধ চোখে দেখেছি তারে
ফুলের দিনে দিয়েছি রচি গান ;
সে গানে মোর জড়ানো প্রীতি,
সে গানে মোর রহুক স্মৃতি,
আর যা আছে হউক অবসান।
রোদের বেলা ছায়ার বেলা
করেছি সুখদুখের খেলা,
সে খেলাঘর মিলাবে মায়াসম ;
অনেক তৃষা, অনেক ক্ষুধা,
তাহারি মাঝে পেয়েছি সুধা—
উদয়গিরি, প্রণাম লহো মম।
বরষ আসে বরষশেষে,
প্রবাহে তারই যায় রে ভেসে
বাঁধিতে যারে চেয়েছি চিরতরে।
বীথিকা
বারে বারেই ঋতুর ডালি
পূর্ণ হয়ে হয়েছে খালি
মমতাহীন সৃষ্টিলীলাভরে।
এ মোর দেহ - পেয়ালাখানা
উঠেছে ভরি কানায় কানা
রঙিন রসধারায় অনুপম।
একটুকুও দয়া না মানি
ফেলায়ে দেবে, জানি তা জানি,
উদয়গিরি তবুও নমোনম।
কখনো তার গিয়েছে ছিঁড়ে,
কখনো নানা সুরের ভিড়ে
রাগিণী মোর পড়েছে আধো চাপা।
ফাল্গুনের আমন্ত্রণে
জেগেছে কুঁড়ি গভীর বনে,
পড়েছে ঝরি চৈত্রবায়ে - কাঁপা।
অনেক দিনে অনেক দিয়ে
ভেঙেছে কত গড়িয়ে গিয়ে,
ভাঙন হল চরম প্রিয়তম ;
সাজাতে পূজা করি নি ত্রুটি,
ব্যর্থ হলে নিলেম ছুটি—
উদয়গিরি, প্রণাম লহ মম।
বনস্পতি, তুমি যে ভীষণ
ক্ষণে ক্ষণে
আজিও তা মানে মোর মন।
প্রকাণ্ড
মাহাত্ম্যবলে জেনেছিলে ধরা একদিন
যে আদি
অরণ্যযুগে, আজি তাহা ক্ষীণ।
মানুষের -
বশ - মানা এই - যে তোমায় আজ দেখি,
তোমার আপন রূপ এ কি?
আমার বিধান দিয়ে বেঁধেছি তোমারে
আমার বাসার চারি ধারে।
ছায়া তব রেখেছি সংযমে।
দাঁড়ায়ে রয়েছ স্তব্ধ জনতাসংগমে
হাটের পথের ধারে।
নম্র পত্রভারে
কিংকরের মতো
আছ মোর বিলাসের অনুগত।
লীলাকাননের মাপে
তোমারে করেছি খর্ব। মৃদু কলালাপে
কর চিত্তবিনোদন,
এ ভাষা কি তোমার আপন?
একদিন এসেছিলে আদিবনভূমে ;
জীবলোক মগ্ন ঘুমে—
তখনো মেলে নি চোখ,
দেখে নি আলোক।
সমুদ্রের তীরে তীরে শাখায় মিলায়ে শাখা
ধরার কঙ্কাল দিলে ঢাকা।
ছায়ায় বুনিয়া ছায়া স্তরে স্তরে
সবুজ মেঘের মতো ব্যাপ্ত হলে দিকে দিগন্তরে।
লতায় গুল্মেতে ঘন, মৃতগাছ - শুষ্কপাতা - ভরা,
আলোহীন পথহীন ধরা।
অরণ্যের আর্দ্র গন্ধে নিবিড় বাতাস
বীথিকা
যেন রুদ্ধশ্বাস
চলিতে না পারে।
সিন্ধুর তরঙ্গধ্বনি অন্ধকারে
গুমরিয়া উঠিতেছে জনশূন্য বিশ্বের বিলাপে।
ভূমিকম্পে বনস্থলী কাঁপে ;
প্রচণ্ড নির্ঘোষে
বহু তরুভার বহি বহুদূর মাটি যায় ধ্বসে
গভীর পঙ্কের তলে।
সেদিনের অন্ধযুগে পীড়িত সে জলে স্থলে
তুমি তুলেছিলে মাথা।
বলিত বল্কলে তব গাঁথা
সে ভীষণ যুগের আভাস।
যেথা তব আদিবাস
সে অরণ্যে একদিন মানুষ পশিল যবে
দেখা দিয়েছিলে তুমি ভীতিরূপে তার অনুভবে।
হে তুমি অমিত - আয়ু, তোমার উদ্দেশে
স্তবগান করেছে সে।
বাঁকাচোরা শাখা তব কত কী সংকেতে
অন্ধকারে শঙ্কা রেখেছিল পেতে।
বিকৃত বিরূপ মূর্তি মনে মনে দেখেছিল তারা
তোমার দুর্গমে দিশাহারা।
আদিম সে আরণ্যক ভয়
রক্তে নিয়ে এসেছিনু
আজিও সে কথা মনে হয়।
বটের জটিল মূল আঁকাবাঁকা নেমে গেছে জলে—
মসীকৃষ্ণ ছায়াতলে
দৃষ্টি মোর চলে যেত ভয়ের কৌতুকে,
দুরু দুরু বুকে
ফিরাতেম নয়ন তখনই।
যে মূর্তি দেখেছি সেথা, শুনেছি যে ধ্বনি
বীথিকা
সে তো নহে আজিকার।
বহু লক্ষ বর্ষ আগে সৃষ্টি সে তোমার।
হে ভীষণ বনস্পতি,
সেদিন যে নতি
মন্ত্র পড়ি দিয়েছি তোমারে,
আমার চৈতন্যতলে আজিও
তা আছে এক ধারে।
দুজন সখীরে
দূর হতে দেখেছিনু অজানার তীরে।
জানি নে কাদের ঘর ; দ্বার খোলা আকাশের পানে,
দিনান্তে কহিতেছিল কী কথা কে জানে।
এক নিমিষেতে
অপরিচয়ের দেখা চলে যেতে যেতে
উপরের দিকে চেয়ে।
দুটি মেয়ে
যেন দুটি আলোকণা
আমার মনের পথে ছায়াতলে করিল রচনা
ক্ষণতরে আকাশের বাণী,
অর্থ তার নাহি জানি।
যাহারা ওদের চেনে,
নাম জানে, কাছে লয় টেনে,
একসাথে দিন যাপে,
প্রত্যহের বিচিত্র আলাপে
ওদের বেঁধেছে তারা ছোটো করে
পরিচয়ডোরে।
সত্য নয়
ঘরের ভিত্তিতে ঘেরা সেই পরিচয়।
যাবে দিন,
সে জানা কোথায় হবে লীন।
বন্ধহীন অনন্তের বক্ষতলে উঠিয়াছে জেগে
কী নিশ্বাসবেগে
যুগলতরঙ্গসম।
অসীম কালের মাঝে ওরা অনুপম,
ওরা অনুদ্দেশ,
কোথায় ওদের শেষ
বীথিকা
ঘরের মানুষ জানে সে কি?
নিত্যের চিত্তের পটে ক্ষণিকের চিত্র গেনু দেখি—
আশ্চর্য সে লেখা,
সে তুলির রেখা
যুগযুগান্তর - মাঝে একবার দেখা দিল নিজে—
জানি নে তাহার পরে কী যে।
মুক্ত হও হে সুন্দরী!
ছিন্ন করো রঙিন কুয়াশা।
অবনত দৃষ্টির আবেশ,
এই অবরুদ্ধ ভাষা,
এই অবগুণ্ঠিত প্রকাশ।
সযত্ন লজ্জার ছায়া
তোমারে বেষ্টন করি জড়ায়েছে অস্পষ্টের মায়া
শতপাকে,
মোহ দিয়ে সৌন্দর্যেরে করেছে আবিল ;
অপ্রকাশে হয়েছ অশুচি।
তাই তোমারে নিখিল
রেখেছে সরায়ে কোণে।
ব্যক্ত করিবার দীনতায়
নিজেরে হারালে তুমি,
প্রদোষের জ্যোতিঃক্ষীণতায়
দেখিতে পেলে না আজও আপনারে উদার আলোকে—
বিশ্বেরে দেখ নি, ভীরু, কোনোদিন বাধাহীন চোখে
উচ্চশির করি।
স্বরচিত সংকোচে কাটাও দিন,
আত্ম - অপমানে চিত্ত দীপ্তিহীন, তাই পুণ্যহীন।
বিকশিত স্থলপদ্ম পবিত্র সে, মুক্ত তার হাসি,
পূজায় পেয়েছে স্থান আপনারে সম্পূর্ণ বিকাশি।
ছায়াছন্ন যে লজ্জায় প্রকাশের দীপ্তি ফেলে মুছি,
সত্তার ঘোষণাবাণী স্তব্ধ করে,
জেনো সে অশুচি।
ঊর্ধ্বশাখা বনস্পতি যে ছায়ারে দিয়েছে আশ্রয়
তার সাথে আলোর মিত্রতা,
সমুন্নত সে বিনয়।
মাটিতে লুটিয়ে গুল্ম সর্ব অঙ্গ ছায়াপুঞ্জ করি,
তলে গুপ্ত গহ্বরেতে কীটের নিবাস।
বীথিকা
হে সুন্দরী,
মুক্ত করো অসম্মান, তব অপ্রকাশ - আবরণ।
হে বন্দিনী, বন্ধনেরে কোরো না কৃত্রিম আভরণ।
সজ্জিত লজ্জার খাঁচা, সেথায় আত্মার অবসাদ—
অর্ধেক বাধায় সেথা ভোগের বাড়ায়ে দিতে স্বাদ
ভোগীর বাড়াতে গর্ব খর্ব করিয়ো না আপনারে
খণ্ডিত জীবন লয়ে আচ্ছন্ন চিত্তের অন্ধকারে।
অন্ধকারে জানি না কে এল কোথা হতে—
মনে হল তুমি ;
রাতের লতা - বিতান তারার আলোতে
উঠিল কুসুমি।
সাক্ষ্য আর কিছু নাই, আছে শুধু একটি স্বাক্ষর,
প্রভাত - আলোক তলে মগ্ন হলে প্রসুপ্ত প্রহর
পড়িব তখন।
ততক্ষণ পূর্ণ করি থাক মোর নিস্তব্ধ অন্তর
তোমার স্মরণ।
কত লোক ভিড় করে জীবনের পথে
উড়াইয়া ধূলি ;
কত যে পতাকা ওড়ে কত রাজপথে
আকাশ আকুলি।
প্রহরে প্রহরে যাত্রী ধেয়ে চলে খেয়ার উদ্দেশে—
অতিথি আশ্রয় মাগে শ্রান্তদেহে মোর দ্বারে এসে
দিন - অবসানে,
দূরের কাহিনী বলে, তার পরে রজনীর শেষে
যায় দূর - পানে।
মায়ার আবর্তে রচে আসায় যাওয়ায়
চঞ্চল সংসারে।
ছায়ার তরঙ্গ যেন ধাইছে হাওয়ায়
ভাঁটায় জোয়ারে।
ঊর্ধ্বকণ্ঠে ডাকে কেহ, স্তব্ধ কেহ ঘরে এসে বসে—
প্রত্যহের জানাশোনা, তবু তারা দিবসে দিবসে
পরিচয়হীন।
এই কুজ্ঝটিকালোকে লুপ্ত হয়ে স্বপ্নের তামসে
কাটে জীর্ণ দিন।
সন্ধ্যার নৈঃশব্দ্য উঠে সহসা শিহরি ;
বীথিকা
না কহিয়া কথা
কখন যে আস কাছে, দাও ছিন্ন করি
মোর অস্পষ্টতা।
তখন বুঝিতে পারি, আছি আমি একান্তই আছি
মহাকালদেবতার অন্তরের অতি কাছাকাছি
মহেন্দ্রমন্দিরে ;
জাগ্রত জীবনলক্ষ্মী পরায় আপন মাল্যগাছি
উন্নমিত শিরে।
তখনই বুঝিতে পারি, বিশ্বের মহিমা
উচ্ছ্বসিয়া উঠি
রাখিল সত্তায় মোর রচি নিজ সীমা
আপন দেউটি।
সৃষ্টির প্রাঙ্গণতলে চেতনার দীপশ্রেণী - মাঝে
সে দীপে জ্বলেছে শিখা উৎসবের ঘোষণার কাজে ;
সেই তো বা খা নে,
অনির্বচনীয় প্রেম অন্তহীন বিস্ময়ে বিরাজে
দেহে মনে প্রাণে।
জয় করেছিনু মন তাহা বুঝে নাই,
চলে গেনু তাই
নতশিরে।
মনে ক্ষীণ আশা ছিল ডাকিবে সে ফিরে।
মানিল না হার,
আমারে করিল অস্বীকার।
বাহিরে রহিনু খাড়া
কিছুকাল, না পেলেম সাড়া।
তোরণদ্বারের কাছে
চাঁপাগাছে
দক্ষিণ বাতাসে থরথরি
অন্ধকারে পাতাগুলি উঠিল মর্মরি।
দাঁড়ালেম পথপাশে,
ঊর্ধ্বে বাতায়ন - পানে তাকালেম ব্যর্থ কী আশ্বাসে।
দেখিনু নিবানো বাতি—
আত্মগুপ্ত অহংকৃত রাতি
কক্ষ হতে পথিকেরে হানিছে ভ্রূকুটি।
এ কথা ভাবি নি মনে, অন্ধকারে ভূমিতলে লুটি
হয়তো সে করিতেছে খান্ খান্
তীব্রঘাতে আপনার অভিমান।
দূর হতে দূরে গেনু সরে
প্রত্যাখ্যানলাঞ্ছনার বোঝা বক্ষে ধরে।
চরের বালুকা ঠেকা
পরিত্যক্ত তরীসম রহিল সে একা।
আশ্বিনের
ভোরবেলা চেয়ে দেখি পথে যেতে যেতে
ক্ষীণ কুয়াশায় ঢাকা কচিধানখেতে
দাঁড়িয়ে রয়েছে বক,
দিগন্তে
মেঘের গুচ্ছে দুলিয়াছে উষার অলক।
সহসা উঠিল বলি হৃদয় আমার,
বীথিকা
দেখিলাম যাহা দেখিবার
নির্মল আলোকে
মোহমুক্ত চোখে।
কামনার যে পিঞ্জরে শান্তিহীন
অবরুদ্ধ ছিনু এতদিন
নিষ্ঠুর আঘাতে তার
ভেঙে গেছে দ্বার—
নিরন্তর আকাঙ্ক্ষার এসেছি বাহিরে
সীমাহীন বৈরাগ্যের তীরে।
আপনারে শীর্ণ করি
দিবসশর্বরী
ছিনু জাগি
মুষ্টিভিক্ষা লাগি।
উন্মুক্ত বাতাসে
খাঁচার পাখির গান ছাড়া আজি পেয়েছে আকাশে।
সহসা দেখিনু প্রাতে
যে আমারে মুক্তি দিল আপনার হাতে
সে আজও রয়েছে পড়ি
আমারি সে ভেঙে - পড়া পিঞ্জর আঁকড়ি।
দুঃখী তুমি একা,
যেতে যেতে কটাক্ষেতে পেলে দেখা—
হোথা দুটি নরনারী নববসন্তের কুঞ্জবনে
দক্ষিণ পবনে।
বুঝি মনে হল, যেন চারি ধার
সঙ্গীহীন তোমারেই দিতেছে ধিক্কার।
মনে হল, রোমাঞ্চিত অরণ্যের কিশলয়
এ তোমার নয়।
ঘনপুঞ্জ অশোকমঞ্জরী
বাতাসের অন্দোলনে ঝরি ঝরি
প্রহরে প্রহরে
যে নৃত্যের তরে
বিছাইছে আস্তরণ বনবীথিময়,
সে তোমার নয়।
ফাল্গুনের এই ছন্দ, এই গান,
এই মাধুর্যের দান,
যুগে যুগান্তরে
শুধু মধুরের তরে
কমলার আশীর্বাদ করিছ সঞ্চয়,
সে তোমার নয়।
অপর্যাপ্ত ঐশ্বর্যের মাঝখান দিয়া
অকিঞ্চনহিয়া
চলিয়াছ দিনরাতি,
নাই সাথি,
পাথেয় সম্বল নাই প্রাণে,
শুধু কানে
চারি দিক হতে সবে কয়—
‘ এ তোমার নয় '।
তবু মনে রেখো, হে পথিক,
বীথিকা
দুর্ভাগ্য তোমার চেয়ে অনেক অধিক
আছে ভবে।
দুই জনে পাশাপাশি যবে
রহে একা তার চেয়ে একা কিছু নাই এ ভুবনে।
দুজনার অসংলগ্ন মনে
ছিদ্রময় যৌবনের তরী
অশ্রুর তরঙ্গে ওঠে ভরি—
বসন্তের রসরাশি সেও হয় দারুণ দুর্বহ,
যুগলের নিঃসঙ্গতা নিষ্ঠুর বিরহ।
তুমি একা, রিক্ত তব চিত্তাকাশে কোনো বিঘ্ন নাই ;
সেথা পায় ঠাঁই
পান্থ মেঘদল—
লয়ে রবিরশ্মি লয়ে অশ্রুজল
ক্ষণিকের স্বপ্নস্বর্গ করিয়া রচনা
অস্তসমুদ্রের পারে ভেসে তারা যায় অন্যমনা।
চেয়ে দেখো, দোঁহে যারা হোথা আছে
কাছে - কাছে
তবু যাহাদের মাঝে
অন্তহীন বিচ্ছেদ বিরাজে—
কুসুমিত এ বসন্ত, এ আকাশ, এই বন,
খাঁচার মতন
রুদ্ধদ্বার, নাহি কহে কথা—
তারাও ওদের কাছে হারালো অপূর্ব অসীমতা।
দুজনের জীবনের মিলিত অঞ্জলি,
তাহারি শিথিল ফাঁকে দুজনের বিশ্ব পড়ে গলি।
কে গো তুমি গরবিনী, সাবধানে থাকো দূরে দূরে,
মর্তধূলি - ' পরে ঘৃণা বাজে তব নূপুরে নূপুরে।
তুমি যে অসাধারণ,
তীব্র একা তুমি,
আকাশকুসুমসম অসংসক্ত রয়েছ কুসুমি।
বাহিরের প্রসাধনে যত্ন তুমি শুচি ;
অকলঙ্ক তোমার কৃত্রিম রুচি ;
সর্বদা সংশয়ে থাকো পাছে কোথা হতে
হতভাগ্য কালো কীট পড়ে তব দীপের আলোতে
স্ফটিকেতে - ঢাকা
অসামান্য সমাদরে আঁকা
তোমার জীবন
কৃপণের - কক্ষে - রাখা ছবির মতন
বহুমূল্য যবনিকা অন্তরালে ;
ওগো অভাগিনী নারী, এই ছিল তোমার কপালে—
আপন প্রহরী তুমি,
নিজে তুমি আপন বন্ধন।
আমি সাধারণ।
এ ধরাতলের
নির্বিচার স্পর্শ সকলের
দেহে মোর বহে যায়, লাগে মোর মনে—
সেই বলে বলী আমি, স্বত্ব মোর সকল ভুবনে।
মুক্ত আমি ধূলিতলে,
মুক্ত আমি অনাদৃত মলিনের দলে।
যত চিহ্ন লাগে দেহে, অশঙ্কিত প্রাণের শক্তিতে
শুদ্ধ হয়ে যায় সে চকিতে।
সম্মুখে আমার দেখো শালবন,
সে যে সাধারণ।
সবার একান্ত কাছে
আপনাবিস্মৃত হয়ে আছে।
বীথিকা
মধ্যাহ্নবাতাসে
শুষ্ক পাতা ঘুরাইয়া ধূলির আবর্ত ছুটে আসে—
শাখা তার অনায়াসে দেয় নাড়া,
পাতায় পাতায় তার কৌতুকের পড়ে সাড়া।
তবু সে অম্লান শুচি, নির্মল নিশ্বাসে
চৈত্রের আকাশে
বাতাস পবিত্র করে সুগন্ধবীজনে।
অসংকোচ ছায়া তার প্রসারিত সর্বসাধারণে।
সহজে নির্মল সে যে
দ্বিধাহীন জীবনের তেজে।
আমি সাধারণ।
তরুর মতন আমি, নদীর মতন।
মাটির বুকের কাছে থাকি ;
আলোরে ললাটে লই ডাকি
যে আলোক উচ্চনীচ ইতরের—
বাহিরের ভিতরের।
সমস্ত পৃথিবী তুমি অবজ্ঞায় করেছ অশুচি,
গরবিনী, তাই সেই শক্তি গেছে ঘুচি
আপনার অন্তরে রহিতে অমলিনা—
হায়, তুমি, নিখিলের আশীর্বাদহীনা।
হে হরিণী,
আকাশ লইবে জিনি
কেন তব এ অধ্যবসায়?
সুদূরের অভ্রপটে অগম্যেরে দেখা যায়,
কালো চোখে পড়ে তার স্বপ্নরূপ লিখা ;
একি মরীচিকা,
পিপাসার স্বরচিত মোহ,
একি আপনার সাথে আপন বিদ্রোহ?
নিজের দুঃসহ সঙ্গ হতে
ছুটে যেতে চাও কোনো নূতন আলোতে—
নিকটের সংকীর্ণতা করি ছেদ,
দিগন্তের নব নব যবনিকা করি দিয়া ভেদ।
আছ বিচ্ছেদের পারে ;
যারে তুমি জানো নাই, রক্তে তুমি চিনিয়াছ যারে,
সে যে ডাক দিয়ে গেছে যুগে যুগে যত হরিণীরে
বনে মাঠে গিরিতটে নদীতীরে—
জানায়েছে অপূর্ব বারতা
কত শত বসন্তের আত্মবিহ্বলতা।
তারই লাগি বিশ্বভোলা মহা - অভিসার
হয়েছে দুর্বার,
অদৃশ্যেরে সন্ধানের তরে
দাঁড়ায়েছ স্পর্ধাভরে,
একান্ত উৎসুক তব প্রাণ
আকাশেরে করে ঘ্রাণ—
কর্ণ করিয়াছে খাড়া,
বাতাসে বাতাসে আজি অশ্রুত বাণীর পায় সাড়া।
প্রাসাদভবনে নীচের তলায়
সারাদিন কতমতো
গৃহের সেবায় নিয়ত রয়েছ
রত।
সেথা তুমি তব গৃহসীমানায়
বহু মানুষের সনে
শত গাঁঠে বাঁধা কর্মের
বন্ধনে।
দিনশেষে আসে গোধূলির বেলা
ধূসর রক্তরাগে
ঘরের কোণায় দীপ
জ্বালাবার আগে ;
নীড়ে - ফেরা কাক দিয়ে শেষ ডাক
উড়িল আকাশতলে,
শেষ - আলো - আভা মিলায়
নদীর জলে।
হাওয়া থেমে যায় বনের শাখায়
আঁধার জড়ায়ে ধরে ;
নির্জন ছায়া কাঁপে
ঝিল্লির স্বরে।
তখন একাকী সব কাজ রাখি
প্রাসাদ - ছাদের ধারে
দাঁড়াও যখন নীরব
অন্ধকারে
জানি না তখন কী যে নাম তব,
চেনা তুমি নহ আর,
কোনো বন্ধনে নহ তুমি
বাঁধিবার।
সেই ক্ষণকাল তব সঙ্গিনী
সুদূর সন্ধ্যাতারা,
সেই ক্ষণকাল তুমি
পরিচয়হারা।
দিবসরাতির সীমা মিলে যায় ;
নেমে এস তার পরে,
ঘরের প্রদীপ আবার
জ্বালাও ঘরে।
তোমার সম্মুখে এসে, দুর্ভাগিনী, দাঁড়াই যখন
নত হয় মন।
যেন ভয় লাগে
প্রলয়ের আরম্ভেতে স্তব্ধতার আগে।
এ কী দুঃখভার,
কী বিপুল বিষাদের স্তম্ভিত নীরন্ধ্র অন্ধকার
ব্যাপ্ত করে আছে তব
সমস্ত জগৎ,
তব ভূত ভবিষ্যৎ!
প্রকাণ্ড এ নিষ্ফলতা,
অভ্রভেদী ব্যথা
দাবদগ্ধ পর্বতের মতো
খররৌদ্রে রয়েছে উন্নত
লয়ে নগ্ন কালো কালো শিলাস্তূপ
ভীষণ বিরূপ।
সব সান্ত্বনার শেষে সব পথ একেবারে
মিলেছে শূন্যের অন্ধকারে ;
ফিরিছ বিশ্রামহারা ঘুরে ঘুরে,
খুঁজিছ কাছের বিশ্ব মুহূর্তে যা চলে গেল দূরে ;
খুঁজিছ বুকের ধন, সে আর তো নেই,
বুকের পাথর হল মুহূর্তেই।
চিরচেনা ছিল চোখে চোখে,
অকস্মাৎ মিলালো অপরিচিত লোকে।
দেবতা যেখানে ছিল সেথা জ্বালাইতে গেলে ধূপ,
সেখানে বিদ্রূপ।
সর্বশূন্যতার ধারে
জীবনের পোড়ো ঘরে অবরুদ্ধ দ্বারে
দাও নাড়া ;
ভিতরে কে দিবে সাড়া?
বীথিকা
মূর্ছাতুর আঁধারের উঠিছে নিশ্বাস।
ভাঙা বিশ্বে পড়ে আছে ভেঙে - পড়া বিপুল বিশ্বাস।
তার কাছে নত হয় শির
চরম বেদনাশৈলে ঊর্ধ্বচূড় যাহার মন্দির।
মনে হয়, বেদনার মহেশ্বরী
তোমার জীবন ভরি
দুষ্করতপস্যামগ্ন, মহাবিরহিণী
মহাদুঃখে করিছেন ঋণী
চিরদয়িতরে।
তোমারে সরালো শত ফেরে
বিশ্ব হতে বৈরাগ্যের
অন্তরাল।
দেশকাল
রয়েছে বাহিরে।
তুমি স্থির সীমাহীন নৈরাশ্যের তীরে
নির্বাক অপার নির্বাসনে।
অশ্রুহীন তোমার নয়নে
অবিশ্রাম প্রশ্ন জাগে যেন—
কেন, ওগো কেন!
দূর অতীতের পানে পশ্চাতে ফিরিয়া চাহিলাম ;
হেরিতেছি যাত্রী দলে দলে। জানি সবাকার নাম,
চিনি সকলেরে। আজ বুঝিয়াছি, পশ্চিম - আলোতে
ছায়া ওরা। নটরূপে এসেছে নেপথ্যলোক হতে
দেহ - ছদ্মসাজে ; সংসারের ছায়ানাট্য অন্তহীন,
সেথায় আপন পাঠ আবৃত্তি করিয়া রাত্রিদিন
কাটাইল ; সূত্রধার অদৃষ্টের আভাসে আদেশে
চালাইল নিজ নিজ পালা, কভু কেঁদে, কভু হেসে
নানা ভঙ্গি নানা ভাবে। শেষে অভিনয় হলে সারা,
দেহবেশ ফেলে দিয়ে নেপথ্যে অদৃশ্যে হল হারা।
যে খেলা খেলিতে এল হয়তো কোথাও তার আছে
নাট্যগত অর্থ কোনোরূপ, বিশ্বমহাকবি - কাছে
প্রকাশিত। নটনটী রঙ্গসাজে ছিল যতক্ষণ
সত্য বলে জেনেছিল প্রত্যহের হাসি ও ক্রন্দন,
উত্থানপতন বেদনায়। অবশেষে যবনিকা
নেমে এল ; নিবে গেল একে একে প্রদীপের শিখা ;
ম্লান হল অঙ্গরাগ ; বিচিত্র চাঞ্চল্য গেল থেমে ;
যে নিস্তব্ধ অন্ধকারে রঙ্গমঞ্চ হতে গেল নেমে
স্তুতি নিন্দা সেথায় সমান, ভেদহীন মন্দ ভালো,
দুঃখসুখভঙ্গি অর্থহীন, তুল্য অন্ধকার আলো,
লুপ্ত লজ্জাভয়ের ব্যঞ্জনা। যুদ্ধ উত্তারিয়া সীতা
পরক্ষণে প্রিয়হস্ত রচিতে বসিল তার চিতা ;
সে পালায় অবসানে নিঃশেষে হয়েছে নিরর্থক
সে দুঃসহ দুঃখদাহ—শুধু তারে কবির নাটক
কাব্যডোরে বাঁধিয়াছে, শুধু তারে ঘোষিতের গান,
শিল্পের কলায় শুধু রচে তাহা আনন্দের দান।
বীথিকা
জনশূন্য ভাঙাঘাটে আজি বৃদ্ধ বটচ্ছায়াতলে
গোধূলির শেষ আলো আষাঢ়ে ধূসর নদীজলে
মগ্ন হল। ওপারের লোকালয় মরীচিকাসম
চক্ষে ভাসে। একা বসে দেখিতেছি মনে মনে, মম
দূর আপনার ছবি নাট্যের প্রথম অঙ্কভাগে
কালের লীলায়। সেদিনের সদ্য - জাগা চক্ষে জাগে
অস্পষ্ট কী প্রত্যাশার অরুণিম প্রথম উন্মেষ ;
সম্মুখে সে চলেছিল, না জানিয়া শেষের উদ্দেশ,
নেপথ্যের প্রেরণায়। জানা না - জানার মধ্যসেতু
নিত্য পার হতেছিল কিছু তার না বুঝিয়া হেতু।
অকস্মাৎ পথমাঝে কে তারে ভেটিল একদিন,
দুই অজানার মাঝে দেশকাল হইল বিলীন
সীমাহীন নিমেষেই ; পরিব্যাপ্ত হল জানাশোনা
জীবনের দিগন্ত পারায়ে। ছায়ায় - আলোয় - বোনা
আতপ্ত ফাল্গুনদিনে মর্মরিত চাঞ্চল্যের স্রোতে
কুঞ্জপথে মেলিল সে স্ফুরিত অঞ্চলতল হতে
কনকচাঁপার আভা। গন্ধে শিহরিয়া গেল হাওয়া
শিথিল কেশের স্পর্শে। দুজনে করিল আসাযাওয়া
অজানা অধীরতায়।
সহসা রাত্রে সে গেল চলি
যে রাত্রি হয় না কভু ভোর। অদৃষ্টের যে অঞ্জলি
এনেছিল সুধা, নিল ফিরে। সেই যুগ হল গত
চৈত্রশেষে অরণ্যের মাধবীর সুগন্ধের মতো।
তখন সেদিন ছিল সবচেয়ে সত্য এ ভুবনে,
সমস্ত বিশ্বের যন্ত্র বাঁধিত সে আপন বেদনে
আনন্দ ও বিষাদের সুরে। সেই সুখ দুঃখ তার
জোনাকির খেলা মাত্র, যারা সীমাহীন অন্ধকার
পূর্ণ করে চুম্ কির কাজে বিঁধে আলোকের সূচি ;
সে রাত্রি অক্ষত থাকে, বিনা চিহ্নে আলো যায় ঘুচি।
বীথিকা
সে ভাঙা যুগের 'পরে কবিতার অরণ্যলতায়
ফুটিছে ছন্দের ফুল, দোলে তার গানের কথায়।
সেদিন আজিকে ছবি হৃদয়ের অজন্তাগুহাতে
অন্ধকার ভিত্তিপটে ; ঐক্য তার বিশ্বশিল্প - সাথে।
এতদিনে বুঝিলাম, এ হৃদয় মরু না,
ঋতুপতি তার প্রতি আজও করে করুণা।
মাঘ মাসে শুরু হল অনুকূল করদান,
অন্তরে কোন্ মায়ামন্তরে বরদান।
ফাল্গুনে কুসুমিতা কী মাধুরী তরুণা,
পলাশবীথিকা কার অনুরাগে অরুণা!
নীরবে করবী যবে আশা দিল হতাশে
ভুলেও তোলে নি মোর বয়সের কথা সে।
ওই দেখো অশোকের শ্যামঘন আঙিনায়
কৃপণতা কিছু নাই কুসুমের রাঙিমায়।
সৌরভগরবিনী তারামণি লতা সে
আমার ললাট - ' পরে কেন অবনতা সে।
চম্পকতরু মোরে প্রিয়সখা জানে যে,
গন্ধের ইঙ্গিতে কাছে তাই টানে যে।
মধুকরবন্দিত নন্দিত সহকার
মুকুলিত নতশাখে মুখে চাহে কহো কার।
ছায়াতলে মোর সাথে কথা কানে কানে যে,
দোয়েল মিলায় তান সে আমারই গানে যে।
পিকরবে সাড়া যবে দেয় পিকবনিতা
কবির ভাষায় সে যে চায় তারই ভণিতা।
বোবা দক্ষিণ - হাওয়া ফেরে হেথাসেথা হায়,
আমি না রহিলে, বলো, কথা দেবে কে তাহায়।
পুষ্পচয়নী বধূ কিংকিণীকণিতা,
অকথিতা বাণী তার কার সুরে ধ্বনিতা!
হে শ্যামলা, চিত্তের গহনে আছ চুপ,
মুখে তব সুদূরের রূপ
পড়িয়াছে ধরা
সন্ধ্যার
আকাশসম সকল - চঞ্চল চিন্তা - হরা।
আঁকা দেখি দৃষ্টিতে তোমার
সমুদ্রের পরপার,
গোধূলিপ্রান্তরপ্রান্তে ঘন কালো রেখাখানি ;
অধরে তোমার বীণাপাণি
রেখে দিয়ে বীণা তাঁর
নিশীথের রাগিণীতে
দিতেছেন নিঃশব্দ ঝংকার।
অগীত সে সুর
মনে এনে দেয়
কোন্ হিমাদ্রীর শিখরে সুদূর
হিমঘন তপস্যায় স্তব্ধলীন
নির্ঝরের ধ্যান বাণীহীন।
জলভারনত মেঘে
তমালবনের 'পরে আছে লেগে
সকরুণ ছায়া সুগম্ভীর—
তোমার ললাট - ' পরে সেই মায়া রহিয়াছে স্থির
।
ক্লান্ত - অশ্রু রাধিকার বিরহের
স্মৃতির গভীরে
স্বপ্নময়ী যে যমুনা
বহে ধীরে
শান্তধারা
কলশব্দহারা
তাহারই বিষাদ কেন
অতল গাম্ভীর্য লয়ে তোমার মাঝারে হেরি যেন।
শ্রাবণে অপরাজিতা, চেয়ে দেখি
তারে
আঁখি ডুবে যায় একেবারে—
ছোটো পত্রপুটে তার নীলিমা করেছে
ভরপুর,
দিগন্তের শৈলতটে অরণ্যের সুর
বাজে তাহে, সেই দূর
আকাশের বাণী
এনেছে আমার চিত্তে তোমার নির্বাক মুখখানি।
মরণমাতা, এই যে কচি প্রাণ,
বুকের এ যে দুলাল তব, তোমারই এ যে দান।
ধুলায় যবে নয়ন আঁধা,
জড়ের স্তূপে বিপুল বাধা,
তখন দেখি তোমারই কোলে নবীন শোভমান।
নবদিনের জাগরণের ধন,
গোপনে তারে লালন করে তিমির - আবরণ।
পরদাঢাকা তোমার রথে
বহিয়া আনো প্রকাশপথে
নূতন আশা, নূতন ভাষা, নূতন আয়োজন।
চলে যে যায় চাহে না আর পিছু,
তোমারই হাতে সঁপিয়া যায় যা ছিল তার কিছু।
তাহাই লয়ে মন্ত্র পড়ি
নূতন যুগ তোলো যে গড়ি—
নূতন ভালোমন্দ কত, নূতন উঁচুনিচু।
রোধিয়া পথ আমি না রব থামি ;
প্রাণের স্রোত অবাধে চলে তোমারই অনুগামী।
নিখিলধারা সে স্রোত বাহি
ভাঙিয়া সীমা চলিতে চাহি,
অচলরূপে রব না বাঁধা অবিচলিত আমি।
সহজে আমি মানিব অবসান,
ভাবী শিশুর জনমমাঝে নিজেরে দিব দান।
আজি রাতের যে - ফুলগুলি
জীবনে মম উঠিল দুলি
ঝরুক তারা
কালি প্রাতের ফুলেরে দিতে প্রাণ।
শ্যামল প্রাণের উৎস হতে
অবারিত পুণ্যস্রোতে
ধৌত হয় এ বিশ্বধরণী
দিবসরজনী।
হে নগরী, আপনারে বঞ্চিত করেছ সেই স্নানে,
রচিয়াছ আবরণ কঠিন পাষাণে।
আছ নিত্য মলিন অশুচি,
তোমার ললাট হতে গেছে ঘুচি
প্রকৃতির স্বহস্তে লিখা
আশীর্বাদটিকা।
উষা দিব্যদীপ্তিহারা
তোমার দিগন্তে এসে। রজনীর তারা
তোমার আকাশদুষ্ট জাতিচ্যুত, নষ্ট মন্ত্র তার,
বিক্ষুব্ধ নিদ্রার
আলোড়নে ধ্যান তার অস্বচ্ছ আবিল,
হারালো সে মিল
পূজাগন্ধী নন্দনের পারিজাত - সাথে
শান্তিহীন রাতে।
হেথা সুন্দরের কোলে
স্বর্গের বীণার সুর ভ্রষ্ট হল বলে
উদ্ধত হয়েছে ঊর্ধ্বে বীভৎসের কোলাহল,
কৃত্রিমের কারাগারে বন্দীদল
গর্বভরে
শৃঙ্খলের পূজা করে।
দ্বেষ ঈর্ষা কুৎসার কলুষে
আলোহীন অন্তরের গুহাতলে হেথা রাগে পুষে
ইতরের অহংকার—
গোপন দংশন তার ;
অশ্লীল তাহার ক্লিন্ন ভাষা
বীথিকা
সৌজন্যসংযমনাশা।
দুর্গন্ধ
পঙ্কের দিয়ে দাগ
মুখোশের অন্তরালে করে শ্লাঘা ;
সুরঙ্গ খনন করে,
ব্যাপি দেয় নিন্দা ক্ষতি প্রতিবেশীদের ঘরে ঘরে ;
এই নিয়ে হাটে বাটে বাঁকা কটাক্ষের
ব্যঙ্গভঙ্গি, চতুর বাক্যের
কুটিল উল্লাস,
ক্রূর পরিহাস।
এর চেয়ে আরণ্যক তীব্র হিংসা সেও
শতগুণে শ্রেয়।
ছদ্মবেশ - অপগত
শক্তির সরল তেজে সমুদ্যত দাবাগ্নির মতো
প্রচণ্ড নির্ঘোষ ;
নির্মল তাহার রোষ,
তার নির্দয়তা
বীরত্বের মাহাত্ম্যে উন্নতা।
প্রাণশক্তি তার মাঝে
অক্ষুণ্ন বিরাজে।
স্বাস্থ্যহীন বীর্যহীন যে হীনতা ধ্বংসের বাহন
গর্তখোদা ক্রিমিগণ
তারি অনুচর,
অতি ক্ষুদ্র তাই তারা অতি ভয়ংকর ;
অগোচরে আনে মহামারী,
শনির কলির দত্ত সর্বনাশ তারি।
মন মোর কেঁদে আজ উঠে জাগি
প্রবল মৃত্যুর লাগি।
রুদ্র, জটাবন্ধ হতে করো মুক্ত বিরাট প্লাবন,
নীচতার ক্লেদপঙ্ক করো রক্ষা ভীষণ! পাবন!
বীথিকা
তাণ্ডবনৃত্যের ভরে
দুর্বলের যে গ্লানিরে চূর্ণ করো যুগে যুগান্তরে,
কাপুরুষ নির্জীবের সে নির্লজ্জ অপমানগুলি
বিলুপ্ত করিয়া দিক উৎক্ষিপ্ত তোমার পদধূলি।
আকাশ আজিকে নির্মলতম নীল,
উজ্জ্বল আজি চাঁপার বরন আলো ;
সবুজে সোনায় ভূলোকে দ্যুলোকে মিল
দূরে - চাওয়া মোর নয়নে লেগেছে ভালো।
ঘাসে ঝ ' রে - পড়া শিউলির সৌরভে
মন - কেমনের বেদনা বাতাসে লাগে।
মালতীবিতানে শালিকের কলরবে
কাজ - ছাড়া - পাওয়া ছুটির আভাস জাগে।
এমনি শরতে ছেলেবেলাকার দেশে
রূপকথাটির নবীন রাজার ছেলে
বাহিরে ছুটিতে কী জানি কী উদ্দেশে
এ পারের চিরপরিচিত ঘর ফেলে।
আজি মোর মনে সে রূপকথার মায়া
ঘনায়ে উঠিছে চাহিয়া আকাশ - পানে ;
তেপান্তরের সুদূর আলোকছায়া
ছড়ায়ে পড়িল ঘরছাড়া মোর প্রাণে।
মন বলে, ‘ ওগো অজানা বন্ধু, তব
সন্ধানে আমি সমুদ্রে দিব পাড়ি।
ব্যথিত হৃদয়ে পরশরতন লব
চিরসঞ্চিত দৈন্যের বোঝা ছাড়ি।
দিন গেছে মোর, বৃথা বয়ে গেছে রাতি,
বসন্ত গেছে দ্বারে দিয়ে মিছে নাড়া ;
খুঁজে পাই নাই শূন্য ঘরের সাথি—
বকুলগন্ধে দিয়েছিল বুঝি সাড়া।
আজি আশ্বিনে প্রিয় - ইঙ্গিত - সম
নেমে আসে বাণী করুণকিরণ - ঢালা—
চিরজীবনের হারানো বন্ধু মম,
এবার এসেছে তোমারে খোঁজার পালা। '
চক্ষে তোমার কিছু বা করুণা ভাসে,
ওষ্ঠ তোমার কিছু কৌতুকে হাসে,
মৌনে তোমার কিছু লাগে মৃদু সুর।
আলো - আঁধারের বন্ধনে আমি বাঁধা,
আশানিরাশায় হৃদয়ে নিত্য ধাঁধা ;
সঙ্গ যা পাই তারই মাঝে রহে দূর।
নির্মম হতে কুণ্ঠিত হও মনে ;
অনুকম্পার কিঞ্চিত কম্পনে
ক্ষণিকের তরে ছলকে কণিক সুধা।
ভাণ্ডার হতে
কিছু এনে দাও খুঁজি,
অন্তরে তাহা
ফিরাইয়া লও বুঝি,
বাহিরের ভোজে হৃদয়ে গুমরে ক্ষুধা।
ওগো মল্লিকা
, তব ফাল্গুনরাতি
অজস্র দানে
আপনি উঠে যে মাতি,
সে দাক্ষিণ্য দক্ষিণবায়ু - তরে!
তার সম্পদ সারা অরণ্য
ভরি—
গন্ধের ভারে মন্থর
উত্তরী
কুঞ্জে কুঞ্জে লুণ্ঠিত ধূলি - ' পরে।
উত্তরবায়ু
আমি ভিক্ষুকসম
হিমনিশ্বাসে
জানাই মিনতি মম
শুষ্ক শাখার বীথিকারে চঞ্চলি।
অকিঞ্চনের রোদনে ধেয়ান
টুটে,
কৃপণ দয়ায় ক্বচিৎ একটি
ফুটে
অবগুণ্ঠিত অকাল পুষ্পকলি।
যত মনে ভাবি, রাখি তারে সঞ্চিয়া
,
ছিঁড়িয়া কাড়িয়া লয় মোরে বঞ্চিয়া
বীথিকা
প্রলয়প্রবাহে ঝ ' রে - পড়া যত পাতা।
বিস্ময় লাগে আশাতীত সেই দানে,
ক্ষীণ সৌরভে ক্ষণগৌরব আনে—
বরণমাল্য হয় না তাহাতে গাঁথা।
কুয়াশার জাল
আবরি রেখেছে প্রাতঃকাল—
সেইমতো ছিনু আমি কতদিন
আত্মপরিচয়হীন
।
অস্পষ্ট স্বপ্নের মতো করেছিনু অনুভব
কুমারীচাঞ্চল্যতলে আছিল যে সঞ্চিত গৌরব,
যে
নিরুদ্ধ আলোকের মুক্তির আভাস,
অনাগত
দেবতার আসন্ন আশ্বাস,
পুষ্পকোরকের বক্ষে অগোচর ফলের মতন।
তুই কোলে এলি
যবে অমূল্য রতন,
অপূর্ব
প্রভাতরবি,
আশার অতীত
যেন প্রত্যাশার ছবি—
লভিলাম
আপনার পূর্ণতারে
কাঙাল
সংসারে।
প্রাণের
রহস্য সুগভীর
অন্তরগুহায়
ছিল স্থির,
সে আজ বাহির হল দেহ লয়ে উন্মুক্ত আলোতে
অন্ধকার
হতে ;
সুদীর্ঘকালের
পথে
চলিল
সুদূর ভবিষ্যতে।
যে আনন্দ আজি মোর শিরায় শিরায় বহে
গৃহের কোণের তাহা নহে।
আমার
হৃদয় আজি পান্থশালা,
প্রাঙ্গণে
হয়েছে দীপ জ্বালা।
হেথা
কারে ডেকে আনিলাম
অনাদিকালের পান্থ কিছুকাল করিবে বিশ্রাম।
এ
বিশ্বের যাত্রী যারা চলে অসীমের পানে
আকাশে
আকাশে নৃত্যগানে—
আমার শিশুর
মুখে কলকোলাহলে
বীথিকা
সে
- যাত্রীর গান আমি শুনিব এ বক্ষতলে।
অতিশয়
নিকটের, দূরের তবু এ—
আপন অন্তরে এল, আপনার কহে তো কভু এ।
বন্ধনে
দিয়েছে ধরা শুধু ছিন্ন করিতে বন্ধন ;
আনন্দের ছন্দ টুটে উচ্ছ্বসিছে এ মোর ক্রন্দন।
জননীর
এ
বেদনা, বিশ্বধরণীর
সে যে আপনার ধন—
না পারে রাখিতে নিজে, নিখিলেরে করে নিবেদন।
পথের শেষে নিবিয়া আসে আলো,
গানের বেলা
আজ ফুরালো
কী
নিয়ে তবে কাটিবে তব সন্ধ্যা।
রাত্রি
নহে বন্ধ্যা,
অন্ধকারে না - দেখা ফুল ফুটায়ে তোলে সে যে—
দিনের
অতি নিঠুর খর তেজে
যে
- ফুল ফুটিল না,
যাহার মধুকণা
বনভূমির প্রত্যাশাতে গোপনে ছিল বলে
গিয়েছে কবে আকাশপথে চলে
তোমার উপবনের মৌমাছি
কৃপণ বনবীথিকাতলে বৃথা করুণা যাচি।
আঁধারে - ফোটা সে ফুল নহে ঘরেতে আনিবার
সে - ফুলদলে গাঁথিবে না তো হার ;
সে শুধু বুকে আনে
গন্ধে - ঢাকা নিভৃত অনুমানে
দিনের ঘন জনতামাঝে হারানো আঁখিখানি,
মৌনে - ডোবা বাণী ;
সে শুধু আনে পাই নি যারে তাহারই পরিচিতি,
ঘটে নি যাহা ব্যাকুল তারই স্মৃতি।
স্বপনে - ঘেরা সুদূর তারা নিশার - ডালি - ভরা
দিয়েছে দেখা, দেয় নি তবু ধরা ;
রাতের ফুল দূরের ধ্যানে তেমনি কথা কবে,
অনধিগত সার্থকতা বুঝাবে অনুভবে,
না-জানা সেই না-ছোঁওয়া সেই পথের শেষ দান
বিদায়বেলা ভরিবে তব প্রাণ।
তুমি আছ বসি
তোমার ঘরের দ্বারে
ছোটো তব সংসারে।
মনখানি যবে ধায় বাহিরের পানে
ভিতরে আবার টানে।
বাঁধনবিহীন দূর
বাজাইয়া যায় সুর,
বেদনার ছায়া পড়ে তব আঁখি - ' পরে—
নিশ্বাস ফেলি মন্দগমন
ফিরে চলে যাও ঘরে।
আমি - যে পথিক চলিয়াছি পথ বেয়ে
দূরের আকাশে চেয়ে ;
তোমার ঘরের
ছায়া পড়ে পথপাশে,
সে ছায়া হৃদয়ে আসে।
যত দূরে পথ যাক
শুনি বাঁধনের ডাক,
ক্ষণেকের তরে পিছনে আমায় টানে—
নিশ্বাস ফেলি
ত্বরিতগমন চলি সম্মুখপানে।
উদার আকাশে আমার মুক্তি দেখি
মন তব কাঁদিছে কি?
এ মুক্তিপথে তুমি পেতে চাও ছাড়া,
দুয়ারে লেগেছে নাড়া।
বাঁধনে বাঁধনে টানি
রচিলে আসনখানি,
দেখিনু তোমার আপন সৃষ্টি তাই—
শূন্যতা ছাড়ি সুন্দরে
তব আমার মুক্তি চাই।
পর্বতের অন্য প্রান্তে ঝর্ঝরিয়া ঝরে রাত্রিদিন
নির্ঝরিণী ;
এ মরুপ্রান্তের তৃষ্ণা হল শান্তিহীন
পলাতকা মাধুর্যের কলস্বরে।
শুধু ওই ধ্বনি
তৃষিত চিত্তের যেন বিদ্যুতে খচিত বজ্রমণি
বেদনায় দোলে বক্ষে।
কৌতুকচ্ছুরিত হাস্য তার
মর্মের শিরায় মোর তীব্রবেগে করিছে বিস্তার
জ্বালাময় নৃত্যস্রোত।
ওই ধ্বনি আমার স্বপন
চঞ্চলিতে চাহে তার বঞ্চনায়।
মূঢ়ের মতন
ভুলিব না তাহে কভু।
জানিব মানিব নিঃসংশয়
দুর্লভেরে মিলিবে না ;
করিব কঠোর বীর্যে জয়
ব্যর্থ দুরাশারে মোর।
চিরজন্ম দিব অভিশাপ
দয়ারিক্ত দুর্গমেরে।
আশাহারা বিচ্ছেদের তাপ
দুঃসহ দাহনে তার দীপ্ত করি হানিব বিদ্রোহ
অকিঞ্চন অদৃষ্টেরে।
পুষিব না ভিক্ষুকের মোহ।
কাল চলে আসিয়াছি, কোনো কথা বলি নি তোমারে
।
শেষ করে দিনু একেবারে
আশা নৈরাশ্যের দ্বন্দ্ব, ক্ষুব্ধ কামনার
দুঃসহ ধিক্কার।
বিরহের বিষণ্ন আকাশে
সন্ধ্যা হয়ে আসে।
তোমারে নিরখি ধ্যানে সব হতে স্বতন্ত্র করিয়া
অনন্তে ধরিয়া।
নাই সৃষ্টিধারা,
নাই রবি শশী গ্রহতারা ;
বায়ু স্তব্ধ আছে,
দিগন্তে
একটি রেখা আঁকে নাই গাছে।
নাইকো জনতা,
নাই কানাকানি কথা।
নাই সময়ের পদধ্বনি
নিরন্ত মুহূর্ত স্থির, দণ্ড পল কিছুই না গণি।
নাই আলো, নাই অন্ধকার—
আমি নাই, গ্রন্থি নাই তোমার আমার।
নাই সুখ দুঃখ ভয়, আকাঙ্ক্ষা বিলুপ্ত হল সব—
আকাশে নিস্তব্ধ এক
শান্ত অনুভব।
তোমাতে সমস্ত লীন, তুমি আছ একা।—
আমি - হীন চিত্তমাঝে একান্ত তোমারে শুধু দেখা।
গান
মনে হল যেন পেরিয়ে এলেম
অন্তবিহীন পথ
আসিতে তোমার দ্বারে,
মরুতীর হতে সুধাশ্যামলিম পারে।
পথ হতে আমি গাঁথিয়া এনেছি
সিক্ত যূথীর মালা
সকরুণ নিবেদনের গন্ধ - ঢালা,
লজ্জা দিয়ো না তারে।
সজল মেঘের ছায়া ঘনাইছে
বনে বনে,
পথ - হারানোর বাজিছে বেদনা
সমীরণে।
দূর হতে আমি দেখেছি তোমার
ওই বাতায়নতলে
নিভৃতে প্রদীপ জ্বলে—
আমার এ আঁখি উৎসুক পাখি
ঝড়ের অন্ধকারে।
বাঁখারির বেড়া দেওয়া ভূমি ; হেথা করি ঘোরাফেরা
সারাক্ষণ আমি - দিয়ে ঘেরা
বর্তমানে।
মন জানে
এ মাটি আমারি,
যেমন এ শালতরুসারি
বাঁধে নিজ তলবীথি শিকড়ের গভীর বিস্তারে
দূর শতাব্দীর অধিকারে।
হেথা কৃষ্ণচূড়াশাখে ঝরে শ্রাবণের বারি
সে যেন আমারি—
ভোরে
ঘুমভাঙা আলো, রাত্রে তারাজ্বলা অন্ধকার,
যেন সে আমারি আপনার
এ মাটির সীমাটুকু মাঝে।
আমার সকল খেলা, সব কাজে,
এ ভূমি জড়িত আছে শাশ্বতের যেন সে
লিখন।
হঠাৎ চমক ভাঙে নিশীথে যখন
সপ্তর্ষির চিরন্তন দৃষ্টিতলে,
ধ্যানে দেখি, কালের
যাত্রীর দল চলে
যুগে যুগান্তরে।
এই ভূমিখণ্ড - ' পরে
তারা এল, তারা গেল কত।
তারাও আমারি মতো
এ মাটি নিয়েছে ঘেরি—
জেনেছিল, একান্ত এ তাহাদেরি।
কেহ আর্য কেহ বা অনার্য তারা,
কত জাতি নামহীন, ইতিহাসহারা।
কেহ হোমাগ্নিতে হেথা দিয়েছিল হবির অঞ্জলি,
কেহ বা দিয়েছে নরবলি।
এ মাটিতে একদিন যাহাদের সুপ্তচোখে
বীথিকা
জাগরণ এনেছিল অরুণ - আলোকে
বিলুপ্ত তাদের ভাষা।
পরে পরে
যারা বেঁধেছিল বাসা,
সুখে দুঃখে জীবনের রসধারা
মাটির পাত্রের মতো
প্রতি ক্ষণে ভরেছিল যারা
এ ভূমিতে,
এরে তারা পারিল না কোনো চিহ্ন দিতে।
আসে যায়
ঋতুর পর্যায়,
আবর্তিত অন্তহীন
রাত্রি আর দিন ;
মেঘরৌদ্র এর'পরে
ছায়ার খেলেনা নিয়ে খেলা করে
আদিকাল হতে।
কালস্রোতে
আগন্তুক এসেছি হেথায়
সত্য কিম্বা দ্বাপরে ত্রেতায়
যেখানে পড়ে নি লেখা
রাজকীয় স্বাক্ষরের একটিও স্থায়ী রেখা।
হায় আমি,
হায় রে ভূস্বামী,
এখানে তুলিছ বেড়া—উপাড়িছ হেথা যেই তৃণ
এই মাটিতে সে - ই রবে লীন
পুনঃ পুনঃ বৎসরে বৎসরে। তারপরে!—
এই ধূলি রবে পড়ি আমি - শূন্য চিরকাল - তরে।
গান
কী বেদনা মোর জানো সে কি তুমি, জানো,
ওগো মিতা মোর, অনেক
দূরের মিতা—
আজি এ নিবিড় তিমিরযামিনী
বিদ্যুৎ - সচকিতা।
বাদল বাতাস ব্যেপে
হৃদয় উঠিছে কেঁপে,
ওগো, সে কি তুমি জানো!
উৎসুক এই দুখজাগরণ,
এ কি হবে হায় বৃথা!
ওগো মিতা মোর, অনেক
দূরের মিতা,
আমার ভবনদ্বারে
রোপণ করিলে যারে
সজল হাওয়ার করুণ পরশে
সে মালতী বিকশিতা—
ওগো, সে কি তুমি জানো।
তুমি যার সুর দিয়েছিলে বাঁধি
মোর কোলে আজ উঠিছে সে কাঁদি,
ওগো, সে কি তুমি জানো!
সেই যে তোমার বীণা সেকি বিস্মৃতা,
ওগো মিতা, মোর অনেক দূরের মিতা!
বাণী
পক্ষে বহিয়া অসীম কালের বার্তা
যুগে যুগে চলে অনাদি জ্যোতির যাত্রা
কালের
রাত্রি ভেদি
অব্যক্তের
কুজ্ঝটিজাল ছেদি
পথে পথে রচি আলিম্পনের লেখা।
পাখার কাঁপনে গগনে গগনে
উজ্জ্বলি
উঠে দিক্ প্রাঙ্গণে
অগ্নিচক্ররেখা
।
অস্তিত্বের গহনতত্ত্ব ছিল মূক বাণীহীন —
অবশেষে
একদিন
যুগান্তরের
প্রদোষ - আঁধারে
শূন্যপাথারে
মানবাত্মার প্রকাশ উঠিল ফুটি।
মহাদুঃখের
মহানন্দের
সংঘাত
লাগি চিরদ্বন্দ্বের
চিৎপদ্মের আবরণ গেল টুটি।
শতদলে
দিল দেখা
অসীমের পানে মেলিয়া নয়ন
দাঁড়ায়ে
রয়েছে একা
প্রথম
পরম বাণী
বীণা
হাতে বীণাপাণি।
প্রত্যুত্তর
বেলকুঁড়ি - গাঁথা মালা
দিয়েছিনু হাতে,
সে মালা কি ফুটেছিল রাতে?
দিনান্তের ম্লান মৌনখানি
বীথিকা
নির্জন আঁধারে সে কি
ভরেছিল বাণী?
অবসন্ন গোধূলির পাণ্ডু নীলিমায়
লিখে গেল দিগন্তসীমায়
অস্তসূর্য — স্বর্ণাক্ষরধারা।
রাত্রি কি উত্তরে তারি রচেছিল তারা?
পথিক বাজায়ে গেল পথে -
চলা বাঁশি,
ঘরে সে কি উঠেছে উচ্ছ্বাসি?
কোণে কোণে ফিরিছে কোথায়
দূরের বেদনখানি ঘরের ব্যথায়!
দিনান্ত
একাত্তরটি
প্রদীপ - শিখা
নিবল আয়ুর দেয়ালিতে,
শমের সময় হল কবি
এবার পালা - শেষের গীতে।
গুণ টেনে তোর বয়েস চলে
,
পায়ে পায়ে এগিয়ে আনে
তরঙ্গহীন কূল - হারানো
মানস - সরোবরের পানে।
অরূপ - কমল - বনে
সেথায়
স্তব্ধবাণীর বীণাপাণি —
এত দিনের প্রাণের
বাঁশি
চরণে তাঁর দাও রে আনি।
ছন্দে কভু পতন ছিল,
সুরে স্খলন ক্ষণে ক্ষণে,
সেই অপরাধ করুণ হাতে
ধৌত হবে বিস্মরণে।
দৈবে যে গান
গ্লানিবিহীন
ফুলের মতো উঠল ফুটে
বীথিকা
আপন ব'লে নেবেন তাহাই
প্রসন্ন তাঁর স্মৃতিপুটে।
অসীম নীরবতার মাঝে
সার্থক তোর বাণী যত
অন্ধকারের বেদীর তলায়
রইল সন্ধ্যাতারার মতো।
যৌবন তোর হয় নি
ক্লান্ত
এই জীবনের কুঞ্জবনে —
আজ যদি তার পাপড়িগুলি
খসে শীতের সমীরণে।
দিনান্তে সে শান্তিভরা
ফলের মতো উঠুক ফলি,
অতন্দ্রিত নিশীথিনীর
হবে চরম পূজাঞ্জলি।
যুগল পাখি
স্বপ্নগগন পথের - চিহ্ন - হীন
সেথা ছিলে একদিন,
বিরহাবেগের উধাও মেঘের
সজল বাষ্পে লীন।
বহিল সহসা নববসন্ত - বায়,
এক দিগন্তে আনিল দোঁহারে
এক নব বেদনায়।
সেদিন ফাগুন
আম্রমুকুলে ভরি
উড়ায়েছে উত্তরী,
গন্ধে - রসানো ঘোমটা -
খসানো
পূর্ণিমাবিভাবরী।
সেদিন গগন মুখর বাঁশির গানে,
ধরণীর হিয়া ধায় উদাসিয়া
বীথিকা
অভিসার - পথ - পানে।
অসীম শূন্যে সন্ধান
গেল থেমে,
এলে বনতলে নেমে।
চঞ্চল পাখা মানিল
বিরাম
সীমার মোহন প্রেমে।
লভিল শান্তি
তৃপ্তিবিহীন আশা,
শ্যামল ধরার
বক্ষের কাছে
রচিলে নিভৃত বাসা।
বাণীর ব্যথায়
উচ্ছ্বাসি এক পাখি
গেয়ে ওঠো থাকি থাকি।
আর পাখি শোনো আপনার
মনে
ডানা - ' পরে মুখ রাখি।
ভাষার প্রবাহ মেলে
ভাষাহারা গানে,
অধীরের সুর লভিল আকাশ
ধীর নীরবের প্রাণে।
একাকী
এল সন্ধ্যা তিমির বিস্তারি ;
দেবদারু সারি সারি
দোলে ক্ষণে ক্ষণে
ফাল্গুনের ক্ষুব্ধ সমীরণে।
স্তব্ধতার বক্ষোমাঝে পল্লবমর্মর
জাগায় অস্ফুট মন্ত্রস্বর।
মনে হয় অনাদি সৃষ্টির পরপারে
আপনি কে আপনারে
শুধাইছে ভাষাহীন প্রশ্ন নিরন্তর ;
অসংখ্য নক্ষত্র নিরুত্তর।
অসীমের অদৃশ্য গুহায় কোন্ খানে
নিরুদ্দেশ - পানে
বীথিকা
লক্ষ্যহীন কালস্রোত চলে।
আমি মগ্ন হয়ে আছি সুগভীর নৈঃশব্দ্যের তলে।
ভাবি মনে
মনে,
এতদিন সঙ্গ যারা দিয়েছিল আমার জীবনে
নিল তারা কতটুকু স্থান?
আমার গভীরতম প্রাণ,
আমার সুদূরতম আশা - আকাঙ্ক্ষার
গোপন ধ্যানের অধিকার,
ব্যর্থ ও সার্থক কামনায়
আলোয় ছায়ায়
রচিলাম যে স্বপ্নভুবন,
যে আমার লীলানিকেতন
এক প্রান্ত ব্যাপ্ত আর অসমাপ্ত অরূপসাধনে
অন্য প্রান্ত কর্মের বাঁধনে,
যে অভাবনীয়,
অলক্ষিত উৎস হতে যে অমিয়
জীবনের ভোজে
চেতনারে ভরেছে সহজে,
যে ভালোবাসার ব্যথা রহি রহি
আনিয়া দিয়েছে বহি
শ্রুত বা অশ্রুত সুর উৎকণ্ঠিত চিতে
গীতে বা অগীতে —
কতটুকু তাহাদের জানা আছে
এল যারা কাছে!
ব্যক্ত অব্যক্তের সৃষ্টি এ মোর সংসারে
আসে যায় এক ধারে,
বিরহদিগন্তে পায় লয় —
নিয়ে যায় লেশমাত্র পরিচয়।
আপনার মাঝে এই বহুব্যাপী অজানারে ঢাকি
স্তব্ধ আমি রয়েছি একাকী।
যেন ছায়াঘন বট
বীথিকা
জুড়ে আছে জনশূন্য নদীতট —
কোণে কোণে প্রশাখার কোলে কোলে
পাখি কভু বাসা বাঁধে, বাসা ফেলে কভু যায় চলে।
সম্মুখে স্রোতের ধারা আসে আর যায়
জোয়ার - ভাঁটায় ;
অসংখ্য শাখার জালে নিবিড় পল্লবপুঞ্জ - মাঝে
রাত্রিদিন অকারণে অন্তহীন প্রতীক্ষা বিরাজে।
জীবনবাণী
কোন্ বাণী মোর জাগল, যাহা
রাখবে স্মরণে —
পলে - পলে দলিত সে
কালের চরণে।
যায় সে কেবল ভেঙে চুরে
,
ছড়িয়ে পড়ে কাছে দূরে —
জীবনবাণীর অখণ্ড রূপ
মিলবে মরণে।
ক্ষণে ক্ষণে পাগল
হাওয়ায়
ঘূর্ণিধূলিতে
প্রাণের দোলে এলোমেলো
রয় সে দুলিতে।
বৈতরণীর অগাধ নদী
পেরিয়ে আবার ফেরে যদি
উল্টো স্রোতের সে দান
, ডালায়
পারবে তুলিতে।
কোন্ বাণী মোর জাগল,
যাহা
রাখবে স্মরণে,
টিঁকবে যাহা
নিমেষগুলির
পূরণ - হরণে।
বীথিকা
তারে নিয়ে সারা বেলা
চলেছে হার - জিতের
খেলা,
খেলার শেষে বাঁচল যা
তাই
বাঁচবে মরণে।
যাত্রাশেষে
বিজন রাতে
যদি রে তোর
সাহস থাকে
দিনশেষের
দোসর যে জন
মিলবে তাকে।
ঘনায় যবে
আঁধার ছেয়ে
অভয় মনে
থাকিস চেয়ে —
আসবে দ্বারে
আলোর দূতী
নীরব ডাকে।
যখন ঘরে
আসনখানি
শূন্য হবে
দূরের পথে
পায়ের ধ্বনি
শুনবি তবে।
কাটল প্রহর
যাদের আশায়
তারা যখন
ফিরবে বাসায়,
সাহানাগান
বাজবে তখন
ভিড়ের ফাঁকে।
অনেক চাওয়া
ফিরলি চেয়ে
আশায় ভুলি,
আজ যদি তোর
শূন্য হল
ভিক্ষা - ঝুলি
চমক তবে
লাগুক তোরে,
অধরা ধন দিারে দেবী,
তোমরাও কেন হবে না পূজ্যা বিমল সত্য সেবি?
তব সন্তানে জারজ বলিয়া কোন্ গোঁড়া পাড়ে গালি,
তাহাদের আমি এই দুটো কথা জিজ্ঞাসা করি খালি –
দেবতা গো জিজ্ঞাসি –
দেড়শত কোটি সন্তান এই বিশ্বের অধিবাসী –
কয়জন পিতামাতা ইহাদের হয়ে নিষ্কাম ব্রতী
পুত্রকন্যা কামনা করিল? কয়জন সৎ-সতী?
কজন করিল তপস্যা ভাই সন্তান-লাভ তরে?
কার পাপে কোটি দুধের বা”চা আঁতুড়ে জন্মে মরে?
সেরেফ্ পশুর ক্ষুধা নিয়া হেথা মিলে নরনারী যত,
সেই কামানার সন্তান মোরা! তবুও গর্ব কত!
শুনো ধর্মের চাঁই –
জারজ কামজ সন্তানে দেখি কোনো সে প্রভেদ নাই!
অসতী মাতার পুত্র সে যদি জারজ-পুত্র হয়,
অসৎ পিতার সন্তানও তবে জারজ সুনিশ্চয়!সাম্যবাদী
মিথ্যাবাদী
মিথ্যা বলেছ বলিয়া তোমায় কে দিল মনস্তাপ?
সত্যের তরে মিথ্যা যে বলে স্পর্শে না তারে পাপ।
গোটা সত্যটা শুধু তো সত্যকথা বলাতেই নাই,
মিথ্যা কয়েও সত্যনিষ্ঠ হতে পারি আমরাই!
সত্যবাক সে বড়ো কিছু নয়, কজন সত্যবান?
সত্যবাদীরা কজন দিয়াছে সত্যের তরে প্রাণ?
অন্তরে যারা যত বেশি ভীরু যত বেশি দুর্বল,
নীতিবিদ তারা তত বেশি করে সত্য-কথন ছল।
সত্যকামেরও নমস্য যারা সত্যনিষ্ঠ বীর –
সত্যের তরে হাসিতে হাসিতে যারা দিল নিজ শির!
হয়তো তাহারা অনেক মিথ্যা বলেছে জীবন ভরে,
তবু তারা বীর – তারা দিল প্রাণ সত্য-রক্ষা তরে।
সত্য লইয়া করিছে ওজন কে উনি মুদির মতো?
মনে মনে ভাবে কী কাজই করিনু আমি সে বিজ্ঞ কত!
বলি ওহে বাপু সত্য-ব্যাপারী, সত্য কি চাল ডাল?
কোথা কয় রতি সত্য কমিল, তাই নিয়ে দেবে গাল!
সত্য মুদির তথ্য –
অমুক বীরের জীবনে কমেছে হুঁহুঁ এতটুকু সত্য!
ও কে আসে বাবা? সত্যেরে তবু এরা মাপে, ও যে গণে।
দশটি কথায় বাঁধিল সত্য, হেসে মরি মনে মনে!
বাটখারা আর রশি নিয়ে এল সত্যের পিসি-মাসি,
মাপিয়া মাপিয়া ভরিল বস্তা, গুণে গুণে বাঁধে খাসি।
বন্ধু, শুনো না কূট-তর্কের যত হাতি ঘোড়া উট,
সত্যনিষ্ঠা থাকে যদি প্রাণে, বেপরোয়া বলো ঝুট!সাম্যবাদী
নারী
সাম্যের গান গাই –
আমার চক্ষে পুরুষ-রমণী কোনো ভেদাভেদ নাই!
বিশ্বে যা-কিছু মহান সৃষ্টি চির-কল্যাণকর,
অর্ধেক তার করিয়াছে নারী, অর্ধেক তার নর।
বিশ্বে যা-কিছু এল পাপ-তাপ বেদনা অশ্রুবারি,
অর্ধেক তার আনিয়াছে নর, অর্ধেক তার নারী।
নরককুন্ড বলিয়া কে তোমা’ করে নারী হেয়-জ্ঞান?
তারে বলো, আদি পাপ নারী নহে, সে যে নর-শয়তান।
অথবা পাপ যে-শয়তান যে-নর নহে নারী নহে,
ক্লীব সে, তাই সে নর ও নারীতে সমান মিশিয়া রহে।
এ-বিশ্বে যত ফুটিয়াছে ফুল, ফলিয়াছে যত ফল,
নারী দিল তাহে রূপ-রস-মধু-গন্ধ সুনির্মল।
তাজমহলের পাথর দেখেছ, দেখিয়াছ তার প্রাণ?
অন্তরে তার মোমতাজ নারী, বাহিরেতে শা-জাহান।
জ্ঞানের লক্ষ্মী, গানের লক্ষ্মী, শস্য-লক্ষ্মী নারী,
সুষমা-লক্ষ্মী নারীই ফিরিছে রূপে রূপে সঞ্চারি।
পুরুষ এনেছে যামিনী-শান্তি-, সমীরণ, বারিবাহ!
কামিনী এনেছে যামিনী-শান্তি, সমীরণ, বারিবাহ।
দিবসে দিয়াছে শক্তি সাহস, নিশীথে হয়েছে বধূ,
পুরুষ এসেছে মরুতৃষা লয়ে, নারী যোগায়েছে মধু।
শস্যক্ষেত্র উর্বর হল, পুরুষ চালাল হল,
নারী সেই মাঠে শস্য রোপিয়া করিল সুশ্যামল।
নর বাহে হল, নারী বহে জল, সেই জল-মাটি মিশে
ফসল হইয়া ফলিয়া উঠিল সোনালী ধানের শীষে।
স্বর্ণ-রৌপ্যভার
নারীর অঙ্গ-পরশ লভিয়া হয়েছে অলঙ্কার।
নারীর বিরহে, নারীর মিলনে, নর পেল কবি-প্রাণ,
যত কথা তার হইল কবিতা, শব্দ হইল গান।
নর দিল ক্ষুধা, নারী দিল সুধা, সুধায় ক্ষুধায় মিলে’
জন্ম লভিছে মহামানবের মহাশিশু তিলে তিলে!
জগতের যত বড় বড় জয় বড় বড় অভিযান,
মাতা ভগ্নী ও বধূদের ত্যাগে হইয়াছে মহীয়ান্ ।
কোন্ রণে কত খুন দিল নর লেখা আছে ইতিহাসে,
কত নারী দিল সিঁথির সিঁদুর, লেখা নাই তার পাশে।
কত মাতা দিল হৃদয় উপড়ি’ কত বোন দিল সেবা,
বীরের স্মৃতি-স্তম্ভের গায়ে লিখিয়া রেখেছে কেবা?
কোনো কালে একা হয়নিকো জয়ী পুরুষের তরবারী,
প্রেরণা দিয়াছে, শক্তি দিয়াছে বিজয় লক্ষ্মী নারী।
রাজা করিতেছে রাজ্য-শাসন, রাজারে শাসিছে রাণী,
রাণির দরদে ধুইয়া গিয়াছে রাজ্যের যত গ্লানি।সাম্যবাদী
পুরুষ হৃদয়হীন,
মানুষ করিতে নারী দিল তারে আধেক হৃদয় ঋণ।
ধরায় যাঁদের যশ ধরে নাকো অমর মহামানব,
বরষে বরষে যাঁদের স্মরণে করি মোরা উৎসব,
খেয়ালের বশে তাঁদের জন্ম দিয়াছে বিলাসী পিতা।
লব-কুশে বনে ত্যজিয়াছে রাম, পালন করেছে সীতা!
নারী সে শিখাল শিশু-পুরুষেরে স্নেহ প্রেম দয়া মায়া,
দীপ্ত নয়নে পরাল কাজল বেদনার ঘন ছায়া।
অদ্ভুতরূপে পুরুষ পুরুষ করিল সে ঋণ শোধ,
বুকে করে তারে চুমিল যে, তারে করিল সে অবরোধ!
তিনি নর-অবতার –
পিতার আদেশে জননীরে যিনি কাটেন হানি কুঠার।
পার্শ্ব ফিরিয়া শুয়েছেন আজ অর্ধনারীশ্বর –
নারী চাপা ছিল এতদিন, আজ চাপা পড়িয়াছে নর।
সে-যুগ হয়েছে বাসি,
যে যুগে পুরুষ দাস ছিল নাকো নারীরা আছিল দাসী!
বেদনার যুগ, মানুষের যুগ, সাম্যের যুগ আজি,
কেহ রহিবে না বন্দী কাহারও, উঠিছে ডঙ্কা বাজি।
নর যদি রাখে নারীরে বন্দী, তবে এর পর-যুগে
আপনারি রচা ঐ কারাগারে পুরুষ মরিবে ভুগে!
যুগের ধর্ম এই –
পীড়ন করিলে সে পীড়ন এসে পীড়া দেবে তোমাকেই।
শোনো মর্ত্যের জীব!
অন্যেরে যত করিবে পীড়ন, নিজে হবে তত ক্লীব!
স্বর্ণ-রৌপ্য অলঙ্কারের যক্ষপুরীতে নারী
করিল তোমায় বন্দিনী, বল, কোন্ সে অত্যাচারী?
আপনারে আজ প্রকাশের তব নাই সেই ব্যাকুলতা,
আজ তুমি ভীরু আড়ালে থাকিয়া নেপথ্যে কও কথা!
চোখে চোখে আজ চাহিতে পার না; হাতে রুলি, পায় মল,
মাথার ঘোম্ টা ছিঁড়ে ফেলো নারী, ভেঙে ফেলো ও শিকল!
যে-ঘোমটা তোমা করিয়াছে ভীরু, ওড়াও সে আবরণ!
দূর করে দাও দাসীর চিহ্ন, যেথা যত আভরণ!
ধরার দুলালী মেয়ে!
ফির না তো আর গিরি-দরি-বনে পাখী-সনে গান গেয়ে।
কখন আসিল ‘প্লুটো’'প্লুটো' : খ্রিষ্টান ধর্মমতে নরকের কুকুর। যমরাজা নিশীথ-পাখায় উড়ে,
ধরিয়া তোমায় পুরিল তাহার আঁধার বিবর-পুরে!
সেই সে আদিম বন্ধন তব, সেই হতে আছ মরি
মরণের পুরে; নামিল ধরায় সেইদিন বিভাবরী।
ভেঙে যমপুরী নাগিনীর মতো আয় মা পাতাল ফুঁড়ি’!
আঁধারে তোমায় পথ দেখাবে মা তোমারি ভগ্ন চুড়ি!
পুরুষ-যমের ক্ষুধার কুকুর মুক্ত ও-পদাঘাতে
লুটায়ে পড়িবে ও চরণ-তলে দলিত যমের সাথে!
এতদনি শুধু বিলালে অমৃত, আজ প্রয়োজন যবে,
যে-হাতে পিয়ালে অমৃত, সে-হাতে কূট বিষ দিতে হবে।
সেদিন সূদূর নয়-
যেদিন ধরণি পুরুষের সাথে গাহিবে নারীরও জয়!সাম্যবাদী
রাজা-প্রজা
সাম্যের গান গাই
যেখানে আসিয়া সম-বেদনায় সকলে হয়েছি ভাই।
এ প্রশ্ন অতি সোজা,
এক ধরণির সন্তান, কেন কেউ রাজা, কেউ প্রজা?
অদ্ভুত দর্শন –
এই সোজা কথা বলি যদি ভাই, হবে তাহা সিডিশন!
প্রজা হয় শুধু রাজ-বিদ্রোহী, কিন্তু কাহারে কহি,
অন্যায় করে কেন হয় নাকো রাজাও প্রজাদ্রোহী!
প্রজারা সৃজন করেছে রাজায়, রাজা তো সৃজেনি প্রজা,
কৃতজ্ঞ রাজা তাই কি প্রজায় ধরে করে দিল খোজা?
বন্ধু হাসিছ চুটে,
আপনার ঘরে হয়ে আছি সব গোলাম নফর মুটে!
আপনার পুরুষত্ব অন্যে সঁপিয়া কী পেনু দাম?
আগলাতে রাজা-রাজ্য-হারেম হয়েছি খোজা গোলাম!
এ ব্যথা কাহারে কই,
যার ঘর তার ঘর নয় আর নেপো মারে এসে দই!
যাদের লইয়া রাজ্য, রাজ্যে নাই তাহাদেরই দাবি,
রাজা-দেবতার অনন্ত ভোগ, আমরা খেতেছি খাবি!
এ নিয়ে নালিশ কার কাছে করি, জয় রাজাজি কী জয়!
আমাদের হয় সুবিচার, নাই রাজারই বিচারালয়!
গুরু গুরু বাজে যুদ্ধ-ডঙ্কা, দলে দলে ছুটে ছেলে,
হেসে বুক চিরে কলসি কলসি তাজা খুন দিল ঢেলে।
কলিজা-ছিদ্রে দীর্ঘশ্বাস ফুঁ দিয়া বাজায় শাঁখ,
ঘরে ঘরে উঠে ক্রন্দন-উলু, চালে চালে ওড়ে কাক;
প্রস্তুত হল পথ –
বাজা শাঁখ বাজা, ওই দেখা জয়-লক্ষ্মীর রথ!
মাগো কাঁদ তোরা, আদুরি বোনেরা ধূলায় লুটায়ে পড়,
সিঁথায় সিঁদুর নাই দিলি বধূ, চল থেমে গেছে ঝড়।
ফেরেনি ছেলেরা ফেরেনি ভাইরা? ফেরোনিকো পতি? ওরে,
দুঃখ কী? ওরা স্থান পেয়েছে যে জয়-লক্ষ্মীর ক্রোড়ে!
আজিকে রাজ্যময়
শোকের তুফান ছাপাইয়া উঠে – জয় রাজাজি কী জয়!
বাজা রে ডঙ্কা বাজা –
এতদিন পরে কেল্লা ছাড়িয়া বাহির হয়েছে রাজা।
নিহত আহত বীরেরে মাড়ায়ে ছুটেছে রাজার রথ,
যুদ্ধ-ফেরত খঞ্জ পঙ্গু পালা পালা ছাড় পথ!
বন্ধু এমনই হয় –
জনগণ হল যুদ্ধে বিজয়ী, রাজার গাহিল জয়।
প্রজারা জোগায় খোরাক-পোশাক, কী বিচার বলিহারি,
প্রজার কর্মচারী নন, তাঁরা রাজার কর্মচারী!
মোদেরই বেতন-ভোগী চাকরেরে সালাম করিব মোরা,
ওরে ‘পাবলিক সারভেন্ট’দেরে আয় দেখে যাবি তোরা!
কালের চরকা ঘোর,
দেড়শত কোটি মানুষের ঘাড়ে – চড়ে দেড়শত চোর।
এ আশা মোদের দুরাশাও নয়, সেদিন সুদূরও নয় –
সমবেত রাজ-কণ্ঠে যেদিন শুনিব প্রজার জয়!সাম্যবাদী
সাম্য
গাহি সাম্যের গান –
বুকে বুকে হেথা তাজা সুখ ফোটে, মুখে মুখে তাজা-প্রাণ!
বন্ধু, এখানে রাজা-প্রজা নাই, নাই দরিদ্র-ধনী,
হেথা পায় নাকো কেহ খুদ-ঘাঁটা, কেহ দুধ-সর-ননী।
অশ্ব-চরণে মোটর-চাকায় প্রণমে না হেথা কেহ,
ঘৃণা জাগে নাকো সাদাদের মনে দেখে হেথা কালা-দেহ।
সাম্যবাদী-স্থান
নাইকো এখানে কালা ও ধলার আলাদা গোরস্থান।
নাইকো এখানে কালা ও ধলার আলাদা গির্জা-ঘর,
নাইকো পাইক-বরকন্দাজ নাই পুলিশের ডর।
এই সে স্বর্গ, এই সে বেহেশ্ ত, এখানে বিভেদ নাই,
যত হাতাহাতি হাতে হাত রেখে মিলিয়াছে ভাই ভাই!
নেইকো এখানে ধর্মের ভেদ শাস্ত্রের কোলাহল,
পাদরি-পুরুত-মোল্লা-ভিক্ষু এক গ্লাসে খায় জল।
হেথা স্রষ্টার ভজনা-আলয় এই দেহ এই মন,
হেথা মানুষের বেদনায় তাঁর দুখের সিংহাসন!
সাড়া দেন তিনি এখানে তাঁহারে যে-নামে যে-কেহ ডাকে,
যেমন ডাকিয়া সাড়া পায় শিশু যে-নামে ডাকে সে মাকে!
পায়জামা প্যান্ট ধুতি নিয়া হেথা হয় নাকো ঘুঁষোঘুঁষি,
ধুলায় মলিন দুখের পোশাকে এখানে সকলে খুশি।সাম্যবাদী
কুলি-মজুর
দেখিনু সেদিন রেলে,
কুলি বলে এক বাবুসাব তারে ঠেলে দিলে নীচে ফেলে!
চোখ ফেটে এল জল,
এমনি করে কি জগৎ জুড়িয়া মার খাবে দুর্বল?
যে দধীচিদের হাড় দিয়ে ঐ বাষ্প-শকট চলে,
বাবু সাব এসে চড়িল তাহাতে, কুলিরা পড়িল তলে।
বেতন দিয়াছ? – চুপ রও যত মিথ্যাবাদীর দল!
কত পাই দিয়ে কুলিদের তুই কত ক্রোড় পেলি বল?
রাজপথে তব চলিছে মোটর, সাগরে জাহাজ চলে,
রেলপথে চলে বাষ্প-শকট, দেশ ছেয়ে গেল কলে,
বল তো এ-সব কাহাদের দান! তোমার অট্টালিকা
কার খুনে রাঙা? – ঠুলি খুলে দেখ, প্রতি হঁটে আছে লিখা।
তুমি জান নাকো, কিন্তু পথের প্রতি ধূলিকণা জানে,
ওই পথ, ওই জাহাজ, শকট, অট্টালিকার মানে!
আসিতেছে শুভদিন,
দিনে দিনে বহু বাড়িয়াছে দেনা শুধিতে হইবে ঋণ!
হাতুড়ি শাবল গাঁইতি চালায়ে ভাঙিল যারা পাহাড়,
পাহাড়-কাটা সে পথের দু-পাশে পড়িয়া যাদের হাড়,
তোমারে সেবিতে হইল যাহারা মজুর, মুটে ও কুলি,
তোমারে বহিতে যারা পবিত্র অঙ্গে লাগাল ধূলি;
তারাই মানুষ, তারাই দেবতা, গাহি তাহাদেরই গান,
তাদেরই ব্যথিত বক্ষে পা ফেলে আসে নব উত্থান!
তুমি শুয়ে রবে তেতালার পরে আমরা রহিব নীচে,
অথচ তোমারে দেবতা বলিব, সে ভরসা আজ মিছে!
সিক্ত যাদের সারা দেহ-মন মাটির মমতা-রসে
এই ধরণীর তরণির হাল রবে তাহাদেরই বশে!
তারই পদরজ অঞ্জলি করি মাথায় লইব তুলি
সকলের সাথে পথে চলি যার পায়ে লাগিয়াছে ধূলি!
আজ নিখিলের বেদনা-আর্ত পীড়িতের মাখি খুন,
লালে লাল হয়ে উদিছে নবীন প্রভাতের নবারুণ!
আজ হৃদয়ের জমা-ধরা যত কবাট ভাঙিয়া দাও,
রং-করা ঐ চামড়ার যত আবরণ খুলে নাও!
আকাশের আজ যত বায়ু আছে হইয়া জমাট নীল,
মাতামাতি করে ঢুকুক্ এ বুকে, খুলে দাও যত খিল!
সকল আকাশ ভাঙিয়া পড়ুক আমাদের এই ঘরে,
মোদের মাথায় চন্দ্র-সূর্য তারারা পড়-ক ঝরে!
সকল কালের সকল দেশের সকল মানুষ আসি
এক মোহনায় দাঁড়াইয়া শোনো এক মিলনের বাঁশি।
একজনে দিলে ব্যথা-
সমান হইয়া বাজে সে বেদনা সকলের বুকে হেথা।
একের অসম্মান
নিখিল মানব-জাতির লজ্জা – সকলের অপমান!
মহা-মানবের মহা-বেদনার আজি মহা-উত্থান,
ঊর্ধ্বে হাসিছে ভগবান, নীচে কাঁপিতেছে শয়তান!
− সাতশো বছর ধরি
পূর্ব-তোরণ-দুয়ারে চাহিয়া জাগিতেছি শর্বরী।
লজ্জায় রাঙা ডুবিল যে রবি আমাদের ভীরুতায়,
সে মহাপাপের প্রায়শ্চিত্ত করি যুগে যুগে হায় !
মোদের রুধিরে রাঙাইয়া তুলি মৃত্যুরে নিশিদিন,
শুধিতেছি মোরা পলে পলে ভীরু পিতা-পিতামহ-ঋণ !
লক্ষ্মী ! ওগো মা ভারত-লক্ষ্মী ! বল, কতদিনে, বল, −
খুলিবে প্রাচী-র রুদ্ধ-দুয়ার-মন্দির-অর্গল ?
যে পরাজয়ের গ্লানি মুখে মাখি ডুবিল সন্ধ্যা-রবি,
সে গ্লানি মুছিতে শত শতাব্দী দিতেছি মা প্রাণ-হবি!
কোটি লাঞ্ছনা-রক্ত-ললাট পুব-মন্দিরদ্বারে
মুছে যায় নিতি ললাট-রক্ত রাঙাতে পূর্বাশারে,
‘ওই এল উষা’ ফুকারে ভারত হেরি সে রক্তরেখা,
যে আশার বাণী লিখি মা রক্তে, বিধাতা মুছে সে লেখা !
সন্ধ্যা কি কাটিবে না ?
কত সে জনম ধরিয়া শুধিব এক জনমের দেনা ?
কোটি কর ভরি কোটি রাঙা হৃদি-জবা লয়ে করি পূজা,
না দিস আশিস, চণ্ডীর বেশে নেমে আয় দশভুজা !
মোদের পাপের নাহি যদি ক্ষয়, যদি না প্রভাত হয়,
প্রলয়ংকরী বেশে আসি কর ভীরুর ভারত লয় !
অসুরের হাতে লাঞ্ছনা আর হানিসনে শংকরী,
মরিতেই যদি হয় মা, দে বর, দেবতার হাতে মরি !সন্ধ্যা
তরুণ তাপস
রাঙা পথের ভাঙন-ব্রতী অগ্রপথিক দল !
নাম রে ধুলায়−বর্তমানের মর্তপানে চল।।
ভবিষ্যতের স্বর্গ লাগি
শূন্যে চেয়ে আছিস জাগি
অতীতকালের রত্ন মাগি
নামলি রসাতল।
অন্ধ মাতাল! শূন্য পাতাল, হাতালি নিষ্ফল।।
ভোল রে চির-পুরাতনের সনাতনের বোল।
তরুণ তাপস! নতুন জগৎ সৃষ্টি করে তোল।
আদিম যুগের পুথির বাণী
আজও কি তুই চলবি মানি ?
কালের বুড়ো টানছে ঘানি
তুই সে বাঁধন খোল।
অভিজাতের পানসে বিলাস–দুখের তাপস ! ভোল।।সন্ধ্যা
আমি গাই তারই গান
আমি গাই তারই গান –
দৃপ্ত-দম্ভে যে-যৌবন আজ ধরি অসি খরশান
হইল বাহির অসম্ভবের অভিযানে দিকে দিকে।
লক্ষ যুগের প্রাচীন মমির পিরামিডে গেল লিখে
তাদের ভাঙার ইতিহাস-লেখা। যাহাদের নিশ্বাসে
জীর্ণ পুথির শুষ্ক পত্র উড়ে গেল এক পাশে।
যারা ভেঙে চলে অপদেবতার মন্দির আস্তানা,
বকধার্মিক-নীতিবৃদ্ধের সনাতন তাড়িখানা।
যাহাদের প্রাণ-স্রোতে ভেসে গেল পুরাতন জঞ্জাল,
সংস্কারের জগদল-শিলা, শাস্ত্রের কঙ্কাল।
মিথ্যা মোহের পূজা-মণ্ডপে যাহারা অকুতোভয়ে
এল নির্মম–মোহমুদ্ গর ভাঙনের গদা লয়ে।
বিধি-নিষেধের চিনের প্রাচীরে অসীম দুঃসাহসে
দু-হাতে চালাল হাতুড়ি শাবল। গোরস্থানেরে চষে
ছুঁড়ে ফেলে যত শব-কঙ্কাল বসাল ফুলের মেলা,
যাহাদের ভিড়ে মুখর আজিকে জীবনের বালু-বেলা।
–গাহি তাহাদেরই গান
বিশ্বের সাথে জীবনের পথে যারা আজি আগুয়ান!...সন্ধ্যা
–সেদিন নিশীথ-বেলা
দুস্তর পারাবারে যে যাত্রী একাকী ভাসাল ভেলা,
প্রভাতে সে আর ফিরিল না কুলে। সেই দুরন্ত লাগি
আঁখি মুছি আর রচি গান আমি আজিও নিশীথে জাগি।
আজও বিনিদ্র গাহি গান আমি চেয়ে তারই পথ-পানে।
ফিরিল না প্রাতে যে-জন সে-রাতে উড়িল আকাশ-যানে
নব জগতের দূরসন্ধানী অসীমের পথচারী,
যার ভয়ে জাগে সদাসতর্ক মৃত্যু-দুয়ারে দ্বারী !
সাগরগর্ভে, নিঃসীম নভে, দিগ্ দিগন্ত জুড়ে
জীবনোদ্ বেগে তাড়া করে ফেরে নিতি যারা মৃত্যুরে,
মানিক আহরি আনে যারা খুঁড়ি পাতাল-যক্ষপুরী,
নাগিনির বিষ-জ্বালা সয়ে করে ফণা হতে মণি চুরি।
হানিয়া বজ্রপাণির বজ্র উদ্ধত শিরে ধরি
যাহারা চপলা মেঘ-কন্যারে করিয়াছে কিংকরী।
পবন যাদের ব্যজনী দুলায় হইয়া আজ্ঞাবাহী, –
এসেছি তাদের জানাতে প্রণাম, তাহাদের গান গাহি।
গুঞ্জরি ফেরে ক্রন্দন মোর তাদের নিখিল ব্যেপে –
ফাঁসির রজ্জু ক্লান্ত আজিকে যাহাদের টুঁটি চেপে !
যাহাদের কারাবাসে
অতীত রাতের বন্দিনি উষা ঘুম টুটি ওই হাসে !সন্ধ্যা
জীবন-বন্দনা
গাহি তাহাদের গান –
ধরণির হাতে দিল যারা আনি ফসলের ফরমান।
শ্রম-কিণাঙ্ক-কঠিন যাদের নির্দয় মুঠি-তলে
ত্রস্তা ধরণি নজরানা দেয় ডালি ভরে ফুলে ফলে।
বন্য-শ্বাপদ-সংকুল জরা-মৃত্যু-ভীষণা ধরা
যাদের শাসনে হল সুন্দর কুসুমিতা মনোহরা।
যারা বর্বর হেথা বাঁধে ঘর পরম অকুতোভয়ে
বনের ব্যাঘ্র মরুর সিংহ বিবরের ফণী লয়ে।
এল দুর্জয় গতিবেগ সম যারা যাযাবর-শিশু
– তারাই গাহিল নব প্রেমগান ধরণি-মেরির জিশু –
যাহাদের চলা লেগে
উল্কার মতো ঘুরিছে ধরণি শূন্যে অমিত বেগে !
খেয়াল খুশিতে কাটি অরণ্য রচিয়া অমরাবতী
যাহারা করিল ধ্বংসসাধন পুন চঞ্চলমতি,
জীবন-আবেগ রুধিতে না পারি যারা উদ্ধত-শির
লঙ্ঘিতে গেল হিমালয়, গেল শুষিতে সিন্ধু-নীর।
নবীন জগৎ সন্ধানে যারা ছুটে মেরু-অভিযানে,
পক্ষ বাঁধিয়া উড়িয়া চলেছে যাহারা ঊর্ধ্বপানে।
তবুও থামে না যৌবন-বেগ, জীবনের উল্লাসে
চলেছে চন্দ্র-মঙ্গল-গ্রহে স্বর্গে অসীমাকাশে।
যারা জীবনের পসরা বহিয়া মৃত্যুর দ্বারে দ্বারে
করিতেছে ফিরি, ভীম রণভূমে প্রাণ বাজি রেখে হারে।
আমি মর-কবি – গাহি সেই বেদে-বেদুইনদের গান,
যুগে যুগে যারা করে অকারণ বিপ্লব-অভিযান।
জীবনের আতিশয্যে যাহারা দারুণ উগ্রসুখে
সাধ করে নিল গরল-পিয়ালা, বর্শা হানিল বুকে !
আষাঢ়ের গিরি-নিঃস্রাবসম কোনো বাধা মানিল না,
বর্বর বলি যাহাদের গালি পাড়িল ক্ষুদ্রমনা,
কূপমণ্ডূক ‘অসংযমী’র আখ্যা দিয়াছে যারে,
তারই তরে ভাই গান রচে যাই, বন্দনা করি তারে !সন্ধ্যা
ভোরের পাখি
ওরে ও ভোরের পাখি!
আমি চলিলাম তোদের কণ্ঠে আমার কণ্ঠ রাখি।
তোদের কিশোর তরুণ গলার সতেজ দৃপ্ত সুরে
বাঁধিলাম বীণা, নিলাম সে সুর আমার কণ্ঠে পুরে।
উপলে নুড়িতে চুড়ে-কিঙ্কিণি বাজায়ে তোদের নদী
যে গান গাহিয়া অকূলে চাহিয়া চলিয়াছে নিরবধি –
তারই সে গতির নূপুর বাঁধিয়া লইলাম মম পায়ে,
এরই তালে মম ছন্দ-হরিণী নাচিবে তমাল-ছায়ে।
যে-গান গাহিলি তোরা,
তারই সুর লয়ে ঝরিবে আমার গানের পাগল-ঝোরা।
তোদের যে-গান শুনিয়া রাতের বনানী জাগিয়া ওঠে,
শিশু অরুণেরে কোলে করে উষা দাঁড়ায় গগন-তটে,
গোঠে আনে ধেনু বাজাইয়া বেণু রাখাল-বালক জাগি,
জল নিতে যায় নব আনন্দে নিশীথের হতভাগি,
শিখিয়া গেলাম তোদের সে গান! তোদের পাখার খুশি –
যাহার আবেগে ছুটে আসে জেগে পুব-আঙিনায় উষী,
যাহার রণনে কুঞ্জে কাননে বিকাশে কুসুম-কুঁড়ি,
পলাইয়া যায় গহন-গুহায় আঁধার নিশীথ-বুড়ি,
সে খুশির ভাগ আমি লইলাম। অমনি পক্ষ মেলি
গাহিব ঊর্ধ্বে, ফুটিবে নিম্নে আবেশে চম্পা বেলি!
তোদের প্রভাতি ভিড়ে
ভিড়িলাম আমি, নিলাম আশ্রয় তোদের ক্ষণিক নীড়ে।
ওরে ও নবীন যুবা!
তোদের প্রভাত-স্তবের সুরে রে বাজে মম দিলরুবা।
তোদের চোখের যে জ্যোতি-দীপ্তি রাঙায় রাতের সীমা,
রবির ললাট হতে মুছে নেয় গোধূলির মলিনিমা,
যে-আলোক লভি দেউলে দেউলে মঙ্গল-দীপ জ্বলে,
অকম্প যার শিখা সন্ধ্যার ম্লান অঞ্চলতলে,
তোদের সে-আলো আমার আশ্রু-কুহেলি-মলিন চোখে
লইলাম পুরি! জাগে ‘সুন্দর’ আমার ধেয়ান-লোকে!সন্ধ্যা
কালবৈশাখী
বারেবারে যথা কালবৈশাখী ব্যর্থ হল রে পুব-হাওয়ায়,
দধীচি-হাড়ের বজ্র-বহ্নি বারেবারে যথা নিভিয়া যায়,
কে পাগল সেথা যাস হাঁকি –
‘বৈশাখী কালবৈশাখী!’
হেথা বৈশাখী-জ্বালা আছে শুধু, নাই বৈশাখী-ঝড় হেথায়।
সে জ্বালায় শুধু নিজে পুড়ে মরি, পোড়াতে কারেও পারি নে, হায়।।
কালবৈশাখী আসিলে হেথায় ভাঙিয়া পড়িত কোন সকাল
ঘুণ-ধরা বাঁশে ঠেকা দেওয়া ওই সনাতন দাওয়া, ভগ্ন চাল।
এলে হেথা কালবৈশাখী
মরা গাঙে যেত বান ডাকি,
বদ্ধ জাঙাল যাইত ভাঙিয়া, দুলিত এ দেশ টালমাটাল।
শ্মশানের বুকে নাচিত তাথই জীবন-রঙ্গে তাল-বেতাল।।
কালবৈশাখী আসেনি হেথায়, আসিলে মোদের তরু-শিরে
সিন্ধু-শকুন বসিত না আসি ভিড় করে আজ নদীতীরে।
জানি না কবে সে আসিবে ঝড়
ধুলায় লুটাবে শত্রুগড়,
আজিও মোদের কাটেনিকো শীত, আসেনি ফাগুন বন ঘিরে।
আজিও বলির কাঁসর-ঘন্টা বাজিয়া ওঠেনি মন্দিরে।।
জাগেনি রুদ্র, জাগিয়াছে শুধু অন্ধকারের প্রমথ-দল,
ললাট-অগ্নি নিবেছে শিবের ঝরিয়া জটার গঙ্গাজল।
জাগেনি শিবানী – জাগিয়াছে শিবা,
আঁধার সৃষ্টি – আসেনিকো দিবা,
এরই মাঝে হায়, কালবৈশাখী স্বপ্ন দেখিলি কে তোরা বল!
আসে যদি ঝড়, আসুক, কুলোর বাতাস কে দিবি অগ্রে চল।।সন্ধ্যা
নগদ কথা
দুন্দুভি তোর বাজল অনেক
অনেক শঙক
সে ভরে
গোপন বঁধু,
দেখতে কভু
বীথিকা
পাস নি যাকে।
অভিসারের পথ
বেড়ে যায়
চলিস যত —
পথের মাঝে
মায়ার ছায়া
অনেক - মতো।
বসবি যবে
ক্লান্তিভরে
আঁচল পেতে
ধুলার'পরে,
হঠাৎ পাশে
আসবে সে যে
পথের বাঁকে।
এবার তবে
করিস সারা
কাঙাল - পনা —
সমস্তদিন
কাণাকড়ির
হিসাব - গণা।
শান্ত হলে
মিলবে চাবি,
অন্তরেতে
দেখতে পাবি
সবার শেষে
তার পরে যে
অশেষ থাকে।
দূর বাঁশিতে
যে সুর বাজে
তাহার সাথে
মিলিয়ে নিয়ে
বাজাস বাঁশি
বিদায় - রাতে।
সহজ মনে
যাত্রাশেষে
যাস রে চলে
সহজ হেসে,
দিস নে ধরা
অবসাদের
জটিল পাকে।
আবেদন
পশ্চিমের দিক্ সীমায় দিনশেষের আলো
পাঠালো বাণী সোনার রঙে লিখা —
বীথিকা
‘ রাতের পথে পথিক তুমি, প্রদীপ তব জ্বালো
প্রাণের শেষ শিখা। '
কাহার মুখে তাকাব আমি, আলোক কার ঘরে
রয়েছে মোর তরে —
সঙ্গে যাবে যে আলোখানি পারের ঘাট - পানে,
এ ধরণীর বিদায় - বাণী কহিবে কানে কানে,
মম ছায়ার সাথে
আলাপ যার
হবে নিভৃত রাতে।
ভাসিবে যবে খেয়ার তরী কেহ কি উপকূলে
রচিবে ডালি
নাগকেশর ফুলে,
তুলিয়া আনি চৈত্রশেষে কুঞ্জবন হতে
ভাসায়ে দিবে স্রোতে?
আমার বাঁশি করিবে সারা যা ছিল গান তার,
সে নীরবতা পূর্ণ হবে কিসে?
তারার মতো সুদূরে - যাওয়া দৃষ্টিখানি কার
মিলিবে মোর নয়ন - অনিমিষে?
অনেক - কিছু হয়েছে জমা, অনেক হল খোঁজা,
আশাতৃষার বোঝা
ধুলায় যাব ফেলে।
ধুলার দাবি নাইকো যাহে সে ধন যদি মেলে,
সুখদুখের সব - শেষের কথা,
প্রাণের মণিখনির যেথা গোপন গভীরতা
সেথায় যদি
চরম দান থাকে,
কে এনে দেবে তাকে?
যা পেয়েছিনু অসীম এই ভবে
ফেলিয়া যেতে
হবে —
আকাশ - ভরা রঙের লীলাখেলা,
বাতাস - ভরা সুর,
পৃথিবী - ভরা কত না রূপ, কত রসের মেলা,
হৃদয় - ভরা
স্বপন - মায়াপুর,
মূল্য শোধ
করিতে পারে তার
বীথিকা
এমন উপহার
যাবার বেলা দিতে পারো তো দিয়ো
যে আছ মোর
প্রিয়।
অচিন মানুষ
তুমি
অচিন মানুষ ছিলে গোপন
আপন গহন - তলে,
কেন এলে চেনার সাজে?
তোমায়
সাঁজ - সকালে পথে ঘাটে দেখি কতই ছলে
আমার প্রতিদিনের মাঝে।
তোমায়
মিলিয়ে কবে নিলেন আপন আনাগোনার হাটে
নানান পান্থদলের সাথে,
তোমায়
কখনো বা দেখি আমার তপ্ত ধুলার বাটে
কভু বাদল - ঝরা রাতে
।
তোমার
ছবি আঁকা পড়ল আমার মনের সীমানাতে
আমার আপন ছন্দে ছাঁদা,
আমার
সরু মোটা নানা তুলির নানান রেখাপাতে
তোমার স্বরূপ পড়ল বাঁধা।
তাই
আজি আমার
ক্লান্ত নয়ন, মনের - চোখে - দেখা
হল চোখের -
দেখায় হারা।
দোঁহার
পরিচয়ের তরীখানা বালুর চরে ঠেকা,
সে আর পায় না স্রোতের ধারা।
ও যে
অচিন মানুষ — মন
উহারে জানতে যদি চাহ
জেনো মায়ার রঙমহলে,
প্রাণে
জাগুক্ তবে সেই
মিলনের উৎসব - উৎসাহ
যাহে
বিরহদীপ জ্বলে।
যখন
চোখের সামনে বসতে
দেবে তখন সে আসনে
রেখো ধ্যানের আসন পেতে,
যখন
কইবে কথা সেই ভাষাতে
তখন মনে মনে
দিয়ো অশ্রুত সুর গেঁথে।
তোমার
জানা ভুবনখানা হতে সুদূরে তার বাসা,
বীথিকা
তোমার দিগন্তে তার খেলা।
সেথায়
ধরা - ছোঁওয়ার - অতীত মেঘে নানা রঙের ভাষা
,
সেথায় আলো - ছায়ার মেলা।
তোমার
প্রথম জাগরণের চোখে উষার শুকতারা
যদি তাহার
স্মৃতি আনে
তবে
যেন সে পায়
ভাবের মূর্তি রূপের - বাঁধন - হারা
তোমার সুর - বাহারের গানে।
জন্মদিনে
তোমার জন্মদিনে আমার
কাছের দিনের নেই তো সাঁকো।
দূরের থেকে রাতের তীরে
বলি তোমায় পিছন ফিরে
‘ খুশি থাকো '।
দিনশেষের
সূর্য যেমন
ধরার ভালে বুলায় আলো,
ক্ষণেক দাঁড়ায় অস্তকোলে,
যাবার আগে যায় সে ব'লে
‘ থেকো ভালো '।
জীবনদিনের
প্রহর আমার
সাঁঝের ধেনু — প্রদোষ - ছায়ায়
চারণ - শ্রান্ত ভ্রমণ - সারা
সন্ধ্যাতারার সঙ্গে তারা
মিলিতে যায়।
মুখ ফিরিয়ে
পশ্চিমেতে
বারেক যদি দাঁড়াও আসি
আঁধার গোষ্ঠে এই রাখালের
বীথিকা
শুনতে পাবে সন্ধ্যাকালের
চরম বাঁশি।
সেই বাঁশিতে
উঠবে বেজে
দূর সাগরের হাওয়ার ভাষা,
সেই বাঁশিতে দেবে আনি
বৃন্তমোচন ফলের বাণী
বাঁধন - নাশা।
সেই বাঁশিতে
শুনতে পাবে
জীবন - পথের জয়ধ্বনি —
শুনতে পাবে পথিক রাতের
যাত্রামুখে নূতন প্রাতের
আগমনী।
পুপুদিদির জন্মদিনে
যে ছিল মোর ছেলেমানুষ
হারিয়ে গেল কোথা —
পথ ভুলে সে পেরিয়েছিল
মরা নদীর সোঁতা।
হায়, বুড়োমির পাঁচিল তারে
আড়াল করল আজ —
জানি নে কোন্ লুকিয়ে - ফেরা
বয়স - চোরার কাজ।
হঠাৎ তোমার জন্মদিনের
আঘাত লাগল দ্বারে,
ডাক দিল সে দূর সেকালের
খ্যাপা বালকটারে।
ছেলেমানুষ আমি
ডাক শুনে সে এগিয়ে এসে
হঠাৎ গেল থামি।
বীথিকা
বললে, শোনো ওগো কিশোরিকা,
‘ রবীন্দ্র ' নাম কুষ্ঠিতে যার লিখা,
নামটা সত্য — সত্য শুধু
তারিখটা মাত্তর —
তাই বলে তো বয়সখানা
নয়কো ছিয়াত্তর।
কাঁচা প্রাণের দৃষ্টি যে তার,
জগৎটা তার কাঁচা।
বাঁধে নি তায় খেতাব - লাভের
বিষয় - লোভের খাঁচা।
মনটাতে তার সবুজ রঙে
সোনার বরন মেশা।
বক্ষে রসের তরঙ্গ তার,
চক্ষে রূপের নেশা।
ফাগুন - দিনের হাওয়ার খ্যাপামি যে
পরানে তার স্বপন বোনে
রঙিন মায়ার বীজে।
ভরসা যদি মেলে
তোমার লীলার আঙিনাতে
ফিরবে হেসে খেলে।
এই ভুবনের ভোর - বেলাকার গান
পূর্ণ করে রেখেছে তার প্রাণ।
সেই গানেরই সুর
তোমার নবীন জীবনখানি
করবে সুমধুর।
রেশ
বাঁশরি আনে আকাশ - বাণী -
ধরণী আনমনে
বীথিকা
কিছু বা ভোলে কিছু বা আধো
শোনে।
নামিবে রবি অস্তপথে,
গানের হবে শেষ —
তখন ফিরে ঘিরিবে তারে
সুরের কিছু রেশ।
অলস খনে কাঁপায় হাওয়া
আধেকখানি - হারিয়ে - যাওয়া
গুঞ্জরিত কথা,
মিলিয়া প্রজাপতির সাথে
রাঙিয়ে তোলে আলোছায়াতে
দুইপহরে - রোদ - পোহানো
গভীর নীরবতা।
হল্ দেরঙা - পাতায় - দোলা
নাম - ভোলা ও বেদনা - ভোলা
বিষাদ ছায়ারূপী
ঘোমটা - পরা স্বপনময়
দূরদিনের কী ভাষা কয়
জানি না চুপিচুপি।
জীবনে যারা স্মরণ - হারা
তবু মরণ জানে না তারা,
উদাসী তারা মর্মবাসী
পড়ে না কভু চোখে —
প্রতিদিনের সুখ - দুখেরে
অজানা হয়ে তারাই ঘেরে,
বাষ্পছবি আঁকিয়া ফেরে
প্রাণের মেঘলোকে।
গান
আজি বরষনমুখরিত
শ্রাবণরাতি।
স্মৃতিবেদনার মালা
একেলা গাঁথি।
আজি কোন্ ভুলে ভুলি
আঁধার ঘরেতে রাখি
দুয়ার খুলি—
মনে হয়, বুঝি আসিবে যে
মোর দুখরজনীর
মরমসাথি।
আসিছে সে ধারাজলে সুর লাগায়ে
নীপবনে পুলক জাগায়ে।
যদিও বা নাহি আসে
তবু বৃথা আশ্বাসে
মিলন - আসনখানি
রয়েছি পাতি।
আকাশের দূরত্ব যে, চোখে তারে দূর বলে জানি,
মনে তারে দূর নাহি মানি।
কালের দূরত্ব সেও যত কেন হোক - না নিষ্ঠুর
তবু সে দুঃসহ নহে দূর।
আঁধারের দূরত্বই কাছে থেকে রচে ব্যবধান,
চেতনা আবিল করে, তার হাতে নাই পরিত্রাণ
শুধু এই মাত্র নয়—
সে - যে সৃষ্টি করে
নিত্যভয়।
ছায়া দিয়ে রচি তুলে আঁকাবাঁকা দীর্ঘ উপছায়া,
জানারে অজানা করে—ঘেরে তারে অর্থহীনা মায়া।
পথ লুপ্ত করে দিয়ে যে পথের করে সে নির্দেশ
নাই তার শেষ।
সে পথ ভুলায়ে লয় দিনে দিনে দূর হতে দূরে
ধ্রুবতারাহীন অন্ধপুরে।
অগ্নিবন্যা বিস্তারিয়া যে প্রলয় আনে মহাকাল,
চন্দ্রসূর্য লুপ্ত করে আবর্তে - ঘূর্ণিত জটাজাল,
দিব্য দীপ্তিচ্ছটায় সে সাজে,
বজ্রের ঝঞ্ঝনামন্দ্রে বক্ষে তার রুদ্রবীণা বাজে।
যে বিশ্বে বেদনা হানে তাহারি দাহনে করে তার
পবিত্র সৎকার।
জীর্ণ জগতের ভস্ম যুগান্তের প্রচণ্ড নিশ্বাসে
লুপ্ত হয় ঝঞ্ঝার বাতাসে।
অবশেষে তপস্বীর তপস্যাবহ্নির শিখা হতে
নবসৃষ্টি উঠে আসে নিরঞ্জন নবীন আলোতে।
দানব বিলুপ্তি আনে, আঁধারের পঙ্কিল বুদ্ বুদে
নিখিলের সৃষ্টি দেয় মুদে ;
কণ্ঠ দেয় রূদ্ধ করি, বাণী হতে ছিন্ন করে সুর,
ভাষা হতে অর্থ করে দূর ;
বীথিকা
উদয়দিগন্তমুখে চাপা দেয় ঘন কালো আঁখি,
প্রেমেরে সে ফেলে বাঁধি
সংশয়ের ডোরে ;
ভক্তিপাত্র শূন্য করি শ্রদ্ধার অমৃত লয় হরে।
মূক অন্ধ মৃত্তিকার স্তর,
জগদ্দল শিলা দিয়ে রচে সেথা মুক্তির কবর।
আরবার কোলে এল শরতের
শুভ্র দেবশিশু, মরতের
সবুজ কুটীরে। আরবার বুঝিতেছি মনে—
বৈকুণ্ঠের সুর যবে বেজে ওঠে মর্তের গগনে
মাটির বাঁশিতে, চিরন্তন রচে খেলাঘর
অনিত্যের প্রাঙ্গণের'পর,
তখন সে সম্মিলিত লীলারস তারি
ভরে নিই যতটুকু পারি
আমার বাণীর পাত্রে, ছন্দের আনন্দে তারে
বহে নিই চেতনার শেষ পারে,
বাক্য আর বাক্যহীন
সত্যে আর স্বপ্নে হয় লীন।
দ্যুলোকে ভূলোকে মিলে শ্যামলে
সোনায়
মন্ত্র রেখে দিয়ে গেছে বর্ষে
বর্ষে আঁখির কোণায়।
তাই প্রিয়মুখে
চক্ষু যে পরশটুকু পায়
, তার দুঃখে সুখে
লাগে সুধা, লাগে সুর ;
তার মাঝে সে রহস্য
সুমধুর
অনুভব করি
যাহা সুগভীর আছে ভরি
কচি ধানখেতে—
রিক্ত প্রান্তরের শেষে অরণ্যের নীলিম সংকেতে,
আমলকীপল্লবের পেলব
উল্লাসে,
মঞ্জরিত কাশে,
অপরাহ্নকাল
তুলিয়া গেরুয়াবর্ণ পাল
পাণ্ডুপীত বালুতট বেয়ে
বেয়ে
যায় ধেয়ে
তন্বী তরী গতির
বিদ্যুতে
বীথিকা
হেলে পড়ে যে রহস্য সে
ভঙ্গিটুকুতে,
চটুল দোয়েল পাখি সবুজেতে চমক ঘটায়
কালো আর সাদার ছটায়
অকস্মাৎ ধায় দ্রুত শিরীষের উচ্চ শাখা - পানে
চকিত সে ওড়াটিতে যে
রহস্য বিজড়িত গানে।
হে প্রেয়সী, এ জীবনে
তোমারে হেরিয়াছিনু যে নয়নে
সে নহে কেবলমাত্র দেখার ইন্দ্রিয়,
সেখানে জ্বেলেছে দীপ বিশ্বের অন্তরতম প্রিয়।
আঁখিতারা সুন্দরের
পরশমণির মায়া - ভরা,
দৃষ্টি মোর সে তো সৃষ্টি - করা।
তোমার যে সত্তাখানি প্রকাশিলে মোর বেদনায়
কিছু জানা কিছু না - জানায়,
যারে লয়ে আলো আর
মাটিতে মিতালি,
আমার ছন্দের ডালি
উৎসর্গ করেছি তারে
বারে বারে—
সেই উপহারে
পেয়েছে আপন অর্ঘ্য ধরণীর সকল
সুন্দর।
আমার অন্তর
রচিয়াছে নিভৃত কুলায়
স্বর্গের - সোহাগে - ধন্য পবিত্র ধুলায়।
সুদূর আকাশে ওড়ে চিল,
উড়ে ফেরে কাক,
বারে বারে ভোরের কোকিল
ঘন দেয় ডাক।
জলাশয় কোন্ গ্রামপারে,
বক উড়ে যায় তারই ধারে,
ডাকাডাকি করে শালিখেরা।
প্রয়োজন থাক্ নাই থাক্
যে যাহারে খুশি দেয় ডাক,
যেথাসেথা করে চলাফেরা।
উছল প্রাণের চঞ্চলতা
আপনারে নিয়ে।
অস্তিত্বের আনন্দ ও ব্যথা
উঠিছে ফেনিয়ে।
জোয়ার লেগেছে জাগরণে—
কলোল্লাস তাই অকারণে,
মুখরতা তাই দিকে দিকে।
ঘাসে ঘাসে পাতায় পাতায়,
কী মদিরা গোপনে মাতায়,
অধীরা করেছে ধরণীকে।
নিভৃতে পৃথক কোরো নাকো
তুমি আপনারে।
ভাবনার বেড়া বেঁধে রাখো
কেন চারি ধারে।
প্রাণের উল্লাস অহেতুক
রক্তে তব হোক - না উৎসুক,
খুলে রাখো অনিমেষ চোখ ;
ফেলো জাল চারি দিক ঘিরে,
বীথিকা
যাহা পাও টেনে লও তীরে
ঝিনুক শামুক যাই হোক।
হয়তো বা কোনো কাজ নাই,
ওঠো তবু ওঠো ;
বৃথা হোক, তবুও বৃথাই
পথ - পানে ছোটো।
মাটির হৃদয়খানি ব্যেপে
প্রাণের কাঁপন ওঠে কেঁপে,
কেবল পরশ তার লহো।
আজি এই চৈত্রের প্রভাতে
আছ তুমি সকলের সাথে,
এ কথাটি মনে প্রাণে কহো।
হে কৈশোরের প্রিয়া,
ভোরবেলাকার আলোক - আঁধার - লাগা
চলেছিলে তুমি আধ্ ঘুমো - আধ্ জাগা
মোর জীবনের ঘন বনপথ দিয়া।
ছায়ায় ছায়ায় আমি ফিরিতাম একা,
দেখি দেখি করি শুধু হয়েছিল দেখা
চকিত পায়ের
চলার ইশারাখানি।
চুলের গন্ধে ফুলের গন্ধে মিলে
পিছে পিছে তব বাতাসে চিহ্ন দিলে
বাসনার রেখা টানি।
প্রভাত উঠিল ফুটি।
অরুণরাঙিমা দিগন্তে গেল ঘুচে,
শিশিরের কণা কুঁড়ি হতে গেল মুছে,
গাহিল কুঞ্জ কপোতকপোতী দুটি।
ছায়াবীথি হতে বাহিরে আসিলে ধীরে
ভরা জোয়ারের উচ্ছল নদীতীরে—
প্রাণকল্লোলে মুখর পল্লিবাটে।
আমি কহিলাম, “ তোমাতে আমাতে চলো,
তরুণ রৌদ্র জলে করে ঝলোমলো—
নৌকা রয়েছে ঘাটে। ”
স্রোতে চলে তরী ভাসি।
জীবনের - স্মৃতি - সঞ্চয় - করা তরী
দিনরজনীর সুখে দুখে গেছে ভরি,
আছে গানে - গাঁথা কত কান্না ও হাসি।
পেলব প্রাণের প্রথম পসরা নিয়ে
সে তরণী - ' পরে পা ফেলেছ তুমি প্রিয়ে,
পাশাপাশি সেথা খেয়েছি ঢেউয়ের দোলা।
কখনো বা কথা কয়েছিলে কানে কানে,
বীথিকা
কখনো বা মুখে ছলোছলো দুনয়ানে
চেয়েছিলে ভাষা - ভোলা।
বাতাস লাগিল পালে।
ভাঁটার বেলায় তরী যবে যায় থেমে
অচেনা পুলিনে কবে গিয়েছিলে নেমে
মলিন ছায়ার ধূসর গোধূলিকালে।
আবার রচিলে নব কুহকের পালা,
সাজালে ডালিতে নূতন বরণমালা,
নয়নে আনিলে নূতন চেনার হাসি।
কোন্ সাগরের অধীর জোয়ার লেগে
আবার নদীর নাড়ী নেচে ওঠে বেগে,
আবার চলিনু ভাসি।
তুমি ভেসে চল সাথে।
চিররূপখানি নবরূপে আসে প্রাণে ;
নানা পরশের মাধুরীর মাঝখানে
তোমারই সে হাত মিলেছে আমার হাতে।
গোপন গভীর রহস্যে অবিরত
ঋতুতে ঋতুতে সুরের ফসল যত
ফলায়ে তুলেছে বিস্মিত মোর গীতে।
শুকতারা তব কয়েছিল যে কথারে
সন্ধ্যার আলো সোনার গলায় তারে
সকরুণ পূরবীতে।
চিনি, নাহি চিনি তবু।
প্রতি দিবসের সংসারমাঝে তুমি
স্পর্শ করিয়া আছ যে - মর্তভূমি
তার আবরণ খসে পড়ে যদি কভু,
তখন তোমার মূরতি দীপ্তিমতী
প্রকাশ করিবে আপন অমরাবতী
সকল কাজের বিরহের মহাকাশে।
বীথিকা
তাহারই বেদনা কত কীর্তির স্তূপে
উচ্ছ্রিত হয়ে ওঠে অসংখ্য রূপে
পুরুষের ইতিহাসে।
হে কৈশোরের প্রিয়া,
এ জনমে তুমি নব জীবনের দ্বারে
কোন্ পার হতে এনে দিলে মোর পায়ে
অনাদি যুগের চিরমানবীর হিয়া।
দেশের কালের অতীত যে মহাদূর,
তোমার কণ্ঠে শুনেছি তাহারই সুর—
বাক্য সেথায় নত হয় পরাভবে।
অসীমের দূতী, ভরে এনেছিলে ডালা
পরাতে আমারে নন্দনফুলমালা
অপূর্ব গৌরবে।
গান
জানি জানি,
তুমি এসেছ এ পথে
মনের ভুলে।
তাই হোক তবে
, তাই হোক, দ্বার
দিলেম খুলে।
এসেছ তুমি
তো বিনা আভরণে,
মুখর নূপুর
বাজে না চরণে,
তাই হোক তবে
, তাই হোক, এসো
সহজ মনে।
ওই তো মালতী
ঝরে পড়ে যায়
মোর আঙিনায়
শিথিল কবরী
সাজাতে তোমার
লও - না তুলে।
নাহয় সহসা
এসেছ এ পথে
মনের ভুলে।
কোনো আয়োজন
নাই একেবারে,
সুর বাঁধা
নাই এ বীণার তারে,
তাই হোক তবে
, এসো হৃদয়ের
মৌনপারে।
ঝর ঝর বারি
ঝরে বনমাঝে,
আমারি মনের
সুর ওই বাজে,
উতলা হাওয়ার
তালে তালে মন
উঠিছে দুলে।
নাহয় সহসা
এসেছ এ পথে
মনের ভুলে।
বহি লয়ে অতীতের সকল বেদনা,
ক্লান্তি লয়ে, গ্লানি লয়ে, লয়ে মুহূর্তের আবর্জনা,
লয়ে প্রীতি,
লয়ে সুখস্মৃতি,
আলিঙ্গন ধীরে ধীরে শিথিল করিয়া
এই দেহ যেতেছে সরিয়া
মোর কাছ হতে।
সেই রিক্ত অবকাশ যে আলোতে
পূর্ণ হয়ে আসে
অনাসক্ত আনন্দ - উদ্ভাসে
নির্মল পরশ তার
খুলি দিল গত রজনীর দ্বার।
নবজীবনের রেখা
আলোরূপে প্রথম দিতেছে দেখা ;
কোনো চিহ্ন পড়ে নাই তাহে,
কোনো ভার ; ভাসিতেছে
সত্তার প্রবাহে
সৃষ্টির আদিমতারা - সম
এ চৈতন্য মম।
ক্ষোভ তার নাই দুঃখে সুখে ;
যাত্রার আরম্ভ তার নাহি জানি
কোন্ লক্ষ্যমুখে।
পিছনের ডাক
আসিতেছে শীর্ণ হয়ে ; সম্মুখেতে
নিস্তব্ধ নির্বাক্
ভবিষ্যৎ জ্যোতির্ময়
অশোক অভয়,
স্বাক্ষর লিখিল তাহে সূর্য অস্তগামী।
যে মন্ত্র
উদাত্ত সুরে উঠে শূন্যে সেই মন্ত্র— ‘ আমি '।
মহা - অতীতের সাথে আজ আমি করেছি মিতালি—
দিবালোক - অবসানে
তারালোক জ্বালি
ধ্যানে সেথা বসেছে সে
রূপহীন দেশে ;
যেথা অস্তসূর্য হতে
নিয়ে রক্তরাগ
গুহাচিত্রে করিছে সজাগ
তার তুলি
ম্রিয়মাণ জীবনের লুপ্ত
রেখাগুলি ;
নিমীলিত বসন্তের
ক্ষান্তগন্ধে যেখানে সে
গাঁথিয়া অদৃশ্যমালা পরিছে নিবিড় কালোকেশে ;
যেখানে তাহার কণ্ঠহারে
দুলায়েছে সারে সারে
প্রাচীন শতাব্দীগুলি
শান্ত - চিত্তদহন বেদনা
মাণিক্যের কণা।
সেথা বসে আছি কাজ ভুলে
অস্তাচলমূলে
ছায়াবীথিকায়।
রূপময় বিশ্বধারা অবলুপ্তপ্রায়
গোধূলিধূসর আবরণে,
অতীতের শূন্য তার সৃষ্টি মেলিতেছে মোর মনে।
এ শূন্য তো মরুমাত্র নয়,
এ যে চিত্তময় ;
বর্তমান যেতে যেতে এই শূন্যে যায় ভ'রে রেখে
আপন অন্তর থেকে
অসংখ্য স্বপন ;
অতীত এ শূন্য দিয়ে করেছি বপন
বস্তুহীন সৃষ্টি যত,
নিত্যকাল - মাঝে তারি ফলশস্য ফলিছে নিয়ত।
আলোড়িত এই শূন্য যুগে যুগে উঠিয়াছে জ্বলি,
ভরিয়াছে জ্যোতির অঞ্জলি।
বীথিকা
বসে আছি নির্নিমেষ চোখে
অতীতের সেই ধ্যানালোকে—
নি:শব্দ তিমিরতটে জীবনের বিস্মৃত রাতির।
হে অতীত,
শান্ত তুমি নির্বাণ - বাতির
অন্ধকারে,
সুখদুখনিষ্কৃতির পারে
।
শিল্পী তুমি, আঁধারের ভূমিকায়
নিভৃতে রচিছ সৃষ্টি নিরাসক্ত নির্মম কলায়,
স্মরণে ও বিস্মরণে বিগলিত বর্ণ দিয়া লিখা
বর্ণিতেছ আখ্যায়িকা ;
পুরাতন ছায়াপথে নূতন
তারার মতো
উজ্জ্বলি উঠিছে কত,
কত তার নিভাইছ একেবারে
যুগান্তের অশান্ত ফুৎকারে।
আজ আমি তোমার দোসর,
আশ্রয় নিতেছি সেথা যেথা আছে মহা - অগোচর।
তব অধিকার আজি দিনে দিনে ব্যাপ্ত হয়ে আসে
আমার আয়ুর ইতিহাসে।
সেথা তব সৃষ্টির
মন্দিরদ্বারে
আমার রচনাশালা স্থাপন করেছি একধারে
তোমারি বিহারবনে ছায়াবীথিকায়।
ঘুচিল কর্মের দায়,
ক্লান্ত হল লোকমুখে খ্যাতির আগ্রহ ;
দুঃখ যত সয়েছি দুঃসহ
তাপ তার করি অপগত
মূর্তি তারে দিব নানামতো
আপনার মনে মনে।
ক লকোলাহলশান্ত জনশূন্য তোমার প্রাঙ্গণে,
যেখানে মিটেছে দ্বন্দ্ব মন্দ ও ভালোয়,
তারার আলোয়
সেখানে তোমার পাশে আমার আসন পাতা—
কর্মহীন আমি সেথা বন্ধহীন সৃষ্টির বিধাতা।
পূর্ণ করি নারী তার জীবনের থালি
প্রিয়ের চরণে প্রেম নিঃশেষিয়া দিতে গেল ঢালি,
ব্যর্থ হল পথ - খোঁজা—
কহিল, ‘ হে ভগবান, নিষ্ঠুর যে এ অর্ঘ্যের বোঝা ;
আমার দিবস রাত্রি অসহ্য পেষণে
একান্ত পীড়িত আর্ত ; তাই সান্ত্বনার অন্বেষণে
এসেছি তোমার দ্বারে—এ প্রেম তুমিই লও প্রভু! '
‘ লও লও ' বারবার ডেকে বলে, তবু
দিতে পারে না যে তাকে
কৃপণের ধন - সম শিরা আঁকড়িয়া থাকে।
যেমন
তুষাররাশি গিরিশিরে লগ্ন রহে,
কিছুতে স্রোত না বহে,
আপন নিষ্ফল কঠিনতা
দেয় তারে ব্যথা,
তেমনি সে নারী
নিশ্চল - হৃদয়ভারে - ভারী
কেঁদে বলে, ‘ কী ধনে আমার প্রেম দামি
সে যদি না বুঝেছিল,
তুমি অন্তর্যামী,
তুমিও কি এরে চিনিবে না?
মানবজন্মের সব দেনা
শোধ করি লও, প্রভু, আমার সর্বস্ব রত্ন নিয়ে।
তুমি যে প্রেমের লোভী
মিথ্যা কথা কি এ! '
‘ লও লও ' যত বলে খোলে না যে তার
হৃদয়ের দ্বার।
সারাদিন মন্দিরা বাজায়ে করে গান,
‘ লও তুমি লও ভগবান! '
হে সন্ন্যাসী, হে গম্ভীর, মহেশ্বর,
মন্দাকিনী প্রসারিল কত - না নির্ঝর
তোমারে বেষ্টন করি নৃত্যজালে।
তব উচ্চভালে
উৎক্ষিপ্ত শীকরবাষ্পে বাঁকা ইন্দ্রধনু
রহে তব শুভ্রতনু
বর্ণে বর্ণে বিচিত্র করিয়া।
কলহাস্যে মুখরিয়া
উদ্ধত নন্দীর রুষ্ট তর্জনীরে করে পরিহাস,
ক্ষণে ক্ষণে করে তব তপোনাশ ;
নাহি মনে ভয়,
দূরে নাহি রয়,
দুর্বার দুরন্ত তারা শাসন না মানে,
তোমারে আপন সাথি জানে।
সকল নিয়মবন্ধহারা
আপন অধীর ছন্দে তোমারে নাচাতে চায় তারা
বাহু তব ধরি।
তুমি মনে মনে হাসো ভৃঙ্গীর ভ্রূকুটি লক্ষ্য করি।
এদের প্রশ্রয় দিলে, তাই যত দুর্দামের দল
চরাচর ঘেরি ঘেরি করিছে উন্মত্ত কোলাহল
সমুদ্রতরঙ্গতালে, অরণ্যের দোলে,
যৌবনের উদ্ বেল কল্লোলে।
আনে চাঞ্চল্যের অর্ঘ্য নিরন্তর তব শান্তি নাশি—
এই তো তোমার পূজা জানো তাহা হে ধীর সন্ন্যাসী।
একটি দিন পড়িছে মনে মোর।
উষার নিল মুকুট কাড়ি
শ্রাবণ ঘনঘোর ;
বাদলবেলা বাজায়ে দিল তূরী,
প্রহরগুলি ঢাকিয়া মুখ
করিল আলো চুরি।
সকাল হতে অবিশ্রামে
ধারাপতনশব্দ নামে,
পরদা দিল টানি,
সংসারের নানা ধ্বনিরে
করিল একখানি।
প্রবল বরিষনে
পাংশু হল দিকের মুখ,
আকাশ যেন নিরুৎসুক,
নদীপারের নীলিমা ছায়
পাণ্ডু আবরণে।
কর্মদিন হারালো সীমা,
হারালো পরিমাণ,
বিনা কারণে ব্যথিত হিয়া
উঠিল গাহি গুঞ্জরিয়া
বিদ্যাপতি - রচিত সেই
ভরা - বাদর গান।
ছিলাম এই কুলায়ে বসি
আপন মন - গড়া,
হঠাৎ মনে পড়িল তবে
এখনি বুঝি সময় হবে,
ছাত্রীটিরে দিতে হবে যে পড়া।
থামায়ে গান চাহিনু
পশ্চাতে ;
বীথিকা
ভীরু সে মেয়ে কখন এসে
নীরব পায়ে দুয়ার ঘেঁষে
দাঁড়ায়ে আছে খাতা ও বহি হাতে।
করিনু পাঠ শুরু।
কপোল তার ঈষৎ রাঙা,
গলাটি আজ কেমন ভাঙা,
বক্ষ বুঝি করিছে দুরু দুরু।
কেবলি যায় ভুলে,
অন্যমনে রয়েছে যেন
বইয়ের পাতা খুলে।
কহিনু তারে, আজকে পড়া থাক।
সে শুধু মুখে তুলিয়া
আঁখি
চাহিল নির্বাক।
তুচ্ছ এই ঘটনাটুকু,
ভাবি নি ফিরে তারে।
গিয়েছে তার ছায়ামূরতি
কালের খেয়াপারে।
স্তব্ধ আজি বাদলবেলা,
নদীতে নাহি ঢেউ,
অলস মণে বসিয়া আছি
ঘরেতে নেই কেউ।
হঠাৎ দেখি চিত্রপটে চেয়ে,
সেই - যে ভীরু মেয়ে
মনের কোণে কখন গেছে আঁকি
অবর্ষিত অশ্রুভরা
ডাগর দুটি আঁখি।
কাঠবিড়ালির ছানাদুটি
আঁচলতলায় ঢাকা,
পায় সে কোমল করুণ হাতে
পরশ সুধামাখা।
এই দেখাটি দেখে এলেম
ক্ষণকালের মাঝে,
সেই থেকে আজ আমার মনে
সুরের মতো বাজে।
চাঁপাগাছের আড়াল থেকে
একলা সাঁঝের তারা
একটুখানি ক্ষীণ মাধুরী
জাগায় যেমনধারা,
তরল কলধ্বনি যেমন
বাজে জলের পাকে
গ্রামের ধারে বিজন ঘাটে
ছোটো নদীর বাঁকে,
লেবুর ডালে খুশি যেমন
প্রথম জেগে ওঠে
একটু যখন গন্ধ নিয়ে
একটি কুঁড়ি ফোটে,
দুপুর বেলায় পাখি যেমন—
দেখতে না পাই যাকে—
ঘন ছায়ায় সমস্ত দিন
মৃদুল সুরে ডাকে,
তেমনিতরো ওই ছবিটির
মধুরসের কণা
ক্ষণকালের তরে আমায়
করেছে আনমনা।
দুঃখসুখের বোঝা নিয়ে
চলি আপন মনে,
বীথিকা
তখন জীবন - পথের ধারে
গোপন কোণে কোণে
হঠাৎ দেখি চিরাভ্যাসের
অন্তরালের কাছে
লক্ষ্মীদেবীর মালার থেকে
ছিন্ন পড়ে আছে
ধূলির সঙ্গে মিলিয়ে গিয়ে
টুকরো রতন কত—
আজকে আমার এই দেখাটি
দেখি তারির মতো।
দেবতা মানবলোকে ধরা দিতে চায়
মানবের অনিত্য লীলায়।
মাঝে মাঝে দেখি তাই—
আমি যেন নাই,
ঝংকৃত বীণার
তন্তুসম দেহখানা
হয় যেন অদৃশ্য অজানা ;
আকাশের
অতিদূর সূক্ষ্ম নীলিমায়
সংগীতে হারায়ে যায় ;
নিবিড় আনন্দরূপে
পল্লবের স্তূপে
আমলকীবীথিকার গাছে গাছে
ব্যাপ্ত হয় শরতের আলোকের নাচে।
প্রেয়সীর প্রেমে
প্রত্যহের ধূলি - আবরণ যায় নেমে
দৃষ্টি হতে, শ্রুতি হতে ;
স্বর্গসুধাস্রোতে
ধৌত হয় নিখিলগগন—
যাহা দেখি যাহা শুনি তাহা যে একান্ত অতুলন
মর্তের অমৃতরসে দেবতার রুচি
পাই যেন আপনাতে, সীমা হতে সীমা যায় ঘুচি।
দেবসেনাপতি
নিয়ে আসে আপনার দিব্যজ্যোতি
যখন মরণপণে হানি অমঙ্গল।
ত্যাগের বিপুল বল
কোথা হতে বক্ষে আসে ;
অনায়াসে
দাঁড়াই উপেক্ষা করি প্রচণ্ড অন্যায়ে
অকুণ্ঠিত সর্বস্বের ব্যয়ে।
তখন মৃত্যুর বক্ষ হতে
দেবতা বাহিরি আসে অমৃত - আলোতে ;
তখন তাহার পরিচয়
মর্তলোকে অমর্তেরে
করি তোলে অক্ষুণ্ন অক্ষয়।
পাষাণে - বাঁধা কঠোর পথ
চলেছে তাহে কালের রথ
,
ঘুরিছে তার মমতাহীন চাকা।
বিরোধ উঠে ঘর্ঘরিয়া,
বাতাস উঠে জর্জরিয়া
তৃষ্ণাভরা তপ্তবালু - ঢাকা।
নিঠুর লোভ জগৎ ব্যেপে
দুর্বলেরে মারিছে চেপে,
মথিয়া তুলে হিংসাহলাহল।
অর্থহীন কিসের তরে
এ কাড়াকাড়ি ধুলার'পরে
লজ্জাহীন বেসুর কোলাহল!
হতাশ হয়ে যেদিকে চাহি
কোথাও কোনো উপায় নাহি,
মানুষরূপে দাঁড়ায় বিভীষিকা।
করুণাহীন দারুণ ঝড়ে
দেশে বিদেশে ছড়িয়ে পড়ে
অন্যায়ের প্রলয়ানলশিখা।
সহসা দেখি, সুন্দর হে,
কে দূতী তব বারতা বহে
ব্যাঘাত - মাঝে অকালে অস্থানে।
ছুটিয়া আসে গহন হতে
আত্মহারা উছল স্রোতে
রসের ধারা মরুভূমির পানে।
ছন্দভাঙা হাটের মাঝে
তরল তালে নূপুর বাজে,
বাতাসে যেন আকাশবাণী ফুটে।
কর্কশেরে নৃত্য হানি
ছন্দোময়ী মূর্তিখানি
বীথিকা
ঘূর্ণিবেগে আবর্তিয়া উঠে।
ভরিয়া ঘট অমৃত আনে,
সে কথা সে কি আপনি জানে—
এনেছে বহি সীমাহীনের ভাষা।
প্রবল এই মিথ্যারাশি,
তারেও ঠেলি উঠেছে হাসি
অবলারূপে চিরকালের আশা।
দেহে মনে সুপ্তি যবে করে ভর
সহসা চৈতন্যলোকে আনে কল্পান্তর,
জাগ্রত জগৎ চলে যায়
মিথ্যার কোঠায়।
তখন নিদ্রার শূন্য ভরি
স্বপ্নসৃষ্টি শুরু হয়, ধ্রুব সত্য তারে
মনে করি।
সেও ভেঙে যায় যবে
পুনর্বার জেগে উঠি অন্য এক ভবে ;
তখনি তাহারে সত্য বলি,
নিশ্চিত স্বপ্নের রূপ অনিশ্চিতে কোথা যায়
চলি।
তাই ভাবি মনে,
যদি এ জীবন মোর গাঁথা থাকে মায়ার স্বপনে,
মৃত্যুর আঘাতে জেগে উঠে
আজিকার এ জগৎ অকস্মাৎ যায় টুটে,
সব - কিছু অন্য - এক অর্থে দেখি —
চিত্ত মোর চমকিয়া সত্য বলি তারে জানিবে কি
?
সহসা কি উদিবে স্মরণে
ইহাই জাগ্রত সত্য অন্যকালে ছিল তার মনে?
একলা বসে,
হেরো, তোমার ছবি
এঁকেছি আজ বসন্তী রঙ দিয়া—
খোঁপার ফুলে
একটি মধুলোভী
মৌমাছি ওই গুঞ্জরে বন্দিয়া।
সমুখ - পানে বালুতটের তলে
শীর্ণ নদী শান্ত ধারায় চলে,
বেণুচ্ছায়া তোমার চেলাঞ্চলে
উঠিছে স্পন্দিয়া।
মগ্ন তোমার স্নিগ্ধ নয়ন দুটি
ছায়ায় ছন্ন অরণ্য - অঙ্গনে
প্রজাপতির দল যেখানে জুটি
রঙ ছড়ালো প্রফুল্ল রঙ্গনে।
তপ্ত হাওয়ায় শিথিলমঞ্জরি
গোলকচাঁপা একটি দুটি করি
পায়ের কাছে পড়ছে ঝরি ঝরি
তোমারে নন্দিয়া।
ঘাটের ধারে কম্পিত ঝাউশাখে
দোয়েল দোলে সংগীতে চঞ্চলি—
আকাশ ঢালে পাতার ফাঁকে ফাঁকে
তোমার কোলে সুবর্ণ - অঞ্জলি।
বনের পথে কে যায় চলি দূরে,
বাঁশির ব্যথা পিছন - ফেরা সুরে
তোমায় ঘিরে হাওয়ায় ঘুরে ঘুরে
ফিরিছে ক্রন্দিয়া।
সেদিন তোমার মোহ লেগে
আনন্দের বেদনায় চিত্ত ছিল জেগে ;
প্রতিদিন
প্রভাতে পড়িত মনে,
তুমি
আছ এ ভুবনে।
পুকুরে বাঁধানো ঘাটে স্নিগ্ধ অশথের মূলে
বসে
আছ এলোচুলে,
আলোছায়া
পড়েছে আঁচলে তব—
প্রতিদিন মোর কাছে এ যেন সংবাদ অভিনব।
তোমার
শয়নঘরে ফুলদানি,
সকালে
দিতাম আনি
নাগকেশরের
পুষ্পভার
অলক্ষ্যে
তোমার।
প্রতিদিন
দেখা হত, তবু কোনো ছলে
চিঠি
রেখে আসিতাম বালিশের তলে।
সেদিনের আকাশেতে তোমার নয়ন দুটি কালো
আলোরে
করিত আরো আলো।
সেদিনের বাতাসেতে তোমার সুগন্ধ কেশপাশ
নন্দনের
আনিত নিশ্বাস।
অনেক বৎসর গেল, দিন গণি নহে তার মাপ—
তারে
জীর্ণ করিয়াছে ব্যর্থতার তীব্র পরিতাপ।
নির্মম
ভাগ্যের হাতে লেখা
বঞ্চনার
কালো কালো রেখা
বিকৃত স্মৃতির পটে নিরর্থক করেছে ছবিরে।
আলোহীন
গানহীন হৃদয়ের গহন গভীরে
সেদিনের কথাগুলি
দুর্লক্ষণ
বাদুড়ের মতো আছে ঝুলি।
আজ যদি তুমি এস কোথা
তব ঠাঁই,
সে
তুমি তো নাই।
বীথিকা
আজিকার দিন
তোমারে
এড়ায়ে যাবে পরিচয়হীন।
তোমার সেকাল আজি ভাঙাচোরা যেন পোড়োবাড়ি
লক্ষ্মী যারে গেছে ছাড়ি ;
ভূতে
- পাওয়া ঘর
ভিত জুড়ে আছে যেথা দেহহীন ডর।
আগাছায় পথ রুদ্ধ, আঙিনায় মনসার ঝোপ,
তুলসীর মঞ্চখানি হয়ে গেছে লোপ।
বিনাশের
গন্ধ ওঠে, দুর্গ্রহের শাপ,
দুঃস্বপ্নের
নিঃশব্দ বিলাপ।
আমি এ পথের ধারে
একা রই—
যেতে যেতে যাহা - কিছু ফেলে রেখে গেছ মোর দ্বারে
মূল্য তার হোক - না যতই
তাহে মোর দেনা
পরিশোধ কখনো হবে না।
দেব ব'লে যাহা কভু দেওয়া নাহি যায়,
চেয়ে যাহা কেহ নাহি পায়,
যে ধনের ভাণ্ডারের চাবি আছে
অন্তর্যামী কোন্ গুপ্ত দেবতার কাছে
কেহ নাহি জানে—
আগন্তুক, অকস্মাৎ সে দুর্লভ দানে
ভরিল তোমার হাত অন্যমনে পথে যাতায়াতে।
পড়ে ছিল গাছের তলাতে
দৈবাৎ বাতাসে ফল,
ক্ষুধার সম্বল।
অযাচিত সে সুযোগে খুশি হয়ে একটুকু হেসো ;
তার বেশি দিতে যদি এসো,
তবে জেনো মূল্য নেই
মূল্য তার নেই।
দূরে যাও, ভুলে যাও ভালো সেও—
তাহারে কোরো না হেয়
দানস্বীকারের ছলে
দাতার উদ্দেশে কিছু রেখে ধূলিতলে।
রমাদেবীর মৃত্যু উপলক্ষে
ফাল্গুনের পূর্ণিমার আমন্ত্রণ পল্লবে পল্লবে
এখনই মুখর হল অধীর মর্মরকলরবে।
বৎসে, তুমি বৎসরে বৎসরে
সাড়া তারি দিতে মধুস্বরে,
আমাদের দূত হয়ে তোমার কণ্ঠের কলগান
উৎসবের পুষ্পাসনে বসন্তেরে করেছে আহ্বান।
নিষ্ঠুর শীতের দিনে গেলে তুমি রুগ্ ণ তনু বয়ে
আমাদের সকলের উৎকণ্ঠিত আশীর্বাদ লয়ে।
আশা করেছিনু মনে মনে
নববসন্তের আগমনে
ফিরিয়া আসিবে যবে লবে আপনার চিরস্থান,
কাননলক্ষ্মীরে তুমি করিবে আনন্দ - অর্ঘ্যদান।
এবার দক্ষিণবায়ু দুঃখের নিশ্বাস এল বহে ;
তুমি তো এলে না ফিরে ; এ আশ্রম তোমার বিরহে
বীথিকার ছায়ার আলোকে
সুগভীর পরিব্যাপ্ত শোকে
কহিছে নির্বাকবাণী বৈরাগকরণ ক্লান্ত সুরে,
তাহারি রণনধ্বনি প্রান্তরে বাজিছে দূরে দূরে।
শিশুকাল হতে হেথা সুখে - দুঃখে - ভরা দিন - রাত
করেছে তোমার প্রাণে বিচিত্র বর্ণের রেখাপাত।
কাশের মঞ্জরী - শুভ্র দিশা,
নিস্তব্ধ মালতী - ঝরা নিশা,
প্রশান্ত শিউলি - ফোটা প্রভাত শিশিরে - ছলোছলো,
দিগন্ত - চমক - দেওয়া সূর্যাস্তের রশ্মি জ্বলোজ্বলো।
এখনো তেমনি হেথা আসিবে দিনের পর দিন,
বীথিকা
তবুও সে আজ হতে চিরকাল রবে তুমি - হীন।
বসে আমাদের মাঝখানে
কভু যে তোমার গানে গানে
ভরিবে না সুখসন্ধ্যা, মনে হয়, অসম্ভব অতি—
বর্ষে বর্ষে দিনে দিনে প্রমাণ করিবে সেই ক্ষতি।
বারে বারে নিতে তুমি গীতিস্রোতে কবি - আশীর্বাণী,
তাহারে আপন পাত্রে প্রণামে ফিরায়ে দিতে আনি।
জীবনের দেওয়া - নেওয়া সেই
ঘুচিল অন্তিম নিমেষেই—
স্নেহোজ্জ্বল কল্যাণের সে সম্বন্ধ তোমার আমার
গানের নির্মাল্য - সাথে নিয়ে গেলে মরণের পার।
হায় হায়, এত প্রিয়, এতই দুর্লভ যে সঞ্চয়
একদিনে অকস্মাৎ তারও যে ঘটিতে পারে লয়!
হে অসীম, তব বক্ষোমাঝে
তার ব্যথা কিছুই না বাজে,
সৃষ্টির নেপথ্যে সেও আছে তব দৃষ্টির ছায়ায়—
স্তব্ধবীণা রঙ্গগৃহে মোরা বৃথা করি ‘ হায় হায় '।
হে বৎসে, যা দিয়েছিলে আমাদের আনন্দভাণ্ডারে
তারি স্মৃতিরূপে তুমি বিরাজ করিবে চারিধারে।
আমাদের আশ্রম - উৎসব
যখনই জাগাবে গীতরব
তখনি তাহার মাঝে অশ্রুত তোমার কণ্ঠস্বর
অশ্রুর আভাস দিয়ে অভিষিক্ত করিবে অন্তর।
প্রভু,
সৃষ্টিতে তব আনন্দ আছে
মমত্ব নাই তবু,
ভাঙায় গড়ায় সমান তোমার লীলা।
তব নির্ঝরধারা
যে বারতা বহি সাগরের পানে
চলেছে আত্মহারা
প্রতিবাদ তারি করিছে
তোমার শিলা।
দোঁহার এ দুই বাণী,
ওগো উদাসীন, আপনার মনে
সমান নিতেছ মানি—
সকল বিরোধ তাই তো তোমায়
চরমে হারায় বাণী।
বর্তমানের ছবি
দেখি যবে, দেখি, নাচে তার বুকে
ভৈরব ভৈরবী।
তুমি কী দেখিছ তুমিই তা জানো
নিত্যকালের কবি—
কোন্ কালিমায় সমুদ্রকূলে
উদয়াচলের রবি।
যুঝিছে মন্দ ভালো।
তোমার অসীম দৃষ্টিক্ষেত্রে
কালো সে রয় না কালো।
অঙ্গার সে তো তোমার
চক্ষে
ছদ্মবেশের আলো।
দুঃখ লজ্জা ভয়
ব্যাপিয়া চলেছে উগ্র
যাতনা
বীথিকা
মানববিশ্বময় ;
সেই বেদনায় লভিছে জন্ম
বীরের বিপুল জয়।
হে কঠোর, তুমি সম্মান
দাও,
দাও না তো প্রশ্রয়।
তপ্ত পাত্র ভরি
প্রসাদ তোমার রুদ্র
জ্বালায়
দিয়েছ অগ্রসরি—
যে আছে দীপ্ত তেজের পিপাসু
নিক তাহা পান করি।
নিঠুর পীড়নে যাঁর
তন্দ্রাবিহীন কঠিন দণ্ডে
মথিছে
অন্ধকার,
তুলিছে আলোড়ি
অমৃতজ্যোতি,
তাঁহারে
নমস্কার।
একদা বসন্তে মোর বনশাখে যবে
মুকুলে পল্লবে
উদ্ বারিত আনন্দের আমন্ত্রণ
গন্ধে বর্ণে দিল ব্যাপি ফাল্গুনের পবন গগন,
সেদিন এসেছে যারা বীথিকায়—
কেহ এল কুণ্ঠিত দ্বিধায় ;
চটুল চরণ কারো তৃণে তৃণে বাঁকিয়া বাঁকিয়া
নির্দয় দলনচিহ্ন গিয়েছে আঁকিয়া
অসংকোচ নূপুরঝংকারে,
কটাক্ষের খরধারে
উচ্চহাস্য করেছে শাণিত ;
কেহ বা করেছে ম্লান অমানিত
অকারণ সংশয়েতে আপনারে
অবগুণ্ঠনের অন্ধকারে ;
কেহ তারা নিয়েছিল তুলি
গোপনে ছায়ায় ফিরি তরুতলে ঝরা ফুলগুলি ;
কেহ ছিন্ন করি
তুলেছিল মাধবীমঞ্জরী,
কিছু তার পথে পথে ফেলেছে ছড়ায়ে,
কিছু তার বেণীতে জড়ায়ে
অন্যমনে গেছে চলে গুন্ গুন্ গানে।
আজি এ ঋতুর অবসানে
ছায়াঘন বীথি মোর নিস্তব্ধ নির্জন ;
মৌমাছির মধু - আহরণ
হল সারা ;
সমীরণ গন্ধহারা
তৃণে তৃণে ফেলিছে নিশ্বাস।
পাতার আড়াল ভরি একে একে পেতেছে প্রকাশ
অচঞ্চল ফলগুচ্ছ যত,
বীথিকা
শাখা অবনত।
নিয়ে সাজি
কোথা তারা গেল আজি—
গোধূলি ছায়াতে হল লীন
যারা এসেছিল একদিন
কলরবে কান্না ও হাসিতে
দিতে আর নিতে।
আজি লয়ে মোর দানভার
ভরিয়াছি নিভৃত অন্তর আপনার—
অপ্রগল্ ভ গূঢ় সার্থকতা
নাহি জানে কথা।
নিশীথ যেমন স্তব্ধ নিষুপ্ত ভুবনে
আপনার মনে
আপনার তারাগুলি
কোন্ বিরাটের পায়ে ধরিয়াছে তুলি
নাহি জানে আপনি সে—
সুদূর প্রভাত - পানে চাহিয়া রয়েছে নির্নিমেষে।
নির্ঝরিণী অকারণ অবারণ সুখে
নীরসেরে ঠেলা দিয়ে চলে তৃষিতের অভিমুখে—
নিত্য অফুরান
আপনারে করে দান।
সরোবর প্রশান্ত নিশ্চল—
বাহিরেতে নিস্তরঙ্গ, অন্তরেতে নিস্তব্ধ নিস্তল।
চির - অতিথির মতো মহাবট আছে তীরে ;
ভূরিপায়ী মূল তার অদৃশ্য গভীরে
অনিঃশেষ রস করে পান,
অজস্র পল্লবে তার করে স্তবগান।
তোমারে তেমনি দেখি
নির্বিকল
অপ্রমত্ত
পূর্ণতায়, হে প্রেয়সী, আছ অচঞ্চল।
তুমি কর বরদান দেবীসম ধীর আবির্ভাবে
নিরাসক্ত দাক্ষিণ্যের গম্ভীর প্রভাবে।
তোমার সামীপ্য সেই
নিত্য চারি দিকে আকাশেই
প্রকাশিত আত্মমহিমায়
প্রশান্ত প্রভায়।
তুমি আছ কাছে,
সে আত্মবিস্মৃত কৃপা—চিত্ত তাহে পরিতৃপ্ত আছে।
ঐশ্বর্যরহস্য যাহা তোমাতে বিরাজে
একই কালে ধন সেই, দান সেই—ভেদ নাই মাঝে।
তোমাদের দুজনের মাঝে আছে কল্পনার বাধা ;
হল না সহজ পথ বাঁধা
স্বপ্নের গহনে।
মনে মনে।
ডাক দাও পরস্পরে সঙ্গহীন কত দিনে রাতে ;
তবু ঘটিল না কোন্ সামান্য ব্যাঘাতে
মুখোমুখি দেখা।
দুজনে রহিলে একা
কাছে কাছে থেকে ;
তুচ্ছ, তবু অলঙ্ঘ্য সে দোঁহারে রহিল যাহা ঢেকে।
বিচ্ছেদের অবকাশ হতে
বায়ুস্রোতে
ভেসে আসে মধুমঞ্জরীর গন্ধশ্বাস ;
চৈত্রের আকাশ
রৌদ্রে দেয় বৈরাগীর বিভাসের তান
;
আসে দোয়েলের গান ;
দিগন্তরে পথিকের বাঁশি যায় শোনা
।
উভয়ের আনাগোনা
আভাসেতে দেখা যায়
ক্ষণে ক্ষণে
চকিত নয়নে।
পদধ্বনি শোনা যায়
শুষ্কপত্রপরিকীর্ণ বনবীথিকায়।
তোমাদের ভাগ্য আছে চেয়ে অনুক্ষণ
কখন দোঁহার মাঝে একজন
উঠিবে সাহস ক'রে—
বলিবে, ‘ যে মায়াডোরে
বন্দী হয়ে দূরে ছিনু এতদিন
ছিন্ন হোক, সে তো সত্যহীন।
লও বক্ষে দুবাহু বাড়ায়ে ;
সম্মুখে যাহারে চাও পিছনেই আছে সে দাঁড়ায়ে। '
এ সংসারে আছে বহু অপরাধ,
হেন অপবাদ
যখন ঘোষণা কর উচ্চ হতে উষ্ণ উচ্চারণে,
ভাবি মনে মনে,
ক্রোধের উত্তাপ তার
তোমার আপন অহংকার।
মন্দ ও ভালোর দ্বন্দ্ব, কে না জানে চিরকাল আছে
সৃষ্টির মর্মের কাছে।
না যদি সে রহে বিশ্ব ঘেরি
বিরুদ্ধ নির্ঘাতবেগে বাজে না শ্রেষ্ঠের জয়ভেরী।
বিধাতার'পরে মিথ্যা আনিয়ো না অভিযোগ
মৃত্যুদুঃখ কর যবে ভোগ ;
মনে জেনো, মৃত্যুর মূল্যেই করি ক্রয়
এ জীবনে দুর্মূল্য যা, অমর্ত যা, যা - কিছু অক্ষয়।
ভাঙনের আক্রমণ
সৃষ্টিকর্তা মানুষেরে আহ্বান করিছে অনুক্ষণ।
দুর্গমের বক্ষে থাকে দয়াহীন শ্রেয়,
রুদ্রতীর্থযাত্রীর পাথেয়।
বহুভাগ্য সেই
জন্মিয়াছি এমন বিশ্বেই
নির্দোষ যা নয়।
দুঃখ লজ্জা ভয়
ছিন্ন সূত্রে জটিল গ্রন্থিতে
রচনার সামঞ্জস্য পদে পদে রয়েছে খণ্ডিতে।
এই ত্রুটি দেখেছি যখন
শুনি নি কি সেই সঙ্গে
বিশ্বব্যাপী গভীর ক্রন্দন
যুগে যুগে উচ্ছ্বসিতে থাকে ;
বীথিকা
দেখি নি কি আর্তচিত্ত উদ্ বোধিয়া
রাখে
মানুষের ইতিবৃত্ত বেদনার নিত্য
আন্দোলনে?
উৎপীড়িত সেই জাগরণে
তন্দ্রাহীন যে - মহিমা যাত্রা করে রাত্রির আঁধারে
নমস্কার জানাই তাহারে।
নানা নামে আসিছে সে নানা অস্ত্র হাতে
কন্টকিত অসম্মান অবাধে দলিয়া পদপাতে—
মরণেরে হানি—
প্রলয়ের পান্থ সেই, রক্ত মোর
তাহারে আহ্বানি।
হে রাত্রিরূপিণী,
আলো জ্বালো একবার ভালো করে চিনি।
দিন যার ক্লান্ত হল তারই লাগি কী এনেছ বর,
জানাক তা তব মৃদু স্বর।
তোমার নিশ্বাসে
ভাবনা ভরিল মোর সৌরভ - আভাসে।
বুঝিবা বক্ষের কাছে
ঢাকা আছে
রজনীগন্ধার ডালি!
বুঝিবা এনেছ জ্বালি
প্রসন্ন ললাটনেত্রে সন্ধ্যার সঙ্গিনীহীন তারা—
গোপন আলোক তারই, ওগো বাক্যহারা
,
পড়েছে তোমার মৌন - ' পরে—
এনেছ গভীর হাসি করুণ অধরে
বিষাদের মতো শান্ত স্থির।
দিবসে সুতীব্র আলো, বিক্ষিপ্ত সমীর,
নিরন্তর আন্দোলন,
অনুক্ষণ
দ্বন্দ্ব - আলোড়িত কোলাহল।
তুমি এসো অচঞ্চল,
এসো স্নিগ্ধ আবির্ভাব,
তোমারই অঞ্চলতলে লুপ্ত হোক যত ক্ষতি লাভ।
তোমার স্তব্ধতাখানি
দাও টানি
অধীর উদ্ ভ্রান্ত মনে।
যে অনাদি নিঃশব্দতা সৃষ্টির প্রাঙ্গণে
বহ্নিদীপ্ত উদ্দমের মত্ততায় জ্বর
শান্ত করি করে তারে সংযত সুন্দর,
সে গম্ভীর শান্তি আনো তব আলিঙ্গনে
বীথিকা
ক্ষুব্ধ এ জীবনে।
তব প্রেমে
চিত্তে মোর যাক থেমে
অন্তহীন প্রয়াসের লক্ষ্যহীন
চাঞ্চল্যের মোহ,
দুরাশার দুরন্ত বিদ্রোহ।
সপ্তর্ষির
তপোবনে হোমহুতাশন হতে
আনো তব দীপ্ত শিখা। তাহারই
আলোতে
নির্জনের উৎসব - আলোক
পুণ্য হবে, সেইক্ষণে আমাদের শুভদৃষ্টি হোক।
অপ্রমত্ত মিলনের মন্ত্র সুগম্ভীর
মন্দ্রিত করুক আজি
রজনীর তিমিরমন্দির।
এল আহ্বান, ওরে তুই ত্বরা কর্।
শীতের সন্ধ্যা সাজায় বাসরঘর।
কালপুরুষের বিপুল মহাঙ্গন
বিছালো আলিম্পন,
অন্তরে তোর আসন্ন রাতি
জাগায় শঙ্খরব—
অস্তশৈলপাদমূলে তার
প্রসারিল অনুভব।
বিরহশয়ন বিছানো হেথায়,
কে যেন আসিল চোখে দেখা নাহি যায়।
অতীত দিনের বনের স্মরণ আনে
ম্রিয়মাণ মৃদু সৌরভটুকু প্রাণে।
গাঁথা হয়েছিল যে মাধবীহার
মধুপূর্ণিমারাতে
কণ্ঠ জড়ালো পরশবিহীন
নির্বাক বেদনাতে।
মিলনদিনের প্রদীপের মালা
পুলকিত রাতে যত হয়েছিল জ্বালা,
আজি আঁধারের অতল গহনে হারা
স্বপ্ন রচিছে তারা।
ফাল্গুনবনমর্মর - সনে
মিলিত যে কানাকানি
আজি হৃদয়ের স্পন্দনে কাঁপে
তাহার স্তব্ধ বাণী।
কী নামে ডাকিব, কোন্ কথা কব,
হে বধূ, ধেয়ানে আঁকিব কী ছবি তব।
চিরজীবনের পুঞ্জিত সুখদুখ
বীথিকা
কেন আজি উৎসুক!
উৎসবহীন কৃষ্ণপক্ষে
আমার বক্ষোমাঝে
শুনিতেছে কে সে কার উদ্দেশে
সাহানায় বাঁশি বাজে।
আজ বুঝি তোর ঘরে, ওরে মন,
গত বসন্তরজনীর আগমন।
বিপরীত পথে উত্তর বায়ু বেয়ে
এল সে তোমারে চেয়ে।
অবগুণ্ঠিত নিরলংকার
তাহার মূর্তিখানি
হৃদয়ে ছোঁওয়ালো শেষ পরশের
তুষারশীতল পাণি।
চৈত্রের রাতে যে মাধবীমঞ্জরী
ঝরে গেল, তারে কেন লও সাজি ভরি।
সে শুধিছে তার ধুলায় চরম দেনা,
আজ বাদে কাল যাবে না তো তারে চেনা।
মরুপথে যেতে পিপাসার সম্বল
গাগরি হইতে চলকিয়া পড়ে জল,
সে জলে বালুতে ফল কি ফলাতে পারো?
সে জলে কি তাপ মিটিবে কখনো কারো?
যাহা দেওয়া নহে, যাহা শুধু অপচয়,
তারে নিতে গেলে নেওয়া অনর্থ হয়।
ক্ষতির ধনেরে ক্ষয় হতে দেওয়া ভালো,
কুড়াতে কুড়াতে শুকায়ে সে হয় কালো।
হায় গো ভাগ্য, ক্ষণিক করুণাভরে
যে হাসি যে ভাষা ছড়ায়েছ অনাদরে,
বক্ষে তাহারে সঞ্চয় করে রাখি—
ধুলা ছাড়া তার কিছুই রয় না বাকি।
নিমেষে নিমেষে ফুরায় যাহার দিন
চিরকাল কেন বহিব তাহার ঋণ?
যাহা ভুলিবার তাহা নহে তুলিবার,
স্বপ্নের ফুলে কে গাঁথে গলার হার!
প্রতি পলকের নানা দেনাপাওনায়
চলতি মেঘের রঙ বুলাইয়া যায়
জীবনের স্রোতে ; চলতরঙ্গতলে
ছায়ার লেখন আঁকিয়া মুছিয়া চলে
শিল্পের মায়া—নির্মম তার তুলি
আপনার ধন আপনি সে যায় ভুলি।
বিস্মৃতিপটে চিরবিচিত্র ছবি
লিখিয়া চলেছে ছায়া - আলোকের কবি।
হাসিকান্নার নিত্য - ভাসান খেলা
বহিয়া চলেছে বিধাতার অবহেলা।
বীথিকা
নহে সে কৃপণ, রাখিতে যতন নাই,
খেলাপথে তার বিঘ্ন জমে না তাই।
মানো সেই লীলা, যাহা যায় যাহা আসে
পথ ছাড়ো তারে অকাতরে অনায়াসে।
আছে তবু নাই, তাই নাই তার ভার ;
ছেড়ে যেতে হবে, তাই তো মূল্য তার।
স্বর্গ হইতে যে সুধা নিত্য ঝরে
সে শুধু পথের, নহে সে ঘরের তরে।
তুমি ভরি লবে ক্ষণিকের অঞ্জলি,
স্রোতের প্রবাহ চিরদিন যাবে চলি।
কবির
রচনা তব মন্দিরে
জ্বালে ছন্দের ধূপ।
সে
মায়াবাষ্পে আকার লভিল
তোমার ভাবের রূপ।
লভিলে হে
নারী, তনুর অতীত তনু,
পরশ - এড়ানো
সে যেন ইন্দ্রধনু
নানা রশ্মিতে রাঙা ;
পেলে রসধারা অমর বাণীর
অমৃতপাত্র - ভাঙা।
কামনা তোমার বহে নিয়ে যায়
কামনার পরপারে।
সুদূরে তোমার আসন রচিয়া
ফাঁকি দেয় আপনারে।
ধ্যানপ্রতিমারে স্বপ্নরেখায় আঁকে,
অপরূপ অবগুণ্ঠনে তারে ঢাকে,
অজানা করিয়া তোলে।
আবরণ তার ঘুচাতে না চায়
স্বপ্ন ভাঙিবে ব'লে।
ওই - যে মূরতি হয়েছে ভূষিত
মুগ্ধ মনের দানে,
আমার প্রাণের নিশ্বাসতাপে
ভরিয়া উঠিল প্রাণে ;
এর মাঝে এল কিসের শক্তি সে যে,
দাঁড়াল সমুখে হোমহুতাশন - তেজে,
পেল সে পরশমণি।
নয়নে তাহার জাগিল কেমনে
জাদুমন্ত্রের ধ্বনি।
যে দান পেয়েছে তার বেশি দান
বীথিকা
ফিরে দিলে সে কবিরে।
গোপনে জাগালে সুরের বেদনা
বাজে বীনা যে গভীরে।
প্রিয় - হাত হতে পরো পুষ্পের হার,
দয়িতের গলে করো তুমি আরবার
দানের মাল্যদান।
নিজেরে সঁপিলে প্রিয়ের মূল্যে
করিয়া মূল্যবান।
শত শত লোক চলে
শত শত পথে।
তারি মাঝে কোথা কোন্ রথে
সে আসিছে
যার আজি নব অভ্যুদয়।
দিক্ লক্ষ্মী গাহিল না জয় ;
আজও রাজটিকা
ললাটে হল না তার লিখা।
নাই অস্ত্র, নাই সৈন্যদল,
অস্ফুট
তাহার বাণী, কণ্ঠে নাহি বল।
সে কি নিজে জানে
আসিছে সে কী লাগিয়া,
আসে কোন্ খানে!
যুগের
প্রচ্ছন্ন আশা করিছে রচনা
তার অভ্যর্থনা
কোন্ ভবিষ্যতে—
কোন্ অলক্ষিত পথে
আসিতেছে অর্ঘ্যভার!
আকাশে ধ্বনিছে বারম্বার,
‘ মুখ তোলো,
আবরণ খোলো
হে বিজয়ী, হে নির্ভীক,
হে মহাপথিক—
তোমার
চরণক্ষেপ পথে পথে দিকে দিকে
মুক্তির সংকেতচিহ্ন
যাক লিখে লিখে। '
ওরা কি কিছু বোঝে
যাহারা আনাগোনার পথে
ফেরে কত কী খোঁজে?
হেলায় ওরা দেখিয়া যায় এসে বাহির দ্বারে ;
জীবনপ্রতিমারে
জীবন দিয়ে গড়িছে গুণী, স্বপন দিয়ে নহে।
ওরা তো কথা কহে,
সে - সব কথা মূল্যবান জানি,
তবু সে নহে বাণী।
রাতের পরে কেটেছ দুখরাত,
দিনের পরে দিন,
দারুণ তাপে করেছে তনু ক্ষীণ।
সৃষ্টিকারী বজ্রপাণি যে বিধি নির্মম,
বহ্নিতুলিসম
কল্পনা সে দখিন হাতে যার,
সব - খোয়ানো দীক্ষা তারই নিঠুর সাধনার
নিয়েছে ও যে প্রাণে ;
নিজেরে ও কি বাঁচাতে কভু জানে?
হায় রে রূপকার,
নাহয় কারো করো নি উপকার—
আপন দায়ে করেছ তুমি নিজেরে অবসান,
সে লাগি কভু চেয়ো না প্রতিদান।
পাঁজরভাঙা কঠিন বেদনার
অংশ নেবে শকতি হেন, বাসনা হেন কার!
বিধাতা যবে এসেছে দ্বারে গিয়েছে কর হানি,
জাগে নি তবু, শোনে নি ডাক যারা,
সে প্রেম তারা কেমনে দিবে আনি
যে প্রেম সব - হারা—
বীথিকা
করুণ চোখে যে প্রেম দেখে ভুল,
সকল ত্রুটি জানে
তবু যে অনুকূল,
শ্রদ্ধা যার তবু না হার মানে।
কখনো যারা দেয় নি হাতে হাত,
মর্মমাঝে করে নি আঁখিপাত,
প্রবল প্রেরণায়
দিল না আপনায়,
তাহারা কয়ে কথা,
ছড়ায় পথে বাধা ও বিফলতা,
করে না ক্ষমা কভু—
তুমি তাদের ক্ষমা করিয়ো তবু।
হায় গো রূপকার,
ভরিয়া দিয়ো জীবন - উপহার।
চুকিয়ে দিয়ো তোমার দেয়,
রিক্ত হাতে চলিয়া যেয়ো,
কোরো না দাবি ফলের অধিকার।
জানিয়ো মনে চিরজীবন সহায়হীন কাজে
একটি সাথি আছেন হিয়ামাঝে ;
তাপস তিনি, তিনিও সদা একা,
তাঁহার কাজ ধ্যানের রূপ বাহিরে মেলে দেখা।
বুঝিলাম, এ মিলন ঝড়ের মিলন,
কাছে এনে দূরে দিল ঠেলি।
ক্ষুব্ধ মন
যতই ধরিতে চায়, বিরুদ্ধ আঘাতে
তোমারে হারায় হতাশ্বাস।
তব হাতে
দাক্ষিণ্য যে নাই, শুধু শিথিল পরশে
করিছে কৃপণ কৃপা। কর্তব্যের বশে
যে - দান করিলে তার মূল্য অপহরি
লুকায়ে রাখিলে কোথা
আমি খুঁজে মরি
পাই নে নাগাল। শরতের মেঘ তুমি
ছায়া মাত্র দিয়ে ভেসে যাও
মরুভূমি
শূন্য - পানে চেয়ে থাকে, পিপাসা তাহার
সমস্ত হৃদয় ব্যাপি করে হাহাকার।
ভয় করিয়ো না মোরে।
এ করুণাকণা
রেখো মনে—ভুল করে মনে করিয়ো না
দস্যু আমি, লোভেতে নিষ্ঠুর।
জেনো মোরে
প্রেমের তাপস।
সুকঠোর ব্রত ধ ' রে
করিব সাধনা,
আশাহীন ক্ষোভহীন
বহ্নিতপ্ত ধ্যানাসনে রব রাত্রিদিন।
ছাড়িয়া দিলাম হাত।
যদি কভু হয়
তপস্যা সার্থক, তবে পাইব হৃদয়।
না - ও যদি ঘটে, তবে আশাচঞ্চলতা
দাহিয়া হইবে শান্ত। সেও সফলতা।
চন্দনধূপের গন্ধ ঠাকুরদালান হতে আসে,
শান - বাঁধা আঙিনার
একপাশে
শিউলির তল
আছন্ন হতেছে অবিরল
ফুলের সর্বস্বনিবেদনে।
গৃহিণীর মৃতদেহ বাহির
- প্রাঙ্গণে
আনিয়াছে বহি ;
বিলাপের গুঞ্জরণ স্ফীত হয়ে ওঠে রহি রহি ;
শরতের সোনালি প্রভাতে
যে আলোছায়াতে
খচিত হয়েছে ফুলবন,
মৃতদেহ - আবরণ
আশ্বিনের সেই ছায়া -
আলো
অসংকোচে সহজে সাজালো।
জয়লক্ষ্মী এ ঘরের
বিধবা ঘরণী
আসন্ন মরণকালে দুহিতারে কহিলেন, ‘ মণি,
আগুনের সিংহদ্বারে
চলেছি যে দেশে
যাব সেথা বিবাহের বেশে।
আমারে পরায়ে দিয়ো লাল
চেলিখানি,
সীমন্তে সিঁদুর দিয়ো টানি। '
যে উজ্জ্বল সাজে
একদিন নববধূ এসেছিল এ গৃহের মাঝে
,
পার হয়েছিল যে দুয়ার,
উত্তীর্ণ হল সে আরবার
সেই দ্বার সেই বেশে
ষাট বৎসরের শেষে।
এই দ্বার
দিয়ে আর কভু
এ সংসারে ফিরিবে না সংসারের
একচ্ছত্র প্রভু।
অক্ষুণ্ন শাসনদণ্ড স্রস্ত হল তার,
বীথিকা
ধনে জনে আছিল যে অবারিত অধিকার
আজি তার অর্থ কী যে!
যে আসনে বসিত সে তারও চেয়ে
মিথ্যা হল নিজে।
প্রিয়মিলনের মনোরথে
পরলোক - অভিসার - পথে
রমণীর এই চিরপ্রস্থানের ক্ষণে
পড়িছে আরেক দিন মনে।
আশ্বিনের শেষভাগে চলেছে পূজার আয়োজন ;
দাসদাসী - কলকণ্ঠ - মুখরিত এ ভবন
উৎসবের উচ্ছল জোয়ারে
ক্ষুব্ধ চারি ধারে।
এ বাড়ির ছোটো ছেলে
অনুকূল পড়ে এম . এ . ক্লাসে,
এসেছে পূজার অবকাশে।
শোভদর্শন যুবা, সবচেয়ে প্রিয় জননীর,
বউদিদিমণ্ডলীর
প্রশ্রয়ভাজন।
পূজার
উদ্ যোগে মেশে তারও লাগি পূজার সাজন।
একদা বাড়ির কর্তা স্নেহভরে
পিতৃমাতৃহীন মেয়ে প্রমিতারে এনেছিল ঘরে
বন্ধুঘর হতে ; তখন বয়স তার ছিল ছয়,
এ বাড়িতে পেল সে আশ্রয়
আত্মীয়ের মতো।
অনুদাদা কতদিন তারে কত
কাঁদায়েছে অত্যাচারে।
বালক - রাজারে
যত সে জোগাত অর্ঘ্য ততই দৌরাত্ম্য যেত বেড়ে ;
সদ্যবাঁধা খোঁপাখানি নেড়ে
হঠাৎ এলায়ে দিত চুল
অনুকূল ;
বীথিকা
চুরি করে খাতা খুলে
পেন্সিলের দাগ দিয়ে লজ্জা দিত বানানের ভুলে।
গৃহিণী হাসিত দেখি দুজনের এ ছেলেমানুষি—
কভু রাগ, কভু খুশি,
কভু ঘোর অভিমানে পরস্পর এড়াইয়া চলা,
দীর্ঘকাল বন্ধ কথা বলা।
বহুদিন গেল তার পর।
প্রমির বয়স আজ আঠারো বছর।
হেনকালে একদা প্রভাতে
গৃহিণীর হাতে
চুপি চুপি ভৃত্য দিল আনি
রঙিন কাগজে লেখা পত্র একখানি।
অনুকূলে লিখেছিল প্রমিতারে
বিবাহপ্রস্তাব করি তারে।
বলেছিলে, ‘ মায়ের সম্মতি
অসম্ভব অতি।
জাতের অমিল নিয়ে এ সংসারে
ঠেকিবে আচারে।
কথা যদি দাও, প্রমি, চুপি চুপি তবে
মোদের মিলন হবে
আইনের বলে। '
দুর্বিষহ ক্রোধানলে
জয়লক্ষ্মী তীব্র উঠে দহি।
দেওয়ানকে দিল কহি,
‘ এ মুহূর্তে প্রমিতারে
দূর করি দাও একেবারে। '
ছুটিয়া মাতারে এসে বলে অনুকূল,
‘ করিয়ো না ভুল ;
অপরাধ নাই প্রমিতার,
বীথিকা
সম্মতি পাই নি আজও তার।
কর্ত্রী তুমি এ সংসারে ;
তাই বলে অবিচারে
নিরাশ্রয় করি দিবে
অনাথারে, হেন অধিকার
নাই নাই, নাইকো তোমার।
এই ঘরে ঠাঁই দিল পিতা ওরে,
তারই জোরে
হেথা ওর স্থান
তোমারই সমান।
বিনা অপরাধে
কী স্বত্বে তাড়াবে ওরে মিথ্যা পরিবাদে। '
ঈর্ষাবিদ্বেষের বহ্নি দিল মাতৃমন ছেয়ে—
‘ ওইটুকু মেয়ে
আমার সোনার ছেলে পর করে,
আগুন লাগিয়ে দেয় কচি হাতে এ প্রাচীন ঘরে!
অপরাধ! অনুকূল ওরে ভালোবাসে এই ঢের,
সীমা নেই এ অপরাধের।
যত তর্ক কর তুমি, যে যুক্তি দাও - না
ইহার পাওনা
ওই মেয়েটাকে হবে মেটাতে সত্বর।
আমারই এ ঘর
আমারই এ ধনজন
আমারই শাসন,
আর কারো নয়,
আজই আমি দেব তার পরিচয়। '
প্রমিতা যাবার বেলা ঘরে দিয়ে দ্বার
খুলে দিল সব অলংকার।
পরিল মিলের শাড়ি মোটাসুতা - বোনা।
কানে ছিল সোনা,
কোনো জন্মদিনে তার
বীথিকা
স্বর্গীয় কর্তার উপহার,
বাক্সে তুলি রাখিল শয্যায়।
ঘোমটায় সারামুখ ঢাকিল লজ্জায়।
যবে, হতে গেল পার
সদরের দ্বার,
কোথা হতে অকস্মাৎ
অনুকূল পাশে এসে ধরিল তাহার হাত
কৌতূহলী দাসদাসী সবলে ঠেলিয়া সবাকারে ;
কহিল সে, ‘ এই দ্বারে
এতদিনে মুক্ত হল এইবার
মিলনযাত্রার পথ প্রমিতার।
যে শুনিতে চাও শোনো,
মোরা দোঁহে ফিরিব না এ দ্বারে কখনো। '
সূর্যান্তদিগন্ত হতে বর্ণচ্ছটা উঠেছে উচ্ছ্বাসি।
দুজনে বসেছে পাশাপাশি।
সমস্ত শরীরে মনে লইতেছে টানি
আকাশের বাণী।
চোখেতে পলক নাই, মুখে নাই কথা,
স্তব্ধ চঞ্চলতা।
একদিন যুগলের যাত্রা হয়েছিল শুরু,
বক্ষ করেছিল দুরু দুরু
অনির্বচনীয় সুখে।
বর্তমান মুহূর্তের দৃষ্টির সম্মুখে
তাদের মিলনগ্রন্থি হয়েছিল বাঁধা।
সে - মুহূর্ত পরিপূর্ণ ; নাহি তাহে বাধা,
দ্বন্দ্ব নাই, নাই ভয়,
নাইকো সংশয়।
সে - মুহূর্ত বাঁশির গানের মতো ;
অসীমতা তার কেন্দ্রে
রয়েছে সংহত।
সে - মুহূর্ত উৎসের মতন ;
একটি সংকীর্ণ মহাক্ষণ
উচ্ছলিত দেয় ঢেলে আপনার সবকিছু দান।
সে সম্পদ দেখা দেয় লয়ে নৃত্য, লয়ে গান,
লয়ে সূর্যালোকভরা হাসি,
ফেনিল কল্লোল রাশি রাশি।
সে - মুহূর্তধারা
ক্রমে আজ হল হারা
সুদূরের মাঝে।
সে - সুদূরে বাজে
মহাসমুদ্রের গাথা।
সেইখানে আছে পাতা
বিরাটের মহাসন কালের প্রাঙ্গণে।
সর্ব দুঃখ, সর্ব সুখ মেলে সেথা প্রকাণ্ড
মিলনে।
বীথিকা
সেথা আকাশের পটে
অস্ত - উদয়ের শৈলতটে
রবিচ্ছবি আঁকিল যে অপরূপ মায়া
তারি সঙ্গে গাঁথা পড়ে রজনীর ছায়া।
সেথা আজ যাত্রী দুইজনে
শান্ত হয়ে চেয়ে আছে সুদূর গগনে।
কিছুতে বুঝিতে নাহি পারে
কেন বারে বারে
দুই চক্ষু ভরে ওঠে জলে।
ভাবনার সুগভীর তলে
ভাবনার অতীত যে - ভাষা
করিয়াছে বাসা
অকথিত কোন্ কথা
কী বারতা
কাঁপাইছে বক্ষের পঞ্জরে।
বিশ্বের বৃহৎ বাণী লেখা আছে যে মায়া - অক্ষরে,
তার মধ্যে কতটুকু শ্লোকে
ওদের মিলনলিপি, চিহ্ন তার পড়েছে কি চোখে!
সহসা তুমি
করেছ ভুল গানে,
বেধেছে লয় তানে,
স্খলিত পদে
হয়েছে তাল ভাঙা—
শরমে তাই মলিন মুখ নত,
দাঁড়ালে থতমত,
তাপিত দুটি কপোল হল রাঙা।
নয়নকোণ করিছে ছলোছলো,
শুধালে তবু কথা কিছু না বলো,
অধর থরোথরো,
আবেগভরে
বুকের'পরে মালাটি চেপে ধরো।
অবমানিতা,
জান না তুমি নিজে
মাধুরী এল কী যে
বেদনাভরা
ত্রুটির মাঝখানে।
নিঁখুত শোভা নিরতিশয় তেজে
অপরাজেয় সে যে
পূর্ণ নিজে নিজেরই সম্মানে।
একটুখানি দোষের ফাঁক দিয়ে
হৃদয়ে আজি নিয়ে এসেছ, প্রিয়ে,
করুণ পরিচয়—
শরৎপ্রাতে আলোর সাথে
ছায়ার পরিণয়।
তৃষিত হয়ে ওইটুকুরই লাগি
আছিল মন জাগি,
বুঝিতে তাহা পারি নি
এতদিন।
গৌরবের গিরিশিখর - ' পরে
ছিলে যে সমাদরে
তুষারসম শুভ্র সুকঠিন।
নামিলে নিয়ে অশ্রুজলধারা
ধূসর ম্লান আপন - মান - হারা
বীথিকা
আমারও ক্ষমা চাহি—
তখনই জানি আমারই তুমি, নাহি গো দ্বিধা নাহি।
এখন আমি পেয়েছি অধিকার
তোমার বেদনার
অংশ নিতে আমার বেদনার।
আজিকে সব ব্যাঘাত টুটে
জীবনে মোর উঠিল ফুটে
শরম তব পরম করুণায়।
অকুণ্ঠিত দিনের আলো
টেনেছে মুখে ঘোমটা কালো ;
আমার সাধনাতে
এল তোমার প্রদোষবেলা সাঁঝের তারা হাতে।
বহিছে হাওয়া উতল বেগে,
আকাশ ঢাকা সজল মেঘে,
ধ্বনিয়া উঠে কেকা।
করি নি কাজ, পরি নি বেশ,
গিয়েছে বেলা বাঁধি নি কেশ,
পড়ি তোমারই লেখা।
ওগো আমারই কবি,
তোমারে আমি জানি নে কভু,
তোমার বাণী আঁকিছে তবু
অলস মনে অজানা তব ছবি।
বাদলছায়া হায় গো মরি,
বেদনা দিয়ে তুলেছ ভরি,
নয়ন মম করিছে ছলোছলো।
হিয়ার মাঝে কি কথা তুমি বল!
কোথায় কবে আছিলে জাগি,
বিরহ তব কাহার লাগি,
কোন্ সে তব প্রিয়া!
ইন্দ্র তুমি, তোমার শচী—
জানি তাহারে তুলেছ রচি
আপন মায়া দিয়া।
ওগো আমার কবি,
ছন্দ বুকে যতই বাজে
ততই সে মূরতিমাঝে
জানি না কেন আমারে আমি লভি।
নারীহৃদয় - যমুনাতীরে
চিরদিনের সোহাগিনীরে
চিরকালের শুনাও স্তবগান।
বিনা কারণে দুলিয়া ওঠে প্রাণ।
বীথিকা
নাই বা তার শুনিনু নাম,
কভু তাহারে না দেখিলাম,
কিসের ক্ষতি তায়।
প্রিয়ারে তব যে নাহি জানে
জানে সে তারে তোমার গানে
আপন চেতনায়।
ওগো আমার কবি,
সুদূর তব ফাগুন - রাতি
রক্তে মোর উঠিল মাতি,
চিত্তে মোর
উঠিছে পল্লবি।
জেনেছ যারে তাহারো মাঝে
অজানা যেই সে - ই বিরাজে,
আমি যে সেই অজানাদের দলে।
তোমার মালা এল আমার গলে।
বৃষ্টিভেজা যে ফুলহার
শ্রাবণসাঁঝে তব প্রিয়ার
বেণীটি ছিল ঘেরি,
গন্ধ তারই স্বপ্নসম
লাগিছে মনে, যেন সে মম
বিগত জনমেরই।
ওগো আমার কবি,
জান না, তুমি মৃদু কী তানে
আমারই এই লতাবিতানে
শুনায়েছিলে করুণ ভৈরবী।
ঘটে নি যাহা আজ কপালে
ঘটেছে যেন সে কোন্ কালে,
আপনভোলা যেন তোমার গীতি
বহিছে তারই গভীর বিস্মৃতি।
তুমি যবে গান কর অলৌকিক গীতমূর্তি তব
ছাড়ি তব অঙ্গসীমা আমার অন্তরে অভিনব
ধরে রূপ, যজ্ঞ হতে উঠে আসে যেন যাজ্ঞসেনী—
ললাটে সন্ধ্যার তারা, পিঠে জ্যোতিবিজড়িত বেণী,
চোখে নন্দনের স্বপ্ন, অধরের কথাহীন ভাষা
মিলায় গগনে মৌন নীলিমায়, কী সুধাপিপাসা
অমরার মরীচিকা রচে তব তনুদেহ ঘিরে।
অনাদিবীণায় বাজে যে রাগিণী গভীরে গম্ভীরে
সৃষ্টিতে প্রস্ফুটি উঠে পুষ্পে পুষ্পে, তারায় তারায়,
উত্তুঙ্গ পর্বতশৃঙ্গে, নির্ঝরের দুর্দম ধারায়,
জন্মমরণের দোলে ছন্দ দেয় হাসিক্রন্দনের,
সে অনাদি সুর নামে তব সুরে, দেহবন্ধনের
পাশ দেয় মুক্ত করি, বাধাহীন চৈতন্য এ মম
নিঃশব্দে প্রবেশ করে নিখিলের সে অন্তরতম
প্রাণের রহস্যলোকে—যেখানে বিদ্যুতসুক্ষ্মছায়া
করিছ রূপের খেলা, পরিতেছে ক্ষণিকের কায়া,
আবার ত্যজিয়া দেহ ধরিতেছে মানসী আকৃতি—
সেই তো কবির কাব্য, সেই তো তোমার কণ্ঠে গীতি।
আপন মনে যে কামনার চলেছি পিছু পিছু
নহে সে বেশি কিছু।
মরুভূমিতে করেছি আনাগোনা—
তৃষিত হিয়া চেয়েছে যাহা নহে সে হীরা সোনা,
পর্ণপুটে একটু শুধু জল,
উৎসতটে খেজুরবনে ক্ষণিক ছায়াতল।
সেইটুকুতে বিরোধ ঘোচে জীবন মরণের,
বিরাম জোটে শ্রান্ত চরণের।
হাটের হাওয়া ধুলায় ভরপুর,
তাহার কোলাহলের তলে একটুখানি সুর
সকল হতে দুর্লভ তা, তবু সে নহে বেশি ;
বৈশাখের তাপের শেষাশেষি
আকাশ - চাওয়া শুষ্কমাটি - ' পরে
হঠাৎ - ভেসে - আসা মেঘের ক্ষণকালের তরে
এক পশলা বৃষ্টিবরিষন,
দুঃস্বপন বক্ষে যবে শ্বাস নিরোধ
করে
জাগিয়ে - দেওয়া করুণ পরশন ;
এইটুকুরই অভাব গুরুভার,
না জেনে তবু ইহারই লাগি হৃদয়ে হাহাকার।
অনেক দুরাশারে
সাধনা করে পেয়েছি তবু ফেলিয়া গেছি তারে।
যে পাওয়া শুধু রক্তে নাচে, স্বপ্নে যাহা গাঁথা,
ছন্দে যার হল আসন পাতা,
খ্যাতিস্মৃতির পাষাণপটে রাখে না যাহা রেখা,
ফাল্গুনের সাঁঝতারায় কাহিনী যার লেখা,
সে ভাষা মোর বাঁশিই শুধু জানে—
এই যা দান গিয়েছে মিশে গভীরতর প্রাণে,
করি নি যার আশা,
যাহার লাগি বাঁধি নি
কোনো বাসা,
বাহিরে যার নাইকো ভার, যায় না দেখা যারে,
বেদনা তারই ব্যাপিয়া মোর নিখিল আপনারে।
উদ্ বৃত্ত
তব দক্ষিণ হাতের পরশ
কর নি সমর্পণ।
লেখে আর মোছে তব আলো ছায়া
ভাবনার প্রাঙ্গণে
খনে খনে আলিপন।
বৈশাখে কৃশ নদী
পূর্ণ স্রোতের প্রসাদ না দিল যদি
শুধু কুণ্ঠিত বিশীর্ণ ধারা
তীরের প্রান্তে
জাগালো পিয়াসি মন।
যতটুকু পাই ভীরু বাসনার
অঞ্জলিতে
নাই বা উচ্ছলিল,
সারা দিবসের দৈন্যের শেষে
সঞ্চয় সে যে
সারা জীবনের স্বপ্নের আয়োজন।
দোষী করিব না তোমারে,
ব্যথিত মনের বিকারে,
নিজেরেই আমি নিজে নিজে করি ছলনা।
মনেরে বুঝাই বুঝি ভালোবাস,
আড়ালে আড়ালে তাই তুমি হাস ;
স্থির জান, এ যে অবুঝের খেলা,
এ শুধু মোহের রচনা।
সন্ধ্যামেঘের রাগে
অকারণে যত ভেসে-চলে-যাওয়া
অপরূপ ছবি জাগে।
সেইমতো ভাসে মায়ার আভাসে
রঙিন বাষ্প মনের আকাশে,
উড়াইয়া দেয় ছিন্ন লিপিতে
বিরহমিলন-ভাবনা।
বাদল দিনের প্রথম কদমফুল
আমায় করেছ দান,
আমি তো দিয়েছি ভরা শ্রাবণের
মেঘমল্লারগান।
সজল ছায়ার অন্ধকারে
ঢাকিয়া তারে
এনেছি সুরের শ্যামল খেতের
প্রথম সোনার ধান।
আজ এনে দিলে যাহা
হয়তো দিবে না কাল,
রিক্ত হবে যে তোমার ফুলের ডাল।
স্মৃতিবন্যার উছল প্লাবনে
আমার এ গান শ্রাবণে শ্রাবণে
ফিরিয়া ফিরিয়া বাহিবে তরণী
ভরি তব সম্মান।
সূর্যাস্তের পথ হতে বিকালের রৌদ্র এল নেমে।
বাতাস ঝিমিয়ে গেছে থেমে।
বিচালি-বোঝাই গাড়ি চলে দূর নদিয়ার হাটে
জনশূন্য মাঠে।
পিছে পিছে
দড়ি-বাঁধা বাছুর চলিছে।
রাজবংশীপাড়ার কিনারে
পুকুরের ধারে
বনমালী
পন্ডিতের বড়ো ছেলে
সারাক্ষণ বসে আছে ছিপ ফেলে।
মাথার উপর
দিয়ে গেল ডেকে
শুকনো নদীর চর থেকে
কাজ্ লা বিলের পানে
বুনোহাঁস গুগ্ লি-সন্ধানে।
কেটে-নেওয়া ইক্ষুখেত, তারি ধারে ধারে
দুই বন্ধু চলে ধীরে শান্ত পদচারে
বৃষ্টিধোওয়া বনের নিশ্বাসে,
ভিজে ঘাসে ঘাসে।
এসেছে ছুটিতে —
হঠাৎ গাঁয়েতে এসে
সাক্ষাৎ দুটিতে,
নববিবাহিত একজনা,
শেষ হতে নাহি চায় ভরা আনন্দের আলোচনা।
আশে-পাশে ভাঁটিফুল ফুটিয়া রয়েছে দলে দলে
বাঁকাচোরা গলির জঙ্গলে,
মৃদুগন্ধে দেয় আনি
চৈত্রের ছড়ানো নেশাখানি।
জারুলের শাখায় অদূরে
কোকিল ভাঙিছে গলা একেঘেয়ে প্রলাপের সুরে।
টেলিগ্রাম এল সেই ক্ষণে
ফিন্ ল্যান্ড্ চূর্ণ হল সোভিয়েট বোমার বর্ষণে।
প্রাণের সাধন কবে নিবেদন
করেছি চরণতলে,
অভিষেক তার হল না তোমার
করুণ নয়নজলে।
রসের বাদল নামিল না
কেন
তাপের দিনে।
ঝরে গেল ফুল, মালা
পরাই নি
তোমার গলে।
মনে হয়েছিল, দেখেছি
করুণা
আঁখির পাতে —
উড়ে গেল কোথা শুকানো যূথীর সাথে।
যদি এ মাটিতে চলিতে চলিতে
পড়িত তোমার দান
এ মাটি লভিত প্রাণ,
একদা গোপনে ফিরে পেতে তারে
অমৃত ফলে।
যক্ষের বিরহ চলে অবিশ্রাম অলকার পথে
পবনের ধৈর্যহীন রথে
বর্ষাবাষ্প-ব্যাকুলিত দিগন্তে ইঙ্গিত-আমন্ত্রণে
গিরি হতে গিরিশীর্ষে, বন হতে বনে।
সমুৎসুক বলাকার ডানার আনন্দ-চঞ্চলতা
তারি সাথে উড়ে চলে বিরহীর আগ্রহ-বারতা
চিরদূর স্বর্গপুরে,
ছায়াচ্ছন্ন বাদলের বক্ষোদীর্ণ নিশ্বাসের সুরে।
নিবিড় ব্যথার সাথে পদে পদে পরমসুন্দর
পথে পথে মেলে নিরন্তর।
পথিক কালের মর্মে জেগে থাকে বিপুল বিচ্ছেদে ;
পূর্ণতার সাথে ভেদ
মিটাতে সে নিত্য চলে ভবিষ্যের তোরণে তোরণে
নব নব জীবনে মরণে।
এ বিশ্ব তো তারি কাব্য, মন্দাক্রান্তে তারি রচে টীকা
বিরাট দুঃখের পটে আনন্দের সুদূর ভূমিকা।
ধন্য যক্ষ সেই
সৃষ্টির আগুন-জ্বালা এই বিরহেই।
হোথা বিরহিণী ও যে স্তব্ধ প্রতীক্ষায়,
দন্ড পল গনি গনি মন্থর দিবস তার যায়।
সম্মুখে চলার পথ নাই,
রুদ্ধ কক্ষে তাই
আগন্তুক পান্থ-লাগি ক্লান্তিভারে ধূলিশায়ী আশা।
কবি তারে দেয় নাই বিরহের তীর্থগামী ভাষা।
তার তরে বাণীহীন যক্ষপুরী ঐশ্বর্যের কারা
অর্থহারা —
নিত্য পুষ্প, নিত্য
চন্দ্রালোক,
অস্তিত্বের এত বড়ো শোক
সানাই
নাই মর্তভূমে
জাগরণ নাহি যার
স্বপ্নমুগ্ধ ঘুমে।
প্রভুবরে যক্ষের বিরহ
আঘাত করিছে ওর দ্বারে
অহরহ।
স্তব্ধগতি চরমের স্বর্গ হতে
ছায়ায়-বিচিত্র এই নানাবর্ণ মর্তের আলোতে
উহারে আনিতে চাহে
তরঙ্গিত প্রাণের প্রবাহে।
সারারাত ধ ' রে
গোছা গোছা কলাপাতা আসে
গাড়ি ভ ' রে।
আসে সরা খুরি
ভূরি ভূরি।
এপাড়া ওপাড়া হতে যত
রবাহূত অনাহূত আসে শত শত ;
প্রবেশ পাবার তরে
ভোজনের ঘরে
ঊর্ধ্বশ্বাসে ঠেলাঠেলি করে ;
ব ' সে পড়ে যে পারে যেখানে,
নিষেধ না মানে।
কে কাহারে হাঁক ছাড়ে হৈ হৈ,
এ কই, ও কই।
রঙিন উষ্ণীষধর
লালরঙা সাজে যত অনুচর
অনর্থক ব্যস্ততায় ফেরে সবে
আপনার দায়িত্বগৌরবে।
গোরুর গাড়ির সারি হাটের রাস্তায়,
রাশি রাশি ধুলো উড়ে যায়,
রাঙা রাগে
রৌদ্রে গেরুয়া রঙ লাগে।
ওদিকে ধানের কল দিগন্তে কালিমাধূম্র হাত
ঊর্ধ্বে তুলি,
কলঙ্কিত করিছে প্রভাত।
ধান-পচানির গন্ধে
বাতাসের রন্ধ্রে রন্ধ্রে
মিশাইছে বিষ।
থেকে থেকে রেলগাড়ি মাঠের ওপারে দেয় শিস।
দুই প্রহরের ঘণ্টা বাজে।
সমস্ত এ ছন্দভাঙা অসংগতি-মাঝে
সানাই লাগায় তার
সারঙের তান।
কী নিবিড় ঐক্যমন্ত্র করিছে সে দান
কোন্ উদ্ভ্রান্তের
কাছে,
বুঝিবার সময় কি আছে।
অরূপের মর্ম হতে
সমুচ্ছ্বাসি
উৎসবের মধুচ্ছন্দ বিস্তারিছে বাঁশি।
সন্ধ্যাতারা-জ্বালা অন্ধকারে
অনন্তের বিরাট পরশ যথা
অন্তর-মাঝারে,
তেমনি সুদূর স্বচ্ছ সুর
গভীর মধুর
অমর্ত লোকের কোন্
বাক্যের অতীত সত্যবাণী
অন্যমনা ধরণীর কানে দেয় আনি।
নামিতে নামিতে এই
আনন্দের ধারা
বেদনার
মূর্ছনায় হয় আত্মহারা।
বসন্তের যে দীর্ঘনিশ্বাস
বিকচ বকুলে আনে বিদায়ের বিমর্ষ আভাস,
সংশয়ের আবেগ কাঁপায়
সদ্যঃপাতী শিথিল
চাঁপায়,
তারি স্পর্শ লেগে
সাহানার রাগিণীতে বৈরাগিণী ওঠে যেন জেগে,
চলে যায় পথহারা
অর্থহারা দিগন্তের পানে।
কতবার মনে ভাবি, কী যে সে কে জানে।
মনে হয়, বিশ্বের যে মূল উৎস হতে
সৃষ্টির নির্ঝর ঝরে শূন্যে শূন্যে কোটি কোটি স্রোতে
এ রাগিণী সেথা হতে আপন
ছন্দের পিছু পিছু
নিয়ে আসে বস্তুর অতীত কিছু
হেন ইন্দ্রজাল
যার সুর যার তাল
রূপে রূপে পূর্ণ হয়ে উঠে
কালের অঞ্জলিপুটে।
প্রথম যুগের সেই ধ্বনি
শিরায় শিরায় উঠে রণরণি ;
মনে ভাবি, এই সুর
প্রত্যহের অবরোধ- ' পরে
যতবার গভীর আঘাত করে
ততবার ধীরে ধীরে কিছু কিছু খুলে দিয়ে যায়
ভাবী যুগ-আরম্ভের অজানা পর্যায়।
নিকটের দুঃখদ্বন্দ্ব নিকটের অপূর্ণতা তাই
সব ভুলে যাই,
মন যেন ফিরে
সেই অলক্ষ্যের তীরে তীরে
যেথাকার রাত্রিদিন
দিনহারা রাতে
পদ্মের কোরক-সম প্রচ্ছন্ন রয়েছে আপনাতে।
ওগো মোর
নাহি যে বাণী
আকাশে হৃদয় শুধু
বিছাতে জানি।
আমি অমাবিভাবরী আলোকহারা
মেলিয়া তারা
চাহি নিঃশেষ পথপানে
নিষ্ফল আশা নিয়ে প্রাণে।
বহুদূরে বাজে তব বাঁশি,
সকরুণ সুর আসে ভাসি
বিহ্বল বায়ে
নিদ্রাসমুদ্র পারায়ে।
তোমারি সুরের প্রতিধ্বনি
দিই যে ফিরায়ে —
সে কি তব স্বপ্নের তীরে
ভাঁটার স্রোতের মতো
লাগে ধীরে, অতি ধীরে ধীরে।
রাগ কর নাই কর, শেষ কথা এসেছি বলিতে —
তোমার প্রদীপ আছে,
নাইকো সলিতে।
শিল্প তার মূল্যবান, দেয় না সে আলো,
চোখেতে জড়ায় লোভ,
মনেতে ঘনায় ছায়া কালো
অবসাদে। তবু তারে প্রাণপণে রাখি যতনেই,
ছেড়ে যাব তার পথ নেই।
অন্ধকারে অন্ধদৃষ্টি নানাবিধ স্বপ্ন দিয়ে ঘেরে
আচ্ছন্ন করিয়া বাস্তবেরে।
অস্পষ্ট তোমারে যবে
ব্যগ্রকণ্ঠে ডাক দিই অত্যুক্তির স্তবে
তোমারে লঙ্ঘন করি সে-ডাক বাজিতে থাকে সুরে
তাহারি উদ্দেশে আজো যে
রয়েছে দূরে।
হয়তো সে আসিবে না কভু,
তিমিরে আচ্ছন্ন তুমি
তারেই নির্দেশ কর তবু।
তোমার এ দূত অন্ধকার
গোপনে আমার
ইচ্ছারে করিয়া পঙ্গু
গতি তার করেছে হরণ,
জীবনের উৎসজলে মিশায়েছে মাদক মরণ।
রক্তে মোর যে-দুর্বল আছে
শঙ্কিত বক্ষের কাছে
তারেই সে করেছে সহায়,
পশুবাহনের মতো মোহভার তাহারে বহায়।
সে যে একান্তই দীন,
মূল্যহীন,
নিগড়ে বাঁধিয়া তারে
আপনারে
বিড়ম্বিত করিতেছ পূর্ণ
দান হতে,
এ প্রমাদ কখনো কি দেখিবে আলোতে।
প্রেম নাহি দিয়ে যারে টানিয়াছ উচ্ছিষ্টের লোভে
সে-দীন কি পার্শ্বে তব
শোভে।
সানাই
কভু কি জানিতে পাবে অসম্মানে নত এই প্রাণ
বহন করিছে নিত্য তোমারি আপন
অসম্মান।
আমারে যা পারিলে না দিতে
সে-কার্পণ্য তোমারেই চিরদিন রহিল বঞ্চিতে।
ভালোবাসা এসেছিল
এমন সে নিঃশব্দ চরণে
তারে স্বপ্ন হয়েছিল মনে,
দিই নি আসন বসিবার।
বিদায় সে নিল যবে, খুলিতেই দ্বার
শব্দ তার পেয়ে,
ফিরায়ে ডাকিতে গেন্খ ঘন্টা কাঁসর,
মুখস্থ তোর মন্ত্ররোলে
মুখর আজি পূজার আসর, −
কুম্ভকর্ণ দেবতা ঠাকুর
জাগবে কখন সেই ভরসায়
যুদ্ধভূমি ত্যাগ করে সব
ধন্না দিলি দেব-দরজায়।
দেবতা-ঠাকুর স্বর্গবাসী
নাক ডাকিয়া ঘুমান সুখে,
সুখের মালিক শোনে কি – কে
কাঁদছে নীচে গভীর দুখে।
হত্যা দিয়ে রইলি পড়ে
শত্রু-হাতে হত্যা-ভয়ে,
করবি কী তুই ঠুঁটো ঠাকুর
জগন্নাথের আশিস লয়ে।
দোহাই তোদের! রেহাই দে ভাই
উঁচুর ঠাকুর দেবতাদেরে,
শিব চেয়েছিস – শিব দিয়েছেন
তোদের ঘরে ষণ্ড ছেড়ে।
শিবের জটার গঙ্গাদেবী
বয়ে বেড়ান ওদের তরি,
ব্রহ্মা তোদের রম্ভা দিলেন
ওদের দিয়ে সোনার জরি!
পূজার থালা বয়ে বয়ে
যে-হাত তোদের হল ঠুঁটো,
সে-হাত এবার নিচু করে
টান না পায়ের শিকল দুটো!
ফুটো তোর ওই ঢক্কা-নিনাদ
পলিটিক্সের বারোয়ারিতে –
দোহাই থামা! পারিস যদি
পড় নেমে ওই লাল-নদীতে।
শ্রীপাদপদ্ম লাভ করিতে
গয়া সবাই পেলি ক্রমে,
একটু দূরেই যমের দুয়ার
সেথাই গিয়ে দেখ না ভ্রমে!সন্ধ্যা
জাগরণ
জেগে যারা ঘুমিয়ে আছে তাদের দ্বারে আসি
ওরে পাগল, আর কতদিন বাজাবি তোর বাঁশি!
ঘুমায় যারা মখমলের ওই কোমল শয়ন পাতি
অনেক আগেই ভোর হয়েছে তাদের দুখের রাতি।
আরাম-সুখের নিদ্রা তাদের; তোর এ জাগার গান
ছোঁবে নাকো প্রাণ রে তাদের, যদিই বা ছোঁয় কান!
নির্ভয়ের ওই সুখের কূলে বাঁধলযারা বাড়ি,
আবার তারা দেবে না রে ভয়ের সাগর পাড়ি।
ভিতর হতে যাদের আগল শক্ত করে আঁটা
‘দ্বার খোলো গো’ বলে তাদের দ্বারে মিথ্যা হাঁটা।
ভোল রে এ পথ ভোল,
শান্তিপুরে শুনবে কে তোর জাগর-ডঙ্কা-রোল!
ব্যাথাতুরের কান্না পাছে শান্তি ভাঙে এসে
তাইতে যারা খাইয়ে ঘুমের আফিম সর্বনেশে
ঘুম পাড়িয়ে রাখছে নিতুই, সে ঘুম-পুরে আসি
নতুন করে বাজা রে তোর নতুন সুরের বাঁশি!
নেশার ঘোরে জানে না হায়, এরা কোথায় পড়ে,
গলায় তাদের চালায় ছুরি কেই বা বুকে চড়ে,
এদের কানে মন্ত্র দে রে, এদের তোরা বোঝা,
এরাই আবার করতে পারে বাঁকা কপাল সোজা।সন্ধ্যা
কর্ষণে যার পাতাল হতে অনুর্বর এই ধরা
ফুল-ফসলের অর্ঘ্য নিয়ে আসে আঁচল-ভরা,
কোন সে দানব হরণ করে সে দেব-পূজার ফুল –
জানিয়ে দে তুই মন্ত্র-ঋষি, ভাঙ রে তাদের ভুল!
বর্বরদের অনুর্বর ওই হৃদয়-মরু চষে
ফল ফলাতে পারে এরাই আবার ঘরে বসে।
বাঘ-ভালুকের বাথান তেড়ে নগর বসায় যারা
রসাতলে পশবে মানুষ-পশুর ভয়ে তারা?
তাদেরই ওই বিতাড়িত বন্যপশু আজি
মানুষ-মুখো হয়েছে রে সভ্যসাজে সাজি।
টান মেরে ফেল মুখোশ তাদের, নখর কন্ত লয়ে
বেরিয়ে আসুক মনের পশু বনের পশু হয়ে!
তারাই দানব অত্যাচারী – যারা মানুষ মারে,
সভ্যবেশী ভণ্ড পশু মারতে ডরাস কারে?
এতদিন যে হাজার পাপের বীজ হয়েছে বোনা
আজ তা কাটার এল সময়, এই সে বাণী শোনা!
নতুন যুগের নতুন নকিব, বাজা নতুন বাঁশি,
স্বর্গ-রানি হবে এবার মাটির মায়ের দাসী!সন্ধ্যা
জীবন
জাগরণের লাগল ছোঁয়াচ মাঠে মাঠে তেপান্তরে,
এমন বাদল ব্যর্থ হবে তন্দ্রাকাতর কাহার ঘরে?
তড়িৎ ত্বরা দেয় ইশারা, বজ্র হেঁকে যায় দরজায়,
জাগে আকাশ, জাগে ধরা−ধরার মানুষ কে সে ঘুমায়?
মাটির নীচে পায়ের তলায় সেদিন যারা ছিল মরি,
শ্যামল তৃণাঙ্কুরে তারা উঠল বেঁচে নতুন করি;
সবুজ ধরা দেখছে স্বপন আসবে কখন ফাগুন-হোলি,
বজ্রাঘাতে ফুটল না যে, ফুটবে আনন্দে সে কলি!সন্ধ্যা
যৌবন
− ওরে ও শীর্ণা নদী,
দু-তীরে নিরাশা-বালুচর লয়ে জাগিবি কি নিরবধি?
নব-যৌবনজলতরঙ্গ-জোয়ারে কি দুলিবি না?
নাচিবে জোয়ারে পদ্মা গঙ্গা, তুই রবি চির-ক্ষীণা?
ভরা ভাদরের বরিষন এসে বারে বারে তোর কূলে
জানাবে রে তোরে সজল মিনতি, তুই চাহিবি না ভুলে?
দুই কূলে বাঁধি প্রস্তর-বাঁধ কূল ভাঙিবার ভয়ে
আকাশের পানে চেয়ে রবি তুই শুধু আপনারে লয়ে?
ভেঙে ফেল বাঁধ, আশেপাশে তোর বহে যে জীবন-ঢল
তারে বুকে লয়ে দুলে ওঠ তুই যৌবন-টলমল।
প্রস্তর-ভরা দুই কূল তোর ভেসে যাক বন্যায়,
হোক উর্বর, হাসিয়া উঠুক ফুলে ফলে সুষমায়।
− একবার পথ ভোল,
দূর সিন্ধুর লাগি বুকে জাগুক মরণ-দোল!সন্ধ্যা
যৌবনজলতরঙ্গ
এই যৌবনজলতরঙ্গ রোধিবি কি দিয়া বালির বাঁধ?
কে রোধিবি এই জোয়ারের টান গগনে যখন উঠেছে চাঁদ?
যে সিন্ধু-জলে ডাকিয়াছে বান – তাহারই তরে এ চন্দ্রোদয়,
বাঁধ বেঁধে থির আছে নালা ডোবা, চাঁদের উদয় তাদের নয়!
যে বান ডেকেছে প্রাণ-দরিয়ায়, মাঠে-ঘাটে-বাটে নেচেছে ঢল,
জীর্ণ শাখায় বসিয়া শকুনি শাপ দিক তারে অনর্গল।
সারস মরাল ছুটে আয় তোরা! ভাসিল কুলায় যে-বন্যায়
সেই তরঙ্গ ঝাঁপায়ে দোল রে সর্বনাশের নীল দোলায়!
খর স্রোতজলে কাদা-গোলা বলে গ্রীবা নাড়ে তীরে জরদ্‍গব,
গলিত শবের ভাগাড়ের ওরা, ওরা মৃত্যুর করে স্তব।
ওরাই বাহন জরা-মৃত্যুর, দেখিয়া ওদের হিংস্র চোখ –
রে ভোরের পাখি! জীবন-প্রভাতে গাহিবি না নব পুণ্য-শ্লোক?
ওরা নিষেধের প্রহরী পুলিশ, বিধাতার নয় – ওরা বিধির!
ওরাই কাফের, মানুষের ওরা তিলে তিলে শুষে প্রাণ-রুধির!
বল তোরা নবজীবনের ঢল! হোক ঘোলা – তবু এই সলিল
চির-যৌবন দিয়াছে ধরারে, গেরুয়া মাটিরে করেছে নীল!
নিজেদের চারধারে বাঁধ বেঁধে মৃত্যু-বীজাণু যারা জিয়ায়,
তারা কি চিনিবে – মহাসিন্ধুর উদ্দেশে ছোটে স্রোত কোথায়!
স্থাণু গতিহীন পড়ে আছে তারা আপনারে লয়ে বাঁধিয়া চোখ
কোটরের জীব, উহাদের তরে নহে উদীচীর উষা-আলোক।
আলোক হেরিয়া কোটরে থাকিয়া চ্যাঁচায় প্যাঁচারা, ওরা চ্যাঁচাক।
মোরা গাব গান, ওদেরে মারিতে আজও বেঁচে আছে দেদার কাক!
জীবনে যাদের ঘনাল সন্ধ্যা, আজ প্রভাতের শুনে আজান
বিছানায় শুয়ে যদি পাড়ে গালি, দিক গালি – তোরা দিসনে কান।
উহাদের তরে হতেছে কালের গোরস্থানে রে গোর খোদাই,
মোদের প্রাণের রাঙা জলসাতে জরা-জীর্ণের দাওত নাই।সন্ধ্যা
জিঞ্জির-পায়ে দাঁড়ে বসে টিয়া চানা খায়, গায় শিখানো বোল,
আকাশের পাখি! ঊর্ধ্বে উঠিয়া কণ্ঠে নতুন লহরি তোল!
তোরা ঊর্ধ্বের – অমৃত-লোকের, ছুড়ুক নীচেরা ধুলাবালি,
চাঁদেরে মলিন করিতে পারে না কেরোসিনি ডিবেকালি ঢালি!
বন্য-বরাহ পঙ্ক ছিটাক, পাঁকের ঊর্ধ্বে তোরা কমল,
ওরা দিক কাদা, তোরা দে সুবাস, তোরা ফুল – ওরা পশুর দল!
তোদের শুভ্র গায়ে হানে ওরা আপন গায়ের গলিজ পাঁক,
যার যা দেবার সে দেয় তাহাই, স্বর্গের শিশু সহিয়া থাক!
শাখা ভরে আনে ফুল-ফল, সেথা নীড় রচি গাহে পাখিরা গান,
নীচের মানুষ তাই ছোঁড়ে ঢিল, তরুর নহে সে অসম্মান।
কুসুমের শাখা ভাঙে বাঁদরের উৎপাতে, হায়, দেখিয়া তাই –
বাঁদর খুশিতে করে লাফালাফি, মানুষ আমরা লজ্জা পাই!
মাথার ঘায়েতে পাগল উহারা, নিসনে তরুণ ওদের দোষ!
কাল হবে বার জানাজাজানাজা : কবর দেওয়ার পূর্বে অনুষ্ঠেয় প্রার্থনা। যাহার, সে-বুড়োর পরে বৃথা এ রোষ!
যে-তরবারির পুণ্যে আবার সত্যেরে তোরা দানিবি তখ্ ত্,
ছুঁচো মেরে তার খোয়াসনে মান, পুরায়ে এসেছে ওদের ওক্ ত্ওক্ ত্ : নির্ধারিত সময়। !
যে বন কাটিয়া বসাবি নগর তাহার শাখার দুটো আঁচড়
লাগে যদি গায়, সয়ে যা না ভাই, আছে তো কুঠার হাতের পর!
যুগে যুগে ধরা করেছে শাসন গর্বদ্ধত যে যৌবন –
মানেনি কখনও, আজও মানিবে না বৃদ্ধত্বের এই শাসন।
আমরা সৃজিব নতুন জগৎ, আমরা গাহিব নতুন গান,
সম্ভ্রমে-নত এই ধরা নেবে অঞ্জলি পাতি মোদের দান।
যুগে যুগে জরা বৃদ্ধত্বেরে দিয়াছি কবর মোরা তরুণ –
ওরা দিক গালি, মোরা হাসি খালি বলিব ‘ইন্না.... রাজেউন!’ইন্না রাজেউন : 'ইন্না-লিল্লাহি ওয়া ইন্না ইলাইহি রাজেউন’ অর্থাৎ আল্লাহ্ র জন্যেই আছি এবং তাঁর কাছেই ফিরে যাব।সন্ধ্যা
রীফ – সর্দার
তোমারে আমরা ভুলেছি আজ,
হে নবযুগের নেপোলিয়ন,
কোন সাগরের কোন সে পার
নিবু-নিবু আজ তব জীবন।
তোমার পরশে হল মলিন
কোন সে দ্বীপের দীপালি-রাত,
বন্দিছে পদ সিন্ধুজল,
ঊর্ধ্বে শ্বসিছে ঝঞ্ঝাবাত।
তব অপমানে, বন্দি-রাজ,
লজ্জিত সারা নর-সমাজ,
কৃতঘ্নতা ও অবিশ্বাস
আজি বীরত্বে হানিছে লাজ।
মোরা জানি আর জানি জগৎ
শত্রু তোমারে করেনি জয়,
পাপ অন্যায় কপট ছল
হইয়াছে জয়ী, শত্রু নয়!
সম্মুখে রাখি মায়া-মৃগ
পশ্চাৎ হতে হানে শায়ক –
বীর নহে তারা ঘৃণ্য ব্যাধ
বর্বর তারা নর-ঘাতক।
হে মরু-কেশরী আফ্রিকার!
কেশরীর সাথে হয়নি রণ,
তোমারে বন্দি করেছে আজ
সভ্য ব্যাধের ফাঁদ গোপন।সন্ধ্যা
কামানের চাকা যথা অচল
রৌপ্যের চাকি ঢালে সেথায়,
এরাই য়ুরোপি বীরের জাত
শুনে লজ্জাও লজ্জা পায়!
তুমি দেখাইলে, আজও ধরায়
শুধু খ্রিস্টের রাসভ নাই,
আজও আসে হেথা বীর মানব,
ইবনেইবনে : সৌদি আরবের প্রতিষ্ঠাতা। - করিমকরিম : দয়াবান, দাতা। কামালকামাল : তুর্কি জাতির জনক। -ভাই।
আজও আসে হেথা ইবনে-সৌদ,
আমানুল্লাহ্আমানুল্লাহ্ : কুসংস্কারের পট-ভূমিকায় সুশিক্ষিত বাদশা। , পহ্ লবীপহ্ লবী : পারস্য দেশীয়। ,
আজও আসে হেথা আলতরাশআলতরাশ : মনীষী, কবি। ,
আসে সনৌসীসনৌসী : মধ্যযুগের সুবিখ্যাত মুসলিম মনীষী। – লাখ রবি।
তুমি দেখাইলে, পাহাড়ি গাঁয়
থাকে নাকো শুধু পাহাড়ি মেষ,
পাহাড়েও হাসে তরুলতা
পাহাড়ের মতো অটল দেশ।
থাকে নাকো সেথা শুধু পাথর,
সেথা থাকে বীর-শ্রেষ্ঠ নর,
সেথা বন্দরে বানিয়া নাই
সেথা বন্দরে নাই বাঁদর!
শির-দার তুমি ছিলে রীফের,
পরনিকো শিরে শরিফি তাজ,
মামুলি সেনার সাথে সমান
করেছ সেনানী, কুচকাওয়াজ!সন্ধ্যা
শুধু বীর নহ, তুমি মানুষ,
শাহি তখ্ ত্ ছিল গিরি-পাষাণ,
রণভূমে ছিলে রণোন্মাদ,
দেশে ছিলে দোস্ত্ মেহেরবান।
রীফেতে যেদিন সভ্য ভূত
নাচিতে লাগিল তাথই থই,
আশমান হতে রীফ-বাসীর
শিরে ছড়াইল আগুন-খই,
কচি বাচ্চারে নারীদেরে
মারিল বক্ষে বিঁধে সঙিন,
যুদ্ধে আহত বন্দিরে
খুন করে যার হাত রঙিন,
হয়েছে বন্দি তাহারা যখন –
(ওদের ভাষায় – হে ‘বর্বর’।)
করিয়াছ ক্ষমা তাহাদেরে,
তাহাদের করে রেখেছ কর।
ওগো বীর! বীর বন্দিদের,
করনিকো তুমি অসম্মান,
তাদের নারী ও শিশুদেরে
দিয়েছ ফিরায়ে – হয়নি প্রাণ।
তুমি সভ্যতা-গর্বীদের
মিটাওনি শুধু যুদ্ধ-সাধ,
তাদেরে শিখালে মানবতা,
বীরও সে মানুষ, নহে নিষাদ।সন্ধ্যা
বীরেরে আমরা করি সালাম,
শ্রদ্ধায় চুমি দস্ত্দস্ত্ : হাত। দারাজদারাজ : প্রশস্ত, উদার।,
তোমারে স্মরিয়া কেন যেন
কেবলই অশ্রু ঝরিছে আজ।
তব পতনের কথা করুণ
পড়িতেছে মনে একে একে,
তব মহত্ত্ব তুমি নিজে
মানুষের বুকে গেলে লেখে।
মাসতুতো ভাই চোরে চোরে –
ফ্রান্স স্পেন করি আঁতাত
হয়ে লাঞ্ছিত বারংবার
হায়ওয়ানহায়ওয়ান : পশু। সাথে মিলাল হাত।
শয়তানি ছল ফেরেব-বাজফেরেব-বাজ : ধাপ্পাবাজ।
ভুলাল দেশদ্রোহীর মন,
অর্থ তাদের করিল জয়
অস্ত্রে যাহারা জিনিল রণ।
স্বদেশবাসীরে কহো ডাকে
অশ্রু-সিক্ত নয়নে, হায় –
‘ভাঙে নাই বাহু, ভেঙেছে মন,
বিদায় বন্ধু, চির-বিদায়!’
বলিলে, ‘স্বদেশ! রীফ-শরিফ!’
পরানের চেয়ে প্রিয় আমার!
তুমি চেয়েছিলে মা আমায়,
সন্তান তব চাহে না আর!সন্ধ্যা
‘মাগো তোরে আমি ভালোবাসি,
ভালোবাসি মা তারও চেয়ে –
মোর চেয়ে প্রিয় রীফ-বাসীরীফ-বাসী : আফ্রিকার পার্বত্য দেশের অধিবাসী।
তোর এ পাহাড়ি ছেলেমেয়ে!
‘মাগো আজ তারা বোঝে যদি,
করিতেছি ক্ষতি আমি তাদের,
আমি চলিলাম, দেখিস তুই,
তারা যেন হয় আজাদআজাদ : স্বাধীন। ফের!’
দেশবাসী-তরে, মহাপ্রেমিক,
আপনারে বলি দেলে তুমি,
ধন্য হইল বেড়ি-শিকল
তোমার দস্ত্-পদদস্ত্-পদ : হাত-পা। চুমি!
আজিকে তোমায় বুকে ধরি
ধন্য হইল সাগর-দ্বীপ,
ধন্য হইল কারা-প্রাচীর,
ধন্য হইনু বদ-নসিব।
কাঠ-মোল্লার মউলবির
যুজদানে ইসলাম কয়েদ,
আজও ইসলাম আছে বেঁচে
তোমাদেরই বরে, মোজাদ্দেদমোজাদ্দেদ : কুসংস্কারে পরিপূর্ণ ধর্মকে অভিনব জীবনরসে উদ্দীপনাদানকারী মহাপুরুষ।!
বদ-কিসমত শুধু রীফের
নহে বীর, ইসলাম-জাহান
তোমারে স্মরিয়া কাঁদিছে আজ,
নিখিল গাহিছে তোমার গান।সন্ধ্যা
হে শাহানশাহ্ বন্দিদের!
লাঞ্ছিত যুগে যুগাবতার!
তোমার পুণ্যে তীর্থ আজ
হল গো কারার অন্ধকার!
তোমার পুণ্যে ধন্য আজ
মরু-আফ্রিকা মূর-আরব,
ধন্য হইল মুসলমান,
অধীন বিশ্ব করে স্তব।
জানি না আজিকে কোথা তুমি
নয়ি দুনিয়ার মুসা তারিকতারিক : সুবিখ্যাত মুসলিম সেনাপতি। !
আছে ‘দীন’, নাই সিপা-সালারসিপা-সালার : সৈন্যাধ্যক্ষ। ,
আছে শাহি তখ্ ত্, নাই মালিক।
মোরা যে ভুলেছি, ভুলিয়ো বীর,
নাই স্মরণের সে অধিকার,
কাঁদিছে কাফেলাকাফেলা : তীর্থযাত্রীর দল। কারবালায়,
কে গাহিবে গান বন্দনার!
আজিকে জীবন-‘ফোরাত’ফোরাত : ইরাকের নদী যার তীরে কারবালার মাঠে ইমাম হোসেন সপরিবারে শহিদ হন। -তীর
এজিদের সেনা ঘিরিয়া ওই,
শিরে দুর্দিন-রবি প্রখর,
পদতলে বালু ফোটায় খই।
জয়নালসম মোরা সবাই
শুইয়া বিমারি খিমারখিমার : শিবির, তাঁবু। মাঝ,
আপশোশ করি কাঁদি শুধু,
দুশমন করে লুটতরাজ!সন্ধ্যা
আব্বাস-সম তুমি হে বীর
গেন্ডুয়া খেলি অরি-শিরে
পঁহুছিলে একা ফোরাত-তীর,
ভরিলে মশকমশক : জল বহনের জন্য চামড়া নির্মিত থলে।
প্রাণ-নীরে।
তুমি এলে, সাথে এল না দস্ত্,
করিল শত্রু বাজু শহিদ,
তব হাত হতে আব-হায়াতআব-হায়াত : মৃত-সঞ্জীবনী সুধা।
লুটে নিল ইউরোপ-এজিদ।
কাঁদিতেছি মোরা তাই শুধুই
দুর্ভাগ্যের তীরে বসি,
আকাশে মোদের ওঠে কেবল
মোহররমের লাল শশী!
এরই মাঝে কভু হেরি স্বপন –
ওই বুঝি আসে খুশির ঈদ,
শহিদ হতে তো পারি না কেউ –
দেখি কে কোথায় হল শহিদ।
ক্ষমিয়ো বন্ধু, তব জাতের
অক্ষমতার এ অপরাধ,
তোমারে দেখিয়া হাঁকি সালাতসালাত : নামাজ।
,
ওগো মগ্ রেবীমগ্ রেবী : সান্ধ্য নামাজ।
ঈদের চাঁদ!
এ গ্লানি লজ্জা পরাজয়ের
নহে বীর, নহে তব তরে!
তিলে তিলে মরে ভীরু য়ুরোপ
তব সাথে তব কারা-ঘরে।
বন্দি আজিকে নহ তুমি,
বন্দি – দেশের অবিশ্বাস!
আসিছে ভাঙিয়া কারা-দুয়ার
সর্বগ্রাসীর সর্বনাশ!সন্ধ্যা
বাংলার “আজীজ”
পোহয়নি রাত, আজান তখনও দেয়নি মুয়াজ্জিনমুয়াজ্জিন : নামাজের আহ্বায়ক।
,
মুসলমানের রাত্রি তখন আর-সকলের দিন।
অঘোর ঘুমে ঘুমায় যখন বঙ্গ-মুসলমান,
সবার আগে জাগলে তুমি গাইলে জাগার গান!
ফজরফজর : প্রত্যুষ।
বেলার নজর ওগো উঠলে মিনার পর,
ঘুম-টুটানো আজান দিলে – ‘আল্লাহো আকবর!’
কোরান শুধু পড়ল সবাই বুঝলে তুমি একা,
লেখার যত ইসলামি জোশ তোমায় দিল দেখা।
খাপে রেখে অসি যখন খাচ্ছিল সব মার,
আলোয় তোমার উঠল নেচে দু-ধারী তল্ য়ার!
চমকে সবাই উঠল জেগে, ঝলসে গেল চোখ,
নৌজোয়ানীর খুন-জোশিতেখুন-জোশিত : রক্তের উদ্দীপনা।
মস্ত্ হল সব লোক!
আঁধার রাতের যাত্রী যত উঠল গেয়ে গান,
তোমার চোখে দেখল তারা আলোর অভিযান।
বেরিয়ে এল বিবর হতে সিংহশাবক দল,
যাদের প্রাতাপ-দাপে আজি বাংলা টলমল!
এলে নিশান-বরদার বীর, দুশমন পর্দার,
লায়লালায়লা : রাত্রি। চিরে আনলে নাহারনাহার : দিন।
, রাতের তারা-হার!
সাম্যবাদী! নর-নারীরে করতে অভেদ-জ্ঞান,
বন্দিনিদের গোরস্থানে রচলে গুলিস্তান!
শীতের জরা দূর হয়েছে ফুটছে বাহার-গুল,
গুলশনে গুল ফুটল যখন – নাই তুমি বুলবুল!
মশালবাহী বিশাল পুরুষ! কোথায় তুমি আজ?
অন্ধকারে হাতড়ে মরে অন্ধ এ-সমাজ।
নাইকো সতুনসতুন : স্তম্ভ।
, পড়ছে খসে ইসলামের আজ ছাদ;
অত্যাচারের বিরুদ্ধে আর ঘোষবে কে জেহাদ?
যেমনি তুমি হালকা হলে আপনা করি দান,
শুনলে হঠাৎ - আলোর পাখি – কাজ-হারানো গান!
ফুরিয়েছে কাজ, জাকছে তবু হিন্দু-মুসলমান,
সবার ‘আজীজ’, সবার প্রিয়, আবার গাহো গান!
আবার এসো সবার মাঝে শক্তিরূপে বীর,
হিন্দু-সবার গুরু ওগো, মুসলমানের পির!**) আবদুল আজীজ ছিলেন চট্টগ্রামের শিক্ষাবিদ ও মুসলিম বাংলার প্রথম গ্র্যাজুয়েট, গানটিতে তাঁরই প্রশস্তি।সন্ধ্যা
সুরের দুলাল
পাকা ধানের গন্ধ-বিধুর হেমন্তের এই দিন-শেষে,
সুরের দুলাল, আসলে ফিরে দিগ্ বিজয়ীর বর-বেশে!
আজও মালা হয়নি গাঁথা হয়নি আজও গান-রচন,
কুহেলিকার পর্দা-ঢাকা আজও ফুলের সিংহাসন।
অলস বেলায় হেলাফেলায় ঝিমায় রূপের রংমহল,
হয়নিকো সাজ রূপকুমারীর, নিদ টুটেছে এই কেবল।
আয়োজনের অনেক বাকি – শুননু হঠাৎ খোশখবর,
ওরে অলস, রাখ আয়োজন, সুর-শাজাদা আসল ঘর।
ওঠ রে সাকি, থাক না বাকি ভরতে রে তোর লাল গেলাস,
শূন্য গেলাস ভরব – দিয়ে চোখের পানি মুখের হাস।
দম্ভ ভরে আসল না যে ধ্বজায় বেঁধে ঝড়-তুফান,
যাহার আসার খবর শুনে গর্জাল না তোপ-কামান,
কুসুম দলি উড়িয়ে ধূলি আসল না যে রাজপথে –
আয়োজনের আড়াল তারে করব গো আজ কোনোমতে।
সে এল গো যে-পথ দিয়ে স্বর্গে বহে সুরধুনী,
যে-পথ দিয়ে ফেরে ধেনু মাঠের বেণুর রব শুনি।
যেমন সহজ পথ দিয়ে গো ফসল আসে আঙিনায়,
যেমন বিনা সমারোহে সাঁঝের পাখি যায় কুলায়।
সে এল যে আমন-ধানের নবান্ন উৎসব-দিনে,
হিমেল হাওয়ায় অঘ্রানের এই সুঘ্রাণেরই পথ চিনে।
আনেনি সে হরণ করে রত্ন-মানিক সাত-রাজার
সে এনেছে রূপকুমারীর আঁখির প্রসাদ, কণ্ঠহার।
সুরের সেতু বাঁধল সে গো, ঊর্ধ্বে তাহার শুনি স্তব,
আসছে ভারত-তীর্থ লাগি শ্বেত-দ্বীপের ময়দানব।
পশ্চিমে আজ ডঙ্কা বাজে পুবের দেশের বন্দিদের,
বীণার গানে আমরা জয়ী, লাজ মুছেছি অদৃষ্টের।
কন্ঠ তোমার জাদু জানে, বন্ধু ওগো দোসর মোর!
আসলে ভেসে গানের ভেলায় বৃন্দাবনের বংশী-চোর।
তোমার গলার বিজয়-মালা বন্ধু একা নয় তোমার,
ওই মালাতে রইল গাঁথা মোদের সবার পুরস্কার।
কখন আঁখির অগোচরে বসলে জুড়ে হৃদয়-মন,
সেই হৃদয়ের লহো প্রীতি, সজল আঁখির জল-লিখন।সন্ধ্যা
নিশীথ অন্ধকারে
(গান)
এ কী বেদনার উঠিয়াছে ঢেউ দূর সিন্ধুর পারে,
নিশীথ-অন্ধকারে।
পুরবের রবি ডুবিল গভীর বাদল-অশ্রু-ধারে,
নিশীথ-অন্ধকারে।।
ঘিরিয়াছে দিক ঘন ঘোর মেঘে,
পুবালি বাতাস বহিতেছে বেগে,
বন্দিনি মাতা একাকিনী জেগে কাঁদিতেছে কারাগারে,
শিয়রের দীপ যত সে জ্বালায় নিভে যায় বারে বারে।
নিশীথ-অন্ধকারে।।
মুয়াজ্জিনের কণ্ঠ নীরব আজিকে মিনার-চূড়ে,
বহে না শিরাজ-বাগের নহরনহর : জলস্রোত। , বুলবুল গেছে উড়ে।
ছিল শুধু চাঁদ, গেছে তরবার,
সে চাঁদও আঁধারে ডুবিল এবার,
শিরতাজ-হারা কাঁদে মুসলিম অস্ত-তোরণ-দ্বারে।
উঠিতেছে সুর বিদায়-বিধুর পারাবার-পরপারে।
নিশীথ-অন্ধকারে।।
ছিল না সে রাজা – কেঁপেছে বিশ্ব তবু গো প্রতাপে তার,
শত্রু-দুর্গে বন্দি থাকিয়া খোলেনি সে তরবার।
ছিল এ ভারত তারই পথ চাহি,
বুকে বুকে ছিল তারই বাদশাহি,
ছিল তার তরে ধুলার তখ্ ত্ মানুষের দরবারে।
আজি বরষায় তারই তরবার ঝলসিছে বারে বারে।
নিশীথ-অন্ধকারে।।সন্ধ্যা
শরৎচন্দ্র
(চণ্ডবৃষ্টি-প্রপাত ছন্দ)
নব ঋত্বিক নবযুগের!
নমস্কার! নমস্কার!
আলোকে তোমার পেনু আভাস
নওরোজের নব উষার!
তুমি গো বেদনা-সুন্দরের
দর্ দ্-ই-দিল্, নীল মানিক,
তোমার তিক্ত কণ্ঠে গো
ধ্বনিল সাম বেদনা-ঋক।
হে উদীচী উষা চির-রাতের,
নরলোকের হে নারায়ণ!
মানুষ পারায়ে দেখিলে দিল্ –
মন্দিরের দেব-আসন।
শিল্পী ও কবি আজ দেদার
ফুলবনের গাইছে গান,
আশমানি-মউ স্বপনে গো
সাথে তাদের করনি পান।
নিঙারিয়া ধুলা মাটির রস
পিইলে শিব নীল আসব,
দুঃখ কাঁটায় ক্ষত হিয়ার
তুমি তাপস শোনাও স্তব।
স্বর্গভ্রষ্ট প্রাণধারায়
তব জটায় দিলে গো ঠাঁই,
মৃত সাগরের এই সে দেশ
পেয়েছে প্রাণ আজিকে তাই।সন্ধ্যা
পায়ে দলি পাপ সংস্কার
খুলিলে বীর স্বর্গদ্বার,
শুনাইলে বাণী, ‘নহে মানব –
গাহি গো গান মানবতার।
মনুষ্যত্ব পাপী তাপীর
হয় না লয়, রয় গোপন,
প্রেমের জাদু-স্পর্শে সে
লভে অমর নব জীবন!’
নির্মমতায় নর-পশুর
হায় গো যার চোখের জল
বুকে জমে হল হিম-পাষাণ,
হল হৃদয় নীল গরল ;
প্রখর তোমার তপ-প্রভায়
বুকের হিম গিরি-তুষার –
গলিয়া নামিল প্রাণের ঢল,
হল নিখিল মুক্ত-দ্বার।
শুভ্র হল গো পাপ-মলিন
শুচি তোমার সমব্যথায়,
পাঁকের ঊর্ধ্বে ফুটিল ফুল
শঙ্কাহীন নগ্নতায়!
শাস্ত্র-শকুন নীতি-ন্যাকার
রুচি-শিবার হট্টরোল
ভাগাড়ে শ্মশানে উঠিল ঘোর,
কাঁদে সমাজ চর্মলোল!
ঊর্ধ্বে যতই কাদা ছিটায়
হিংসুকের নোংরা কর
সে কাদা আসিয়া পড়ে সদাই
তাদেরই হীন মুখের পর!
চাঁদে কলঙ্ক দেখে যারা
জ্যোৎস্না তার দেখেনি, হায়!
ক্ষমা করিয়াছ তুমি, তাদের
লজ্জাহীন বিজ্ঞতায়!
আজ যবে সেই পেচক-দল
শুনি তোমার করে স্তব,
সেই তো তোমার শ্রেষ্ঠ জয়,
নিন্দুকের শঙ্খ-রব!সন্ধ্যা
ধর্মের নামে যুধিষ্ঠির
‘ইতি গজের’ করুক ভান!
সব্যসাচী গো, ধরো ধনুক –
হানো প্রখর অগ্নিবাণ!
‘পথের দাবি’র অসম্মান
হে দুর্জয়, করো গো ক্ষয়!
দেখাও স্বর্গ তব বিভায়
এই ধু ধেয়ে।
তখন সে স্বপ্ন কায়াহীন,
নিশীথে বিলীন,
দূরপথে তার দীপশিখা
একটি রক্তিম মরীচিকা।
ফাল্গুনের সূর্য যবে
দিল কর প্রসারিয়া সঙ্গীহীন দক্ষিণ অর্ণবে,
অতল বিরহ তার
যুগযুগান্তের
উচ্ছ্বসিয়া ছুটে গেল নিত্য-অশান্তের
সীমানার ধারে ;
ব্যথার ব্যথিত কারে
ফিরিল খুঁজিয়া,
বেড়ালো যুঝিয়া
আপন তরঙ্গদল-সাথে।
অবশেষে রজনীপ্রভাতে,
জানে না সে কখন দুলায়ে
গেল চলি
বিপুল নিশ্বাসবেগে একটুকু মল্লিকার কলি।
উদ্ বারিল গন্ধ তার,
সচকিয়া লভিল সে গভীর রহস্য আপনার।
এই বার্তা ঘোষিল অম্বরে —
সমুদ্রের উদ্ বোধন পূর্ণ আজি পুষ্পের অন্তরে।
বাদলবেলায় গৃহকোণে
রেশমে পশমে জামা বোনে,
নীরবে আমার লেখা শোনে,
তাই সে আমার
শোনামণি।
প্রচলিত ডাক নয় এ যে
দরদীর মুখে ওঠে বেজে,
পন্ডিতে দেয় নাই মেজে —
প্রাণের
ভাষাই এর খনি।
সেও জানে আর জানি আমি
এ মোর নেহাত পাগলামি —
ডাক শুনে কাজ যায় থামি,
কঙ্কণ ওঠে কনকনি।
সে হাসে, আমিও তাই হাসি —
জবাবে ঘটে
না কোনো বাধা।
অভিধান-বর্জিত ব ' লে
মানে আমাদের
কাছে সাদা।
কেহ নাহি
জানে কোন্ খনে
পশমের শিল্পের সাথে
সুকুমার হাতের নাচনে
নূতন নামের
ধ্বনি গাঁথে
শোনামণি, ওগো সুনয়নী।
যে ছিল আমার স্বপনচারিণী
এতদিন তারে বুঝিতে পারি নি,
দিন চলে গেছে খুঁজিতে।
শুভক্ষণে কাছে ডাকিলে
,
লজ্জা আমার ঢাকিলে,
তোমারে পেরেছি বুঝিতে।
কে মোরে ফিরাবে অনাদরে,
কে মোরে ডাকিবে কাছে,
কাহার প্রেমের বেদনার কাছে,
আমার মূল্য আছে,
এ নিরন্তর সংশয়ে আর
পারি না কেবলি যুঝিতে —
তোমারেই শুধু সত্য পেরেছি বুঝিতে।
যৌবনের অনাহূত রবাহূত ভিড়-করা ভোজে
কে ছিল কাহার খোঁজে,
ভালো করে মনে ছিল না
তা।
ক্ষণে ক্ষণে হয়েছে আসন পাতা,
ক্ষণে ক্ষণে নিয়েছে সরায়ে।
মালা কেহ গিয়েছে পরায়ে
জেনেছিনু, তবু কে যে
জানি নাই তারে।
মাঝখানে বারে বারে
কত কী যে এলোমেলো
কভু গেল, কভু এল।
সার্থকতা ছিল যেইখানে
ক্ষণিক পরশি তারে চলে গেছি জনতার টানে।
সে যৌবনমধ্যাহ্নের অজস্রের পালা
শেষ হয়ে গেছে আজি, সন্ধ্যার প্রদীপ হল জ্বালা।
অনেকের মাঝে যারে কাছে
দেখে হয় নাই দেখা
একেলার ঘরে তারে একা
চেয়ে দেখি, কথা কই
চুপে চুপে,
পাই তারে না-পাওয়ার রূপে।
তুমি গো পঞ্চদশী
শুক্লা নিশার অভিসারপথে
চরম তিথির শশী।
স্মিত স্বপ্নের আভাস লেগেছে
বিহ্বল তব রাতে।
ক্বচিৎ চকিত বিহগকাকলি
তব যৌবনে উঠিছে আকুলি
নব আষাঢ়ের কেতকীগন্ধ-
শিথিলিত নিদ্রাতে।
যেন অশ্রুত বনমর্মর
তোমার বক্ষে কাঁপে থরথর।
অগোচর চেতনার
অকারণ বেদনার
ছায়া এসে পড়ে মনের দিগন্তে
গোপন অশান্তি
উছলিয়া তুলে ছলছল জল
কজ্জল-আঁখিপাতে।
আজি আষাঢ়ের মেঘলা আকাশে
মনখানা উড়ো পক্ষী
বাদলা হাওয়ায় দিকে দিকে ধায়
অজানার পানে লক্ষ্যি।
যাহা-খুশি বলি স্বগত কাকলি,
লিখিবারে চাহি পত্র,
গোপন মনের শিল্পসূত্রে
বুনানো দু-চারি ছত্র।
সঙ্গীবিহীন নিরালায় করি
জানা-অজানার সন্ধি,
গর্ ঠিকানিয়া বন্ধু কে আছ
করিব বাণীর বন্দী।
না জানি তোমার নামধাম আমি,
না জানি তোমার তথ্য।
কিবা আসে যায় যে হও সে হও
মিথ্যা অথবা সত্য।
নিভৃতে তোমারি সাথে আনাগোনা
হে মোর অচিন মিত্র,
প্রলাপী মনেতে আঁকা পড়ে তব
কত অদ্ভুত চিত্র।
যে নেয় নি মেনে মর্ত শরীরে
বাঁধন পাঞ্চভৌত্যে
তার সাথে মন করেছি বদল
স্বপ্নমায়ার দৌত্যে।
ঘুমের ঘোরেতে পেয়েছি তাহার
রুক্ষ চুলের গন্ধ।
আধেক রাত্রে শুনি যেন তার —
দ্বার-খোলা,
দ্বার-বন্ধ।
নীপবন হতে সৌরভে আনে
ভাষাবিহীনার ভাষ্য।
সানাই
জোনাকি আঁধারে ছড়াছড়ি করে
মণিহার-ছেঁড়া-হাস্য।
সঘন নিশীথে গর্জিছে দেয়া,
রিমিঝিমি বারি বর্ষে —
মনে মনে ভাবি, কোন্ পালঙ্কে
কে নিদ্রা দেয় হর্ষে।
গিরির শিখরে ডাকিছে ময়ূর
কবিকাব্যের রঙ্গে —
স্বপ্নপুলকে কে জাগে চমকি
বিগলিতচীর-অঙ্গে।
বাস্তব মোরে বঞ্চনা করে
পালায় চকিত নৃত্যে —
তারি ছায়া যবে রূপ ধরি আসে
বাঁধা পড়ি যায় চিত্তে।
তারার আলোকে ভরে সেই সাকী
মদিরোচ্ছল পাত্র,
নিবিড় রাতের মুগ্ধ মিলনে
নাই বিচ্ছেদ মাত্র।
ওগো মায়াময়ী, আজি বরষায়
জাগালে আমার ছন্দ —
যাহা-খুশি সুরে বাজিছে সেতার,
নাহি মানে কোনো বন্ধ।
জাগায়ো না, ওরে জাগায়ো না।
ও আজি মেনেছে হার
ক্রূর বিধাতার কাছে।
সব চাওয়া ও যে দিতে চায় নিঃশেষে
অতলে জলাঞ্জলি।
দুঃসহ দুরাশার
গুরুভার যাক দূরে
কৃপণ প্রাণের ইতর বঞ্চনা।
আসুক নিবিড় নিদ্রা,
তামসী মসীর তুলিকায়
অতীত দিনের
বিদ্রূপবাণী
রেখায় রেখায় মুছে মুছে দিক্
স্মৃতির পত্র হতে,
থেমে যাক ওর বেদনার গুঞ্জন
সুপ্ত পাখির স্তব্ধ নীড়ের মতো।
আজ এ মনের কোন্ সীমানায়
যুগান্তরের প্রিয়া।
দূরে-উড়ে-যাওয়া মেঘের ছিদ্র দিয়া
কখনো আসিছে রৌদ্র কখনো ছায়া,
আমার জীবনে তুমি আজ শুধু মায়া ;
সহজে তোমায় তাই তো মিলাই সুরে,
সহজেই ডাকি সহজেই রাখি দূরে।
স্বপ্নরূপিণী তুমি
আকুলিয়া আছ পথ-খোয়া মোর
প্রাণের স্বর্গভূমি।
নাই কোনো ভার, নাই বেদনার তাপ,
ধূলির ধরায় পড়ে না পায়ের ছাপ।
তাই তো আমার ছন্দে
সহসা তোমার চুলের ফুলের গন্ধে
জাগে নির্জন রাতের দীর্ঘশ্বাস,
জাগে প্রভাতের পেলব তারায়
বিদায়ের স্মিত হাস।
তাই পথে যেতে কাশের বনেতে
মর্মর দেয় আনি
পাশ-দিয়ে-চলা ধানী-রঙ-করা
শাড়ির পরশখানি।
যদি জীবনের বর্তমানের তীরে
আস কভু তুমি ফিরে
স্পষ্ট আলোয়, তবে
জানি না তোমার মায়ার সঙ্গে
কায়ার কি মিল হবে।
বিরহস্বর্গলোকে
সে-জাগরণের রূঢ় আলোয়
চিনিব কি চোখে-চোখে।
সন্ধ্যাবেলায় যে-দ্বারে দিয়েছ
সানাই
বিরহকরুণ নাড়া,
মিলনের ঘায়ে সে-দ্বার খুলিলে
কাহারো কি পাবে সাড়া।
বেলা হয়ে গেল, তোমার
জানালা- ' পরে
রৌদ্র পড়েছে বেঁকে।
এলোমেলো হাওয়া
আমলকি-ডালে-ডালে
দোলা দেয় থেকে থেকে।
মন্থর পায়ে চলেছে মহিষগুলি,
রাঙা পথ হতে রহি রহি
ওড়ে ধূলি,
নানা পাখিদের মিশ্রিত কাকলিতে,
আকাশ আবিল ম্লান সোনালির শীতে।
পসারী হোথায় হাঁক দিয়ে যায়
গলি বেয়ে কোন্ দূরে,
ভুলে গেছি যাহা তারি ধ্বনি বাজে
বক্ষে করুণ সুরে।
চোখে পড়ে খনে খনে
তব জানালায় কম্পিত
ছায়া
খেলিছে রৌদ্র-সনে।
কেন মনে হয়, যেন দূর
ইতিহাসে
কোনো
বিদেশের কবি
বিদেশী ভাষার ছন্দে
দিয়েছে এঁকে
এ বাতায়নের ছবি।
ঘরের ভিতরে যে-প্রাণের ধারা চলে
সে যেন অতীত কাহিনীর
কথা বলে।
ছায়া দিয়ে ঢাকা সুখদুঃখের মাঝে
গুঞ্জনসুরে সুরশৃঙ্গার বাজে।
যারা আসে যায় তাদের
ছায়ায়
প্রবাসের ব্যথা কাঁপে,
আমার চক্ষু
তন্দ্রা-অলস
মধ্যদিনের তাপে।
ঘাসের উপরে একা বসে
থাকি,
দেখি চেয়ে দূর থেকে,
শীতের বেলায় রৌদ্র
তোমার
জানালায় পড়ে বেঁকে।
মন যে দরিদ্র, তার
তর্কের নৈপুণ্য আছে, ধনৈশ্বর্য নাইকো ভাষার।
কল্পনাভান্ডার হতে তাই
করে ধার
বাক্য-অলংকার।
কখন হৃদয় হয় সহসা উতলা —
তখন সাজিয়ে বলা
আসে অগত্যাই ;
শুনে তাই
কেন তুমি হেসে ওঠ, আধুনিকা প্রিয়ে,
অত্যুক্তির অপবাদ দিয়ে।
তোমার সম্মানে ভাষা
আপনারে করে সুসজ্জিত,
তারে তুমি বারে বারে পরিহাসে কোরো না লজ্জিত।
তোমার আরতি-অর্ঘ্যে
অত্যুক্তিবঞ্চিত ভাষা হেয়,
অসত্যের মতো অশ্রদ্ধেয়।
নাই তার আলো,
তার চেয়ে মৌন ঢের ভালো।
তব অঙ্গে অত্যুক্তি কি কর না বহন
সন্ধ্যায় যখন
দেখা দিতে আস।
তখন যে হাসি হাস
সে তো নহে মিতব্যয়ী প্রত্যহের মতো —
অতিরিক্ত মধু কিছু তার মধ্যে থাকে তো সংহত।
সে হাসির অতিভাষা
মোর বাক্যে ধরা দেবে নাই সে প্রত্যাশা।
অলংকার যত পায় বাক্যগুলো তত হার মানে,
তাই তার অস্থিরতা
বাড়াবাড়ি ঠেকে তব কানে।
কিন্তু, ওই আশমানি শাড়িখানি
ও কি নহে অত্যুক্তির বাণী।
তোমার দেহের সঙ্গে নীল গগনের
সানাই
ব্যঞ্জনা মিলায়ে দেয়, সে যে কোন্ অসীম মনের
আপন ইঙ্গিত,
সে যে অঙ্গের সংগীত।
আমি তারে মনে জানি সত্যের ও অধিক।
সোহাগবাণীরে মোর হেসে
কেন বল কাল্পনিক।
জানি আমি, ছোটো আমার ঠাঁই —
তাহার বেশি কিছুই চাহি নাই।
দিয়ো আমায় সবার চেয়ে অল্প তোমার দান,
নিজের হাতে দাও তুলে তো
রইবে অফুরান।
আমি তো নই কাঙাল পরদেশী,
পথে পথে খোঁজ করে যে
যা পায় তারো বেশি।
সকলটুকুই চায় সে পেতে হাতে,
পুরিয়ে নিতে পারে না সে
আপন দানের সাথে।
তুমি শুনে বললে আমায় হেসে,
বললে ভালোবেসে,
‘ আশ মিটিবে এইটুকুতেই তবে?”
আমি বলি, “ তার বেশি কী হবে।
যে-দানে ভার থাকে
বস্তু দিয়ে পথ সে কেবল
আটক করে রাখে।
যে-দান কেবল বাহুর পরশ তব
তারে আমি বীণার মতো বক্ষে তুলে
লব।
সুরে সুরে উঠবে বেজে,
যেটুকু সে তাহার চেয়ে
অনেক বেশি সে যে।
লোভীর মতো তোমার দ্বারে
যাহার আসা-যাওয়া
তাহার চাওয়া-পাওয়া
সানাই
তোমায় নিত্য খর্ব করে আনে
আপন ক্ষুধার পানে।
ভালোবাসার বর্বরতা,
মলিন করে
তোমারি সম্মান
পৃথুল তার বিপুল পরিমাণ।
তাই তো বলি, প্রিয়ে,
হাসিমুখে বিদায় কোরো স্বল্প কিছু
দিয়ে ;
সন্ধ্যা যেমন সন্ধ্যাতারাটিরে
আনিয়া দেয় ধীরে
সূর্য-ডোবার শেষ সোপানের ভিতে
সলজ্জ তার গোপন থালিটিতে। ”
ওগো আমার প্রাণের কর্ণধার,
দিকে দিকে ঢেউ জাগালো
লীলার পারাবার।
আলোক-ছায়া চমকিছে
ক্ষণেক আগে ক্ষণেক পিছে,
অমার আঁধার ঘাটে ভাসায়
নৌকা পূর্ণিমার।
ওগো কর্ণধার
ডাইনে বাঁয়ে দ্বন্দ্ব লাগে
সত্যের মিথ্যার।
ওগো আমার লীলার কর্ণধার,
জীবন-তরী মৃত্যুভাঁটায়
কোথায় করো পার।
নীল আকাশের মৌনখানি
আনে দূরের দৈববাণী,
গান করে দিন উদ্দেশহীন
অকূল শূন্যতার।
তুমি ওগো লীলার
রক্তে বাজাও রহস্যময়
মন্ত্রের ঝংকার।
তাকায় যখন নিমেষহারা
দিনশেষের প্রথমতারা
ছায়াঘন কুঞ্জবনে
মন্দ মৃদু গুঞ্জরণে
বাতাসেতে জাল বুনে দেয়
মদির তন্দ্রার।
স্বপ্নস্রোতে লীলার কর্ণধার
গোধূলিতে পাল তুলে দাও
সানাই
ধূসরচ্ছন্দার।
অস্তরবির ছায়ার সাথে
লুকিয়ে আঁধার আসন পাতে
।
ঝিল্লিরবে গগন কাঁপে,
দিগঙ্গনা কী জপ জাপে,
হাওয়ায় লাগে মোহপরশ
রজনীগন্ধার।
হৃদয়-মাঝে লীলার কর্ণধার
একতারাতে বেহাগ বাজাও
বিধুর সন্ধ্যার।
রাতের শঙ্খকুহর ব্যেপে
গম্ভীর রব উঠে কেঁপে।
সঙ্গবিহীন চিরন্তনের
বিরহগান বিরাট মনের
শূন্যে করে নিঃশবদের
বিষাদ বিস্তার।
তুমি আমার লীলার কর্ণধার
তারার ফেনা ফেনিয়ে তোল
আকাশগঙ্গার।
বক্ষে যবে বাজে
মরণভেরি
ঘুচিয়ে ত্বরা ঘুচিয়ে
সকল দেরি,
প্রাণের
সীমা মৃত্যুসীমায়
সূক্ষ্ম হয়ে মিলায়ে যায়,
ঊর্ধ্বে তখন পাল তুলে দাও
অন্তিম যাত্রার।
ব্যক্ত কর, হে মোর কর্ণধার,
আঁধারবিহীন অচিন্ত্য সে
অসীম অন্ধকার।
যেতেই হবে।
দিনটা যেন খোঁড়া পায়ের মতো
ব্যন্ডেজেতে বাঁধা।
একটু চলা, একটু থেমে-থাকা,
টেবিলটাতে হেলান দিয়ে বসা
সিঁড়ির দিকে চেয়ে।
আকাশেতে পায়রাগুলো ওড়ে
ঘুরে ঘুরে চক্র বেঁধে।
চেয়ে দেখি দেয়ালে সেই লেখনখানি
গেল বছরের,
লালরঙা পেন্ সিলে লেখা —
‘ এসেছিলুম ; পাই নি দেখা ; যাই তা হলে।
দোসরা ডিসেম্বরে। '
এ লেখাটি ধুলো ঝেড়ে রেখেছিলেম তাজা,
যাবার সময় মুছে দিয়ে যাব।
পুরোনো এক ব্লটিং কাগজ
চায়ের ভোজে অলস ক্ষণের হিজিবিজি-কাটা,
ভাঁজ ক ' রে তাই নিলেম জামার নিচে।
প্যাক করতে গা লাগে না,
মেজের ‘ পরে বসে আছি পা ছড়িয়ে।
হাতপাখাটা ক্লান্ত হাতে
অন্যমনে দোলাই ধীরে ধীরে।
ডেস্কে ছিল মেডেন্ -হেয়ার পাতায় বাঁধা
শুকনো গোলাপ,
কোলে নিয়ে ভাবছি বসে —
কী ভাবছি কে জানে।
অবিনাশের ফরিদপুরে বাড়ি,
আনুকূল্য তার
বিশেষ কাজে লাগে
সানাই
আমার এ দশাতেই।
কোথা থেকে আপনি এসে জোটে
চাইতে না চাইতেই,
কাজ পেলে সে ভাগ্য ব ' লেই মানে —
খাটে মুটের মতো।
জিনিসপত্র বাঁধাছাঁদা,
লাগল ক ' ষে আস্তিন গুটিয়ে।
ওডিকোলন মুড়ে নিল পুরোনো এক আনন্দবাজারে।
ময়লা মোজায় জড়িয়ে নিল এমোনিয়া।
ড্রেসিং কেসে রাখল খোপে খোপে
হাত-আয়না, রূপোয় বাঁধা বুরুশ,
নখ চাঁচবার উখো,
সাবানদানি, ক্রিমের কৌটো, ম্যাকাসারের তেল।
ছেড়ে-ফেলা শাড়িগুলো
নানা দিনের নিমন্ত্রণের
ফিকে গন্ধ ছড়িয়ে দিল ঘরে।
সেগুলো সব বিছিয়ে দিয়ে চেপে চেপে
পাট করতে অবিনাশের যে-সময়টা গেল
নেহাত সেটা বেশি।
বারে বারে ঘুরিয়ে আমার চটিজোড়া
কোঁচা দিয়ে যত্নে দিল মুছে,
ফুঁ দিয়ে সে উড়িয়ে দিল ধুলোটা কাল্পনিক
মুখের কাছে ধ ' রে।
দেয়াল থেকে খসিয়ে নিল ছবিগুলো,
একটা বিশেষ ফোটো
মুছল আপন আস্তিনেতে অকারণে।
একটা চিঠির খাম
হঠাৎ দেখি লুকিয়ে নিল
বুকের পকেটেতে।
দেখে যেমন হাসি পেল, পড়ল দীর্ঘশ্বাস।
কার্পেটটা গুটিয়ে দিল দেয়াল ঘেঁষে —
সানাই
জন্মদিনের পাওয়া,
হল বছর-সাতেক।
অবসাদের ভারে অলস মন,
চুল বাঁধতে গা লাগে নাই সারা সকালবেলা,
আলগা আঁচল অন্যমনে বাঁধি নি ব্রোচ দিয়ে।
কুটিকুটি ছিঁড়তেছিলেম একে-একে
পুরোনো সব চিঠি —
ছড়িয়ে রইল মেঝের ‘ পরে, ঝাঁট দেবে না কেউ
বোশেখমাসের শুকনো হাওয়া ছাড়া।
ডাক আনল পাড়ার পিয়ন বুড়ো,
দিলেম সেটা কাঁপা হাতে রিডাইরেক্টেড ক ' রে।
রাস্তা দিয়ে চলে গেল তপসি-মাছের হাঁক,
চমকে উঠে হঠাৎ পড়ল মনে —
নাই কোনো দরকার।
মোটর-গাড়ির চেনা শব্দ কখন দূরে মিলিয়ে গেছে
সাড়ে-দশটা বেলায়
পেরিয়ে গিয়ে হাজরা রোডের মোড়।
উজাড় হল ঘর,
দেয়ালগুলো অবুঝ-পারা তাকিয়ে থাকে ফ্যাকাশে দৃষ্টিতে
যেখানে কেউ নেই।
সিঁড়ি বেয়ে পৌঁছে দিল অবিনাশ
ট্যাক্সিগাড়ি- ' পরে।
এই দরোজায় শেষ বিদায়ের বাণী
শোনা গেল ঐ ভক্তের মুখে —
বললে, ‘ আমায় চিঠি লিখো। '
রাগ হল তাই শুনে
কেন জানি বিনা কারণেই।
উদাস হাওয়ার পথে পথে
মুকুলগুলি ঝরে,
কুড়িয়ে নিয়ে এনেছি তাই
লহো করুণ করে।
যখন যাব চলে
ফুটবে তোমার কোলে,
মালা গাঁথার আঙুল যেন
আমার স্মরণ করে।
ও হাতখানি হাতে নিয়ে
বসব তোমার পাশে
ফুল-বিছানো ঘাসে,
কানাকানির সাক্ষী রইবে তারা।
বউ-কথা-কও ডাকবে
তন্দ্রাহারা।
স্মৃতির ডালায় রইবে আভাসগুলি
কালকে দিনের তরে।
শিরীষ-পাতায় কাঁপবে
আলো
নীরব দ্বিপ্রহরে।
যে গান আমি গাই
জানি নে সে
কার উদ্দেশে।
যবে জাগে মনে
অকারণে
চপল হাওয়া
সুর যায় ভেসে
কার উদ্দেশে।
ওই মুখে চেয়ে দেখি,
জানি নে তুমিই সে কি
অতীত কালের মুরতি এসেছ
নতুন কালের বেশে।
কভু জাগে মনে,
যে আসে নি এ জীবনে
ঘাট খুঁজি খুঁজি
গানের খেয়া সে মাগিতেছে বুঝি
আমার তীরেতে এসে।
তোমায় যখন সাজিয়ে দিলেম দেহ,
করেছ সন্দেহ
সত্য আমার দিই নি
তাহার সাথে।
তাই কেবলি বাজে আমার দিনে রাতে
সেই সুতীব্র ব্যথা —
এমন দৈন্য, এমন কৃপণতা,
যৌবন-ঐশ্বর্যে আমার এমন অসম্মান।
সে লাঞ্ছনা নিয়ে আমি
পাই নে কোথাও স্থান
এই বসন্তে ফুলের নিমন্ত্রণে।
ধেয়ান-মগ্ন ক্ষণে
নৃত্যহারা শান্ত নদী সুপ্ত তটের অরণ্যচ্ছায়ায়
অবসন্ন পল্লীচেতনায়
মেশায় যখন স্বপ্নে-বলা
মৃদু ভাষার ধারা —
প্রথম রাতের তারা
অবাক চেয়ে থাকে,
অন্ধকারের পারে যেন কানাকানির মানুষ পেল কাকে,
হৃদয় তখন বিশ্বলোকের
অনন্ত নিভৃতে
দোসর নিয়ে চায় যে প্রবেশিতে —
কে দেয় দুয়ার রুধে,
একলা ঘরের স্তব্ধ কোণে
থাকি নয়ন মুদে।
কী সংশয়ে কেন তুমি এলে কাঙাল বেশে।
সময় হলে রাজার মতো এসে
জানিয়ে কেন দাও নি আমায় প্রবল তোমার দাবি।
ভেঙে যদি ফেলতে ঘরের চাবি
ধুলার 'পরে মাথা আমার
দিতেম লুটায়ে,
গর্ব আমার অর্ঘ্য হত পায়ে।
দুঃখের সংঘাতে আজি সুধার পাত্র উঠেছে এই ভ 'রে,
তোমার পানে উদ্দেশেতে ঊর্ধ্বে আছি ধ 'রে
চরম আত্মদান।
তোমার অভিমান
আঁধার ক ' রে আছে আমার সমস্ত জগৎ,
পাই নে খুঁজে সার্থকতার পথ।
প্রথম তোমাকে দেখেছি তোমার
বোনের বিয়ের বাসরে
নিমন্ত্রণের আসরে।
সেদিন তখনো দেখেও তোমাকে দেখি নি,
তুমি যেন ছিলে
সূক্ষ্মরেখিণী
ছবির মতো —
পেন্সিলে-আঁকা ঝাপসা ধোঁয়াটে লাইনে
চেহারার ঠিক ভিতর
দিকের
সন্ধানটুকু পাই নে।
নিজের মনের রঙ মেলাবার
বাটিতে
চাঁপালি খড়ির মাটিতে
গোলাপি খড়ির
রঙ হয় নি যে গোলা,
সোনালি রঙের মোড়ক হয় নি খোলা।
দিনে দিনে শেষে সময় এসেছে আগিয়ে,
তোমার ছবিতে আমারি
মনের
রঙ যে দিয়েছি লাগিয়ে।
বিধাতা তোমাকে সৃষ্টি করতে এসে
আনমনা হয়ে শেষে
কেবল তোমার ছায়া
রচে দিয়ে, ভুলে ফেলে
গিয়েছেন —
শুরু করেন নি কায়া।
যদি শেষ করে দিতেন,
হয়তো
হত সে তিলোত্তমা,
একেবারে নিরুপমা।
যত রাজ্যের যত কবি
তাকে
ছন্দের ঘের দিয়ে
আপন বুলিটি শিখিয়ে করত
কাব্যের পোষা টিয়ে।
আমার মনের স্বপ্নে তোমাকে
যেমনি দিয়েছি দেহ
সানাই
অমনি তখন নাগাল পায় না
সাহিত্যিকেরা কেহ।
আমার দৃষ্টি তোমার
সৃষ্টি
হয়ে গেল একাকার।
মাঝখান থেকে বিশ্বপতির ঘুচে গেল অধিকার।
তুমি যে কেমন আমিই
কেবল জানি,
কোনো সাধারণ বাণী
লাগে না কোনোই কাজে।
কেবল তোমার নাম ধ ' রে
মাঝে-মাঝে
অসময়ে দিই ডাক,
কোনো প্রয়োজন থাক্ বা
নাই-বা থাক্ ।
অমনি তখনি কাঠিতে-জড়ানো উলে
হাত কেঁপে গিয়ে গুন্ তিতে যাও ভুলে।
কোনো কথা আর নাই কোনো অভিধানে
যার এত বড়ো মানে।
মাঝে মাঝে আসি যে তোমারে
গান শিখাবারে —
মনে তব কৌতুক লাগে,
অধরের আগে
দেখা দেয় একটুকু হাসির কাঁপন।
যে-কথাটি আমার আপন
এই ছলে হয় সে তোমারি।
তারে তারে সুর বাঁধা হয়ে যায় তারি
অন্তরে অন্তরে
কখন তোমার অগোচরে।
চাবি করা চুরি,
প্রাণের গোপন দ্বারে প্রবেশের সহজ চাতুরী,
সুর দিয়ে পথ বাঁধা
যে-দুর্গমে কথা পেত পদে পদে পাষাণের বাধা —
গানের মন্ত্রেতে দীক্ষা যার
এই তো তাহার অধিকার।
সেই জানে দেবতার
অলক্ষিত পথ
শূন্যে শূন্যে যেথা চলে মহেন্দ্রের শব্দভেদী রথ।
ঘনবর্ষণের পিছে যেমন
সে বিদ্যুতের খেলা
বিমুখ নিশীথবেলা,
অমোঘ বিজয়মন্ত্র হানে
দূর দিগন্তের পানে,
আঁধারের সংকোচ বিচ্ছিন্ন হয়ে
পড়ে
মেঘমল্লারের ঝড়ে।
আলোকের আভা তার অলকের চুলে,
বুকের
কাছেতে হাঁটু তুলে
বসে আছে ঠেস দিয়ে পিপুলগুঁড়িতে,
পাশেই
পাহাড়ে নদী নুড়িতে নুড়িতে
ফুলে উঠে চলে যায় বেগে।
দেবদারু-ছায়াতলে উঠে জেগে
কলস্বর,
কান পেতে শোনে তাই প্রাচীন পাথর —
অরণ্যের কোল
যেন মুখরিয়া
তোলে শিশুর কল্লোল।
ইংরেজ কবির লেখা একমনে পড়িছে তরুণী,
গুন্ গুন্ রব তার পিছনে দাঁড়ায়ে আমি শুনি
;
মৃদু বেদনায় ভাবি, যে-কবির বাণী
পড়িছে বিরাম নাহি মানি,
আমি কেন সে কবি না হই।
এতদিন নানাভাবে কাব্যে যাহা কই
আজি এ গিরির মতো কেন সে নির্বাক।
অদূরে মাদার-শাখে ঘুঘু দেয় ডাক।
আমার মর্মের ছন্দ পাখির ভাষায়
অফুরান নৈরাশায়
উছলিতে থাকে একতানে
আন-মননীর কানে কানে।
আতপ্ত হতেছে দিন, শিশির শুকায়ে গেছে ঘাসে,
অজানা ফুলের গুচ্ছ উচ্চ শাখে দুলিছে বাতাসে
।
ঢালু তটে তরুচ্ছায়াতলে
ঝিলিমিলি শিহরন ঝরনার জলে।
চূর্ণ কেশে নিত্য চঞ্চলতা,
দুর্বাধ্য পড়িছে চোখে, অধ্যয়নরতা
সরায়ে দিতেছে বারংবার
বাহুক্ষেপে। ধৈর্য মোর রহিল না আর ;
সানাই
চকিতে সম্মুখে আসি শুধালাম,
“ তুমি কি শোন নি মোর
নাম। ”
মুখে তার সে কি অসন্তোষ,
সে কি লজ্জা, সে কি রোষ,
সে কি সমুদ্ধত অহংকার।
উত্তর শোনার
অপেক্ষা না করি আমি দ্রুত গেনু
চলি।
ঘুঘুর কাকলি
ঘন পল্লবের মাঝে আশ্বিনের রৌদ্র ও ছায়ারে
ব্যথিত করিছে চির
নিরুত্তর ব্যর্থতার ভারে।
মিথ্যা, মিথ্যা এ স্বপন, ঘরে ফিরে বসিয়া নির্জনে
শৈল-অরণ্যের সেই
ছবিখানি আনি মনে-মনে
অসম্ভব রচনায়
পূরণ করিনু তারে ঘটে
নি যা সেই কল্পনায়।
যদি সত্য হ ' ত, যদি বলিতাম কিছু,
শুনিত সে মাথা করি নিচু,
কিংবা যদি সুতীব্র চাহনি
বিদ্যুৎবাহনী
কটাক্ষে হানিত মুখে
রক্ত মোর আলোড়িয়া বুকে,
কিংবা যদি চলে যেত অঞ্চল সংবরি
শুষ্কপত্রপরিকীর্ণ
বনপথ সচকিত করি,
আমি রহিতাম চেয়ে
হেসে উঠিতাম গেয়ে,—
“ চলে গেলে হে রূপসী,
মুখখানি ঢেকে,
বঞ্চিত কর নি মোরে, পিছনে গিয়েছ কিছু রেখে। ”
হায় রে, হয় নি কিছু বলা,
হয় নি ছায়ার পথে
ছায়াসম চলা,
হয়তো সে শিলাতল- ' পরে
এখনো পড়িছে কাব্য
গুন্ গুন্ স্বরে।
হে বন্ধু, সবার চেয়ে চিনি তোমাকেই
এ কথায় পূর্ণ সত্য নেই।
চিনি আমি সংসারের শত-সহস্রেরে
কাজের বা অকাজের ঘেরে
নির্দিষ্ট সীমায় যারা স্পষ্ট হয়ে জাগে,
প্রত্যহের ব্যবহারে
লাগে,
প্রাপ্য যাহা হাতে দেয় তাই,
দান যাহা তাহা নাহি পাই।
অনন্তের সমুদ্রমন্থনে
গভীর রহস্য হতে তুমি
এলে আমার জীবনে।
উঠিয়াছ অতলের অস্পষ্টতাখানি
আপনার চারি দিকে টানি।
নীহারিকা রহে যথা কেন্দ্রে তার নক্ষত্রেরে ঘেরি,
জ্যোতির্ময় বাষ্প-মাঝে দূরবিন্দু তারাটিরে হেরি।
তোমা-মাঝে শিল্পী তার রেখে গেছে তর্জনীর মানা,
সব নহে জানা।
সৌন্দর্যের যে-পাহারা জাগিয়া রয়েছে অন্তঃপুরে
সে আমারে নিত্য রাখে দূরে।
আজি এই মেঘমুক্ত সকালের স্নিগ্ধ নিরালায়
অচেনা গাছের যত ছিন্ন
ছিন্ন ছায়ার ডালায়
রৌদ্রপুঞ্জ আছে ভরি।
সারাবেলা ধরি
কোন্ পাখি আপনারি সুরে কুতূহলী
আলস্যের পেয়ালায় ঢেলে দেয় অস্ফুট কাকলি।
হঠাৎ কী হল মতি,
সোনালি রঙের প্রজাপতি
আমার রূপালি চুলে
বসিয়া রয়েছে পথ ভুলে।
সাবধানে থাকি, লাগে ভয়,
পাছে ওর জাগাই সংশয় —
ধরা প ' ড়ে যায় পাছে, আমি নই গাছের দলের,
আমার বাণী সে নহে ফুলের ফলের।
চেয়ে দেখি, ঘন হয়ে
কোথা নেমে গেছে ঝোপঝাড় ;
সম্মুখে পাহাড়
আপনার অচলতা ভুলে থাকে বেলা-অবেলায়,
হামাগুড়ি দিয়ে চলে দলে দলে মেঘের খেলায়।
হোথা শুষ্ক জলধারা
শব্দহীন রচিছে ইশারা
পরিশ্রান্ত নিদ্রিত
বর্ষার। নুড়িগুলি
বনের ছায়ার মধ্যে অস্থিসার প্রেতের অঙ্গুলি
নির্দেশ করিছে তারে
যাহা নিরর্থক,
নির্ঝরিণী-সর্পিণীর দেহচ্যুত ত্বক্ ।
এখনি এ আমার দেখাতে
মিলায়েছে শৈলশ্রেণী
তরঙ্গিত নীলিম রেখাতে
আপন অদৃশ্য লিপি। বাড়ির সিঁড়ির ‘ পরে
স্তরে স্তরে
সানাই
বিদেশী ফুলের টব,
সেথা জেরেনিয়মের গন্ধ
শ্বসিয়া নিয়েছে মোর ছন্দ।
এ চারিদিকের এই-সব নিয়ে সাথে
বর্ণে গন্ধে বিচিত্রিত
একটি দিনের ভূমিকাতে
এটুকু রচনা মোর বাণীর যাত্রায় হোক পার
যে ক ' দিন তার ভাগ্যে
সময়ের আছে অধিকার।
এ ধূসর জীবনের গোধূলি,
ক্ষীণ তার উদাসীন স্মৃতি,
মুছে-আসা সেই ম্লান ছবিতে
রঙ দেয় গুঞ্জনগীতি।
ফাগুনের চম্পক পরাগে
সেই রঙ জাগে,
ঘুমভাঙা কোকিলের কূজনে
সেই রঙ লাগে,
সেই রঙ পিয়ালের ছায়াতে
ঢেলে দেয় পূর্ণিমাতিথি।
এই ছবি ভৈরবী-আলাপে
দোলে মোর কম্পিত বক্ষে,
সেই ছবি সেতারের প্রলাপে
মরীচিকা এনে দেয় চক্ষে,
বুকের লালিম-রঙে রাঙানো
সেই ছবি স্বপ্নের অতিথি।
বৈকালবেলা ফসল-ফুরানো
শূন্য খেতে
বৈশাখে যবে কৃপণ ধরণী
রয়েছে তেতে,
ছেড়ে তার বন জানি নে কখন
কী ভুল ভুলি
শুষ্ক ধূলির ধূসর দৈন্যে
এসেছিল বুল্ বুলি।
সকালবেলার স্মৃতিখানি মনে
বহিয়া বুঝি
তরুণ দিনের ভরা আতিথ্য
বেড়ালো খুঁজি।
অরুণে শ্যামলে উজ্জ্বল সেই
পূর্ণতারে
মিথ্যা ভাবিয়া ফিরে যাবে সে কি
রাতের অন্ধকারে।
তবুও তো গান করে গেল দান
কিছু না পেয়ে।
সংশয়-মাঝে কী শুনায়ে গেল
কাহারে চেয়ে।
যাহা গেছে সরে কোনো রূপ ধ ' রে
রয়েছে বাকি,
এই সংবাদ বুঝি মনে মনে
জানিতে পেরেছে পাখি।
প্রভাতবেলার যে ঐশ্বর্য
রাখে নি কণা,
এসেছিল সে যে, হারায় না কভু
সানাই
সে সান্ত্বনা।
সত্য যা পাই ক্ষণেকের তরে
ক্ষণিক নহে।
সকালের পাখি বিকালের গানে
এ আনন্দই বহে।
মন যে তাহার হঠাৎপ্লাবনী
নদীর প্রায়
অভাবিত পথে সহসা কী টানে
বাঁকিয়া যায় —
সে তার সহজ গতি,
সেই বিমুখতা ভরা ফসলের
যতই করুক ক্ষতি।
বাঁধা পথে তারে বাঁধিয়া রাখিবে যদি
বর্ষা নামিলে খরপ্রবাহিণী নদী
ফিরে ফিরে তার ভাঙিয়া ফেলিবে কূল,
ভাঙিয়া তোমার ভুল।
নয় সে খেলার পুতুল, নয় সে
আদরের পোষা প্রাণী,
মনে রেখো তাহা জানি।
মত্তপ্রবাহবেগে
দুর্দাম তার ফেনিল হাস্য
কখন উঠিবে জেগে।
তোমার প্রাণের পণ্য আহরি
ভাসাইয়া দিলে ভঙ্গুর তরী,
হঠাৎ কখন পাষাণে আছাড়ি
করিবে সে পরিহাস,
হেলায় খেলায় ঘটাবে সর্বনাশ।
এ খেলারে যদি খেলা বলি মান,
হাসিতে হাস্য মিলাইতে জান,
তা হলে রবে না খেদ।
ঝরনার পথে উজানের খেয়া,
সে যে মরণের জেদ।
স্বাধীন বলো যে ওরে
নিতান্ত ভুল ক 'রে।
দিক্ সীমানার বাঁধন টুটিয়া
সানাই
ঘুমের ঘোরেতে চমকি উঠিয়া
যে-উল্কা পড়ে খ ' সে
কোন্ ভাগ্যের দোষে
সেই কি
স্বাধীন, তেমনি স্বাধীন এও —
এরে ক্ষমা করে যেয়ো।
বন্যারে নিয়ে খেলা যদি সাধ
লাভের হিসাব দিয়ো তবে বাদ,
গিরিনদী-সাথে বাঁধা পড়িয়ো না
পণ্যের ব্যবহারে।
মূল্য যাহার আছে একটুও
সাবধান করি ঘরে তারে থুয়ো,
খাটাতে যেয়ো না মাতাল চলার
চলতি এ কারবারে।
কাটিয়ো সাঁতার যদি জানা থাকে,
তলিয়ে যেয়ো না আওড়ের পাকে,
নিজেরে ভাসায়ে রাখিতে না জান
ভরসা ডাঙার পারে —
যতই নীরস হোক-না সে তবু
নিরাপদ জেনো তারে।
‘ সে আমারি ' ব ' লে বৃথা অহমিকা
ভালে আঁকি দেয় ব্যঙ্গের টিকা।
আল্ গা লীলায় নাই দেওয়া পাওয়া,
দূর থেকে শুধু আসা আর যাওয়া —
মানবমনের রহস্য কিছু শিখা।
আকাশে ঈশানকোণে
মসীপুঞ্জ মেঘ।
আসন্ন ঝড়ের বেগ
স্তব্ধ রহে অরণ্যের ডালে ডালে
যেন সে বাদুড় পালে পালে।
নিষ্কম্প পল্লবঘন মৌনরাশি
শিকার-প্রত্যাশী
বাঘের মতন আছে থাবা পেতে,
রন্ধ্রহীন আঁধারেতে।
ঝাঁকে ঝাঁক
উড়িয়া চলেছে কাক
আতঙ্ক বহন করি উদ্ বিগ্ন ডানার ' পরে।
যেন কোন্ ভেঙে-পড়া
লোকান্তরে
ছিন্ন ছিন্ন রাত্রিখন্ড চলিয়াছে উড়ে
উচ্ছৃঙ্খল ব্যর্থতার
শূন্যতল জুড়ে।
দুর্যোগের ভূমিকায়
তুমি আজ কোথা হতে এলে
এলোচুলে অতীতের বনগন্ধ মেলে।
জন্মের আরম্ভপ্রান্তে আর-একদিন
এসেছিলে অম্লান নবীন
বসন্তের প্রথম দূতিকা,
এনেছিলে আষাঢ়ের প্রথম যূথিকা
অনির্বচনীয় তুমি।
মর্মতলে উঠিলে কুসুমি
অসীম বিস্ময়-মাঝে,
নাহি জানি এলে কোথা হতে
অদৃশ্য আলোক হতে দৃষ্টির আলোতে।
তেমনি রহস্যপথে, হে অভিসারিকা,
আজ আসিয়াছ তুমি ;
ক্ষণদীপ্ত বিদ্যুতের শিখা
কী ইঙ্গিত মেলিতেছে মুখে তব,
কী তাহার ভাষা অভিনব।
সানাই
আসিছ যে-পথ বেয়ে
সেদিনের চেনা পথ এ কি।
এ যে দেখি
কোথাও বা ক্ষীণ তার রেখা,
কোথাও চিহ্নের সূত্র লেশমাত্র নাহি যায় দেখা।
ডালিতে এনেছ ফুল স্মৃত বিস্মৃত,
কিছু-বা অপরিচিত।
হে দূতী, এনেছ আজ গন্ধে তব যে-ঋতুর বাণী
নাম তার নাহি জানি।
মৃত্যু-অন্ধকারময়
পরিব্যাপ্ত হয়ে আছে আসন্ন তাহার পরিচয়।
তারি বরমাল্যখানি পরাইয়া দাও মোর গলে
স্তিমিতনক্ষত্র এই নীরবের সভাঙ্গনতলে।
এই তব শেষ অভিসারে
ধরণীর পারে
মিলন ঘটায়ে যাও অজানার সাথে
অন্তহীন রাতে।
কোন্ ভাঙনের পথে এলে
আমার সুপ্ত রাতে।
ভাঙল যা তাই ধন্য হল
নিঠুর চরণ-পাতে।
রাখব গেঁথে তারে
কমলমণির হারে,
দুলবে বুকে গোপন বেদনাতে।
সেতারখানি নিয়েছিলে
অনেক যতনভরে —
তার যবে তার ছিন্ন হল
ফেললে ভূমি- ' পরে।
নীরব তাহার গান
রইল তোমার দান —
ফাগুন-হাওয়ার মর্মে বাজে
গোপন মত্ততাতে।
সেদিন তুমি দূরের ছিলে মম,
তাই ছিলে সেই আসন- '
পরে যা অন্তরতম।
অগোচরে সেদিন তোমার লীলা
বইত অন্তঃশীলা।
থমকে যেতে যখন কাছে আসি
তখন তোমার ত্রস্ত চোখে বাজত দূরের বাঁশি।
ছায়া তোমার মনের কুঞ্জে ফিরত চুপে চুপে,
কায়া নিত অপরূপের রূপে
।
আশার অতীত বিরল অবকাশে
আসতে তখন পাশে ;
একটি ফুলের দানে
চিরফাগুন-দিনের হাওয়া আনতে আমার প্রাণে।
অবশেষে যখন তোমার
অভিসারের রথ
পেল আপন সহজ সুগম পথ,
ইচ্ছা তোমার আর নাহি পায় নতুন-জানার বাধা,
সাধনা নাই, শেষ হয়েছে
সাধা।
তোমার পালে লাগে না আর হঠাৎ দখিন-হাওয়া ;
শিথিল হল সকল চাওয়া
পাওয়া।
মাঘের রাতে আমের বোলের গন্ধ বহে যায়,
নিশ্বাস তার মেলে না
আর তোমার বেদনায়।
উদ্ বেগ নাই, প্রত্যাশা নাই, ব্যথা নাইকো কিছু,
পোষ-মানা সব দিন চলে
যায় দিনের পিছু পিছু।
অলস ভালোবাসা
হারিয়েছে তার ভাষাপারের ভাষা।
ঘরের কোণের ভরা পাত্র
দুই বেলা তা পাই,
ঝর্ নাতলার উছল পাত্র নাই।
জানি দিন অবসান হবে,
জানি তবু কিছু বাকি রবে।
রজনীতে ঘুমহারা পাখি
এক সুরে গাহিবে একাকী —
যে শুনিবে, যে রহিবে জাগি
সে জানিবে, তারি নীড়হারা
স্বপন খুঁজিছে সেই তারা
যেথা প্রাণ হয়েছে বিবাগি।
কিছু পরে করে যাবে চুপ
ছায়াঘন স্বপনের রূপ।
ঝরে যাবে আকাশকুসুম,
তখন কূজনহীন ঘুম
এক হবে রাত্রির সাথে।
যে-গান স্বপনে নিল বাসা
তার ক্ষীণ গুঞ্জন-ভাষা
শেষ হবে সব-শেষ রাতে।
জ্বেলে দিয়ে যাও সন্ধ্যাপ্রদীপ
বিজন ঘরের কোণে।
নামিল শ্রাবণ, কালো ছায়া তার
ঘনাইল বনে বনে।
বিস্ময় আনো ব্যগ্র
হিয়ার পরশ-প্রতীক্ষায়
সজল পবনে নীল বসনের চঞ্চল কিনারায়,
দুয়ার-বাহির হতে আজি ক্ষণে ক্ষণে
তব কবরীর করবীমালার
বারতা আসুক মনে।
বাতায়ন হতে উৎসুক দুই আঁখি
তব মঞ্জীর-ধ্বনি পথ বেয়ে
তোমারে কি যায় ডাকি।
কম্পিত এই মোর বক্ষের ব্যথা
অলকে তোমার আনে কি চঞ্চলতা
বকুলবনের মুখরিত সমীরণে।
স্বাতন্ত্র্যস্পর্ধায় মত্ত পুরুষেরে করিবারে বশ
যে-আনন্দরস
রূপ ধরেছিল রমণীতে,
ধরণীর ধমনীতে
তুলেছিল চাঞ্চল্যের দোল
রক্তিম হিল্লোল,
সেই আদি ধ্যানমূর্তিটিরে
সন্ধান করিছে ফিরে ফিরে
রূপকার মনে-মনে
বিধাতার তপস্যার সংগোপনে।
পলাতকা লাবণ্য তাহার
বাঁধিবারে চেয়েছে সে আপন সৃষ্টিতে
প্রত্যক্ষ দৃষ্টিতে।
দুর্বাধ্য প্রস্তরপিন্ডে দুঃসাধ্য সাধনা
সিংহাসন করেছে রচনা
অধরাকে করিতে আপন
চিরন্তন।
সংসারের ব্যবহারে যত লজ্জা ভয়
সংকোচ সংশয়,
শাস্ত্রবচনের ঘের,
ব্যবধান বিধিবিধানের
সকল ই ফেলিয়া দূরে
ভোগের অতীত মূল সুরে
নগ্নতা করেছে শুচি,
দিয়ে তারে ভুবনমোহিনী শুভ্ররুচি।
পুরুষের অনন্ত বেদন
মর্তের মদিরা-মাঝে
স্বর্গের সুধারে অন্বেষণ।
তারি চিহ্ন যেখানে-সেখানে
কাব্যে গানে,
ছবিতে মূর্তিতে,
সানাই
দেবালয়ে দেবীর স্তুতিতে।
কালে কালে দেশে দেশে
শিল্পস্বপ্নে দেখে রূপখানি,
নাহি তাহে প্রত্যহের গ্লানি।
দুর্বলতা নাহি তাহে, নাহি ক্লান্তি —
টানি লয়ে বিশ্বের সকল কান্তি
আদিস্বর্গলোক হতে
নির্বাসিত পুরুষের মন
রূপ আর অরূপের ঘটায় মিলন।
উ দ ্ ভা সিত ছিলে
তুমি, অয়ি নারী, অপূর্ব আলোকে
সেই পূর্ণ লোকে —
সেই ছবি আনিতেছ ধ্যান ভরি
বিচ্ছেদের মহিমায় বিরহীর নিত্যসহচরী।
আমার প্রিয়ার সচল ছায়াছবি
সজল নীলাকাশে।
আমার প্রিয়া মেঘের
ফাঁকে ফাঁকে
সন্ধ্যাতারায় লুকিয়ে দেখে কাকে,
সন্ধ্যাদীপের লুপ্ত আলো স্মরণে তার ভাসে।
বারিঝরা বনের গন্ধ নিয়া
পরশহারা বরণমালা গাঁথে আমার প্রিয়া।
আমার প্রিয়া ঘন শ্রাবণধারায়
আকাশ ছেয়ে মনের কথা হারায়,
আমার প্রিয়ার আঁচল দোলে
নিবিড় বনের শ্যামল উচ্ছ্বাসে।
কেন মনে হয় —
তোমার এ গানখানি এখনি যে শোনালে তা নয়।
বিশেষ লগ্নের কোনো চিহ্ন পড়ে নাই এর সুরে ;
শুধু এই মনে পড়ে, এই গানে দিগন্তের দূরে
আলোর কাঁপনখানি লেগেছিল সন্ধ্যাতারকার
সুগভীর স্তব্ধতায়, সে-স্পন্দন শিরায় আমার
রাগিণীর চমকেতে রহি রহি বিচ্ছুরিছে আলো
আজি দেয়ালির দিনে। আজো এই অন্ধকারে জ্বালো
সেই সায়াহ্নের স্মৃতি, যে নিভৃতে নক্ষত্রসভায়
নীহারিকা ভাষা তার প্রসারিল নিঃশব্দ প্রভায় —
যে-ক্ষণে তোমার স্বর জ্যোতির্লোকে দিতেছিল আনি
অনন্তের-পথ-চাওয়া ধরিত্রীর সকরুণ বাণী।
সেই স্মৃতি পার হয়ে মনে মোর এই প্রশ্ন লাগে,
কালের-অতীত প্রান্তে তোমারে কি চিনিতাম আগে।
দেখা হয়েছিল না কি কোনো-এক সংগীতের পথে
অরূপের মন্দিরেতে অপরূপ ছন্দের জগতে।
কাঁঠালের ভূতি-পচা, আমানি, মাছের যত আঁশ,
রান্নাঘরের পাঁশ,
মরা বিড়ালের দেহ,
পেঁকো নর্দমায়
বীভৎস মাছির দল ঐকতান-বাদন জমায়।
শেষরাত্রে মাতাল বাসায়
স্ত্রীকে মারে, গালি দেয় গদ্ গদ ভাষায়,
ঘুমভাঙা পাশের বাড়িতে
পাড়াপ্রতিবেশী থাকে হুংকার ছাড়িতে।
ভদ্রতার বোধ যায় চলে,
মনে হয় নরহত্যা পাপ নয়
ব ' লে।
কুকুরটা, সর্ব অঙ্গে ক্ষত,
বিছানায় শোয় এসে, আমি
নিদ্রাগত।
নিজেরে জানান দেয় তীব্রকণ্ঠে আত্মশ্লাঘী সতী
রণচন্ডা চন্ডী মূর্তিমতী।
মোটা
সিঁদুরের রেখা আঁকা,
হাতে মোটা শাঁখা,
শাড়ি লাল-পেড়ে,
খাটো খোঁপা-পিন্ডটুকু ছেড়ে
ঘোমটার প্রান্ত ওঠে টাকের সীমায় —
অস্থির সমস্ত পাড়া এ মেয়ের সতী-মহিমায়।
এ গলিতে বাস মোর, তবু আমি জন্ম-রোমান্টিক —
আমি সেই পথের পথিক
যে-পথ দেখায়ে চলে
দক্ষিণে বাতাসে,
পাখির ইশারা যায় যে-পথের অলক্ষ্য আকাশে।
মৌমাছি যে-পথ জানে
মাধবীর অদৃশ্য আহ্বানে।
এটা সত্য কিংবা সত্য ওটা
মোর কাছে মিথ্যা সে তর্কটা।
সানাই
আকাশকুসুম-কুঞ্জবনে,
দিগঙ্গনে
ভিত্তিহীন যে-বাসা আমার
সেখানেই পলাতকা
আসা-যাওয়া করে বার-বার।
আজি এই চৈত্রের খেয়ালে
মনেরে জড়ালো ইন্দ্রজালে।
দেশকাল
ভুলে গেল তার বাঁধা তাল।
নায়িকা আসিল নেমে
আকাশপ্রদীপে আলো পেয়ে।
সেই মেয়ে
নহে বিংশ-শতকিয়া
ছন্দোহারা কবিদের
ব্যঙ্গহাসি-বিহসিত প্রিয়া।
সে নয় ইকনমিক্ স্ -পরীক্ষাবাহিনী
আতপ্ত বসন্তে আজি নিশ্বসিত যাহার কাহিনী।
অনসূয়া নাম তার, প্রাকৃতভাষায়
কারে সে বিস্মৃত যুগে কাঁদায় হাসায়,
অশ্রুত হাসির ধ্বনি মিলায় সে কলকোলাহলে
শিপ্রাতটতলে।
পিনদ্ধ বল্কলবন্ধে
যৌবনের বন্দী দূত দোঁহে
জাগে অঙ্গে উদ্ধত বিদ্রোহে।
অযতনে এলায়িত রুক্ষ কেশপাশ
বনপথে মেলে চলে মৃদুমন্দ গন্ধের আভাস।
প্রিয়কে সে বলে, ‘ পিয় ',
বাণী লোভনীয় —
এনে দেয় রোমা ঞ্চ -হরষ
কোমল সে ধ্বনির পরশ।
সোহাগের নাম দেয় মাধবীরে
আলিঙ্গনে ঘিরে,
এ মাধুরী যে দেখে গোপনে
ঈর্ষার বেদনা পায় মনে।
সানাই
যখন নৃপতি ছিল
উচ্ছৃঙ্খল উন্মত্তের মতো
দয়াহীন ছলনায় রত
আমি কবি অনাবিল সরল মাধুরী
করিতেছিলাম চুরি
এলা-বনচ্ছায়ে এক কোণে,
মধুকর যেমন গোপনে
ফুলমধু লয় হরি
নিভৃত ভান্ডার ভরি ভরি
মালতীর স্মিত সম্মতিতে।
ছিল সে গাঁথিতে
নতশিরে পুষ্পহার
সদ্য-তোলা কুঁড়ি মল্লিকার।
বলেছিনু, আমি দেব ছন্দের গাঁথুনি
কথা চুনি চুনি।
অয়ি মালবিকা
অভিসার-যাত্রাপথে কখনো বহ নি দীপশিখা।
অর্ধাবগুণ্ঠিত ছিলে
কাব্যে শুধু ইঙ্গিত-আড়ালে,
নিঃশবদে চরণ বাড়ালে
হৃদয়প্রাঙ্গণে আজি স্পষ্ট আলোকে —
বিস্মিত চাহনিখানি বিস্ফারিত কালো দুটি চোখে,
বহু মৌনী শতাব্দীর মাঝে দেখিলাম —
প্রিয় নাম
প্রথম শুনিলে বুঝি কবিকণ্ঠস্বরে
দূর
যুগান্তরে।
বোধ হল, তুলে ধ ' রে ডালা
মোর হাতে দিলে তব আধফোটা মল্লিকার মালা।
সুকুমার অঙ্গুলির ভঙ্গীটুকু মনে ধ্যান ক ' রে
ছবি আঁকিলাম বসে চৈত্রের প্রহরে।
স্বপ্নের বাঁশিটি আজ ফেলে তব
কোলে
আর-বার যেতে হবে চ ' লে
সেথা, যেথা বাস্তবের মিথ্যা বঞ্চনায়
দিন চলে যায়।
এসেছিলে তবু আস নাই,
তাই
জানায়ে গেলে
সমুখের পথে পলাতকা
পদ-পতন ফেলে।
তোমার সে উদাসীনতা
উপহাসভরে জানালো কি মোর দীনতা।
সে কি ছল-করা অবহেলা, জানি না সে —
চপল চরণ সত্য কি ঘাসে ঘাসে
গেল উপেক্ষা মেলে।
পাতায় পাতায় ফোঁটা ফোঁটা ঝরে জল,
ছলছল করে শ্যাম বনান্ততল।
তুমি কোথা দূরে কুঞ্জছায়াতে
মিলে গেলে কলমুখর মায়াতে,
পিছে পিছে তব ছায়ারৌদ্রের
খেলা গেলে তুমি খেলে।
পূর্ণ হয়েছে বিচ্ছেদ, যবে ভাবিনু মনে,
একা একা কোথা চলিতেছিলাম নিষ্কারণে।
শ্রাবণের মেঘ কালো হয়ে নামে বনের শিরে,
খর বিদ্যুৎ রাতের বক্ষ দিতেছে চিরে,
দূর হতে শুনি বারুণী নদীর তরল রব —
মন শুধু বলে, অসম্ভব এ অসম্ভব।
এমনি রাত্রে কতবার, মোর বাহুতে মাথা,
শুনেছিল সে যে কবির ছন্দে কাজরি-গাথা।
রিমিঝিমি ঘন বর্ষণে বন রোমাঞ্চিত,
দেহে আর মনে এক হয়ে গেছে যে-বাঞ্ছিত
এল সেই রাতি বহি শ্রাবণের সে-বৈভব —
মন শুধু বলে, অসম্ভব এ অসম্ভব।
দূরে চলে যাই নিবিড় রাতের অন্ধকারে,
আকাশের সুর বাজিছে শিরায় বৃষ্টিধারে।
যূথীবন হতে বাতাসেতে আসে সুধার স্বাদ,
বেণীবাঁধনের মালায় পেতেম যে-সংবাদ
এই তো জেগেছে নবমালতীর সে সৌরভ —
মন শুধু বলে, অসম্ভব এ অসম্ভব।
ভাবনার ভুলে কোথা চলে যাই অন্যমনে
পথসংকেত কত জানায়েছে যে-বাতায়নে।
শুনিতে পেলেম সেতারে বাজিছে সুরের দান
অশ্রুজলের আভাসে জড়িত আমারি গান।
কবিরে ত্যজিয়া রেখেছ কবির এ গৌরব —
মন শুধু বলে, অসম্ভব এ অসম্ভব।
মনে পড়ে কবে ছিলাম একা
বিজন চরে ;
তোমার নৌকা ভরা পালের ভরে
সুদূর পারের হতে
কোন্ অবেলার এল উজান স্রোতে।
দ্বিধায় ছোঁওয়া তোমার মৌনীমুখে
কাঁপতেছিল সলজ্জ কৌতুকে
আঁচল-আড়ে দীপের মতো একটুখানি হাসি,
নিবিড়
সুখের বেদন দেহে উঠছিল নিশ্বাসি।
দুঃসহ বিস্ময়ে
ছিলাম স্তব্ধ হয়ে,
বলার মতো বলা পাই নি খুঁজে ;
মনের সঙ্গে যুঝে
মুখের কথার হল পরাজয়।
তোমার তখন লাগল বুঝি ভয়,
বাঁধন-ছেঁড়া অধীরতার এমন দুঃসাহসে
গোপনে মন পাছে তোমায় দোষে।
মিনতি উপেক্ষা করি ত্বরায় গেলে চলে
“ তবে আসি ” এইটি শুধু ব ' লে।
তখন আমি আপন মনে যে-গান সারাদিন
গেয়েছিলেম, তাহারি সুর রইল অন্তহীন।
পাথর-ঠেকা নির্ঝর সে, তারি কলস্বর
দূরের থেকে পূর্ণ করে বিজন অবসর।
বসন্ত সে যায় তো হেসে, যাবার কালে
শেষ কুসুমের পরশ রাখে
বনের ভালে।
তেমনি তুমি যাবে জানি,
ঝলক দেবে হাসিখানি,
অলক হতে খসবে অশোক
নাচের তালে।
ভাসান-খেলার তরীখানি চলবে বেয়ে,
একলা ঘাটে রইব চেয়ে।
অস্তরবি তোমার পালে
রঙিন রশ্মি যখন ঢালে
কালিমা রয় আমার রাতের
অন্তরালে।
মেঘ কেটে গেল
আজি এ সকাল বেলায়।
হাসিমুখে এসো
অলস দিনেরি খেলায়।
আশানিরাশার সঞ্চয় যত
সুখদুঃখেরে ঘেরে
ভ ' রে ছিল যাহা সার্থক আর
নিষ্ফল প্রণয়েরে,
অকূলের পানে দিব তা ভাসায়ে
ভাঁটার গাঙের ভেলায়।
যত বাঁধনের
গ্রন্থন দিব খুলে,
ক্ষণিকের তরে
রহিব সকল ভুলে।
যে গান হয় নি গাওয়া,
যে দান হয় নি পাওয়া
পুবেন হাওয়ায় পরিতাপ তার
উড়াইব অবহেলায়।
রাত্রে কখন মনে হল যেন
ঘা দিলে আমার দ্বারে,
জানি নাই আমি জানি নাই, তুমি
স্বপ্নের পরপারে।
অচেতন মন-মাঝে
নিবিড় গহনে ঝিমিঝিমি ধ্বনি বাজে,
কাঁপিছে তখন বেণুবনবায়ু
ঝিল্লির ঝংকারে।
জাগি নাই আমি জাগি নাই গো,
আধোজাগরণ বহিছে তখন
মৃদুমন্থরধারে।
গভীর মন্দ্রস্বরে
কে করেছে পাঠ পথের মন্ত্র
মোর নির্জন ঘরে।
জাগি নাই আমি জাগি নাই, যবে
বনের গন্ধ রচিল ছন্দ
তন্দ্রার চারিধারে।
বাঁকাও ভুরু দ্বারে আগল দিয়া,
চক্ষু করো রাঙা,
ওই আসে মোর জাত-খোয়ানো প্রিয়া
ভদ্র-নিয়ম-ভাঙা।
আসন পাবার কাঙাল ও নয় তো
আচার-মানা ঘরে —
আমি ওকে বসাব হয়তো
ময়লা কাঁথার ‘ পরে।
সাবধানে রয় বাজার-দরের খোঁজে
সাধু গাঁয়ের লোক,
ধুলার বরন ধূসর বেশে ও যে
এড়ায় তাদের চোখ।
বেশের আদর করতে গিয়ে ওরা
রূপের আদর ভোলে —
আমার পাশে ও মোর মনোচোরা,
একলা এসো চলে।
হঠাৎ কখন এসেছ ঘর ফেলে
তুমি পথিক-বধূ,
মাটির ভাঁড়ে কোথার থেকে পেলে
পদ্মবনের মধু।
ভালোবাসি ভাবের সহজ খেলা
এসেছ তাই শুনে —
মাটির পাত্রে নাইকো আমার হেলা
হাতের পরশগুণে।
পায়ে নূপুর নাই রহিল বাঁধা,
নাচেতে কাজ নাই,
যে-চলনটি রক্তে তোমার সাধা
মন ভোলাবে তাই।
লজ্জা পেতে লাগে তোমার লাজ
সানাই
ভূষণ নেইকো ব ' লে,
নষ্ট হবে নেই তো এমন সাজ
ধুলোর ‘ পরে চ ' লে।
গাঁয়ের কুকুর ফেরে তোমার পাশে,
রাখালরা হয় জড়ো,
বেদের মেয়ের মতন অনায়াসে
টাট্টু ঘোড়ায় চড়ো।
ভিজে শাড়ি হাঁটুর ‘ পরে তুলে
পার হয়ে যাও নদী,
বামুনপাড়ার রাস্তা যে যাই ভুলে
তোমায় দেখি যদি।
হাটের দিনে শাক তুলে নাও ক্ষেতে
চুপড়ি নিয়ে কাঁখে,
মটর কলাই খাওয়াও আঁচল পেতে
পথের গাধাটাকে।
মানো ' নাকো বাদল দিনের মানা,
কাদায়-মাখা পায়ে
মাথায় তুলে কচুর পাতাখানা
যাও চলে দূর গাঁয়ে।
পাই তোমারে যেমন খুশি তাই
যেথায় খুশি সেথা।
আয়োজনের বালাই কিছু নাই
জানবে বলো কে তা।
সতর্কতার দায় ঘুচায়ে দিয়ে
পাড়ার অনাদরে
এসো ও মোর জাত-খোয়ানো প্রিয়ে,
মুক্ত পথের ‘ পরে।
অধরা মাধুরী ধরা পড়িয়াছে
এ মোর ছন্দবন্ধনে।
বলকাপাঁতির পিছিয়ে-পড়া ও পাখি,
বাসা সুদূরের বনের প্রাঙ্গণে।
গত ফসলের পলাশের
রাঙিমারে
ধরে রাখে ওর পাখা,
ঝরা শিরীষের পেলব আভাস
ওর কাকলিতে মাখা।
শুনে যাও বিদেশিনী,
তোমার ভাষায় ওরে
ডাকো দেখি নাম ধ ' রে।
ও জানে তোমারি দেশের
আকাশ
তোমারি রাতের তারা,
তব যৌবন-উৎসবে ও যে
গানে গানে দেয় সাড়া,
ওর দুটি পাখা চ ঞ্চ লি উঠে তব হৃৎকম্পনে।
ওর বাসাখানি তব কুঞ্জের
নিভৃত প্রাঙ্গণে।
বয়স ছিল কাঁচা,
বিদ্যালয়ের মধ্যপথের থেকে
বার হয়েছি আই-এ ' র পালা সেরে।
মুক্ত বেণী পড়ল বাঁধা খোঁপার পাকে,
নতুন রঙের শাড়ি দিয়ে
দেহ ঘিরে যৌবনকে নতুন নতুন ক ' রে
পেয়েছিলুম বিচিত্র বিস্ময়ে।
অচিন জগৎ বুকের মধ্যে পাঠিয়ে দিত ডাক
কখন থেকে থেকে,
দুপুরবেলায় অকাল ধারায় ভিজে মাটির আতপ্ত নিশ্বাসে,
চৈত্ররাতের মদির ঘন নিবিড় শূন্যতায়,
ভোরবেলাকার তন্দ্রাবিবশ দেহে
ঝাপসা আলোয় শিশির-ছোঁয়া আলস-জড়িমাতে।
যে-বিশ্ব মোর স্পষ্ট জানার শেষের সীমায় থাকে
তারি মধ্যে, গুণী,
তুমি অচিন সবার চেয়ে
তোমার আপন রচন-অন্তরালে।
কখনো-বা মাসিকপত্রে
চমক দিত প্রাণে
অপূর্ব এক বাণীর ইন্দ্রজাল,
কখনো-বা আলগা-মলাট বইয়ের দাগি পাতায়
হাজারোবার-পড়া লেখায় পুরনো কোন্ লাইন
হানত বেদন বিদ্যুতেরই মতো,
কখনো-বা বিকেলবেলায়
ট্রামে চ ' ড়ে
হঠাৎ মনে উঠত গুনগুনিয়ে
অকারণে একটি তোমার শ্লোক।
অচিন কবি, তোমার কথার ফাঁকে ফাঁকে
দেখা যেত একটি ছায়াছবি
—
স্বপ্ন-ঘোড়ায়-চড়া তুমি খুঁজতে বেরিয়েছ
তোমার মানসীকে
সানাই
সীমাবিহীন তেপান্তরে,
রাজপুত্র তুমি যে রূপকথার।
আয়নাখানার সামনে সেদিন চুল বাঁধবার বেলায়
মনে যদি ক ' রে থাকি
সে রাজকন্যা আমিই,
হেসো না তাই ব ' লে।
তোমার সঙ্গে দেখা হবার আগে-ভাগেই
ছুঁইয়েছিলে রুপোর কাঠি,
জাগিয়েছিলে ঘুমন্ত এই প্রাণ।
সেই বয়সে আমার মতো
অনেক মেয়ে
ওই কথাটাই ভেবেছিল মনে ;
তোমায় তারা বারে বারে
পত্র লিখেছিল,
কেবল তোমায় দেয় নি ঠিকানাটা।
হায় রে খেয়াল! খেয়াল এ কোন্ পাগলা বসন্তের ;
ওই খেয়ালের কুয়াশাতে
আবছা হয়ে যেত
কত দুপুরবেলায়
কত ক্লাসের পড়া,
উছল হয়ে উঠত হঠাৎ
যৌবনেরই খাপছাড়া এক ঢেউ।
রোমান্স বলে একেই —
নবীন প্রাণের শিল্পকলা আপনা ভোলাবার।
আর-কিছুদিন পরেই
কখন ভাবের নীহারিকায় রশ্মি হত ফিকে —
বয়স যখন পেরিয়ে যেত বিশ-পঁচিশের কোঠা,
হাল-আমলের নভেল প ' ড়ে
মনের যখন আব্রু যেত ভেঙে,
তখন হাসি পেত
আজকে দিনের কচিমেয়েপনায়।
সেই যে তরুণীরা
সানাই
ক্লাসের পড়ার উপলক্ষে
পড়ত বসে ‘ ওড্ স্ টু নাইটিঙ্গেল ',
না-দেখা কোন্ বিদেশবাসী বিহঙ্গমের
না-শোনা সংগীতে
বক্ষে তাদের মোচড় দিত,
ঝরোখা সব খুলে যেত হৃদয়-বাতায়নে
ফেনায়িত সুনীল শূন্যতায়
উজাড় পরীস্থানে।
বরষ-কয়েক যেতেই
চোখে তাদের জুড়িয়ে গেল দৃষ্টি দহন
মরীচিকায়-পাগল হরিণীর।
ছেঁড়া মোজা শেলাই করার এল যুগান্তর,
বাজারদরের ঠকা নিয়ে
চাকরগুলোর সঙ্গে বকাবকির,
চা-পান-সভায় হাঁটুজলের সখ্যসাধনার।
কিন্তু আমার স্বভাব
বশে
ঘোর ভাঙে নি যখন ভোলামনে
এলুম তোমার কাছাকাছি।
চেনাশোনার প্রথম পালাতেই
পড়ল ধরা, একেবারে
দুর্লভ নও তুমি —
আমার লক্ষ্য-সন্ধানেরই আগেই
তোমার দেখি আপনি বাঁধন-মানা।
হায় গো রাজার পুত্র,
একটু পরশ দেবামাত্র পড়ল মুকুট খ' সে
আমার পায়ের কাছে,
কটাক্ষেতে চেয়ে তোমার মুখে
হেসেছিলুম আবিল চোখের বিহ্বলতায়।
তাহার পরে হঠাৎ কবে মনে হল —
দিগন্ত মোর পাংশু হয়ে গেল,
মুখে আমার নামল ধূসর ছায়া ;
পাখির কণ্ঠে মিইয়ে গেল গান,
সানাই
পাখায় লাগল উড়ুক্ষু
পাগলামি।
পাখির পায়ে এঁটে দিলেম ফাঁস
অভিমানের ব্যঙ্গস্বরে
,
বিচ্ছেদেরই ক্ষণিক বঞ্চনায়,
কটুরসের তীব্র মাধুরীতে।
এমন সময় বেড়াজালের ফাঁকে
পড়ল এসে
আরেক মায়াবিনী ;
রণিতা তার নাম।
এ কথাটা হয়তো জান —
মেয়েতে মেয়েতে আছে
বাজি রাখার পণ
ভিতরে ভিতরে।
কটাক্ষে সে চাইল আমায়
, তারে চাইলুম আমি,
পাশা ফেলল নিপুণ হাতের ঘুরুনিতে,
এক দানেতেই হল তারি জিত।
জিত? কে জানে তাও
সত্য কি না।
কে জানে তা নয় কি তারি
দারুণ হারের পালা।
সেদিন আমি মনের ক্ষোভে
বলেছিলুম কপালে কর হানি,
চিনব ব ' লে এলেম কাছে
হল বটে নিংড়ে নিয়ে চেনা
চরম বিকৃতিতে।
কিন্তু তবু ধিক্
আমারে, যতই দুঃখ পাই
পাপ যে মিথ্যে কথা।
আপনাকে তো ভুলিয়েছিলুম যেই তোমারে এলেম ভোলাবারে ;
ঘুলিয়ে-দেওয়া ঘূর্ণিপাকে সেই কি চেনার পথ।
আমার মায়ার জালটা ছিঁড়ে অবশেষে আমায় বাঁচালে যে ;
আবার সেই তো দেখতে পেলেম
আজো তোমার স্বপ্ন-ঘোড়ায়-চড়া
নিত্যকালের সন্ধান সেই মানসসুন্দরীকে
সানাই
সীমাবিহীন তেপান্তরের মাঠে।
দেখতে পেলেম ছবি,
এই বিশ্বের হৃদয়মাঝে
বসে আছেন অনির্বচনীয়া,
তুমি তাঁরি পায়ের কাছে বাজাও তোমার বাঁশি।
এ-সব কথা শোনাচ্ছে কি সাজিয়ে-বলার মতো।
না বন্ধু, এ হঠাৎ মুখে আসে,
ঢেউয়ের মুখে মোতি ঝিনুক যেন
মরুবালুর তীরে।
এ-সব কথা প্রতিদিনের নয় ;
যে-তুমি নও প্রতিদিনের সেই তোমারে দিলাম যে-অঞ্জলি
তোমার দেবীর প্রসাদ রবে তাহে।
আমি কি নই সেই দেবীরই সহচরী,
ছিলাম না কি অচিন রহস্যে
যখন কাছে প্রথম এসেছিলে।
তোমায় বেড়া দিতে গিয়ে
আমায় দিলেম সীমা।
তবু মনে রেখো,
আমার মধ্যে আজো আছে চেনার অতীত কিছু।
এ চিকন তব লাবণ্য যবে দেখি
মনে মনে ভাবি, এ কি
ক্ষণিকের ' পরে অসীমের বরদান,
আড়ালে আবার ফিরে নেয়
তারে
দিন হলে অবসান।
একদা শিশিররাতে
শতদল তার দল ঝরাইবে
হেমন্তে হিমপাতে,
সেই যাত্রায় তোমারো মাধুরী
প্রলয়ে লভিবে গতি।
এতই সহজে মহাশিল্পীর
আপনার এত ক্ষতি
কেমন করিয়া সয়,
প্রকাশে বিনাশে
বাঁধিয়া সূত্র
ক্ষয়ে নাহি মানে ক্ষয়।
যে দান তাহার সবার
অধিক দান
মাটির পাত্রে সে পায় আপন স্থান।
ক্ষণভঙ্গুর দিনে
নিমেষ-কিনারে বিশ্ব
তাহারে
বিস্ময়ে লয় চিনে।
অসীম যাহার মূল্য সে-ছবি
সামান্য পটে আঁকি
মুছে ফেলে দেয় লোলুপেরে দিয়ে ফাঁকি।
দীর্ঘকালের ক্লান্ত
আঁখির উপেক্ষা হতে তারে
সরায় অন্ধকারে।
দেখিতে দেখিতে দেখে না
যখন প্রাণ
বিস্মৃতি আসি অবগুণ্ঠনে
রাখে তার সম্মান।
হরণ করিয়া লয় তারে সচকিতে,
লুব্ধ হাতের অঙ্গুলি তারে
পারে না চিহ্ন দিতে।
সুদূরের পানে চাওয়া উৎকণ্ঠিত আমি
মন সেই আঘাটায়
তীর্থপথগামী
যেথায় হঠাৎ-নামা প্লাবনের জলে
তটপ্লাবী কোলাহলে
ওপারের আনে আহ্বান,
নিরুদ্দেশ পথিকের গান।
ফেনোচ্ছল সে-নদীর বন্ধহারা জলে
পণ্যতরী নাহি চলে,
কেবল অলস মেঘ ব্যর্থ ছায়া-ভাসানের খেলা
খেলাইছে এবেলা ওবেলা।
দিগন্তের নীলিমার স্পর্শ দিয়ে ঘেরা
গোধূলিলগ্নের যাত্রী
মোর স্বপনেরা।
নীল আলো প্রেয়সীর আঁখিপ্রান্ত হতে
নিয়ে যায় চিত্ত মোর অকূলের অবারিত স্রোতে ;
চেয়ে চেয়ে দেখি সেই
নিকটতমারে
অজানার অতিদূর পারে।
মোর জন্মকালে
নিশীথে সে কে মোরে
ভাসালে
দীপ-জ্বালা ভেলাখানি নামহারা অদৃশ্যের পানে ;
আজিও চলেছি তার টানে।
বাসাহারা মোর মন
তারার আলোতে কোন্ অধরাকে করে অন্বেষণ
পথে পথে
দূরের জগতে।
ওগো দূরবাসী,
কে শুনিতে চাও মোর চিরপ্রবাসের এই বাঁশি —
অকারণ বেদনার ভৈরবীর
সুরে
সানাই
চেনার সীমানা হতে দূরে
যার গান
কক্ষচ্যুত তারা
চিররাত্রি আকাশেতে খুঁজিছে কিনারা।
এ বাঁশি দিবে সে
মন্ত্র যে মন্ত্রের গুণে
আজি এ ফাল্গুনে
কুসুমিত অরণ্যের গভীর রহস্যখানি
তোমার সর্বাঙ্গে মনে
দিবে আনি
সৃষ্টির প্রথম গূঢ়বাণী।
যেই বাণী অনাদির
সুচিরবাঞ্ছিত
তারায় তারায় শূন্যে হল রোমাঞ্চিত,
রূপেরে আনিল ডাকি
অরূপের অসীমেতে জ্যোতিঃসীমা আঁকি।
চির-অধীরার বিরহ-আবেগ
দূরদিগন্তপথে
ঝঞ্ঝার ধ্বজা উড়ায়ে ছুটিল
মত্ত মেঘের রথে।
দ্বার ভাঙিবার অভিযান তার,
বার বার কর হানে,
বার বার হাঁকে ‘ চাই আমি চাই ',
ছোটে অলক্ষ্য-পানে।
হুহু হুংকার ঝর্ঝর
বর্ষণ,
সঘন শূন্যে বিদ্যুৎঘাতে
তীব্র কী হর্ষণ।
দুর্দাম প্রেম কি এ —
প্রস্তর ভেঙে খোঁজে উত্তর
গর্জিত ভাষা দিয়ে।
মানে না শাস্ত্র, জানে না শঙ্কা,
নাই দুর্বল মোহ —
প্রভুশাপ- ' পরে হানে অভিশাপ
দুর্বার বিদ্রোহ।
করুণ ধৈর্যে গনে না দিবস,
সহে না পলেক গৌণ,
তাপসের তপ করে না মান্য,
ভাঙে সে মুনির মৌন।
মৃত্যুরে দেয় টিটকারি তার হাস্যে,
মঞ্জীরে বাজে যে-ছন্দ তার লাস্যে
নহে মন্দাক্রান্তা —
প্রদীপ লুকায়ে শঙ্কিত পায়ে
চলে না কোমলকান্তা।
সানাই
নিষ্ঠুর তার চরণতাড়নে
বিঘ্ন
পড়িছে খসে,
বিধাতারে হানে ভর্ৎসনাবাণী
বজ্রের নির্ঘোষে।
নিলাজ ক্ষুধায় অগ্নি বরষে
নিঃসংকোচ আঁখি,
ঝড়ের বাতাসে অবগুণ্ঠন
উড্ডীন থাকি থাকি।
মুক্ত বেণীতে, স্রস্ত আঁচলে,
উচ্ছৃঙ্খল সাজে
দেখা যা য় ওর মাঝে
অনাদি কালের বেদনার উদ্ বোধন —
সৃষ্টিযুগের প্রথম রাতের রোদন —
যে-নবসৃষ্টি অসীম কালের
সিংহদুয়ারে থামি
হেঁকেছিল তার প্রথম মন্ত্রে
‘ এই আসিয়াছি আমি '।
এসেছিনু দ্বারে ঘনবর্ষণ রাতে,
প্রদীপ নিবালে কেন অঞ্চলঘাতে।
কালো ছায়াখানি মনে পড়ে গেল আঁকা,
বিমুখ মুখের
ছবি অন্তরে ঢাকা,
কলঙ্করেখা যেন
চিরদিন চাঁদ বহি চলে
সাথে সাথে।
কেন বাধা হল দিতে
মাধুরীর কণা
হায় হায়, হে কৃপণা।
তব যৌবন-মাঝে
লাবণ্য বিরাজে,
লিপিখানি তার নিয়ে এসে
তবু
কেন যে দিলে না হাতে।
দৈবে তুমি
কখন নেশায় পেয়ে
আপন-মনে
যাও চলে গান গেয়ে।
যে আকাশে সুরের লেখা লেখ
বুঝি না তা, কেবল রহি চেয়ে।
হৃদয় আমার অদৃশ্যে যায় চলে,
প্রতিদিনের ঠিকঠিকানা ভোলে —
মৌমাছিরা আপনা হারায় যেন
গন্ধের পথ বেয়ে।
গানের টানা জালে
নিমেষ-ঘেরা বাঁধন হতে
টানে অসীম কালে।
মাটির আড়াল করি ভেদন
স্বর্গলোকের আনে বেদন
,
পরান ফেলে ছেয়ে।
কোথাও আমার হারিয়ে যাবার নেই মানা
মনে মনে।
মেলে দিলেম গানের সুরের এই ডানা
মনে মনে।
তেপান্তরের পাথার পেরোই রূপকথার,
পথ ভুলে যাই দূর পারে সেই চুপকথার,
পারুলবনের চম্পারে মোর হয় জানা
মনে মনে।
সূর্য যখন অস্তে পড়ে ঢুলি
মেঘে মেঘে আকাশকুসুম তুলি।
সাত সাগরের ফেনায় ফেনায় মিশে
যাই ভেসে দূর দিশে,
পরীর দেশের বদ্ধ দুয়ার দিই হানা
মনে মনে।
ডমরুতে নটরাজ বাজালেন তান্ডবে যে তাল
ছিন্ন করে দিল তার ছন্দ তব ঝংকৃত কিঙ্কিণী
হে নর্তিনী,
বেণীর বন্ধনমুক্ত উৎক্ষিপ্ত তোমার কেশজাল
ঝঞ্ঝার বাতাসে
উচ্ছৃঙ্খল উদ্দাম উচ্ছ্বাসে ;
বিদীর্ণ বিদ্যুৎঘাতে তোমার বিহ্বল বিভাবরী
হে সুন্দরী।
সীমন্তের সিঁথি তব,
প্রবালে খচিত কণ্ঠহার —
অন্ধকারে মগ্ন হল চৌদিকে বিক্ষিপ্ত অলংকার।
আভরণশূন্য রূপ
বোবা হয়ে আছে করি চুপ।
ভীষণ রিক্ততা তার
উৎসুক চক্ষুর ‘ পরে হানিছে আঘাত অবজ্ঞার।
নিষ্ঠুর নৃত্যের ছন্দে
মুগ্ধ হস্তে-গাঁথা পুষ্পমালা
বিস্রস্ত দলিত দলে বিকীর্ণ করিছে রঙ্গশালা।
মোহমদে ফেনায়িত কানায় কানায়
যে পাত্রখানায়
মুক্ত হত রসের প্লাবন
মত্ততার শেষ পালা আজি সে করিল উদ্ যাপন।
যে অভিসারের পথে চেলাঞ্চলখানি
নিতে টানি
কম্পিত প্রদীপশিখা- ' পরে
তার চিহ্ন পদপাতে
লুপ্ত করি দিলে চিরতরে ;
প্রান্তে তার ব্যর্থ বাঁশিরবে
প্রতীক্ষিত প্রত্যাশার
বেদনা যে উপেক্ষিত হবে।
এ নহে তো ঔদাসীন্য, নহে ক্লান্তি, নহে বিস্মরণ,
ক্রুদ্ধ এ বিতৃষ্ণা তব
মাধুর্যের প্রচন্ড মরণ,
তোমার কটাক্ষ
সানাই
দেয় তারই হিংস্র সাক্ষ্য
ঝলকে ঝলকে
পলকে পলকে
,
বঙ্কিম নির্মম
মর্মভেদী তরবারি-সম।
তবে তাই হোক,
ফুৎকারে নিবায়ে দাও
অতীতের অন্তিম আলোক।
চাহিব না ক্ষমা তব, করিব না দুর্বল বিনতি,
পরুষ মরুর পথে হোক মোর
অন্তহীন গতি,
অবজ্ঞা করিয়া পিপাসারে,
দলিয়া চরণতলে ক্রূর
বালুকারে।
মাঝে মাঝে কটুস্বাদ দুখে
তীব্র রস দিতে ঢালি রজনীর অনিদ্র কৌতুকে
যবে তুমি ছিলে রহঃসখী।
প্রেমের ই সে দানখানি, সে যেন কেতকী
রক্তরেখা এঁকে গায়ে
রক্তস্রোতে মধুগন্ধ দিয়েছে মিশায়ে।
আজ তব নিঃশব্দ নীরস
হাস্যবাণ
আমার ব্যথার কেন্দ্র করিছে সন্ধান।
সেই লক্ষ্য তব
কিছুতেই মেনে নাহি লব,
বক্ষ মোর এড়ায়ে সে
যাবে শূন্যতলে,
যেখানে উল্কার আলো জ্বলে
ক্ষণিক বর্ষণে
অশুভ দর্শনে।
বেজে ওঠে ডঙ্কা,
শঙ্কা শিহরায় নিশীথগগনে —
হে নির্দয়া, কী সংকেত বিচ্ছুরিল স্খলিত কঙ্কণে।
তবু মনে রেখো, যদি
দূরে যাই চলি,
সেই পুরাতন প্রেম যদি এক কালে
হয়ে আসে দূরস্মৃত কাহিনী কেবলি—
ঢাকা পড়ে নব নব জীবনের জালে।
তবু মনে রেখো, যদি বড়ো কাছে
থাকি,
নূতন এ প্রেম যদি হয় পুরাতন,
দেখে না দেখিতে পায় যদি শ্রান্ত
আঁখি—
পিছনে পড়িয়া থাকি ছায়ার মতন।
তবু মনে রেখো, যদি তাহে মাঝে
মাঝে
উদাস বিষাদভরে কাটে সন্ধ্যাবেলা,
অথবা শারদ প্রাতে বাধা পড়ে কাজে,
অথবা বসন্ত-রাতে থেমে যায় খেলা।
তবু মনে রেখো, যদি মনে প’ড়ে আর
আঁখিপ্রান্তে দেখা নাহি দেয়
অশ্রুধার।
ভালোবাসা-ঘেরা
ঘরে
কোমল শয়নে তুমি
যে সুখেই থাকো,
যে মাধুরী এ
জীবনে
আমি পাইয়াছি তাহা
তুমি পেলে নাকো।
এই-যে অলস
বেলা,
অলস মেঘের মেলা,
জলেতে আলোতে খেলা সারা দিনমান,
এরই মাঝে চারি
পাশে কোথা
হতে ভেসে আসে
ওই মুখ, ওই হাসি, ওই দু’নয়ান।
সদা শুনি কাছে
দূরে
মধুর কোমল সুরে
তুমি মোরে ডাকো—
তাই ভাবি, এ
জীবনে
আমি যাহা পাইয়াছি
তুমি পেলে নাকো।
কোনোদিন
একদিন
আপনার মনে, শুধু
এক
সন্ধ্যাবেলা,
আমারে এমনি
করে
ভাবিতে পারিতে যদি
বসিয়া একেলা—
এমনি সুদূর
বাঁশি
শ্রবণে পশিত আসি,
বিষাদকোমল
হাসি ভাসিত অধরে,
নয়নে জলের
রেখা
এক বিন্দু দিত দেখা,
তারি’পরে
সন্ধ্যালোক কাঁপিত কাতরে—
ভেসে যেত
মনখানি
কনকতরণীসম
গৃহহীন
স্রোতে—
শুধু
একদিন-তরে
আমি ধন্য হইতাম
তুমি
ধন্য হতে।
তুমি কি করেছ
মনে
দেখেছ, পেয়েছ তুমি
সীমারেখা মম?
ফেলিয়া দিয়াছ
মোরে আদি
অন্ত শেষ করে
পড়া পুঁথি-সম?
মানসী
নাই সীমা আগে
পাছে,
যত চাও তত আছে,
যতই আসিবে কাছে তত
পাবে মোরে।
আমারেও দিয়ে
তুমি
এ বিপুল বিশ্বভূমি
এ আকাশে এ বাতাস দিতে
পারো ভরে।
আমাতেও স্থান
পেত
অবাধে সমস্ত তব
জীবনের আশা।
একবার ভেবে
দেখো
এ পরানে ধরিয়াছে
কত
ভালোবাসা।
সহসা কী
শুভক্ষণে
অসীম হৃদয়রাশি
দৈবে পড়ে চোখে।
দেখিতে পাও নি
যদি,
দেখিতে পাবে না আর,
মিছে মরি বকে।
আমি যা পেয়েছি
তাই
সাথে নিয়ে ভেসে যাই,
কোনোখানে
সীমা নাই ও মধু মুখের—
শুধু স্বপ্ন, শুধু
স্মৃতি,
তাই নিয়ে থাকি নিতি,
আর আশা নাহি রাখি সুখের দুখের।
আমি যাহা
দেখিয়াছি,
আমি যাহা পাইয়াছি
এ
জনম-সই,
জীবনের সব
শূন্য
আমি যাহে ভরিয়াছি
তোমার
তা কই।
মর্মে যবে মত্ত আশা
সর্পসম ফোঁসে,
অদৃষ্টের বন্ধনেতে
দাপিয়া বৃথা রোষে,
তখনো ভালোমানুষ সেজে
বাঁধানো হুঁকা যতনে মেজে
মলিন তাস সজোরে ভেঁজে
খেলিতে হবে কষে!
অন্নপায়ী বঙ্গবাসী
স্তন্যপায়ী জীব
জন-দশেকে জটলা করি
তক্তপোশে ব’সে।
ভদ্র মোরা, শান্ত বড়ো,
পোষ-মানা এ প্রাণ
বোতাম-আঁটা জামার নীচে
শান্তিতে শয়ান।
দেখা হলেই মিষ্ট অতি
মুখের ভাব শিষ্ট অতি,
অলস দেহ ক্লিষ্টগতি—
গৃহের প্রতি টান।
তৈল-ঢালা স্নিগ্ধ তনু
নিদ্রারসে ভরা,
মাথায় ছোটো বহরে বড়ো
বাঙালি সন্তান।
ইহার চেয়ে হতেম যদি
আরব বেদুয়িন!
চরণতলে বিশাল মরু
দিগন্তে বিলীন।
মানসী
ছুটেছে ঘোড়া, উড়েছে বালি,
জীবনস্রোত আকাশে ঢালি
হৃদয়তলে বহ্নি জ্বালি
চলেছি নিশিদিন।
বর্শা হাতে, ভর্ সা প্রাণে,
সদাই নিরুদ্দেশ,
মরুর ঝড় যেমন বহে
সকল বাধাহীন।
বিপদ-মাঝে ঝাঁপায়ে প’ড়ে
শোণিত উঠে ফুটে,
সকল দেহে সকল মনে
জীবন জেগে উঠে—
অন্ধকারে সূর্যালোতে
সন্তরিয়া মৃত্যুস্রোতে
নৃত্যময় চিত্ত হতে
মত্ত হাসি টুটে।
বিশ্বমাঝে মহান যাহা
সঙ্গী পরানের,
ঝঞ্ঝামাঝে ধায় সে প্রাণ
সিন্ধুমাঝে লুটে।
নিমেষতরে ইচ্ছা করে
বিকট উল্লাসে
সকল টুটে যাইতে ছুটে
জীবন-উচ্ছ্বাসে—
শূন্য ব্যোম অপরিমাণ
মদ্যসম করিতে পান
মুক্ত করি রুদ্ধ প্রাণ
ঊর্ধ্ব নীলাকাশে।
থাকিতে নারি ক্ষুদ্র কোণে
মানসী
আম্রবনছায়ে
সুপ্ত হয়ে লুপ্ত হয়ে
গুপ্ত গৃহবাসে।
বেহালাখানা বাঁকায়ে ধরি
বাজাও ওকি সুর—
তবলা-বাঁয়া কোলেতে টেনে
বাদ্যে ভরপুর!
কাগজ নেড়ে উচ্চস্বরে
পোলিটিকাল তর্ক করে,
জানলা দিয়ে পশিছে ঘরে
বাতাস ঝুরুঝুর।
পানের বাটা, ফুলের মালা,
তবলা-বাঁয়া দুটো,
দম্ভ-ভরা কাগজগুলো
করিয়া দাও দূর।
কিসের এত অহংকার!
দম্ভ নাহি সাজে—
বরং থাকো মৌন হয়ে
সসংকোচ লাজে।
অত্যাচারে মত্ত-পারা
কভু কি হও আত্মহারা?
তপ্ত হয়ে রক্তধারা
ফুটে কি দেহমাঝে?
অহর্নিশি হেলার হাসি
তীব্র অপমান
মর্মতল বিদ্ধ করি
বজ্রসম বাজে?
দাস্যসুখে হাস্যমুখ,
মানসী
বিনীত জোড়-কর,
প্রভুর পদে সোহাগ-মদে
দোদুল কলেবর!
পাদুকাতলে পড়িয়া লুটি
ঘৃণায় মাখা অন্ন খুঁটি
ব্যগ্র হয়ে ভরিয়া মুঠি
যেতেছ ফিরি ঘর।
ঘরেতে ব’সে গর্ব কর
পূর্বপুরুষের,
আর্যতেজদর্পভরে
পৃথ্বী থরহর।
হেলায়ে মাথা, দাঁতের আগে
মিষ্ট হাসি টানি
বলিতে আমি পারিব না তো
ভদ্রতার বাণী।
উচ্ছ্বসিত রক্ত আসি
বক্ষতল ফেলিছে গ্রাসি,
প্রকাশহীন চিন্তারাশি
করিছে হানাহানি।
কোথাও যদি ছুটিতে পাই
বাঁচিয়া যাই তবে—
ভব্যতার গণ্ডিমাঝে
শান্তি নাহি মানি।
বাসস্থানপরিবর্তন উপলক্ষে
বন্ধুবর,
দক্ষিণে বেঁধেছি
নীড়,
চুকেছে লোকের ভিড়,
বকুনির বিড় বিড় গেছে থেমে-থুমে।
আপনারে করে
জড়ো
কোণে বসে আছি দড়ো,
আর সাধ নেই বড়ো আকাশকুসুমে।
সুখ নেই, আছে শান্তি,
ঘুচেছে
মনের ভ্রান্তি,
‘বিমুখা বান্ধবা যান্তি’ বুঝিয়াছি সার।
কাছে থেকে কাটে
সুখে
গল্প ও গুড়ুক ফুঁকে,
গেলে দক্ষিণের মুখে দেখা নেই আর।
কাজ কী এ মিছে
নাট,
তুলেছি দোকান-পাট,
গোলমাল চণ্ডীপাঠ আছি ভাই ভুলি।
তবু কেন
খিটিমিটি,
মাঝে মাঝে কড়া চিঠি,
থেকে থেকে দু-চারিটি চোখা চোখা বুলি!
‘পেটে খেলে পিঠে
সয়’
এই তো প্রবাদে কয়,
ভুলে যদি দেখা হয় তবু সয়ে থাকি।
হাত করে
নিশপিশ,
মাঝে রেখে পোস্টাপিস
ছাড় শুধু দশ-বিশ শব্দভেদী ফাঁকি।
বিষম উৎপাত এ
কী!
হায় নারদের ঢেঁকি!
শেষকালে এ যে দেখি ঝগড়ার মতো।
মেলা কথা হল
জমা,
এইখানে দিই ‘কমা’,
আমার স্বভাব ক্ষমা, নির্বিবাদ ব্রত।
কেদারার’পরে
চাপি
ভাবি শুধু ফিলজাফি,
নিতান্তই চুপিচাপি মাটির মানুষ।
লেখা তো লিখেছি
ঢের,
এখন পেয়েছি টের
সে কেবল কাগজের রঙিন ফানুস।
আঁধারের কূলে
কূলে
ক্ষীণশিখা মরে দুলে,
পথিকেরা মুখ তুলে চেয়ে দেখে তাই।
নকল নক্ষত্র
হায়
ধ্রুবতারা পানে ধায়,
মানসী
ফিরে আসে এ ধরায় একরত্তি ছাই।
সবারে সাজে না
ভালো,
হৃদয়ে স্বর্গের আলো
আছে যার সেই জ্বালো আকাশের ভালে—
মাটির প্রদীপ
যার
নিভে-নিভে বারবার
সে দীপ জ্বলুক তার গৃহের আড়ালে!
যারা আছে
কাছাকাছি
তাহাদের নিয়ে আছি—
শুধু ভালোবেসে বাঁচি, বাঁচি যত কাল।
আশা কভু নাহি
মেটে
ভূতের বেগার খেটে—
কাগজে আঁচড় কেটে সকাল বিকাল।
কিছু নাহি করি
দাওয়া,
ছাতে বসে খাই হাওয়া
যতটুকু পড়ে-পাওয়া ততটুকু ভালো—
যারা মোরে
ভালোবাসে
ঘুরে ফিরে কাছে আসে,
হাসিখুশি আশেপাশে নয়নের আলো।
বাহবা যে জন
চায়
বসে থাক্ চৌমাথায়,
নাচুক তৃণের প্রায় পথিকের স্রোতে—
পরের মুখের
বুলি
ভরুক ভিক্ষার ঝুলি,
নাই চাল নাই চুলি ধূলির পর্বতে।
বেড়ে যায় দীর্ঘ
ছন্দ,
লেখনী না হয় বন্ধ,
বক্তৃতার নামগন্ধ পেলে রক্ষে নেই।
ফেনা ঢোকে নাকে
চোখে,
প্রবল মিলের ঝোঁকে
ভেসে যাই একরোখে বুঝি দক্ষিণেই।
বাহিরেতে চেয়ে
দেখি
দেবতাদুর্যোগ এ কী!
বসে বসে লিখিতে কি আর সরে মন।
আর্দ্র বায়ু বহে
বেগে,
গাছপালা ওঠে জেগে—
ঘনঘোর স্নিগ্ধ মেঘে আঁধার গগন।
বেলা যায়, বৃষ্টি
বাড়ে,
বসি আলিসার আড়ে
ভিজে কাক ডাক ছাড়ে মনের অসুখে।
রাজপথ
জনহীন,
শুধু পান্থ দুই তিন
ছাতার ভিতরে লীন ধায় গৃহমুখে।
বৃষ্টি-ঘেরা চারি
ধার,
ঘনশ্যাম
অন্ধকার,
ঝুপ-ঝুপ শব্দ আর ঝর-ঝর পাতা।
থেকে থেকে ক্ষণে
ক্ষণে
গুরু গুরু গরজনে
মানসী
মেঘদূত পড়ে মনে আষাঢ়ের গাথা।
পড়ে মনে
বরিষার
বৃন্দাবন অভিসার,।
একাকিনী রাধিকার চকিত চরণ—
শ্যামল
তমালতল,
নীল যমুনার জল,
আর, দুটি ছলছল নলিননয়ন।
এ ভরা বাদর
দিনে
কে বাঁচিবে শ্যাম বিনে,
কাননের পথ চিনে মন যেতে চায়।
বিজন
যমুনাকূলে
বিকশিত নীপমূলে
কাঁদিয়া
পরান বুলে বিরহব্যথায়।
দোহাই কল্পনা
তোর,
ছিন্ন কর্ মায়াডোর,
কবিতায় আর মোর নাই কোনো দাবি।
বিরহ, বকুল,
আর
বৃন্দাবন স্তূপকার
সেগুলো চাপাই কার স্কন্ধে তাই ভাবি।
এখন ঘরের
ছেলে
বাঁচি ঘরে ফিরে গেলে,
দু-দণ্ড সময় পেলে নাবার খাবার
কলম হাঁকিয়ে
ফেরা
সকল রোগের সেরা,
তাই কবি-মানুষেরা অস্থিচর্মসার।
কলমের
গোলামিটা
আর নাহি লাগে মিঠা,
তার চেয়ে দুধ-ঘি’টা বহুগুণে শ্রেয়।
সাঙ্গ করি
এইখানে—
শেষে বলি কানে কানে,
পুরানো বন্ধুর পানে মুখ তুলে চেয়ো।
ওই-যে
সৌন্দর্য লাগি পাগল ভুবন,
ফুটন্ত অধরপ্রান্তে
হাসির বিলাস,
গভীরতিমিরমগ্ন আঁখির
কিরণ,
লাবণ্যতরঙ্গভঙ্গ গতির
উচ্ছ্বাস,
যৌবনললিতলতা বাহুর
বন্ধন,
এরা তো তোমারে ঘিরে
আছে অনুক্ষণ—
তুমি কি পেয়েছ নিজ
সৌন্দর্য-আভাস?
মধুরাতে ফুলপাতে
করিয়া শয়ন
বুঝিতে পার কি নিজ
মধু-আলিঙ্গন?
আপনার প্রস্ফুটিত
তনুর উল্লাস
আপনারে করেছে কি
মোহনিমগন?
তবে মোরা কী লাগিয়া
করি হাহুতাশ।
দেখ’ শুধু ছায়াখানি
মেলিয়া নয়ন;
রূপ নাহি ধরা দেয়—
বৃথা সে প্রয়াস।
প্রাণমন দিয়ে ভালোবাসিয়াছে
এত দিন এত লোক,
এত কবি এত গেঁথেছে প্রেমের শ্লোক,
তবু তুমি ভবে চিরগৌরবে
ছিলে না কি একেবারে
হৃদয় সবার করি অধিকার!
তোমা ছাড়া কেহ কারে
বুঝিতে পারি নে ভালো কি বাসিতে পারে!
গিয়েছে এসেছে কেঁদেছে হেসেছে
ভালো তো বেসেছে তারা,
আমি তত দিন কোথা ছিনু দলছাড়া?
ছিনু বুঝি বসে কোন্ এক পাশে
পথপাদপের ছায়,
সৃষ্টিকালের প্রত্যুষ হতে
তোমারি প্রতীক্ষায়—
চেয়ে দেখি কত পথিক চলিয়া যায়।
অনাদি বিরহবেদনা ভেদিয়া
ফুটেছে প্রেমের সুখ
যেমনি আজিকে দেখেছি তোমার মুখ।
সে অসীম ব্যথা অসীম সুখের
হৃদয়ে হৃদয়ে রহে,
তাই তো আমার মিলনের মাঝে
নয়নে সলিল বহে।
এ প্রেম আমার সুখ নহে, দুখ নহে।
সন্ধ্যায়
একেলা বসি বিজন ভবনে
অনুপম জ্যোতির্ময়ী
মাধুরীমুরতি
স্থাপনা করিব যত্নে
হৃদয়-আসনে।
প্রেমের প্রদীপ
লয়ে করিব আরতি।
রাখিব দুয়ার রুধি
আপনার মনে,
তাহার আলোকে রব আপন
ছায়ায়—
পাছে কেহ কুতূহলে
কৌতুকনয়নে
হৃদয়দুয়ারে এসে দেখে
হেসে যায়।
ভ্রমর যেমন থাকে
কমলশয়নে,
সৌরভসদনে, কারো পথ
নাহি চায়,
পদশব্দ নাহি গণে, কথা
নাহি শোনে,
তেমনি হইব মগ্ন
পবিত্র মায়ায়।
লোকালয়-মাঝে থাকি রব
তপোবনে,
একেলা থেকেও তবু রব
সাথি-সনে।
ওগো তুমি, অমনি
সন্ধ্যার মতো হও।
সুদূর
পশ্চিমাচলে
কনক-আকাশতলে
অমনি নিস্তব্ধ চেয়ে রও।
অমনি সুন্দর
শান্ত
অমনি করুণ কান্ত
অমনি নীরব উদাসিনী,
ওইমতো ধীরে
ধীরে
আমার জীবনতীরে
বারেক দাঁড়াও একাকিনী।
জগতের
পরপারে
নিয়ে যাও আপনারে
দিবসনিশার প্রান্তদেশে।
থাক্
হাস্য-উৎসব,
না আসুক কলরব
সংসারের জনহীন শেষে।
এসো তুমি চুপে
চুপে
শ্রান্তিরূপে নিুলার ঊর্ধ্বে নয়!
দেখিছ কঠোর বর্তমান,
নয় তোমার ভাব-বিলাস,
তুমি মানুষের বেদনা-ঘায়
পাওনি গো ফুল-সুবাস।
তোমার সৃষ্টি মৃত্যুহীন
নব ধরার জীবন-বেদ,
করনি মানুষে অবিশ্বাস
দেখিয়া পাপ পঙ্ক ক্লেদ।
পুষ্পবিলাস নয় তোমার
পাওনি তাই পুষ্প-হার,
বেদনা-আসনে বসায়ে আজ
করে নিখিল পূজা তোমার!
অসীম আকাশে বাঁধনি ঘর
হে ধরণির নীল দুলাল!
তব সাম-গান ধুলামাটির
রবে অমর নিত্যকাল!
হয়তো আসিবে মহাপ্রলয়
এ দুনিয়ার দুঃখ-দিন
সব যাবে শুধু রবে তোমার
অশ্রুজল অন্তহীন।
অথবা যেদিন পূর্ণতায়
সুন্দরের হবে বিকাশ,
সেদিনও কাঁদিয়া ফিরিবে এই
তব দুখের দীর্ঘশ্বাস।
মানুষের কবি! যদি মাটির
এই মানুষ বাঁচিয়া রয় –
রবে প্রিয় হয়ে হৃদি-ব্যাথায়,
সর্বলোক গাহিবে জয়!সন্ধ্যা
অন্ধ স্বদেশ - দেবতা
ফাঁসির রশ্মি ধরি
আসিছে অন্ধ স্বদেশ-দেবতা, পলে পলে অনুসরি
মৃত্যু-গহন-যাত্রীদলের লাল পদাঙ্ক-রেখা।
যুগযুগান্ত-নির্জিত-ভালে নীল কলঙ্ক-লেখা!
নীরন্ধ্র মেঘে অন্ধ আকাশ, অন্ধ তিমির রাতি,
কুহেলি-অন্ধ দিগন্তিকার হস্তে নিভেছে বাতি, −
চলে পথহারা অন্ধ দেবতা ধীরে ধীরে এরই মাঝে,
সেই পথে ফেলে চরণ – যে পথে কঙ্কাল পায়ে বাজে!
নির্যাতনের যে যষ্টি দিয়া শত্রু আঘাত হানে
সেই যষ্টিরে দোসর করিয়া অলক্ষ্য পথ-পানে
চলেছে দেবতা – অন্ধ দেবতা – পায়ে পায়ে পলে পলে,
যত ঘিরে আসে পথ-সংকট চলে তত নববলে।
ঢলে পড়ে পথ পরে,
নবীন মৃত্যু-যাত্রী আসিয়া তুলে ধরে বুকে করে!
অন্ধ কারার বন্ধ দুয়ারে যথায় বন্দি জাগে,
যথায় বধ্য-মঞ্চ নিত্য রাঙিছে রক্ত-রাগে,
যথায় পিষ্ট হতেছে আত্মা নিষ্ঠুর মুঠি-তলে,
যথায় অন্ধ গুহায় ফণীর মাথায় মানিক জ্বলে,সন্ধ্যা
যথায় বন্য শ্বাপদের সাথে নখর দন্ত লয়ে
জাগে বিনিদ্র বন্য-তরুণ ক্ষুধার তাড়না সয়ে,
যথা প্রাণ দেয় বলির নারীরা যূপকাষ্ঠের ফাঁদে, −
সেই পথে চলে অন্ধ দেবতা, পথ চলে আর কাঁদে, −
‘ওরে ওঠ ত্বরা করি
তোদের রক্তে-রাঙা উষা আসে, পোহাইছে বিভাবরী!’
তিমির রাত্রি, ছুটেছে যাত্রী নিরুদ্দেশের ডাকে,
জানে না কাথায় কোন পথে কোন ঊর্ধ্বে দেবতা হাঁকে।
শুনিয়াছে ডাক এই শুধু জানে! অপনার অনুরাগে
মাতিয়া উঠেছে অলস চরণ, সম্মুখে পথ জাগে!
জাগে পথ, জাগে ঊর্ধ্বে দেবতা, এই দেখিয়াছে শুধু,
কে দেখে সে পথে চোরা বালুচর, পর্বত, মরু ধুধু!
ছুটেছে পথিক, সাথে চলে পথ, অমানিশি চলে সাথে,
পথে পড়ে ঢলে, মৃত্যুর ছলে ধরে দেবতার হাতে।
চলিতেছে পাশাপাশি –
মৃত্যু, তরুণ, অন্ধ দেবতা, নবীন উষার হাসি!সন্ধ্যা
পাথেয়
দরদ দিয়ে দেখল না কেউ যাদের জীবন যাদের হিয়া,
তাদের তরে ঝড়ের রথে আয় রে পাগল দরদিয়া।
শূণ্য তোদের ঝোলা-ঝুলি, তারই তোরা দর্প নিয়ে
দর্পীদের ওই প্রাসাদ-চূড়ে রক্ত-নিশান যা টাঙিয়ে।
মৃত্যু তোদের হাতের মুঠায়, সেই তো তোদের পরশ-মণি,
রবির আলোক ঢের সয়েছি, এবার তোরা আয় রে শনি!সন্ধ্যা
দাড়ি-বিলাপ**) কোনো প্রফেসার বন্ধুর দাড়ি-কর্তন উপলক্ষে রচিত।
হে আমার দাড়ি!
একাদশ বর্ষ পরে গেলে আজি ছাড়ি
আমারে কাঙাল করি, শূন্য করি বুক!
শূন্য এ চোয়াল আজি শূন্য এ চিবুক!
তোমার বিরহে বন্ধু, তোমার প্রেয়সী
ঝুরিছে শ্যামলী গুম্ফ ওষ্ঠকূলে বসি!
কপোল কপাল ঠুকি করে হাহাকার –
‘রে কপটি, রে সেফটি (safety) গিলেট রেজার!’....
একে একে মনে পড়ে অতীতের কথা –
তখনও ফোটেনি মুখে দাড়ির মমতা!
তখনও এ গাল ছিল সাহারার মরু,
বে-পাল মাস্তুল কিংবা বিপল্লব তরু!
স্বজাতির ভীরুতার ইতিহাস স্মরি
বাহিয়া বি-শ্মশ্রু গণ্ড অশ্রু যেত ঝরি।
নারীসম কেশ বেশ, নারিকেলি মুখ,
নারিকেলি হুঁকা খায়! – পুরুষ উৎসুক
নারীর ‘নেচার’ নিতে, হা ভারত মাতা!
নারী-মুণ্ড হল আজি নর বিশ্বত্রাতা!
চলিত কাবুলিওয়ালা গুঁতো-হস্তে পথে
উড়ায়ে দাড়ির ধ্বজা, আফগানিয়া রথে
সুকৃষ্ণ নিশান যেন! অবাক বিস্ময়ে
মহিলা-মহলে নিজ নারী-মুখ লয়ে
রহিতাম চাহি আমি ঘুলঘুলি-ফাঁকে,
বেচারি বাঙালি দাড়ি, কে শুধায় তাকে?সন্ধ্যা
চলিত মটরু মিয়াঁ চামারুর নানা,
মনে হত, এ দাড়িও ধার করে আনা
কাবুলির দেনা-সাথে! বাঙালির দাড়ি
বাঙালির শৌর্য-সাথে গিয়াছে গো ছাড়ি!
দাড়ির দাড়িম্ব বনে ফেরে নাকো আর
নির্মুক্ত হিড়িম্বা সতী, সে যুগ ফেরার!
জামাতারে হেরি শ্বশ্রু লুকান যেমনি!
‘রেজারে’ হেরিয়া শ্মশ্রু লুকাল তেমনি!...
ভোজপুরি দারোয়ান তারও দাড়ি আছে,
চলিতে সে দাড়ি যেন শিখীপুচ্ছ নাচে!
পাঞ্জাবি, বেলুচি, শিখ, বীর রাজপুত,
দরবেশ, মুনি, ঋষি, বাবাজি অদ্ভুত,
বোকেন্দ্র-গন্ধিত ছাগ সেও দাড়ি রাখে,
শিম্পাঞ্জি, গরিলা – হায়, বাদ দিই কাকে!
এমন যে বটবৃক্ষ তারও নামে ঝুরি,
ঝুরি নয় ও যে দাড়ি করিয়াছে চুরি
বনের মানুষ হতে! তাই সে বনস্পতি আজ!
দাড়ি রাখে গুল্মলতা রসুন পেঁয়াজ!
হাটে দাড়ি, মাঠে দাড়ি, দাড়ি চারিধার,
লক্ষ খারে ঝরে যেন দাড়ি-বারিধার!
ঝরে যবে বৃষ্টিধারা নীল নভ বেয়ে
মনে হয় গাড়ি গাড়ি দাড়ি গেছে ছেয়ে
ধরণির চোখে-মুখে, সে সুখ-আবেশে
নব নব পুষ্পে তৃণে ধরা ওঠে হেসে!সন্ধ্যা
মুকুরে হেরিয়া নিত বি-শ্মশ্রু বদন
লজ্জায় মুদিয়া যেত আপনি নয়ন।
হায় রে কাঙালি,
রহিলি তুই-ই হয়ে মাকুন্দা বাঙালি!
এতেক চিন্তিয়া এক ক্ষুর করি ক্রয়
চাঁছিতে লাগিনু গাল সকল সময়।
বহু সাধ্য-সাধনায় বহু বর্ষ পরে
উদিল নবীন দাড়ি! যেন দিগন্তরে
কৃষ্ণ মেঘ দিল দেখা অজন্মার দেশে,
লালিমলি-পার্সেল যেন অঘ্রানের শেষে!
সে দাড়ি-গৌরব বহি সু-উচ্চ মিনারে
দাঁড়াইয়া ঘোষিতাম, ‘এই দাড়িকারে
নিন্দে যারা, তারা ভীরু তারা কাপুরুষ!
হায় রে বেহুঁশ,
নারী তো নরের রূপ পেতে নাহি চায়,
তাদের হয় না দাড়ি, গুম্ফ না গজায়!
দাড়ি রাখি হইয়াছি শ্রীহীন মিয়াঁ!
কিন্তু বন্ধু, তোমরা যে শ্রীমতী অমিয়া
হইতেছ দিনে দিনে!
কেবা নর কেবা নারী কেহ নাহি চিনে!’সন্ধ্যা
কে কাহার কথা শোনে, ওরা করে ‘শেভ’,
আমারে দেখিলে বলে – ‘ওই অজদেব!’
হই অজ-মুণ্ড আমি তবু দক্ষ-রাজা,
দক্ষেরই জামাতা শিব – (খায় খাক গাঁজা!)
দিনে দিনে বাড়ে দাড়ি রেজার-কর্ষণে,
শস্য-শ্যামা ধরা যেন হলের ঘর্ষণে!
* * *
একাদশ বর্ষ পরে – হায় রে নিয়তি
কে জানে আমার ভাগ্যে ছিল এ দুর্গতি!
সেদিন কার্জন-হলে দিলীপকুমার
আসিল গাহিতে গান, কে করে শুমার
কত যে আসিল নর কত সে যে নারী!
ঠেসাঠেসি ঘেঁসাঘেঁসি, কত ধুতি শাড়ি
ছিঁড়িল পশিতে সেথা! চেনা নাহি যায়
কেবা নর কেবা নারী – এক কেশ এক বেশ, হায়!
সে নিখিল নারী-সভা মাঝে
হেরিলাম, আমারই সে জয়ডঙ্কা বাজে
মুখে মুখে দিকে দিকে! আমি কৃষ্ণ-সম
একাকী পুরুষ বিরাজিনু অনুপম।
সম্মুখে বালিকা এক গাহিতে বসিয়া
ভুলি গেল সুর লয় মোরে নিরখিয়া।
বলে, ‘মাগো, ও কী দাড়ি, দেখে ভয় লাগে!
সুর মম ভয়ে সারদার কোল মাগে,
বাহিরিতে চাহে নাকো।
উহারে সম্মুখ হতে সরাইয়া রাখো!’সন্ধ্যা
গর্বে নাড়ি দাড়ি
কহিলাম – ‘গান! তব সাঝে মম আড়ি!’
সরোষে যেমনি যাব বাহিরিতে আমি,
বিস্ময়ে হেরিনু, মম দাড়ি গেছে থামি
বাঁধিয়া যায় গো দাড়ি নিমেষের ভ্রমে?
চিৎকারিল নারীদল নব নব সুরে,
বানর নরের দল হাসিল অদূরে
ঝিঁঝিট-খাম্বাজে কেহ, কেহ মালকোশে,
হিন্দোলে হুংকারে কেহ ওস্তাদি আক্রোশে!
আসিল নারীর স্বামী, স্বামীর শ্যালক,
পলাইতে যত চাহি পিছে লাগে শক!
দেখেছি অনেক ব্রোচ, বহু সেফটিপিন,
হিরিনি নাছোড়বান্দা হেন কোনোদিন।
আমারও স্ত্রীর ব্রোচ কাঁটা বহুবার
বাধিয়াই ছাড়িয়াছে তখনই আবার!
যত পালাইতে চাই তত বাঁধে দাড়ি,
দাড়ি লয়ে পড়ে গেল শেষে কাড়াকাড়ি
পুরুষ নারীর মাঝে! ক্ষুরে ও কাঁচিতে
হাসিতে হল্লাতে গোলে কাশিতে হাঁচিতে
লাগিল ভীষণ দ্বন্দ্ব!.... যখন চেতনা
ফিরিয়া পাইনু গৃহে, হেরি আনমনা
হাসিছে গৃহিণী মম বাতায়নে বসি।
জাগিতে দেখিয়া কহে, ‘এতদিনে শশী
হল মেঘ-মুক্ত প্রিয়!’ মুকুরে হেরিয়া মুখ কহিলাম আমি,
‘আমি কই?’ সে কহিল, ‘মুকুরেতে স্বামী!’সন্ধ্যা
তর্পণ
(স্বর্গীয় দেশবন্ধুর চতুর্থ বার্ষিক শ্রাদ্ধ উপলক্ষে)
− আজিও তেমনই করি
আষাঢ়ের মেঘ ঘনায়ে এসেছে
ভারত-ভাগ্য ভরি।
আকাশ ভাঙিয়া তেমনই বাদল
ঝরে সারা দিনমান,
দিন না ফুরাতে দিনের সূর্য
মেঘে হল অবসান!
আকাশে খুঁজিছে বিজলি প্রদীপ,
খোঁজে চিতা নদী-কূলে,
কার বয়নের মণি হরায়েছে
হেথা অঞ্চল খুলে।
বজ্রে বজ্রে হাহাকার ওঠে,
খেয়ে বিদ্যুৎ-কশা
স্বর্গে ছুটেছে সিন্ধু –
ঐরাবত দীর্ঘশ্বসা।
ধরায় যে ছিল দেবতা, তাহারে
স্বর্গ করেছে চুরি;
অভিযানে চলে ধরণির সেনা,
অশনিতে বাজে তূরী।
ধরণির শ্বাস ধূমায়িত হল
পুঞ্জিত কালো মেঘে,
চিতাচুল্লিতে শোকের পাবক
নিভে না বাতাস লেগে।
শ্মশানের চিতা যদি নেভে, তবু
জ্বলে স্মরণের চিতা,
এ-পারের প্রাণ-স্নেহরসে হল
ও-পার দীপান্বিতা।
− হতভাগ্যের জাতি,
উৎসব নাই, শ্রাদ্ধ করিয়া
কাটাই দিবস রাতি!সন্ধ্যা
কেবলই বাদল, চোখের বরষা,
যদি বা বাদল থামে –
ওঠে না সূর্য আকাশে ভুলিয়া
রামধনুও না নামে!
ত্রিশ জনে করে প্রায়শ্চিত্ত
ত্রিশ কোটির সে পাপ,
স্বর্গ হইতে বর আনি, আসে
রসাতল হতে শাপ!
হে দেশবন্ধু, হয়তো স্বর্গে
দেবেন্দ্র হয়ে তুমি
জানি না কী চোখে দেখিছ
পাপের ভীরুর ভারতভূমি!
মোদের ভাগ্যে ভাস্কর-সম
উঠেছিলে তুমি তবু,
বাহির আঁধার ঘুচালে,
ঘুচিল মনের তম কি কভু?
সূর্য-আলোকে মনের আঁধার
ঘোচে না, অশনি-ঘাতে
ঘুচাও ঘুচাও জাতের লজ্জা
মরণ-চরণ-পাতে!
অমৃতে বাঁচাতে পারনি এ দেশ,
ওগো মৃত্যুঞ্জয়,
স্বর্গ হইতে পাঠাও এবার
মৃত্যুর বরাভয়!
ক্ষূণ শ্রদ্ধার শ্রাদ্ধ-বাসরে
কী মন্ত্র উচ্চারি
তোমারে তুষিব, আমরা তো নহি
শ্রাদ্ধের অধিকারী!
শ্রদ্ধা দানিবে শ্রাদ্ধ করিবে
বীর অনাগত তারা
স্বাধীন দেশের প্রভাত-সূর্যে
বন্দিবে তোমা যারা!সন্ধ্যা
না–আসা দিনের কবির প্রতি
জবা-কুসুম-সংকাশ রাঙা অরুণ রবি
তোমরা উঠিছ; না-আসা দিনের তোমরা কবি।
যে-রাঙা প্রভাত দেখিবার আশে আমরা জাগি
তোমরা জাগিছ দলে দলে পাখি তারই-র লাগি।
স্তব-গান গাই আমি তোমাদেরই আসার আশে,
তোমরা উদিবে আমার রচিত নীল আকাশে।
আমি রেখে যাই আমার নমস্কারের স্মৃতি –
আমার বীণায় গাহিয়ো নতুন দিনের গীতি!
উৎসর্গ
বাঙলার অগ্নি-যুগের আদি পুরোহিত, সাগ্নিক বীর
শ্রীবারীন্দ্রকুমার ঘোষ
শ্রীশ্রীচরণারবিন্দেষু
অগ্নি-ঋষি! অগ্নিবীণা তোমায় শুধু সাজে।
তাই তো তোমার বহ্নিরাগেও বেদনবেহাগ বাজে।
দহনবনের গহনচারী —
হায় ঋষি — কোন্ বংশীধারী
নিঙড়ে আগুন আনলে বারি
অগ্নিমরুর মাঝে।
সর্বনাশা কোন্ বাঁশি সে বুঝতে পারি না যে।
দুর্বাসা হে! রুদ্র তড়িৎ হানছিলে বৈশাখে,
হঠাৎ সে কার শুনলে বেণু কদম্বের ওই শাখে।
বজ্রে তোমার বাজল বাঁশি,
বহ্নি হল কান্নাহাসি,
সুরের ব্যথায় প্রাণ উদাসী —
মন সরে না কাজে।
তোমার নয়নঝুরা অগ্নিসুরেও রক্তশিখা রাজে।
তোমার অগ্নি-পূজারি
স্নেহ-মহিমান্বিত শিষ্য — কাজী নজরুল ইসলামঅগ্নিবীণা
প্রলয়োল্লাস
তোরা সব
জয়ধ্বনি কর!
তোরা সব
জয়ধ্বনি কর!
ওঐ নূতনের কেতন ওড়ে কাল্-বোশেখীর ঝড় !
তোরা সব
জয়ধ্বনি কর !
তোরা সব
জয়ধ্বনি কর !
আসছে এবার অনাগত প্রলয়-নেশার নৃত্য-পাগল,
সিন্ধু-পারের সিংহ-দ্বারে ধমক হেনে ভাঙল আগল !
মৃত্যু-গহন অন্ধকূপে
মহাকালের চণ্ড-রূপে—
ধূম্র-ধূপে
বজ্র-শিখার মশাল জ্বেলে আসছে ভয়ঙ্কর !
ওরে ওঐ
হাসছে ভয়ঙ্কর !
তোরা সব
জয়ধ্বনি কর !
তোরা সব
জয়ধ্বনি কর!
ঝামর তাহার কেশের দোলার ঝাপটা মেরে গগন দুলায়,
সর্ব্বনাশী জ্বালা-মুখী ধূমকেতু তার চামর ঢুলায় !
বিশ্বপাতার বক্ষ-কোলে
রক্ত তাহার কৃপাণ ঝোলে
দোদুল দোলে !
অট্টরোলের হট্টোগোলে স্তব্ধ চরাচর—
ওরে ওঐ
স্তব্ধ চরাচর !
তোরা সব
জয়ধ্বনি কর !
তোরা সব
জয়ধ্বনি কর !
দ্বাদশ-রবির বহ্নি-জ্বালা ভয়াল তাহার নয়ন-কটায়,
দিগন্তরের কাঁদন লুটায় পিঙ্গ তার ত্রস্ত জটায় !
বিন্দু তাহার নয়ন-জলে
সপ্ত মহা-সিন্ধু দোলে
কপোল-তলে !
বিশ্ব-মায়ের আসন তারি বিপুল বাহুর ‘পর—
হাঁকে ওঐ
“জয় প্রলয়ঙ্কর !”
তোরা সব
জয়ধ্বনি কর !
তোরা সব
জয়ধ্বনি কর !অগ্নিবীণা
মাভৈঃ মাভৈঃ ! জগৎ জুড়ে প্রলয় এবার ঘনিয়ে আসে
জরায়-মরা মুমূর্ষুদের প্রাণ-লুকানো ওই বিনাশে !
এবার মহানিশার শেষে
আসবে ঊষা অরুণ হেসে
করুণ বেশে !
দিগম্বরের জটায় লুটায় শিশু-চাঁদের কর—
আলো তার
ভরবে এবার ঘর !
তোরা সব
জয়ধ্বনি কর !
তোরা সব
জয়ধ্বনি কর !!
ওই যে মহাকাল-সারথি রক্ত-তড়িত চাবুক হানে,
রণিয়ে ওঠে হ্রেষার কাঁদন বজ্রগানে ঝড়-তুফানে !
ক্ষুরের দাপট তারায় লেগে উল্কা ছুটায় নীল খিলানে |
গগন-তলের নীল খিলানে !
অন্ধ কারার অন্ধ কূপে
দেবতা বাঁধা যজ্ঞ-যূপে
পাষাণ-স্তূপে !
এই ত রে তার আসার সময় ওই রথঘর্ঘর—
শোনা যায়
ওই রথঘর্ঘর !
তোরা সব
জয়ধ্বনি কর !
তোরা সব
জয়ধ্বনি কর !!
ধ্বংস দেখে ভয় কেন তোর ? — প্রলয় নূতন সৃজন-বেদন |
আসছে নবীন — জীবনহারা অ-সুন্দরে করতে ছেদন |
তাই সে এমন কেশে বেশে
প্রলয় বয়েও আসছে হেসে—
মধুর হেসে !
ভেঙে আবার
গড়তে জানে সে চিরসুন্দর !
তোরা সব
জয়ধ্বনি কর !
তোরা সব
জয়ধ্বনি কর !!
ওই
ভাঙা-গড়া খেলা যে তার কিসের তরে ডর ?
তোরা সব জয়ধ্বনি কর !—
বধূরা প্রদীপ তুলে ধর !
কাল-ভয়ঙ্করের বেশে এবার ঐ আসে সুন্দর !—
তোরা সব
জয়ধ্বনি কর !
তোরা সব
জয়ধ্বনি কর !!অগ্নিবীণা
বিদ্রোহী
বল
বীর -
বল
উন্নত মম শির!
শির
নেহারি আমার নতশির ওই শিখর হিমাদ্রির!
বল
বীর -
বল
মহাবিশ্বের মহাকাশ ফাড়ি,
চন্দ্র সূর্য গ্রহ তারা ছাড়ি,
ভূলোক দ্যুলোক গোলক ভেদিয়া
খোদার আসন ‘আরশ’ ছেদিয়া,
উঠিয়াছি চিরবিস্ময় আমি বিশ্ব-বিধাতৃর!
মম
ললাটে রুদ্র ভগবান জ্বলে রাজ-রাজটীকা দীপ্ত জয়শ্রীর!
বল
বীর -
আমি
চির-উন্নত শির!
আমি
চিরদূর্দম, দুর্বিনীত, নৃশংস,
মহা-
প্রলয়ের আমি নটরাজ, আমি সাইক্লোন, আমি ধ্বংস!
আমি
মহাভয়, আমি অভিশাপ পৃথ্বীর,
আমি
দুর্বার,
আমি
ভেঙে করি সব চুরমার!
আমি
অনিয়ম উচ্ছৃঙ্খল,
আমি
দলে যাই যত বন্ধন, যত নিয়ম কানুন শৃঙ্খল!
আমি
মানি নাকো কোন আইন,
আমি
ভরা তরি করি ভরা-ডুবি, আমি টর্পেডো, আমি ভীম ভাসমান মাইন!
আমি
ধূর্জটি, আমি এলোকেশে ঝড় অকাল-বৈশাখীর
আমি
বিদ্রোহী, আমি বিদ্রোহী-সূত বিশ্ব-বিধাতৃর!
বল
বীর -
চির
উন্নত মম শির!
আমি
ঝঞ্ঝা, আমি ঘূর্ণি,
আমি
পথ-সম্মুখে যাহা পাই যাই চূর্ণি’।
আমি
নৃত্য-পাগল ছন্দ,
আমি
আপনার তালে নেচে যাই, আমি মুক্ত জীবনানন্দ।
আমি
হাম্বার, আমি ছায়ানট, আমি হিন্দোল,
আমি
চল-চঞ্চল, ঠমকি ছমকি
পথে যেতে যেতে চকিতে চমকি’
ফিং দিয়া দিই তিন দোল;
আমি
চপলা-চপল হিন্দোল।
আমি
তাই করি ভাই যখন চাহে এ মন যা,
আমি
শত্রুর সাথে গলাগলি, ধরি মৃত্যুর সাথে পাঞ্জা,
আমি
উন্মাদ, আমি ঝঞ্ঝা!
আমি
মহামারী আমি ভীতি এ ধরিত্রীর;
আমি
শাসন-ত্রাসন, সংহার আমি উষ্ণ চির-অধীর!
বল
বীর -
চির
উন্নত মম শির!অগ্নিবীণা
আমি
চির-দুরন্ত দুর্মদ,
আমি
দুর্দম, মম প্রাণের পেয়ালা হর্দম হ্যায় হর্দম ভরপুর মদ।
আমি
হোম-শিখা, আমি সাগ্নিক জমদগ্নি,
আমি
যজ্ঞ, আমি পুরোহিত, আমি অগ্নি।
আমি
সৃষ্টি, আমি ধ্বংস, আমি লোকালয়, আমি শ্মশান,
আমি
অবসান, নিশাবসান।
আমি
ইন্দ্রাণী-সূত হাতে-চাঁদ ভালে-সূর্য
মম
এক হাতে বাঁকা বাঁশের বাঁশরী আর রণ-তূর্য;
আমি
কৃষ্ণ-কন্ঠ, মন্থন-বিষ পিয়া ব্যথা-বারিধীর।
আমি
ব্যোমকেশ, ধরি বন্ধন-হারা ধারা গঙ্গোত্রীর।
বলো
বীর -
চির
উন্নত মম শির!
আমি
সন্ন্যাসী, সুর-সৈনিক,
আমি
যুবরাজ, মম রাজবেশ ম্লান গৈরিক।
আমি
বেদুইন, আমি চেঙ্গিস,
আমি
আপনারে ছাড়া করি না কাহারে কুর্ণিশ!
আমি
বজ্র, আমি ঈশান-বিষাণে ওঙ্কার,
আমি
ইস্রাফিলের শিঙ্গার মহা-হুঙ্কার,
আমি
পিণাকপাণির ডমরু ত্রিশূল, ধর্মরাজের দন্ড,
আমি
চক্র ও মহাশঙ্খ, আমি প্রণবনাদ প্রচন্ড!
আমি
ক্ষ্যাপা দুর্বাসা, বিশ্বামিত্র-শিষ্য,
আমি
দাবানল-দাহ, দাহন করিব বিশ্ব।
আমি
প্রাণ-খোলা হাসি উল্লাস, – আমি সৃষ্টি-বৈরী মহাত্রাস,
আমি
মহা-প্রলয়ের দ্বাদশ রবির রাহু-গ্রাস!
আমি
কভু প্রশান্ত, – কভু অশান্ত দারুণ স্বেচ্ছাচারী,
আমি
অরুণ খুনের তরুণ, আমি বিধির দর্পহারী!
আমি
প্রভঞ্জনের উচ্ছ্বাস, আমি বারিধির মহাকল্লোল,
আমি
উজ্জ্বল, আমি প্রোজ্জ্জ্বল,
আমি
উচ্ছল জল-ছল-ছল, চল-ঊর্মির হিন্দোল-দোল!
আমি
বন্ধন-হারা কুমারীর বেণু, তন্বী-নয়নে বহ্ণি
আমি
ষোড়শীর হৃদি-সরসিজ প্রেম উদ্দাম, আমি ধন্যি!
আমি
উন্মন মন উদাসীর,
আমি
বিধবার বুকে ক্রন্দন-শ্বাস, হা-হুতাশ আমি হুতাশীর।
আমি
বঞ্চিত ব্যথা পথবাসী চির গৃহহারা যত পথিকের,
আমি
অবমানিতের মরম-বেদনা, বিষ – জ্বালা, প্রিয় লাঞ্ছিত বুকে গতি ফের
আমি
অভিমানী চির-ক্ষুব্ধ হিয়ার কাতরতা, ব্যথা সুনিবিড়,
চিত
চুম্বন-চোর-কম্পন আমি থরথরথর প্রথম পরশ কুমারীর!
আমি
গোপন-প্রিয়ার চকিত চাহনি, ছল-করে দেখা অনুখন,
আমি
চপল মেয়ের ভালোবাসা, তার কাঁকন-চুড়ির কনকন!
আমি
চির-শিশু, চির-কিশোর,
আমি
যৌবন-ভিতু পল্লিবালার আঁচর কাঁচলি নিচোর!
আমি
উত্তরী-বায়ু মলয়-অনিল উদাস পুরবি হাওয়া
আমি
পথিক কবির গভীর রাগিণী, বেণু-বীণে গান গাওয়া।
আমি
আকুল নিদাঘ-তিয়াসা, আমি রৌদ্র-রুদ্র রবি
আমি
মরু-নির্ঝর ঝরঝর, আমি শ্যামলিমা ছায়াছবি!
আমি
তুরীয়ানন্দে ছুটে চলি, এ কি উন্মাদ, আমি উন্মাদ!
আমি
সহসা আমারে চিনেছি, আমার খুলিয়া গিয়াছে সব বাঁধ!অগ্নিবীণা
আমি
উত্থান, আমি পতন, আমি অচেতন-চিতে চেতন,
আমি
বিশ্ব-তোরণে বৈজয়ন্তী, মানব-বিজয়-কেতন।
ছুটি
ঝড়ের মতন করতালি দিয়া স্বর্গ মর্ত্য করতলে,
তাজি
বোররাক আর উচ্চৈঃশ্রবা বাহন আমার হিম্মত-হ্রেষা হেঁকে চলে!
আমি
বসুধা-বক্ষে আগ্নেয়াদ্রি, বাড়ব-বহ্নি, কালানল,
আমি
পাতালে মাতাল অগ্নি-পাথার-কলরোল-কল-কোলাহল!
আমি
তড়িতে চড়িয়া উড়ে চলি জোর তুড়ি দিয়া দিয়া লম্‍‍‍ফ,
আমি
ত্রাস-সঞ্চারি ভুবনে সহসা সঞ্চারি ভূমিকম্প।
ধরি
বাসুকির ফণা জাপটি, -
ধরি
স্বর্গীয় দূত জিব্রাইলের আগুনের পাখা সাপটি !
আমি
দেব-শিশু, আমি চঞ্চল,
আমি
ধৃষ্ট, আমি দাঁত দিয়া ছিঁড়ি বিশ্বমায়ের অঞ্চল!
আমি
অর্ফিয়াসের বাঁশরি,
মহা-
সিন্ধু উতলা ঘুম ঘুম
ঘুম
চুমু দিয়ে করে নিখিল বিশ্বে নিঝঝুম
মম
বাঁশরীর তানে পাশরি।
আমি
শ্যামের হাতের বাঁশরি।
আমি
রুষে উঠি যবে ছুটি মহাকাশ ছাপিয়া,
ভয়ে
সপ্ত নরক হাবিয়া দোজখ নিভে নিভে যায় কাঁপিয়া!
আমি
বিদ্রোহবাহী নিখিল অখিল ব্যাপিয়া!
আমি
শ্রাবণ-প্লাবন বন্যা,
কভু
ধরণিরে করি বরণীয়া, কভু বিপুল ধ্বংস-ধন্যা।
আমি
ছিনিয়া আনিব বিষ্ণুবক্ষ হইতে যুগল কন্যা!
আমি
অন্যায়, আমি উল্কা, আমি শনি,
আমি
ধূমকেতু-জ্বালা, বিষধর কাল-ফণী!
আমি
ছিন্নমস্তা চন্ডী, আমি রণদা সর্বনাশী,
আমি
জাহান্নামের আগুনে বসিয়া হাসি পুষ্পের হাসি!
আমি
মৃন্ময়, আমি চিন্ময়,
আমি
অজর অমর অক্ষয়, আমি অব্যয়।
আমি
মানব দানব দেবতার ভয়,
বিশ্বের আমি চির-দুর্জয়,
জগদীশ্বর-ঈশ্বর আমি পুরুষোত্তম সত্য,
আমি
তাথিয়া তাথিয়া মাথিয়া ফিরি এ স্বর্গ-পাতাল-মর্ত্য!
আমি
উন্মাদ, আমি উন্মাদ!!
আমি
চিনেছি আমারে, আজিকে আমার খুলিয়া গিয়াছে সব বাঁধ!!
আমি
উত্তাল, আমি তুঙ্গ ভয়াল মহাকাল,
আমি
বিবসন আজ ধরাতল নভ ছেয়েছে আমারই জটাজাল!
আমি
ধন্য! আমি ধন্য!
আমি
মুক্ত, আমি সত্য, আমি বীর বিদ্রোহী সৈন্য,
আমি
ধন্য! আমি ধন্য!!অগ্নিবীণা
আমি
পরশুরামের কঠোর কুঠার
নিঃক্ষত্রিয় করিব বিশ্ব, আনিব শান্তি শান্ত উদার!
আমি
হল বলরাম-স্কন্ধে
আমি
উপাড়ি’ ফেলিব অধীন বিশ্ব অবহেলে নব সৃষ্টির মহানন্দে।
মহা-
বিদ্রোহী রণ ক্লান্ত
আমি
সেই দিন হব শান্ত,
যবে
উত্‍পীড়িতের ক্রন্দন-রোল আকাশে বাতাসে ধ্বনিবে না -
অত্যাচারীর খড়গ কৃপাণ ভীম রণ-ভূমে রণিবে না -
বিদ্রোহী রণ ক্লান্ত
আমি
সেই দিন হব শান্ত।
আমি
বিদ্রোহী ভৃগু, ভগবান বুকে এঁকে দিই পদ-চিহ্ন,
আমি
স্রষ্টা-সূদন, শোক-তাপ হানা খেয়ালী বিধির বক্ষ করিব ভিন্ন!
আমি
বিদ্রোহী ভৃগু, ভগবান বুকে এঁকে দেবো পদ-চিহ্ন!
আমি
খেয়ালী-বিধির বক্ষ করিব ভিন্ন!
আমি
চির-বিদ্রোহী বীর -
আমি
বিশ্ব ছাড়ায়ে উঠিয়াছি একা চির-উন্নত শির!অগ্নিবীণা
রক্তাম্বরধারিণী-মা
রক্তাম্বর পরো মা এবার
জ্বলে পুড়ে যাক শ্বেত বসন
দেখি ওই করে সাজে মা কেমন
বাজে তরবারি ঝনন ঝন।
সিঁথির সিঁদুর মুছে ফেলো মা গদ্রারূপে,
এসো তুমি নয়ন-আনত।
এসো তুমি ম্লান
হেসে
দিবাদগ্ধ আয়ুশেষে
মরণের আশ্বাসের মতো।
আমি শুধু চেয়ে
থাকি
অশ্রুহীন-শ্রান্ত-আঁখি,
পড়ে থাকি পৃথিবীর’পরে—
খুলে দাও
কেশভার,
ঘনস্নিগ্ধ অন্ধকার
মোরে ঢেকে দিক স্তরে স্তরে।
রাখো এ কপালে
মম
নিদ্রার আবেশ-সম
হিমস্নিগ্ধ করতলখানি।
বাক্যহীন
স্নেহভরে
অবশ দেহের’পরে
অঞ্চলের প্রান্ত দাও টানি।
তার পরে পলে
পলে
করুণার অশ্রুজলে
ভরে যাক নয়নপল্লব।
সেই স্তব্ধ
আকুলতা
গভীর বিদায়ব্যথা
কায়মনে করি অনুভব।
আর্দ্র তীব্র পূর্ববায়ু বহিতেছে বেগে,
ঢেকেছে
উদয়পথ ঘননীল মেঘে।
দূরে
গঙ্গা, নৌকা নাই, বালু উড়ে যায়,
বসে বসে
ভাবিতেছি— আজি কে কোথায়!
শুষ্ক পাতা উড়ে পড়ে জনহীন পথে,
বনের উতল
রোল আসে দূর হতে।
নীরব
প্রভাত-পাখি, কম্পিত কুলায়,
মনে
জাগিতেছে সদা— আজি সে কোথায়!
কত কাল ছিল কাছে, বলি নি তো কিছু—
দিবস চলিয়া
গেছে দিবসের পিছু।
কত
হাস্যপরিহাস, বাক্য-হানাহানি,
তার মাঝে
রয়ে গেছে হৃদয়ের বাণী।
মনে হয় আজ যদি পাইতাম কাছে,
বলিতাম
হৃদয়ের যত কথা আছে।
বচনে পড়িত
নীল জলদের ছায়,
ধ্বনিতে
ধ্বনিত আর্দ্র উতরোল বায়।
ঘনাইত নিস্তব্ধতা দূর ঝটিকার,
নদীতীরে
মেঘে বনে হত একাকার।
এলোকেশ
মুখে তার পড়িত নামিয়া,
নয়নে সজল
বাষ্প রহিত থামিয়া।
জীবনমরণময় সুগম্ভীর কথা,
অরণ্যমর্মরসম মর্মব্যাকুলতা,
ইহপরকালব্যাপী সুমহান প্রাণ,
উচ্ছ্বসিত
উচ্চ আশা, মহত্ত্বের গান—
মানসী
বৃহৎ
বিষাদছায়া,বিরহ গভীর,
প্রচ্ছন্ন
হৃদয়রুদ্ধ আকাঙ্ক্ষা অধীর,
বর্ণন-অতীত
যত অস্ফুট বচন—
নির্জন
ফেলিত ছেয়ে মেঘের মতন।
যথা দিবা-অবসানে নিশীথনিলয়ে
বিশ্ব দেখা
দেয় তার গ্রহতারা লয়ে,
হাস্যপরিহাসমুক্ত হৃদয়ে আমার
দেখিত সে
অন্তহীন জগৎবিস্তার।
নিম্নে শুধু কোলাহল খেলাধুলা হাস,
উপরে
নির্লিপ্ত শান্ত অন্তর-আকাশ।
আলোকেতে
দেখো শুধু ক্ষণিকের খেলা,
অন্ধকারে
আছি আমি অসীম একেলা।
কতটুকু ক্ষুদ্র মোরে দেখে গেছে চলে,
কত ক্ষুদ্র
সে বিদায় তুচ্ছ কথা ব’লে!
কল্পনার
সত্যরাজ্য দেখাই নি তারে,
বসাই নি এ
নির্জন আত্মার আঁধারে।
এ
নিভৃতে, এ নিস্তব্ধে, এ মহত্ত্ব-মাঝে
দুটি চিত্ত
চিরনিশি যদি রে বিরাজে—
হাসিহীন
শব্দশূন্য ব্যোম দিশাহারা,
প্রেমপূর্ণ
চারি চক্ষু জাগে চারি তারা।
শ্রান্তি নাই, তৃপ্তি নাই, বাধা নাই পথে,
জীবন
ব্যাপিয়া যায় জগতে জগতে—
দুটি
প্রাণতন্ত্রী হতে পূর্ণ একতানে
উঠে গান
অসীমের সিংহাসন-পানে।
ভালোবাস কি
না বাস বুঝিতে পারি নে,
তাই কাছে থাকি।
তাই তব মুখপানে
রাখিয়াছি মেলি
সর্বগ্রাসী আঁখি।
তাই সারা
রাত্রিদিন শ্রান্তি তৃপ্তি-নিদ্রাহীন
করিতেছি পান
যতটুকু হাসি পাই,
যতটুকু কথা,
যতটুকু গান।
তাই কভু
ফিরে যাই, কভু ফেলি শ্বাস,
কভু ধরি হাত।
কখনো কঠিন কথা, কখনো
সোহাগ,
কভু অশ্রুপাত।
তুলি ফুল দেব
ব’লে, ফেলে দিই ভূমিতলে
করি’ খান খান।
কখনো আপন মনে আপনার
সাথে
করি অভিমান।
জানি যদি
ভালোবাস চির-ভালোবাসা
জনমে
বিশ্বাস,
যেথা তুমি যেতে বল
সেথা যেতে পারি—
ফেলি নে নিশ্বাস।
তরঙ্গিত এ
হৃদয়
তরঙ্গিত সমুদয়
বিশ্বচরাচর
মুহূর্তে হইবে শান্ত,
টলমল প্রাণ
পাইবে নির্ভর।
বাসনার
তীব্র জ্বালা দূর হয়ে যাবে,
যাবে অভিমান,
হৃদয়দেবতা হবে, করিব
চরণে
মানসী
পুষ্প-অর্ঘ্য দান।
দিবানিশি
অবিরল লয়ে
শ্বাস অশ্রুজল
লয়ে হাহুতাশ
চির ক্ষুধাতৃষা লয়ে
আঁখির সম্মুখে
করিব না বাস।
তোমার
প্রেমের ছায়া আমারে ছাড়ায়ে
পড়িবে জগতে,
মধুর আঁখির আলো পড়িবে
সতত
সংসারের পথে।
দূরে যাবে ভয়
লাজ, সাধিব আপন কাজ
শতগুণ বলে—
বাড়িবে আমার প্রেম
পেয়ে তব প্রেম,
দিব তা সকলে।
নহে তো আঘাত
করো কঠোর কঠিন
কেঁদে যাই চলে।
কেড়ে লও বাহু তব,
ফিরে লও আঁখি,
প্রেম দাও দ’লে।
কেন এ
সংশয়ডোরে বাঁধিয়া রেখেছ মোরে,
বহে যায় বেলা।
জীবনের কাজ আছে—
প্রেম নহে ফাঁকি,
প্রাণ নহে খেলা।
এই ছন্দে যে যে স্থানে ফাঁক সেইখানে দীর্ঘ যতিপতন আবশ্যক
ছিলাম নিশিদিন
আশাহীন প্রবাসী
বিরহতপোবনে
আনমনে উদাসী।
আঁধারে আলো মিশে দিশে
দিশে খেলিত;
অটবী বায়ুবশে উঠিত
সে উছাসি।
কখনো ফুল দুটো
আঁখিপুট মেলিত,
কখনো পাতা ঝরে পড়িত
রে নিশাসি।
তবু সে ছিনু ভালো
আধা-আলো- আঁধারে,
গহন শত-ফের
বিষাদের মাঝারে।
নয়নে কত ছায়া কত
মায়া ভাসিত,
উদাস বায়ু সে তো ডেকে
যেত আমারে।
ভাবনা কত সাজে
হৃদিমাঝে আসিত,
খেলাত অবিরত কত
শত আকারে!
বিরহপরিপূত
ছায়াযুত শয়নে,
ঘুমের সাথে স্মৃতি
আসে নিতি নয়নে।
কপোত দুটি ডাকে বসি
শাখে মধুরে,
দিবস চলে যায় গলে
যায় গগনে।
কোকিল কুহুতানে ডেকে
আনে বধূরে,
নিবিড় শীতলতা
তরুলতা গহনে।
আকাশে
চাহিতাম
গাহিতাম একাকী,
মনের যত কথা ছিল
সেথা লেখা কি?
দিবসনিশি ধ’রে ধ্যান
ক’রে তাহারে
নীলিমা-পরপার পাব
তার দেখা কি?
তটিনী অনুখন ছোটে
কোন্ পাথারে,
আমি যে গান গাই তারি
ঠাঁই শেখা কি?
মানসী
বিরহে তারি
নাম শুনিতাম
পবনে,
তাহারি সাথে থাকা
মেঘে ঢাকা ভবনে।
পাতার মরমর
কলেবর হরষে;
তাহারি পদধ্বনি যেন
গনি কাননে!
মুকূল সুকুমার যেন
তার পরশে,
চাঁদের চোখে ক্ষুধা
তারি সুধা -স্বপনে।
করুণা অনুখন
প্রাণ মন ভরিত,
ঝরিলে ফুলদল চোখে
জল ঝরিত।
পবন হুহু ক’রে করিত
রে হাহাকার,
ধরার তরে যেন মোর
প্রাণ ঝুরিত।
হেরিলে দুখে শোকে
কারো চোখে আঁখিধার
তোমারি আঁখি কেন মনে
যেন পড়িত।
শিশুরে কোলে
নিয়ে
জুড়াইয়ে যেত বুক,
আকাশে বিকশিত তোরি
মতো স্নেহমুখ।
দেখিলে আঁখি-রাঙা
পাখা-ভাঙা পাখিটি
“আহাহা” ধ্বনি তোর
প্রাণে মোর দিত দুখ।
মুছালে দুখনীর
দুখিনীর আঁখিটি,
জাগিত মনে ত্বরা
দয়া-ভরা তোর সুখ।
সারাটা
দিনমান রচি
গান কত-না!
তোমারি পাশে রহি যেন
কহি বেদনা।
কানন মরমরে কত
স্বরে কহিত,
ধ্বনিত যেন দিশে তোমারি
সে রচনা।
সতত দূরে কাছে আগে
পাছে বহিত
তোমারি যত কথা
পাতা-লতা ঝরনা।
তোমারে
আঁকিতাম,
রাখিতাম ধরিয়া
বিরহ ছায়াতল
সুশীতল করিয়া।
কখনো দেখি যেন
ম্লান-হেন মুখানি,
কখনো আঁখিপুটে হাসি
উঠে ভরিয়া।
কখনো সারা রাত ধরি
হাত দুখানি
মানসী
রহি গো বেশবাসে
কেশপাশে মরিয়া।
বিরহ সুমধুর
হল দূর কেন রে?
মিলনদাবানলে গেল
জ্বলে যেন রে।
কই সে দেবী কই? হেরো
ওই একাকার,
শ্মশানবিলাসিনী
বিবাসিনী বিহরে।
নাই গো দয়ামায়া
স্নেহছায়া নাহি আর—
সকলি করে ধুধু, প্রাণ
শুধু শিহরে।
বক্তৃতাটা লেগেছে বেশ,
রয়েছে রেশ কানে—
কী যেন করা উচিত ছিল,
কী করি কে তা জানে!
অন্ধকারে ওই রে শোন্
ভারতমাতা করেন ‘গ্রোন’
এ হেন কালে ভীষ্ম দ্রোণ
গেলেন কোন্ খানে!
দেশের দুখে সতত দহি
মনের ব্যথা সবারে কহি,
এস তো করি নামটা সহি
লম্বা পিটিশানে।
আয় রে ভাই, সবাই মাতি
যতটা পারি ফুলাই ছাতি,
নহিলে গেল আর্যজাতি
রসাতলের পানে।
উৎসাহেতে জ্বলিয়া উঠি
দুহাতে দাও তালি!
আমরা ‘বড়ো’ এ যে না বলে
তাহারে দাও গালি!
কাগজ ভ’রে লেখো রে লেখো,
এমনি করে যুদ্ধ শেখো,
হাতের কাছে রেখো রে রেখো
কলম আর কালি!
চারটি করে অন্ন খেয়ো,
দুপুর বেলা আপিস যেয়ো,
তাহার পরে সভায় ধেয়ো
বাক্যানল জ্বালি—
কাঁদিয়া লয়ে দেশের দুখে
মানসী
সন্ধেবেলা বাসায় ঢুকে
শ্যালীর সাথে হাস্যমুখে
করিয়ো চতুরালি।
দূর হউক এ বিড়ম্বনা,
বিদ্রূপের ভান।
সবারে চাহে বেদনা দিতে
বেদনা-ভরা প্রাণ।
আমার এই হৃদয়তলে
শরম-তাপ সতত জ্বলে,
তাই তো চাহি হাসির ছলে
করিতে লাজ দান।
আয়-না ভাই, বিরোধ ভুলি—
কেন রে মিছে লাথিয়ে তুলি
পথের যত মতের ধূলি
আকাশপরিমাণ?
পরের মাঝে, ঘরের মাঝে
মহৎ হব সকল কাজে,
নীরবে যেন মরে গো লাজে
মিথ্যা অভিমান।
ক্ষুদ্রতার মন্দিরেতে
বসায়ে আপনারে
আপন পায়ে না দিই যেন
অর্ঘ্য ভারে ভারে।
জগতে যত মহৎ আছে
হইব নত সবার কাছে,
হৃদয় যেন প্রসাদ যাচে
তাঁদের দ্বারে দ্বারে।
যখন কাজ ভুলিয়া যাই
মর্মে যেন লজ্জা পাই,
নিজেরে নাহি ভুলাতে চাই
মানসী
বাক্যের আঁধারে।
ক্ষুদ্র কাজ ক্ষুদ্র নয়
এ কথা মনে জাগিয়া রয়,
বৃহৎ ব’লে না মনে হয়
বৃহৎ কল্পনারে।
পরের কাছে হইব বড়ো
এ কথা গিয়ে ভুলে
বৃহৎ যেন হইতে পারি
নিজের প্রাণমূলে।
অনেক দূরে লক্ষ্য রাখি
চুপ করে না বসিয়া থাকি
স্বপ্নাতুর দুইটি আঁখি
শূন্যপানে তুলে।
ঘরের কাজ রয়েছে পড়ি,
তাহাই যেন সমাধা করি,
‘কী করি’ বলে ভেবে না মরি
সংশয়েতে দুলে।
করিব কাজ নীরবে থেকে,
মরণ যবে লইবে ডেকে
জীবনরাশি যাইব রেখে
ভবের উপকূলে।
সবাই বড়ো হইলে তবে
স্বদেশ বড়ো হবে,
যে কাজে মোরা লাগাব হাত
সিদ্ধ হবে তবে।
সত্যপথে আপন বলে
তুলিয়া শির সকলে চলে,
মরণভয় চরণতলে
দলিত হয়ে রবে।
নহিলে শুধু কথাই সার,
মানসী
বিফল আশা লক্ষবার,
দলাদলি ও অহংকার
উচ্চ কলরবে।
আমোদ করা কাজের ভানে—
পেখম তুলি গগন-পানে
সবাই মাতে আপন মানে
আপন গৌরবে।
বাহবা কবি! বলিছ ভালো,
শুনিতে লাগে বেশ—
এমনি ভাবে বলিলে হবে
উন্নতি বিশেষ।
‘ওজস্বিতা’ ‘উদ্দীপনা’
ছুটাও ভাষা অগ্নিকণা,
আমরা করি সমালোচনা
জাগায়ে তুলি দেশ!
বীর্যবল বাঙ্গালার
কেমনে বলো টিকিবে আর,
প্রেমের গানে করেছে তার
দুর্দশার শেষ।
যাক-না দেখা দিন-কতক
যেখানে যত রয়েছে লোক
সকলে মিলে লিখুক শ্লোক
‘জাতীয়’ উপদেশ।
নয়ন বাহি অনর্গল
ফেলিব সবে অশ্রুজল,
উৎসাহেতে বীরের দল
লোমাঞ্চিতকেশ।
রক্ষা করো! উৎসাহের
যোগ্য আমি কই!
সভা-কাঁপানো করতালিতে
কাতর হয়ে রই।
মানসী
দশজনাতে যুক্তি ক’রে
দেশের যারা মুক্তি করে,
কাঁপায় ধরা বসিয়া ঘরে,
তাদের আমি নই।
‘জাতীয়’ শোকে সবাই জুটে
মরিছে যবে মাথাটা কুটে,
দশ দিকেতে উঠিছে ফুটে
বক্তৃতার খই—
হয়তো আমি শয্যা পেতে
মুগ্ধহিয়া আলস্যেতে
ছন্দ গেঁথে নেশায় মেতে
প্রেমের কথা কই।
শুনিয়া যত বীরশাবক
দেশের যাঁরা অভিভাবক
দেশের কানে হস্ত হানে,
ফুকারে হৈ-হৈ!
চাহি না আমি অনুগ্রহ-
বচন এত শত।
‘ওজস্বিতা’ ‘উদ্দীপনা’
থাকুক আপাতত।
পষ্ট তবে খুলিয়া বলি—
তুমিও চলো আমিও চলি,
পরস্পরে কেন এ ছলি
নির্বোধের মতো?
ঘরেতে ফিরে খেলো গে তাস,
লুটায়ে ভুঁয়ে মিটায়ে আশ
মরিয়া থাকো বারোটি মাস
আপন আঙিনায়।
পরের দোষে নাসিকা গুঁজে
মানসী
গল্প খুঁজে গুজব খুঁজে
আরামে আঁখি আসিবে বুজে
মলিনপশুপ্রায়।
তরল হাসি-লহরী তুলি
রচিয়ো বসি বিবিধ বুলি,
সকল কিছু যাইয়ো ভুলি
ভুলো না আপনায়!
আমিও রব তোমারি দলে
পড়িয়া এক-ধার!
মাদুর পেতে ঘরের ছাতে
ডাবা হুঁকোটি ধরিয়া হাতে
করিব আমি সবার সাথে
দেশের উপকার।
বিজ্ঞভাবে নাড়িব শির,
অসংশয়ে করিব স্থির
মোদের বড়ো এ পৃথিবীর
কেহই নহে আর!
নয়ন যদি মুদিয়া থাকো
সে ভুল কভু ভাঙিবে নাকো,
নিজেরে বড়ো করিয়া রাখো
মনেতে আপনার!
বাঙালি বড়ো চতুর, তাই
আপনি বড়ো হইয়া যাই,
অথচ কোনো কষ্ট নাই
চেষ্টা নাই তার।
হোথায় দেখো খাটিয়া মরে,
দেশে বিদেশে ছড়ায়ে পড়ে,
জীবন দেয় ধরার তরে
ম্লেচ্ছসংসার!
ফুকারো তবে উচ্চরবে
বাঁধিয়া এক-সার—
মহৎ মোরা বঙ্গবাসী
আর্যপবিবার।
মিছে তর্ক—
থাক্ তবে থাক্ ।
কেন কাঁদি বুঝিতে পার না?
তর্কেতে বুঝিবে তা
কি?
এই মুছিলাম আঁখি—
এ শুধু চোখের জল, এ নহে ভর্ৎসনা।
আমি কি চেয়েছি পায়ে ধরে
ওই তব আঁখি-তুলে চাওয়া—
ওই কথা, ওই
হাসি,
ওই কাছে আসা-আসি,
অলক দুলায়ে দিয়ে হেসে চলে যাওয়া?
কেন আন বসন্তনিশীথে
আঁখিভরা আবেশ বিহ্বল—
যদি বসন্তের
শেষে
শ্রান্তমনে ম্লান হেসে
কাতরে
খুঁজিতে হয় বিদায়ের ছল?
আছি যেন সোনার খাঁচায়
একখানি পোষ-মানা প্রাণ।
এও কি বুঝাতে
হয়
প্রেম যদি নাহি রয়
হাসিয়ে সোহাগ করা শুধু অপমান?
মনে আছে সেই এক দিন
প্রথম প্রণয় সে তখন।
বিমল শরতকাল,
শুভ্র ক্ষীণ মেঘজাল,
মৃদু শীতবায়ে স্নিগ্ধ রবির কিরণ।
কাননে ফুটিত শেফালিকা,
ফুলে ছেয়ে যেত তরুমূল।
পরিপূর্ণ
সুরধুনী,
কুলুকুলু
ধ্বনি শুনি,
পরপারে বনশ্রেণী কুয়াশা-আকুল।
মানসী
আমা-পানে চাহিয়ে তোমার
আঁখিতে কাঁপিত প্রাণখানি।
আনন্দে বিষাদে
মেশা
সেই নয়নের নেশা
তুমি তো জান না তাহা, আমি তাহা জানি।
সে
কি মনে পড়িবে তোমার—
সহস্র লোকের মাঝখানে
যেমনি দেখিতে
মোরে
কোন্ আকর্ষণডোরে
আপনি আসিতে কাছে জ্ঞানে কি অজ্ঞানে।
ক্ষণিক বিরহ-অবসানে
নিবিড় মিলন-ব্যাকুলতা।
মাঝে মাঝে সব
ফেলি
রহিতে নয়ন মেলি,
আঁখিতে শুনিতে যেন হৃদয়ের কথা।
কোনো কথা না রহিলে তবু
শুধাইতে নিকটে আসিয়া।
নীরবে চরণ
ফেলে
চুপিচুপি কাছে এলে
কেমনে জানিতে পেতে, ফিরিতে হাসিয়া।
আজ তুমি দেখেও দেখ না,
সব কথা শুনিতে না পাও।
কাছে আস আশা
ক’রে
আছি সারাদিন ধ’রে,
আনমনে পাশ দিয়ে তুমি চলে যাও।
দীপ জ্বেলে দীর্ঘ ছায়া লয়ে
বসে আছি সন্ধ্যায় ক’জনা—
হয়তো বা কাছে
এস,
হয়তো বা দূরে বস,
সে সকলই ইচ্ছাহীন দৈবের ঘটনা।
এখন হয়েছে বহু কাজ,
সতত রয়েছ অন্যমনে।
সর্বত্র ছিলাম
আমি—
এখন এসেছি নামি
হৃদয়ের প্রান্তদেশে, ক্ষুদ্র গৃহকোণে!
মানসী
দিয়েছিলে হৃদয় যখন
পেয়েছিলে প্রাণমন দেহ—
আজ সে হৃদয়
নাই,
যতই সোহাগ পাই
শুধু তাই অবিশ্বাস বিষাদ সন্দেহ।
জীবনের বসন্তে যাহারে
ভালোবেসেছিলে
একদিন,
হায় হায় কী
কুগ্রহ,
আজ তারে অনুগ্রহ—
মিষ্ট কথা দিবে তারে গুটি দুই-তিন!
অপবিত্র ও করপরশ
সঙ্গে ওর হৃদয় নহিলে।
মনে কি করেছ
বঁধু,
ও হাসি এতই মধু
প্রেম না দিলেও চলে, শুধু হাসি দিলে।
তুমিই তো দেখালে আমায়
( স্বপ্নেও ছিল না এত আশা )
প্রেমে দেয়
কতখানি
কোন্ হাসি কোন্ বাণী,
হৃদয় বাসিতে পারে কত ভালোবাসা।
তোমারি সে ভালোবাসা দিয়ে
বুঝেছি আজি এ ভালোবাসা—
আজি এই দৃষ্টি
হাসি,
এ আদর রাশি রাশি,
এই দূরে চলে-যাওয়া, এই কাছে আসা।
বুক ফেটে কেন অশ্রু পড়ে
তবুও কি বুঝিতে পার না?
তর্কেতে বুঝিবে তা
কি!
এই মুছিলাম আঁখি—
এ শুধু চোখের জল, এ নহে ভর্ৎসনা।
বন্ধু হে,
পরিপূর্ণ
বরষায়
আছি তব ভরসায়,
কাজকর্ম করো সায়, এস চট্ পট্ !
শাম্ লা আঁটিয়া
নিত্য
তুমি কর ডেপুটিত্ব
একা প’ড়ে মোর চিত্ত করে ছট্ ফট্ ।
যখন যা সাজে
ভাই
তখন করিবে তাই—
কালাকাল মানা নাই কলির বিচার!
শ্রাবণে
ডেপুটিপনা
এ তো কভু নয় সনা-
তন প্রথা, এ যে অনা-সৃষ্টি অনাচার।
ছুটি লয়ে
কোনোমতে
পোট্ মাণ্টো তুলি রথে
সেজেগুজে রেলপথে করো অভিসার।
লয়ে দাড়ি লয়ে
হাসি
অবতীর্ণ হও আসি,
রুধিয়া জানালা শাসি বসি একবার।
বজ্ররবে
সচকিত্
কাঁপিবে গৃহের ভিত,
পথে শুনি কদাচিৎ চক্র খড়্ খড়্ ।
হা রে রে
ইংরাজ-রাজ,
এ সাধে হানিলি বাজ—
শুধু কাজ, শুধু কাজ, শুধু ধড়্ ফড়্ ।
আম্ লা-শাম্ লা-স্রোতে
ভাসাইলি এ ভারতে,
যেন নেই ত্রিজগতে হাসি গল্প গান—
নেই বাঁশি, নেই
বঁধু,
নেই রে যৌবনমধু,
মুচেছে পথিকবধূ সজল নয়ান।
যেন রে শরম
টুটে
কদম্ব আর না ফুটে,
কেতকী শিহরি উঠে করে না আকুল—
কেবল
জগৎটাকে
জড়ায়ে সহস্র পাকে
গবর্মেণ্ট পড়ে থাকে বিরাট বিপুল।
বিষম রাক্ষস
ওটা,
মেলিয়া আপিস-কোটা
গ্রাস করে গোটা গোটা বন্ধুবান্ধবেরে—
বৃহৎ বিদেশে
দেশে
কে কোথা তলায় শেষে
কোথাকার সর্বনেশে সর্বিসের ফেরে।
এ দিকে বাদর
ভরা,
নবীন শ্যামল ধরা,
মানসী
নিশিদিন জল-ঝরা সঘন গগন।
এ দিকে ঘরের
কোণে
বিরহিণী বাতায়নে,
দিগন্তে তমালবনে নয়ন মগন।
হেঁট মুণ্ড করি
হেঁট
মিছে কর agitate,
খালি রেখে খালি পেট ভরিছ কাগজ।
এ দিকে যে গোরা
মিলে
কালা বন্ধু লুটে নিলে,
তার বেলা কী করিলে নাই কোনো খোঁজ।
দেখিছ না আঁখি
খুলে
ম্যাঞ্চেস্ট্র লিভারপুলে
দেশী শিল্প জলে গুলে করিল Finish।
‘আষাঢ়ে গল্প’ সে
কই,
সেও বুঝি গেল ওই
আমাদের নিতান্তই দেশের জিনিস।
তুমি আছ কোথা
গিয়া,
আমি আছি শূন্যহিয়া,
কোথায় বা সে তাকিয়া শোকতাপহরা।
সে তাকিয়া—
গল্পগীতি
সাহিত্যচর্চার স্মৃতি
কত হাসি কত প্রীতি কত তুলো -ভরা!
কোথায় সে
যদুপতি,
কোথা মথুরার গতি,
অথ, চিন্তা করি ইতি কুরু মনস্থির—
মায়াময় এ
জগৎ
নহে সৎ নহে সৎ,
যেন পদ্মপত্রবৎ, তদুপরি নীর।
অতএব ত্বরা
ক’রে
উত্তর লিখিবে মোরে,
সর্বদা নিকটে ঘোরে কাল সে করাল—
( সুধী তুমি ত্যজি
নীর
গ্রহণ করিয়ো ক্ষীর )
এই তত্ত্ব এ চিঠির জানিয়ো moral।
হউক ধন্য তোমার যশ,
লেখনী ধন্য হোক,
তোমার প্রতিভা উজ্জ্বল হয়ে
জাগাক সপ্তলোক।
যদি পথে তব দাঁড়াইয়া থাকি
আমি ছেড়ে দিব ঠাঁই—
কেন হীন ঘৃণা, ক্ষুদ্র এ দ্বেষ,
বিদ্রূপ
কেন ভাই?
আমার এ লেখা কারো ভালো লাগে
তাহা কি আমার দোষ?
কেহ কবি বলে ( কেহ বা বলে না )—
কেন তাহে তব রোষ?
কত প্রাণপণ,দগ্ধ হৃদয়,
বিনিদ্র বিভাবরী,
জান কি, বন্ধু, উঠেছিল গীত
কত ব্যথা ভেদ করি?
রাঙা ফুল হয়ে উঠিছে ফুটিয়া
হৃদয়শোণিতপাত,
অশ্রু ঝলিছে শিশিরের
মতো
পোহাইয়ে দুখরাত।
উঠিতেছে কত কণ্টকলতা,
ফুলে পল্লবে ঢাকে—
গভীর গোপন
বেদনা-মাঝারে
শিকড় আঁকড়ি থাকে।
জীবনে যে সাধ হয়েছে
বিফল
সে সাধ ফুটিছে গানে—
মরীচিকা রচি মিছে সে
তৃপ্তি,
তৃষ্ণা কাঁদিছে প্রাণে।
এনেছি
তুলিয়া পথের প্রান্তে
মানসী
মর্মকুসুম মম—
আসিছে পান্থ, যেতেছে লইয়া
স্মরণচিহ্নসম।
কোনো ফুল যাবে দু দিনে ঝরিয়া,
কোনো ফুল বেঁচে রবে—
কোনো ছোটো ফুল আজিকার
কথা
কালিকার কানে কবে।
তুমি কেন, ভাই, বিমুখ
এমন—
নয়নে কঠোর হাসি।
দূর হতে যেন ফুঁষিছ সবেগে
উপেক্ষা রাশি রাশি—
কঠিন বচন জরিছে অধরে
উপহাস হলাহলে,
লেখনীর মুখে করিতে দগ্ধ
ঘৃণার অনল জ্বলে।
ভালোবেসে যাহা ফুটেছে
পরানে,
সবার লাগিবে ভালো,
যে জ্যোতি হরিছে আমার আঁধার
সবারে দিবে সে আলো—
অন্তরমাঝে সবাই সমান,
বাহিরে
প্রভেদ ভবে,
একের বেদনা
করুণাপ্রবাহে
সান্ত্বনা দিবে সবে।
এই মনে করে
ভালোবেসে আমি
দিয়েছিনু উপহার—
ভালো নাহি
লাগে ফেলে যাবে চলে,
কিসের ভাবনা তার!
তোমার দেবার যদি কিছু থাকে
তুমিও দাও-না এনে।
মানসী
প্রেম দিলে
সবে নিকটে আসিবে
তোমারে আপন জেনে।
কিন্তু
জানিয়ো আলোক কখনো
থাকে না তো ছায়া বিনা,
ঘৃণার
টানেও কেহ বা আসিবে,
তুমি করিয়ো না ঘৃণা!
এতই কোমল
মানবের মন
এমনি পরের বশ,
নিষ্ঠুর
বাণে সে প্রাণ ব্যথিতে
কিছুই নাহিক যশ।
তীক্ষ্ম
হাসিতে বাহিরে শোণিত,
বচনে অশ্রু উঠে,
নয়নকোণের
চাহনি-ছুরিতে
মর্মতন্তু টুটে।
সান্ত্বনা
দেওয়া নহে তো সহজ,
দিতে হয় সারা প্রাণ,
মানবমনের অনল নিভাতে
আপনারে বলিদান।
ঘৃণা জ্বলে মরে আপনার বিষে,
রহে না সে চিরদিন—
অমর হইতে চাহ যদি, জেনো
প্রেম সে মরণহীন।
তুমিও রবে না, আমিও রব না,
দু দিনের দেখা ভবে—
প্রাণ খুলে প্রেম দিতে পারো যদি
তাহা চিরদিন রবে।
দুর্বল মোরা, কত ভুল করি,
অপূর্ণ সব কাজ।
নেহারি আপন ক্ষুদ্র ক্ষমতা
আপনি যে পাই লাজ।
তা বলে যা পারি তাও করিব না?
মানসী
নিষ্ফল হব ভবে?
প্রেমফুল ফোটে, ছোটো হল বলে
দিব না কি তাহা সবে?
হয়তো এ ফুল সুন্দর নয়,
ধরেছি সবার আগে—
চলিতে চলিতে আঁখির পলকে
ভুলে কারো ভালো লাগে।
যদি ভুল হয় ক’দিনের ভুল!
দু’ দিনে ভাঙিবে তবে।
তোমার এমন শাণিত বচন
সেই কি অমর হবে?
শূন্য হৃদয়ের আকাঙ্ক্ষা
আবার
মোরে
পাগল করে
দিবে কে?
হৃদয়
যেন
পাষাণ-হেন
বিরাগ-ভরা বিবেকে।
আবার
প্রাণে
নূতন টানে
প্রেমের নদী
পাষাণ
হতে
উছল স্রোতে
বহায় যদি।
আবার
দুটি
নয়নে লুটি
হৃদয় হরে নিবে কে?
আবার
মোরে
পাগল করে
দিবে কে?
আবার
কবে
ধরণী হবে
তরুণা?
কাহার
প্রেমে
আসিবে নেমে
স্বরগ হতে করুণা?
নিশীথনভে
শুনিব কবে
গভীর গান,
যে দিকে চাব
দেখিতে পাব
নবীন প্রাণ,
নূতন
প্রীতি
আনিবে নিতি
কুমারী উষা অরুণা।
আবার
কবে
ধরণী হবে
তরুণা?
কোথা এ মোর
জীবন-ডোর
বাঁধা রে?
প্রেমের
ফুল
ফুটে’ আকুল
কোথায়
কোন্ আঁধারে?
মানসী
গভীরতম
বাসনা মম
কোথায় আছে?
আমার
গান
আমার প্রাণ
কাহার কাছে?
কোন
গগনে
মেঘের কোণে
লুকায়ে
কোন্ চাঁদা রে?
কোথায়
মোর
জীবন-ডোর
বাঁধা রে?
অনেক
দিন
পরানহীন
ধরণী।
বসনাবৃত
খাঁচার মতো
তামসঘনবরনী।
নাই সে শাখা, নাই সে
পাখা,
নাই সে পাতা,
নাই সে
ছবি,
নাই সে রবি,
নাই সে গাথা—
জীবন
চলে
আঁধার জলে
আলোকহীন তরণী।
অনেক
দিন
পরানহীন
ধরণী।
মায়াকারায়
বিভোর-প্রায়
সকলি;
শতেক
পাকে
জড়ায়ে রাখে
ঘুমের ঘোর শিকলি।
দানব-হেন
আছে কে যেন
দুয়ার আঁটি।
কাহার কাছে
না জানি আছে
সোনার কাঠি?
পরশ
লেগে
উঠিবে জেগে
হরষ-রস-কাকলি।
মানসী
মায়াকারায়
বিভোর-প্রায়
সকলি।
দিবে সে
খুলি এ ঘোর
ধূলি-
আবরণ।
তাহার
হাতে
আঁখির পাতে
জগতজাগা জাগরণ।
সে
হাসিখানি
আনিবে টানি
সবার হাসি,
গড়িবে
গেহ,
জাগাবে স্নেহ
জীবনরাশি।
প্রকৃতিবধূ
চাহিবে মধু,
পরিবে নব আভরণ।
সে দিবে
খুলি
এ ঘোর ধূলি-
আবরণ।
পাগল
করে
দিবে সে মোরে
চাহিয়া,
হৃদয়ে
এসে
মধুর হেসে
প্রাণের গান গাহিয়া।
আপনা থাকি
ভাসিবে আঁখি
আকুল নীরে,
ঝরনা-সম
জগৎ মম
ঝরিবে শিরে।
তাহার
বাণী
দিবে গো আনি
সকল বাণী বাহিয়া।
পাগল করে
দিবে সে মোরে
চাহিয়া।
কবিবর, কবে কোন্ বিস্মৃত বরষে
কোন্ পুণ্য আষাঢ়ের প্রথম দিবসে
লিখেছিলে মেঘদূত! মেঘমন্দ্র শ্লোক
বিশ্বের বিরহী যত সকলের শোক
রাখিয়াছে আপন আঁধার স্তরে স্তরে
সঘনসংগীতমাঝে পুঞ্জীভূত করে।
সেদিন সে উজ্জয়িনী প্রাসাদশিখরে
কী না জানি ঘনঘটা, বিদ্যুৎ-উৎসব,
উদ্দামপবনবেগ, গুরুগুরু রব।
গম্ভীর নির্ঘোষ সেই মেঘসংঘর্ষের
জাগায়ে তুলিয়াছিল সহস্র বর্ষের
অন্তর্গূঢ় বাষ্পাকুল বিচ্ছেদক্রন্দন
এক দিনে। ছিন্ন করি কালের বন্ধন
সেই দিন ঝরে পড়েছিল অবিরল
চিরদিবসের যেন রুদ্ধ অশ্রুজল
আর্দ্র করি তোমার উদার শ্লোকরাশি।
সেদিন কি জগতের যতেক প্রবাসী
জোড়হস্তে মেঘপানে শূন্যে তুলি মাথা
গেয়েছিল সমস্বরে বিরহের গাথা
ফিরি প্রিয়গৃহপানে? বন্ধনবিহীন
নবমেঘপক্ষ-’পরে করিয়া আসীন
পাঠাতে চাহিয়াছিল প্রেমের বারতা
অশ্রুবাষ্প-ভরা— দূর বাতায়নে যথা
বিরহিণী ছিল শুয়ে ভূতলশয়নে
মূক্তকেশে, ম্লান বেশে, সজল নয়নে?
তাদের সবার গান তোমার সংগীতে
পাঠায়ে কি দিলে, কবি, দিবসে নিশীথে
মানসী
দেশে দেশান্তরে, খুঁজি’ বিরহিণী প্রিয়া?
শ্রাবণে জাহ্নবী যথা যায় প্রবাহিয়া
টানি লয়ে দিশ-দিশান্তের বারিধারা
মহাসমুদ্রের মাঝে হতে দিশাহারা।
পাষাণশৃঙ্খলে যথা বন্দী হিমাচল
আষাঢ়ে অনন্ত শূন্যে হেরি মেঘদল
স্বাধীন-গগনচারী, কাতরে নিশ্বাসি
সহস্র কন্দর হতে বাষ্প রাশি রাশি
পাঠায় গগন-পানে; ধায় তারা ছুটি
উধাও কামনা-সম; শিখরেতে উঠি
সকলে মিলিয়া শেষে হয় একাকার,
সমস্ত গগনতল করে অধিকার।
সেদিনের পরে গেছে কত শতবার
প্রথম দিবস স্নিগ্ধ নববরষার।
প্রতি বর্ষা দিয়ে গেছে নবীন জীবন
তোমার কাব্যের’পরে করি বরিষন
নববৃষ্টিবারিধারা, করিয়া বিস্তার
নবঘনস্নিগ্ধচ্ছায়া, করিয়া সঞ্চার
নব নব প্রতিধ্বনি জলদমন্দ্রের,
স্ফীত করি স্রোতোবেগ তোমার ছন্দের
বর্ষাতরঙ্গিণীসম।
কত কাল ধরে
কত সঙ্গীহীন জন, প্রিয়াহীন ঘরে,
বৃষ্টিক্লান্ত বহুদীর্ঘ লুপ্ততারাশশী
আষাঢ়সন্ধ্যায়, ক্ষীণ দীপালোকে বসি
ওই ছন্দ মন্দ মন্দ করি উচ্চারণ
নিমগ্ন করেছে নিজ বিজনবেদন!
সে সবার কন্ঠস্বর কর্ণে আসে মম
সমুদ্রের তরঙ্গের কলধ্বনি-সম
তব কাব্য হতে।
মানসী
ভারতের পূর্বশেষে
আমি বসে আজি; যে শ্যামল বঙ্গদেশে
জয়দেব কবি, আর এক বর্ষাদিনে
দেখেছিলা দিগন্তের তমালবিপিনে
শ্যামচ্ছায়া, পূর্ণ মেঘে মেদুর অম্বর।
আজি অন্ধকার দিবা, বৃষ্টি ঝরঝর্ ,
দুরন্ত পবন অতি, আক্রমণে তার
অরণ্য উদ্যতবাহু করে হাহাকার।
বিদ্যুৎ দিতেছে উঁকি ছিঁড়ি মেঘভার
খরতর বক্র হাসি শূন্যে বরষিয়া।
অন্ধকার রুদ্ধগৃহে একেলা বসিয়া
পড়িতেছি মেঘদূত; গৃহত্যাগী মন
মুক্তগতি মেঘপৃষ্ঠে লয়েছে আসন,
উড়িয়াছে দেশদেশান্তরে। কোথা আছে
সানুমান আম্রকূট; কোথা বহিয়াছে
বিমল বিশীর্ণ রেবা বিন্ধ্যপদমূলে
উপলব্যথিতগতি; বেত্রবতীকূলে
পরিণতফলশ্যাম জম্বুবনচ্ছায়ে
কোথায় দশার্ণ গ্রাম রয়েছে লুকায়ে
প্রস্ফুটিত কেতকীর বেড়া দিয়ে ঘেরা;
পথতরুশাখে কোথা গ্রামবিহঙ্গেরা
বর্ষায় বাঁধিছে নীড়, কলরবে ঘিরে
বনস্পতি; না জানি সে কোন্ নদীতীরে
যূথীবনবিহারিণী বনাঙ্গনা ফিরে,
তপ্ত কপোলের তাপে ক্লান্ত কর্ণোৎপল
মেঘের ছায়ার লাগি হতেছে বিকল;
ভ্রূবিলাস শেখে নাই কারা সেই নারী
জনপদবধূজন, গগনে নেহারি
ঘনঘটা, ঊর্ধ্বনেত্রে চাহে মেঘপানে,
ঘননীল ছায়া পড়ে সুনীল নয়ানে;
মানসী
কোন্ মেঘশ্যামশৈলে মুগ্ধ সিদ্ধাঙ্গনা
স্নিগ্ধ নবঘন হেরি আছিল উন্মনা
শিলাতলে, সহসা আসিতে মহা ঝড়
চকিত চকিত হয়ে ভয়ে জড়সড়
সম্বরি বসন ফিরে গুহাশ্রয় খুঁজি,
বলে, ‘মা গো, গিরিশৃঙ্গ উড়াইল বুঝি!’
কোথায় অবন্তিপুরী; নির্বিন্ধ্যা তটিনী;
কোথা শিপ্রানদীনীরে হেরে উজ্জয়িনী
স্বমহিমচ্ছায়া— সেথা নিশিদ্বিপ্রহরে
প্রণয়চাঞ্চল্য ভুলি ভবনশিখরে
সুপ্ত পারাবত, শুধু বিরহবিকারে
রমণী বাহির হয় প্রেম-অভিসারে
সূচিভেদ্য অন্ধকারে রাজপথ-মাঝে
ক্বচিৎ-বিদ্যুতালোকে; কোথা সে বিরাজে
ব্রহ্মাবর্তে কুরুক্ষেত্র; কোথা কন্ খল,
যেথা সেই জহ্নুকন্যা যৌবনচঞ্চল,
গৌরীর ভ্রুকুটিভঙ্গি করি অবহেলা
ফেনপরিহাসচ্ছলে করিতেছে খেলা
লয়ে ধূর্জটির জটা চন্দ্রকরোজ্জ্বল।
এইমতো মেঘরূপে ফিরি দেশে দেশে
হৃদয় ভাসিয়া চলে উত্তরিতে শেষে
কামনার মোক্ষধাম অলকার মাঝে,
বিরহিণী প্রিয়তমা যেথায় বিরাজে
সৌন্দর্যের আদিসৃষ্টি। সেথা কে পারিত
লয়ে যেতে, তুমি ছাড়া, করি অবারিত
লক্ষ্মীর বিলাসপুরী— অমর ভুবনে!
অনন্ত বসন্তে যেথা নিত্য পুষ্পবনে
নিত্য চন্দ্রালোকে, ইন্দ্রনীলশৈলমূলে
সুবর্ণসরোজফুল্ল সরোবরকূলে
মণিহর্ম্যে অসীম সম্পদে নিমগনা
মানসী
কাঁদিতেছে একাকিনী বিরহবেদনা।
মুক্ত বাতায়ন হতে যায় তারে দেখা
শয্যাপ্রান্তে লীনতনু ক্ষীণ শশীরেখা
পূর্বগগনের মূলে যেন অস্তপ্রায়।
কবি, তব মন্ত্রে আজি মুক্ত হয়ে যায়
রুদ্ধ এই হৃদয়ের বন্ধনের ব্যথা;
লভিয়াছি বিরহের স্বর্গলোক, যেথা
চিরনিশি যাপিতেছে বিরহিণী প্রিয়া
অনন্তসৌন্দর্যমাঝে একাকী জাগিয়া।
আবার হারায়ে যায়— হেরি চারি ধার
বৃষ্টি পড়ে অবিশ্রাম; ঘনায়ে আঁধার
আসিছে নির্জননিশা; প্রান্তরের শেষে
কেঁদে চলিয়াছে বায়ূ অকূল-উদ্দেশে।
ভাবিতেছি অর্ধরাত্রি অনিদ্রনয়ান,
কে দিয়েছে হেন শাপ, কেন ব্যবধান?
কেন ঊর্ধ্বে চেয়ে কাঁদে রুদ্ধ মনোরথ?
কেন প্রেম আপনার নাহি পায় পথ?
সশরীরে কোন্ নর গেছে সেইখানে,
মানসসরসীতীরে বিরহশয়ানে,
রবিহীন মণিদীপ্ত প্রদোষের দেশে
জগতের নদী গিরি সকলের শেষে।
বৃথা এ বিড়ম্বনা!
কিসের
লাগিয়া
এতই তিয়াষ,
কেন এত যন্ত্রণা!
ছায়ার
মতন
ভেসে চলে যায়
দরশন পরশন—
এই যদি
পাই
এই ভুলে যাই,
তৃপ্তি না মানে মন।
কত বার
আসে,
কত বার ভাসে,
মিশে যায় কত বার—
পেলেও
যেমন
না পেলে তেমন
শুধু থাকে হাহাকার।
সন্ধ্যাপবনে
কুঞ্জভবনে
নির্জন নদীতীরে
ছায়ার
মতন
হৃদয়বেদন
ছায়ার লাগিয়া ফিরে।
কত
দেখাশোনা
কত আনাগোনা
চারি দিকে অবিরত,
শুধু তারি
মাঝে
একটি কে আছে
তারি তরে ব্যথা কত!
চিরদিন
ধ’রে
এমনি চলিছে,
যুগ-যুগ গেছে চ’লে!
মানবের
মেলা
করে গেছে খেলা
এই ধরণীর কোলে!
এই ছায়া
লাগি
কত নিশি জাগি
কাঁদায়েছে কাঁদিয়াছে—
মহাসুখ
মানি
প্রিয়তনুখানি
বাহুপাশে বাঁধিয়াছে!
নিশিদিন
কত
ভেবেছে সতত
নিয়ে কার হাসিকথা!
কোথা তারা
আজ,
সুখ দুখ লাজ,
মানসী
কোথা তাহাদের ব্যথা?
কোথা
সেদিনের
অতুলরূপসী
হৃদরপ্রেয়সীচয়?
নিখিলের
প্রাণে
ছিল যে জাগিয়া,
আজ সে স্বপনও নয়!
ছিল সে
নয়নে
অধরের কোণে
জীবন মরণ কত—
বিকচ
সরস
তনুর পরশ
কোমল প্রেমের মতো।
এত সুখ
দুখ
তীব্র কামনা
জাগরণ হাহুতাশ
যে রূপজ্যোতিরে
সদা
ছিল ঘিরে
কোথা তার ইতিহাস?
যমুনার
ঢেউ
সন্ধ্যারঙিন
মেঘখানি ভালোবাসে—
এও চলে
যায়,
সেও চলে যায়,
অদৃষ্ট বসে হাসে।
এ মুখের পানে চাহিয়া রয়েছ
কেন গো অমন করে?
তুমি চিনিতে নারিবে, বুঝিতে নারিবে মোরে।
আমি কেঁদেছি হেসেছি, ভালো যে বেসেছি
এসেছি যেতেছি সরে
কী জানি কিসের ঘোরে।
কোথা হতে এত বেদনা বহিয়া
এসেছে পরান মম।
বিধাতার এক অর্থবিহীন
প্রলাপবচন-সম।
প্রতিদিন যারা আছে সুখে দুখে
আমি তাহাদের নই—
আমি এসেছি নিমেষে, যাইব নিমেষ বই।
আমি আমারে চিনি নে, তোমারে জানি নে,
আমার
আলয় কই!
জগৎ বেড়িয়া নিয়মের পাশ,
অনিয়ম শুধু আমি।
বাসা বেঁধে আছে কাছে কাছে সবে,
কত কাজ করে কত কলরবে,
চিরকাল ধরে দিবস চলিছে
দিবসের অনুগামী—
শুধু আমি নিজবেগ সামালিতে নারি
ছুটেছি দিবসযামী।
প্রতিদিন বহে মৃদু সমীরণ,
প্রতিদিন ফুটে ফুল।
ঝড় শুধু আসে
ক্ষণেকের তরে
সৃজনের এক ভুল—
মানসী
দুরন্ত সাধ কাতর বেদনা
ফুকারিয়া উভরায়
আঁধার হইতে আঁধারে ছুটিয়া যায়।
এ আবেগ নিয়ে কার কাছে যাব,
নিতে কে পারিবে মোরে!
কে আমারে পারে আঁকড়ি রাখিতে
দুখানি বাহুর ডোরে!
আমি
কেবল কাতর গীত!
কেহ বা শুনিয়া ঘুমায় নিশীথে,
কেহ জাগে চমকিত।
কত-যে বেদনা সে কেহ বোঝে না,
কত-যে আকুল আশা,
কত-যে তীব্র পিপাসাকাতর ভাষা।
ওগো
তোমরা জগৎবাসী,
তোমাদের আছে বরষ বরষ
দরশ-পরশ-রাশি—
আমার কেবল একটি নিমেষ,
তারি তরে ধেয়ে আসি।
মহাসুন্দর একটি নিমেষ
ফুটেছে কাননশেষে,
আমি তারি পানে ধাই, ছিঁড়ে নিতে চাই,
ব্যাকুলবাসনাসংগীত গাই
অসীমকালের আঁধার হইতে
বাহির হইয়া এসে।
শুধু একটি মুখের এক
নিমেষের
একটি মধুর কথা,
তারি তরে বহি চিরদিবসের
মানসী
চিরমনোব্যাকুলতা।
কালের কাননে নিমেষ লুটিয়া
কে জানে চলেছি কোথা!
ওগো, মিটে না তাহাতে মিটে না প্রাণের ব্যথা।
অধিক সময় নাই।
ঝড়ের জীবন ছুটে চলে যায়
শুধু কেঁদে “চাই চাই”—
যার কাছে আসি তার কাছে শুধু
হাহাকার রেখে যাই।
ওগো, তবে থাক্ , যে যায় সে যাক—
তোমরা দিয়ো না ধরা।
আমি চলে যাব ত্বরা।
মোরে কেহ কোরো ভয়, কেহ কোরো ঘৃণা,
ক্ষমা কোরো যদি পারো!
বিস্মিত চোখে ক্ষণেক চাহিয়া
তার পরে পথ ছাড়ো!
তার পরদিনে উঠিবে প্রভাত,
ফুটিবে কুসুম কত,
নিয়মে চলিবে নিখিল জগৎ
প্রতিদিবসের মতো।
কোথাকার
এই শৃঙ্খল-ছেঁড়া
সৃষ্টি-ছাড়া এ ব্যথা
কাঁদিয়া কাঁদিয়া গাহিয়া গাহিয়া,
অজানা আঁধার-সাগর বাহিয়া,
মিশায়ে যাইবে কোথা!
এক রজনীর প্রহরের মাঝে
ফুরাবে সকল কথা।
অন্ধকার তরুশাখা দিয়ে
সন্ধ্যার বাতাস বহে
যায়।
আয়, নিদ্রা, আয় ঘনাইয়ে
শ্রান্ত এই আঁখির
পাতায়।
কিছু আর নাহি যায় দেখা,
কেহ নাই, আমি শুধু একা—
মিশে যাক জীবনের রেখা
বিস্মৃতির
পশ্চিমসীমায়।
নিষ্ফল দিবস অবসান—
কোথা আশা, কোথা গীতগান!
শুয়ে আছে সঙ্গীহীন প্রাণ
জীবনের তটবালুকায়।
দূরে শুধু ধ্বনিছে সতত
অবিশ্রাম মর্মরের মতো,
হৃদয়ের হত আশা যত
অন্ধকারে কাঁদিয়া
বেড়ায়।
আয় শান্তি, আয় রে নির্বাণ,
আয় নিদ্রা, শ্রান্ত
প্রাণে আয়!
মূর্ছাহত হৃদয়ের’পরে
চিরাগত প্রেয়সীর প্রায়
আয়, নিদ্রা আয়!
কলিকাতায় এক বাসায়
ওই শোনো ভাই বিশু,
পথে শুনি ‘জয় যিশু’!
কেমনে এ নাম করিব সহ্য
আমরা আর্যশিশু!
কূর্ম, কল্কি, স্কন্দ
এখন করো তো বন্ধ।
যদি যিশু ভজে রবে না ভারতে
পুরাণের নামগন্ধ।
ওই দেখো ভাই, শুনি—
যাজ্ঞবল্ক্য মুনি,
বিষ্ণু, হারীত, নারদ, অত্রি
কেঁদে হল খুনোখুনি!
কোথায় রহিল কর্ম,
কোথা সনাতন ধর্ম!
সম্প্রতি তবু কিছু শোনা যায়
বেদ-পুরাণের মর্ম!
ওঠো, ওঠো ভাই, জাগো,
মনে মনে খুব রাগো!
আর্যশাস্ত্র উদ্ধার করি,
কোমর বাঁধিয়া লাগো!
কাছাকোঁচা লও আঁটি,
হাতে তুলে লও লাঠি।
হিন্দুধর্ম করিব রক্ষা,
খৃস্টানি হবে মাটি।
মানসী
কোথা গেল ভাই ভজা
হিন্দুধর্মধ্বজা?
ষন্ডা ছিল সে, সে যদি থাকিত
আজ হত দুশো মজা!
এসো মোনো, এস ভুতো,
প’রে লও বুট জুতো।
পাদ্রি বেটার পা মাড়িয়ে দিয়ো
পাও যদি কোনো ছুতো!
আগে দেব দুয়ো তালি,
তার পরে দেব গালি।
কিছু না বলিলে পড়িব তখন
বিশ-পঁচিশ বাঙালি।
তুমি আগে যেয়ো তেড়ে,
আমি নেব টুপি কেড়ে।
গোলেমালে শেষে পাঁচজনে প’ড়ে
মাটিতে ফেলিয়ো পেড়ে।
কাঁচি দিয়ে তার চুল
কেটে দেব বিলকুল।
কোটের বোতাম আগাগোড়া তার
করে দেব নির্মূল।
তবে উঠ, সবে উঠ—
বাঁধো কটি, আঁটো মুঠো!
দেখো, ভাই, যেন ভুলো না, অমনি
সাথে নিয়ো লাঠি দুটো!
দলপতির শিষ ও গান :
মানসী
প্রাণসই রে,
মনোজ্বালা কারে কই রে!
কোমরে চাদর বাঁধিয়া, লাঠি হস্তে, মহোৎসাহে সকলের প্রস্থান।
পথে বিশু হারু মোনো ভুতোর সমাগম।
গেরুয়াবস্ত্রাচ্ছাদিত অনাবৃতপদ মুক্তিফৌজের প্রচারকঃ
ধন্য হউক তোমার প্রেম,
ধন্য তোমার নাম,
ভুবনমাঝারে হউক উদয়
নূতন জেরুজিলাম।
ধরণী হইতে যাক ঘৃণাদ্বেষ,
নিঠুরতা দূর হোক—
মুছে দাও, প্রভু, মানবের আঁখি,
ঘুচাও মরণশোক।
তৃষিত যাহারা, জীবনের বারি
করো তাহাদের দান।
দয়াময় যিশু, তোমার দয়ায়
পাপীজনে করো ত্রাণ।
‘ওরে ভাই
বিশু, এ কে,
জুতো কোথা
এল রেখে!
গোরা বটে, তবু হতেছে ভরসা
গেরুয়া বসন দেখে।’
‘হারু, তবে তুই এগো!
বল্ — বাছা, তুমি কে
গো!
কিচিমিচি রাখো, খিদে পেয়েছে কি?
দুটো কলা এনে দে গো!’
বধির নিদয়
কঠিন হৃদয়
তারে প্রভু দাও কোল।
অক্ষম আমি কী করিতে পারি—
মানসী
‘হরিবোল হরিবোল!’
‘আরে, রেখে
দাও খৃস্ট!
এখনি দেখাও পৃষ্ঠ!
দাঁড়ে উঠে চড়ো, পড়ো বাবা পড়ো
হরে হরে হরে কৃষ্ট!’
তুমি যা সয়েছ তাহাই স্মরিয়া
সহিব সকল ক্লেশ,
ক্রুস গুরুভার করিব বহন—
‘বেশ, বাবা, বেশ বেশ!’
দাও ব্যথা, যদি কারো মুছে পাপ
আমার নয়ননীরে।
প্রাণ দিব, যদি এ জীবন দিলে
পাপীর জীবন ফিরে।
আপনার জন-আপনার দেশ—
হয়েছি সর্ব-ত্যাগী।
হৃদয়ের প্রেম সব ছেড়ে যায়
তোমার প্রেমের লাগি।
সুখ, সভ্যতা, রমণীর প্রেম,
বন্ধুর কোলাকুলি—
ফেলি দিয়া পথে তব মহাব্রত
মাথায় লয়েছি তুলি।
এখনো তাদের ভুলিতে পারি নে,
মাঝে মাঝে জাগে
প্রাণে—
চিরজীবনের সুখবন্ধন
সেই গৃহ-মাঝে টানে।
তখন তোমার রক্তসিক্ত
ওই মুখপানে চাহি,
ও প্রেমের কাছে স্বদেশ বিদেশ
মানসী
আপনা ও পর নাহি।
ওই প্রেম তুমি করো বিতরণ
আমার হৃদয় দিয়ে,
বিষ দিতে যারা এসেছে তাহরা
ঘরে যাক সুধা নিয়ে।
পাপ লয়ে প্রাণে এসেছিল যারা
তাহারা আসুক বুকে—
পড়ুক প্রেমের মধুর আলোক
ভ্রূকুটিকুটিল মুখে!
‘আর প্রাণে নাহি সহে,
আর্যরক্ত দহে?’
‘ওহে হারু, ওহে মাধু, লাঠি নিয়ে
ঘা-কতক দাও তো হে!’
‘যদি চাস
তুই ইষ্ট
বল্ মুখে বল্
কৃষ্ট।’
ধন্য হউক তোমার নাম
দয়াময় যিশুখৃস্ট!
‘তবে রে! লাগাও লাঠি
কোমরে কাপড় আঁটি।’
‘হিন্দুধর্ম হউক রক্ষা
খৃস্টানি হোক মাটি!’
প্রচারকের মাথায় লাঠি প্রহার। মাথা ফাটিয়া রক্তপাত। রক্ত মুছিয়া :
প্রভু তোমাদের করুন কুশল,
দিন তিনি শুভমতি।
আমি তাঁর দীন অধম ভৃত্য,
তিনি জগতের পতি।
মানসী
‘ওরে শিবু,
ওরে হারু,
ওরে ননি, ওরে চারু,
তামাশা দেখার এই কি সময়—
প্রাণে ভয় নেই কারু!’
‘পুলিস আসিছে গুঁতা উঁচাইয়া,
এইবেলা দাও দৌড়!’
‘ধন্য হইল আর্য ধর্ম,
ধন্য হইল গৌড়।’
ঊর্ধ্বশ্বাসে পলায়ন। বাসায় ফিরিয়া :
সাহেব মেরেছি! বঙ্গবাসীর
কলঙ্ক গেছে ঘুচি।
মেজবউ কোথা, ডেকে দাও তারে—
কোথা ছোকা, কোথা লুচি!
এখনো আমার তপ্ত রক্ত
উঠিতেছে উচ্ছ্বসি—
তাড়াতাড়ি আজ লুচি না পাইলে
কী জানি কী ক’রে বসি!
স্বামী যবে এল যুদ্ধ সারিয়া
ঘরে নেই লুচি ভাজা!
আর্যনারীর এ কেমন প্রথা,
সমুচিত দিব সাজা।
যাজ্ঞবল্ক্য অত্রি হারীত
জলে গুলে খেলে সবে—
মার্ ধোর ক’রে হিন্দুধর্ম
রক্ষা করিতে হবে।
কোথা পুরাতন পাতিব্রত্য,
সনাতন লুচি ছোকা—
বৎসরে শুধু সংসারে আসে
একখানি করে খোকা।
এই কবিতায় বর্ণিত ঘটনা সংবাদপত্রে প্রকাশিত হয়!
ঢাকো ঢাকো মুখ টানিয়া বসন,
আমি কবি সুরদাস।
দেবী, আসিয়াছি ভিক্ষা মাগিতে,
পুরাতে হইবে আশ!
অতি অসহন বহ্নিদহন
মর্মমাঝারে করি যে বহন,
কলঙ্করাহু প্রতি পলে পলে
জীবন করিছে গ্রাস।
পবিত্র তুমি, নির্মল তুমি,
তুমি দেবী, তুমি সতী—
কুৎসিত দীন অধম পামর
পঙ্কিল আমি অতি।
তুমিই লক্ষ্মী, তুমিই
শক্তি
হৃদয়ে আমার পাঠাও ভক্তি—
পাপের তিমির পুড়ে যায় জ্বলে
কোথা সে পুণ্যজ্যোতি!
দেবের করুণা মানবী-আকারে,
আনন্দধারা বিশ্বমাঝারে,
পতিতপাবনী গঙ্গা যেমন
এলেন পাপীর কাজে—
তোমার চরিত রবে নির্মল,
তোমার ধর্ম রবে উজ্জ্বল,
আমার এ পাপ করি দাও লীন
তোমার পুণ্যমাঝে।
তোমারে কহিব
লজ্জাকাহিনী
লজ্জা নাহিকো তায়।
তোমার আভায় মলিন লজ্জা
পলকে মিলায়ে যায়।
মানসী
যেমন রয়েছ তেমনি দাঁড়াও,
আঁখি নত করি আমা-পানে চাও,
খুলে দাও মুখ আনন্দময়ী—
আবরণে নাহি কাজ।
নিরখি তোমারে ভীষণ মধুর,
আছ কাছে তবু আছ অতিদূর—
উজ্জ্বল যেন দেবরোষানল,
উদ্যত
যেন বাজ।
জান কি আমি এ পাপ-আঁখি
মেলি
তোমারে দেখেছি চেয়ে,
গিয়েছিল মোর বিভোর বাসনা
ওই মুখপানে ধেয়ে!
তুমি কি তখন পেরেছ জানিতে?
বিমল হৃদয়-আরশিখানিতে
চিহ্ন কিছু কি পড়েছিল এসে
নিশ্বাসরেখাছায়া?
ধরার কুয়াশা ম্লান করে যথা
আকাশ উষার কায়া!
লজ্জা সহসা আসি অকারণে
বসনের মতো রাঙা আবরণে
চাহিয়াছিল কি ঢাকিতে তোমায়
লুব্ধ নয়ন হতে?
মোহচঞ্চল সে লালসা মম
কৃষ্ণবরন ভ্রমরের সম
ফিরিতেছিল কি গুণ-গুণ কেঁদে
তোমার দৃষ্টিপথে?
আনিয়াছি ছুরি তীক্ষ্ম
দীপ্ত
প্রভাতরশ্মিসম—
লও, বিঁধে দাও বাসনাসঘন
এ কালো নয়ন মম।
মানসী
এ আঁখি আমার শরীরে তো নাই,
ফুটেছে মর্মতলে—
নির্বাণহীন অঙ্গারসম
নিশিদিন শুধু জ্বলে।
সেথা হতে তারে উপাড়িয়া লও
জ্বালাময় দুটো চোখ,
তোমার লাগিয়া তিয়াষ যাহার
সে আঁখি তোমারি হোক।
অপার ভুবন, উদার গগন,
শ্যামল কাননতল,
বসন্ত অতি মুগ্ধমুরতি,
স্বচ্ছ নদীর জল,
বিবিধবরন সন্ধ্যানীরদ,
গ্রহতারাময়ী নিশি,
বিচিত্রশোভা শস্যক্ষেত্র
প্রসারিত দূরদিশি,
সুনীল গগনে ঘনতর নীল
অতি দূর গিরিমালা,
তারি পরপারে রবির উদয়
কনককিরণ-জ্বালা,
চকিততড়িৎ সঘন বরষা,
পূর্ণ ইন্দ্রধনু,
শরৎ-আকাশে অসীমবিকাশ
জ্যোৎস্না শুভ্রতনু—
লও, সব লও, তুমি কেড়ে লও,
মাগিতেছি অকপটে,
তিমিরতূলিকা দাও বুলাইয়া
আকাশ-চিত্রপটে।
ইহারা আমারে ভুলায়ে
সতত,
কোথা নিয়ে যায় টেনে!
মানসী
মাধুরীমদিরা পান করে শেষে
প্রাণ পথ নাহি চেনে।
সবে মিলে যেন বাজাইতে চায়
আমার বাঁশরি কাড়ি,
পাগলের মতো রচি নব গান,
নব নব তান ছাড়ি।
আপন ললিত রাগিণী শুনিয়া
আপনি অবশ মন—
ডুবাইতে থাকে কুসুমগন্ধ
বসন্তসমীরণ।
আকাশ আমারে আকুলিয়া ধরে,
ফুল মোরে ঘিরে বসে,
কেমনে না জানি জ্যোৎস্নাপ্রবাহ
সর্বশরীরে পশে।
ভুবন হইতে বাহিরিয়া আসে
ভুবনমোহিনী মায়া,
যৌবন-ভরা বাহুপাশে তার
বেষ্টন করে কায়া।
চারি দিকে ঘিরি করে আনাগোনা
কল্পমুরতি কত,
কুসুমকাননে বেড়াই ফিরিয়া
যেন বিভোরের মতো।
শ্লথ হয়ে আসে হৃদয়তন্ত্রী,
বীণা খসে যায় পড়ি,
নাহি বাজে আর হরিনামগান
বরষ বরষ ধরি।
হরিহীন সেই অনাথ বাসনা
পিয়াসে জগতে ফিরে—
বাড়ে তৃষা, কোথা পিপাসার জল
অকূল লবণনীরে।
গিয়েছিল, দেবী, সেই ঘোর তৃষা
তোমার রূপের ধারে—
মানসী
আঁখির সহিতে আঁখির পিপাসা
লোপ করো একেবারে।
ইন্দ্রিয় দিয়ে তোমার
মূর্তি
পশেছে জীবনমূলে,
এই ছুরি দিয়ে সে মুরতিখানি
কেটে কেটে লও তুলে।
তারি সাথে হায় আঁধারে মিশাবে
নিখিলের শোভা যত—
লক্ষ্মী যাবেন, তাঁরি সাথে যাবে
জগৎ ছায়ার মতো।
যাক, তাই যাক, পারি নে
ভাসিতে
কেবলি মুরতিস্রোতে!
লহ মোরে তুলি আলোকমগন
মুরতিভুবন হতে।
আঁখি গেলে মোর সীমা চলে যাবে—
একাকী অসীম ভরা,
আমারি আঁধারে মিলাবে গগন
মিলাবে সকল ধরা।
আলোহীন সেই বিশাল হৃদয়ে
আমার বিজন বাস,
প্রলয়-আসন জুড়িয়া বসিয়া
রব আমি বারো মাস।
থামো একটুকু, বুঝিতে
পারি নে,
ভালো করে ভেবে দেখি—
বিশ্ববিলোপ বিমল আঁধার
চিরকাল রবে সে কি?
ক্রমে ধীরে ধীরে নিবিড় তিমিরে
ফুটিয়া উঠিবে না কি
পবিত্র মুখ মধুর মূর্তি,
মানসী
স্নিগ্ধ আনত আঁখি?
এখন যেমন রয়েছ দাঁড়ায়ে
দেবীর প্রতিমা-সম,
স্থিরগম্ভীর করুণ নয়নে
চাহিছ হৃদয়ে মম,
বাতায়ন হতে সন্ধ্যাকিরণ
পড়েছে ললাটে এসে,
মেঘের আলোক লভিছে বিরাম
নিবিড়তিমির কেশে,
শান্তিরূপিণী এ মুরতি তব
অতি অপূর্ব সাজে
অনলরেখায় ফুটিয়া উঠিবে
অনন্তনিশি-মাঝে।
চৌদিকে তব নূতন জগৎ
আপনি সৃজিত হবে,
এ সন্ধ্যাশোভা তোমারে ঘিরিয়া
চিরকাল জেগে রবে।
এই বাতায়ন, ওই চাঁপা গাছ,
দূর সরযূর রেখা
নিশিদিনহীন অন্ধ হৃদয়ে
চিরদিন যাবে দেখা।
সে নব জগতে কালস্রোত নাই,
পরিবর্তন নাহি—
আজি এই দিন অনন্ত হয়ে
চিরদিন রবে চাহি।
তবে তাই হোক, হোয়ো না
বিমুখ,
দেবী, তাহে কিবা ক্ষতি—
হৃদয়-আকাশে থাক্ -না জাগিয়া
দেহহীন তব জ্যোতি
বাসনামলিন আঁখিকলঙ্ক
মানসী
ছায়া ফেলিবে না তায়,
আঁধার হৃদয়-নীল-উৎপল
চিরদিন রবে পায়।
তোমাতে হেরিব আমার দেবতা,
হেরিব আমার হরি—
তোমার আলোকে জাগিয়া রহিব
অনন্ত বিভাবরী।
বর্ষা এলায়েছে তার মেঘময় বেণী।
গাঢ় ছায়া সারাদিন,
মধ্যাহ্ন
তপনহীন,
দেখায় শ্যামলতর শ্যাম বনশ্রেণী।
আজিকে এমন দিনে শুধু পড়ে মনে
সেই দিবা-অভিসার
পাগলিনী রাধিকার,
না জানি সে কবেকার দূর বৃন্দাবনে।
সেদিনও এমনি বায়ু রহিয়া রহিয়া—
এমনি অশ্রান্ত বৃষ্টি,
তড়িৎচকিত দৃষ্টি,
এমনি কাতর হায় রমণীর হিয়া।
বিরহিণী মর্মে-মরা মেঘমন্দ্র স্বরে—
নয়নে নিমেষ নাহি,
গগনে রহিত চাহি,
আঁকিত প্রাণের আশা জলদের স্তরে।
চাহিত পথিকবধূ শূন্য
পথপানে।
মল্লার গাহিত কারা,
ঝরিত বরষাধারা,
নিতান্ত বাজিত গিয়া কাতর পরানে।
যক্ষনারী বীণা কোলে ভূমিতে বিলীন—
বক্ষে পড়ে রুক্ষ কেশ,
অযত্নশিথিল বেশ—
সেদিনও এমনিতরো অন্ধকার দিন।
মানসী
সেই কদম্বের মূল, যমুনার তীর,
সেই সে শিখীর নৃত্য
এখনো হরিছে চিত্ত—
ফেলিছে বিরহছায়া শ্রাবণতিমির।
আজও আছে বৃন্দাবন মানবের মনে।
শরতের পূর্ণিমায়
শ্রাবণের
বরিষায়
উঠে বিরহের গাথা বনে উপবনে।
এখনো সে বাঁশি বাজে যমুনার তীরে।
এখনো প্রেমের খেলা
সারানিশি, সারাবেলা,
এখনো কাঁদিছে রাধা হৃদয়কুটিরে।
জীবন আছিল
লঘু প্রথম বয়সে,
চলেছিনু আপনার বলে,
সুদীর্ঘ
জীবনযাত্রা নবীন প্রভাতে
আরম্ভিনু খেলিবার ছলে।
অশ্রুতে ছিল না তাপ, হাস্যে উপহাস,
বচনে ছিল না বিষানল—
ভাবনাভ্রূকুটিহীন সরল ললাট
সুপ্রশান্ত আনন্দ-উজ্জ্বল।
কুটিল হইল পথ, জটিল জীবন,
বেড়ে গেল জীবনের ভার—
ধরণীর
ধূলিমাঝে গুরু আকর্ষণ,
পতন হইল কত বার।
আপনার ’পরে
আর কিসের বিশ্বাস,
আপনার মাঝে আশা নাই—
দর্প চূর্ণ
হয়ে গেছে, ধূলি-সাথে মিশে
লজ্জাবস্ত্র জীর্ণ শত ঠাঁই।
তাই আজ বার বার ধাই তব পানে,
ওহে তুমি নিখিলনির্ভর—
অনন্ত এ
দেশকাল আচ্ছন্ন করিয়া
আছ তুমি আপনার ’পর।
ক্ষণেক
দাঁড়ায়ে পথে দেখিতেছি চেয়ে
তোমার এ ব্রহ্মাণ্ড বৃহৎ—
কোথায়
এসেছি আমি, কোথায় যেতেছি,
কোন্ পথে চলেছে জগৎ!
প্রকৃতির শান্তি আজি করিতেছি পান
চিরস্রোত সান্ত্বনার ধারা—
নিশীথ-আকাশ-মাঝে নয়ন তুলিয়া
মানসী
দেখিতেছি কোটি গ্রহতারা—
সুগভীর তামসীর ছিদ্রপথে যেন
জ্যোতির্ময় তোমার আভাস,
ওহে
মহা-অন্ধকার, ওহে মহাজ্যোতি,
অপ্রকাশ, চির-স্বপ্রকাশ।
যখন জীবন-ভার ছিল লঘু অতি
যখন ছিল না কোনো পাপ
তখন তোমার
পানে দেখি নাই চেয়ে,
জানি নাই তোমার প্রতাপ—
তোমার অগাধ
শান্তি, রহস্য অপার,
সৌন্দর্য অসীম অতুলন—
স্তব্ধভাবে
মুগ্ধনেত্রে নিবিড় বিস্ময়ে
দেখি নাই তোমার ভুবন।
কোমল সায়াহ্নলেখা বিষণ্ন উদার
প্রান্তরের প্রান্ত-আম্রবনে,
বৈশাখের
নীলধারা বিমলবাহিনী
ক্ষীণগঙ্গা সৈকতশয়নে,
শিরোপরি
সপ্ত ঋষি যুগ-যুগান্তের
ইতিহাসে নিবিষ্ট-নয়ান,
নিদ্রাহীন
পূর্ণচন্দ্র নিস্তব্ধ নিশীথে
নিদ্রার সমুদ্রে ভাসমান—
নিত্যনিশ্বসিত বায়ু, উন্মেষিত উষা,
কনকে শ্যামলে সম্মিলন,
দূর
দূরান্তরশায়ী মধ্যাহ্ন উদাস,
বনচ্ছায়া নিবিড় গহন,
যতদূর
নেত্র যায় শস্যশীর্ষরাশি
ধরার অঞ্চলতল ভরি—
জগতের মর্ম
হতে মোর মর্মস্থলে
আনিতেছে
জীবনলহরী।
মানসী
বচন-অতীত ভাবে ভরিছে হৃদয়,
নয়নে উঠিছে অশ্রুজল,
বিরহবিষাদ
মোর গলিয়া ঝরিয়া
ভিজায় বিশ্বের বক্ষস্থল।
প্রশান্ত গভীর এই
প্রকৃতির মাঝে
আমার জীবন হয় হারা,
মিশে যায়
মহাপ্রাণসাগরের বুকে
ধূলিম্লান পাপতাপধারা।
শুধু জেগে উঠে প্রেম মঙ্গল মধুর,
বেড়ে যায় জীবনের গতি,
ধূলিধৌত
দুঃখশোক শুভ্রশান্ত বেশে
ধরে যেন আনন্দমুরতি।
বন্ধন
হারায়ে গিয়ে স্বার্থ ব্যাপ্ত হয়
অবারিত জগতের মাঝে,
বিশ্বের
নিশ্বাস লাগি জীবনকুহরে
মঙ্গল-আনন্দধ্বনি বাজে।
চিঠি কই! দিন
গেল
বইগুলো ছুঁড়ে ফেলো,
আর তো লাগে না ভালো ছাইপাঁশ পড়া।
মিটায়ে মনের
খেদ
গেঁথে গেছে অবিচ্ছেদ
পরিচ্ছেদে পরিচ্ছেদ মিছে মন-গড়া।
কাননপ্রান্তের
কাছে
ছায়া পড়ে গাছে গাছে,
ম্লান আলো শুয়ে আছে বালুকার তীরে।
বায়ু উঠে ঢেউ
তুলি,
টলমল পড়ে দুলি
কূলে বাঁধা নৌকাগুলি জাহ্নবীর নীরে।
চিঠি কই! হেথা
এসে
একা বসে দূর দেশে
কী পড়িব দিন শেষে সন্ধ্যার আলোকে!
গোধূলির
ছায়াতলে
কে বলো গো মায়াবলে
সেই মুখ অশ্রুজলে এঁকে দেবে চোখে।
গভীর
গুঞ্জনস্বনে
ঝিল্লিরব উঠে বনে,
কে মিশাবে তারি সনে স্মৃতিকণ্ঠস্বর।
তীরতরু-ছায়ে-ছায়ে
কোমল সন্ধ্যার বায়ে
কে আনিয়া দিবে গায়ে সুকোমল কর।
পাখি তরুশিরে
আসে,
দূর হতে নীড়ে আসে,
তরীগুলি তীরে আসে, ফিরে আসে সবে—
তার সেই
স্নেহস্বর
ভেদি
দূর-দূরান্তর
কেন এ কোলের’পরে আসে না নীরবে!
দিনান্তে স্নেহের
স্মৃতি
একবার আসে নিতি
কলরব-ভরা প্রীতি লয়ে তার মুখে—
দিবসের ভার
যত
তবে হয় অপগত,
নিশি নিমেষের মতো কাটে স্বপ্নসুখে।
সকলি তো মনে
আছে
যতদিন ছিল কাছে
কত কথা বলিয়াছে কত ভালোবেসে—
কত কথা শুনি
নাই
হৃদয়ে পায় নি ঠাঁই,
মানসী
মুহূর্ত শুনিয়া তাই ভুলেছি নিমেষে।
পাতা পোরাবার
ছলে
আজ সে যা-কিছু বলে
তাই-শুনে মন গলে, চোখে আসে জল—
তারি লাগি কত
ব্যথা,
কত মনোব্যাকুলতা,
দু-চারিটি তুচ্ছ কথা জীবনসম্বল।
দিবা যেন
আলোহীনা
এই দুটি কথা বিনা
‘তুমি ভালো আছ কি না’ ‘আমি ভালো আছি’।
স্নেহ যেন নাম
ডেকে
কাছে এসে যায় দেখে,
দুটি কথা দূর থেকে করে কাছাকাছি।
দরশ পরশ
যত
সকল বন্ধন গত,
মাঝে ব্যবধান কত নদীগিরিপারে—
স্মৃতি শুধু স্নেহ
বয়ে
দুঁহু করস্পর্শ লয়ে
অক্ষরের মালা হয়ে বাঁধে দুজনারে।
কই চিঠি! এল
নিশা,
তিমিরে ডুবিল দিশা,
সারা দিবসের তৃষা রয়ে গেল মনে—
অন্ধকার
নদীতীরে
বেড়াতেছি ফিরে ফিরে,
প্রকৃতির শান্তি ধীরে পশিছে জীবনে।
ক্রমে আঁখি
ছলছল্ ,
দুটি ফোঁটা অশ্রুজল
ভিজায় কপোলতল, শুকায় বাতাসে—
ক্রমে অশ্রু নাহি
বয়,
ললাট শীতল হয়
রজনীর শান্তিময় শীতল নিশ্বাসে।
আকাশে অসংখ্য
তারা
চিন্তাহারা ক্লান্তিহারা,
হৃদয় বিস্ময়ে সারা হেরি একদিঠি—
আর যে আসে না
আসে
মুক্ত এই মহাকাশে
প্রতি সন্ধ্যা পরকাশে অসীমের চিঠি।
অনন্ত বারতা
বহে—
অন্ধকার হতে কহে,
‘যে রহে যে নাহি রহে কেহ নহে একা—
সীমাপরপারে
থাকি
সেথা হতে সবে ডাকি
প্রতি রাত্রে লিখে রাখি জ্যোতিপত্রলেখা।’
বন্ধু,
মনে আছে সেই প্রথম বয়স,
নূতন বঙ্গভাষা
তোমাদের মুখে জীবন লভিছে
বহিয়া নূতন আশা।
নিমেষে নিমেষে আলোকরশ্মি
অধিক জাগিয়া উঠে,
বঙ্গহৃদয় উন্মীলি যেন
রক্তকমল ফুটে।
প্রতিদিন যেন পূর্বগগনে
চাহি রহিতাম একা,
কখন ফুটিবে তোমাদের ওই
লেখনী-অরুণ-লেখা।
তোমাদের ওই প্রভাত-আলোক
প্রাচীন তিমির নাশি
নবজাগ্রত নয়নে আনিবে
নূতন জগৎরাশি।
একদা জাগিনু, সহসা দেখিনু
প্রাণমন আপনার—
হৃদয়ের মাঝে জীবন জাগিছে
পরশ লভিনু তার।
ধন্য হইল মানবজনম,
ধন্য তরুণ প্রাণ—
মহৎ আশায় বাড়িল হৃদয়,
জাগিল হর্ষগান।
দাঁড়ায়ে বিশাল ধরণীর তলে
ঘুচে গেল ভয় লাজ,
বুঝিতে পারিনু এ জগৎমাঝে
আমারও রয়েছে কাজ।
মানসী
স্বদেশের কাছে দাঁড়ায়ে প্রভাতে
কহিলাম জোড়করে,
‘এই লহ, মাতঃ, এ চিরজীবন
সঁপিনু তোমারি তরে।’
বন্ধু, এ দীন হয়েছে বাহির
তোমাদেরই কথা শুনে।
সেইদিন হতে কন্টকপথে
চলিয়াছি দিন গুনে।
পদে পদে জাগে নিন্দা ও ঘৃণা
ক্ষুদ্র অত্যাচার,
একে একে সবে পর হয়ে যায়
ছিল যারা আপনার।
ধ্রুবতারা-পানে রাখিয়া নয়ন
চলিয়াছি পথ ধরি,
সত্য বলিয়া জানিয়াছি যাহা
তাহাই পালন করি।
কোথা গেল সেই প্রভাতের গান,
কোথা গেল সেই আশা!
আজিকে, বন্ধু, তোমাদের মুখে
এ কেমনতর ভাষা!
আজি বলিতেছ, ‘বসে থাকো, বাপু,
ছিল যাহা তাই ভালো।
যা হবার তাহা আপনি হইবে,
কাজ কী এতই আলো!’
কলম মুছিয়া তুলিয়া রেখেছ,
বন্ধ করেছ গান,
সহসা সবাই প্রাচীন হয়েছ
নিতান্ত সাবধান।
আনন্দে যারা চলিতে চাহিছে
ছিঁড়ি অসত্যপাশ,
মানসী
ঘর হতে বসি করিছ তাদের
উপহাস পরিহাস।
এত দূরে এনে ফিরিয়া দাঁড়ায়ে
হাসিছ নিঠুর হাসি,
চিরজীবনের প্রিয়তম ব্রত
চাহিছ ফেলিতে নাশি।
তোমরা আনিয়া প্রাণের প্রবাহ
ভেঙেছ মাটির আল,
তোমরা আবার আনিছ বঙ্গে
উজান স্রোতের কাল।
নিজের জীবন মিশায়ে যাহারে
আপনি তুলেছ গড়ি
হাসিয়া হাসিয়া আজিকে তাহারে
ভাঙিছ কেমন করি!
তবে সেই ভালো, কাজ নেই তবে,
তবে ফিরে যাওয়া যাক—
গৃহকোণে এই জীবন-আবেগ
করি বসে পরিপাক!
সানাই বাজয়ে ঘরে নিয়ে আসি
আট বরষের বধূ,
শৈশবকুঁড়ি ছিঁড়িয়া বাহির
করি যৌবনমধু!
ফুটন্ত নবজীবনের’পরে
চাপায়ে শাস্ত্রভার
জীর্ণ যুগের ধূলিসাথে তারে
করে দিই একাকার!
বন্ধু, এ তব বিফল চেষ্টা,
আর কি ফিরিতে পারি?
শিখরগুহায় আর ফিরে যায়
নদীর প্রবল বারি?
মানসী
জীবনের স্বাদ পেয়েছি যখন,
চলেছি যখন কাজে
কেমনে আবার করিব প্রবেশ
মৃত বরষের মাঝে?
সে নবীন আশা নাইকো যদিও
তবু যাব এই পথে,
পাব না শুনিতে আশিস্ -বচন
তোমাদের মুখ হতে।
তোমাদের ওই হৃদয় হইতে
নূতন পরান আনি
প্রতি পলে পলে আসিবে না আর
সেই আশ্বাসবাণী।
শত হৃদয়ের উৎসাহ মিলি
টানিয়া লবে না মোরে,
আপনার বলে চলিতে হইবে।
আপনার পথ ক’রে।
আকাশে চাহিব, হায়, কোথা সেই
পুরাতন শুকতারা!
তোমাদের মুখ ভ্রূকুটিকুটিল,
নয়ন আলোকহারা।
মাঝে মাঝে শুধু শুনিতে পাইব
হা-হা-হা অট্টহাসি,
শ্রান্ত হৃদয়ে আঘাত করিবে
নিঠুর বচন আসি।
ভয় নাই যার কী করিবে তার
এই প্রতিকূল স্রোতে!
তোমারি শিক্ষা করিবে রক্ষা
তোমারি বাক্য হতে।
নিত্য তোমায় চিত্ত ভরিয়া
স্মরণ করি,
বিশ্ববিহীন বিজনে বসিয়া
বরণ করি;
তুমি আছ মোর জীবন-মরণ
হরণ করি।
তোমার পাই নে কুল—
আপনা-মাঝারে আপনার প্রেম
তাহারো পাই নে তুল।
উদয়শিখরে সূর্যের মতো
সমস্ত প্রাণ মম
চাহিয়া রয়েছে নিমেষনিহত
একটি নয়ন-সম—
অগাধ অপার উদাস দৃষ্টি,
নাহিকো তাহার সীমা।
তুমি যেন ওই আকাশ উদার,
আমি যেন ওই অসীম পাথার,
আকুল করেছে মাঝখানে তার
আনন্দপূর্ণিমা।
তুমি প্রশান্ত চিরনিশিদিন,
আমি অশান্ত বিরামবিহীন
চঞ্চল অনিবার—
যত দূর হেরি দিক্ দিগন্তে
তুমি আমি একাকার।
প্রখর
মধ্যাহ্নতাপে
প্রান্তর ব্যাপিয়া কাঁপে
বাষ্পশিখা অনলশ্বসনা,
অম্বেষিয়া দশ
দিশা
যেন ধরণীর তৃষা
মেলিয়াছে লেলিহা রসনা।
ছায়া মেলি সারি
সারি
স্তব্ধ আছে তিন-চারি
সিসুগাছ পাণ্ডুকিশলয়,
নিম্ববৃক্ষ
ঘনশাখা
গুচ্ছ গুচ্ছ পুষ্পে ঢাকা,
আম্রবন তাম্রফলময়।
গোলক-চাঁপার
ফুলে
গন্ধের হিল্লোল তুলে,
বন হতে আসে বাতায়নে—
ঝাউ গাছ
ছায়াহীন
নিশ্বসিছে উদাসীন
শূন্যে চাহি আপনার মনে।
দুরান্ত প্রান্তর শুধু
তপনে
করিছে ধূ ধূ,
বাঁকা পথ শুষ্ক তপ্তকায়া—
তারি প্রান্তে
উপবন,
মৃদুমন্দ সমীরণ,
ফুলগন্ধ, শ্যামস্নিগ্ধ ছায়া।
ছায়ায়
কুটিরখানা
দু ধারে বিছায়ে ডানা
পক্ষীসম করিছে বিরাজ,
তারি তলে সবে
মিলি
চলিতেছে নিরিবিলি
সুখে দুঃখে দিবসের কাজ।
কোথা হতে
নিদ্রাহীন
রৌদ্রদগ্ধ দীর্ঘ দিন
কোকিল গাহিছে কুহুস্বরে।
সেই পুরাতন
তান
প্রকৃতির মর্মগান
পশিতেছে
মানবের ঘরে।
বসি আঙিনার
কোণে
গম ভাঙে দুই বোনে,
গান গাহে শ্রান্তি নাহি মানি।
বাঁধা কূপ,
তরুতল, বালিকা তুলিছে জল
খরতাপে ম্লানমুখখানি।
দূরে নদী, মাঝে
চর—
বসিয়া মাচার ’পর
শস্যখেত আগলিছে চাষি।
মানসী
রাখালশিশুরা
জুটে
নাচে গায় খেলে ছুটে,
দূরে তরী চলিয়াছে ভাসি।
কত কাজ কত
খেলা
কত মানবের মেলা,
সুখদুঃখ ভাবনা অশেষ—
তারি মাঝে
কুহুস্বর
একতান সকাতর
কোথা
হতে লভিছে প্রবেশ।
নিখিল করিছে
মগ্ন—
জড়িত মিশ্রিত ভগ্ন
গীতহীন কলরব কত,
পড়িতেছে
তারি’পর
পরিপূর্ণ সুধাস্বর
পরিস্ফুট পুষ্পটির মতো।
এত কাণ্ড, এত
গোল,
বিচিত্র এ কলরোল
সংসারের আবর্তবিভ্রমে—
তবু সেই
চিরকাল
অরণ্যের অন্তরাল
কুহুধ্বনি ধ্বনিছে পঞ্চমে।
যেন কে বসিয়া
আছে
বিশ্বের বক্ষের কাছে
যেন কোন্ সরলা সুন্দরী,
যেন সেই
রূপবতী
সংগীতের সরস্বতী
সম্মোহন-বীণা করে ধরি’—
সুকুমার কর্ণে
তার
ব্যথা দেয় অনিবার
গণ্ডগোল দিবসে নিশীথে,
জটিল সে
ঝঞ্ঝনায়
বাঁধিয়া তুলিতে চায়
সৌন্দর্যের সরল সংগীতে।
তাই ওই
চিরদিন
ধ্বনিতেছে শ্রান্তিহীন
কুহুতান, করিছে কাতর—
সংগীতের ব্যথা
বাজে,
মিশিয়াছে তার মাঝে
করুণার অনুনয়স্বর।
কেহ বসে
গৃহমাঝে,
কেহ বা চলেছে কাজে,
কেহ শোনে, কেহ নাহি শোনে—
তবুও সে কী
মায়ায়
ওই ধ্বনি থেকে যায়
বিশ্বব্যাপী মানবের মনে।
তবু
যুগ-যুগান্তর
মানবজীবনস্তর
ওই গানে আর্দ্র হয়ে আসে,
মানসী
কত কোটি
কুহুতান
মিশায়েছে নিজ প্রাণ
জীবের জীবন-ইতিহাসে।
সুখে দুঃখে
উৎসবে
গান উঠে কলরবে
বিরল গ্রামের মাঝখানে,
তারি সাথে
সুধাস্বরে
মিশে ভালোবাসাভরে
পাখি-গানে মানবের গানে।
কোজাগর
পূর্ণিমায়
শিশু
শূন্যে হেসে চায়,
ঘিরে হাসে জনকজননী—
সুদূর বনান্ত
হতে
দক্ষিণসমীরস্রোতে
ভেসে আসে কুহুকুহু ধ্বনি।
প্রচ্ছায় তমসাতীরে
শিশু কুশলব ফিরে,
সীতা হেরে বিষাদে হরিষে—
ঘন
সহকারশাখে
মাঝে মাঝে পিক ডাকে,
কুহুতানে করুণা বরিষে।
লতাকুঞ্জে
তপোবনে
বিজনে দুষ্মন্তসনে
শকুন্তলা লাজে থরথর,
তখনো সে কুহুভাষা
রমণীর ভালোবাসা
করেছিল সুমধুরতর।
নিস্তব্ধ মধ্যাহ্নে
তাই
অতীতের মাঝে ধাই
শুনিয়া আকুল কুহুরব—
বিশাল
মানবপ্রাণ
মোর মাঝে বর্তমান
দেশ কাল করি অভিভব।
অতীতের দুঃখসুখ,
দূরবাসী প্রিয়মুখ,
শৈশবের স্বপ্নশ্রুত গান,
ওই
কুহুমন্ত্রবলে
জাগিতেছে দলে দলে,
লভিতেছে নূতন পরান।
কে তুমি দিয়েছ স্নেহ মানবহৃদয়ে,
কে তুমি দিয়েছ প্রিয়জন!
বিরহের
অন্ধকারে
কে তুমি কাঁদাও তারে,
তুমি ও কেন
গো সাথে কর না ক্রন্দন!
প্রাণ যাহা চায় তাহা দাও বা না দাও,
তা বলে কি করুণা পাব না?
দুর্লভ ধনের
তরে
শিশু কাঁদে সকাতরে,
তা বলে কি
জননীর বাজে না বেদনা?
দুর্বল মানব-হিয়া বিদীর্ণ যেথায়,
মর্মভেদী যন্ত্রণা বিষম,
জীবন
নির্ভরহারা
ধুলায় লুটায়ে সারা,
সেথাও কেন
গো তব কঠিন নিয়ম।
সেথাও জগৎ তব চিরমৌনী কেন,
নাহি দেয় আশ্বাসের সুখ।
ছিন্ন করি
অন্তরাল
অসীম রহস্যজাল
কেন না
প্রকাশ পায় গুপ্ত স্নেহমুখ!
ধরণী জননী কেন বলিয়া উঠে না
—করুণমর্মর কণ্ঠস্বর—
“আমি শুধু ধূলি
নই,
বৎস, আমি প্রাণময়ী
জননী,
তোদের লাগি অন্তর কাতর।
“নহ তুমি পরিত্যক্ত অনাথ সন্তান
চরাচর নিখিলের মাঝে;
তোমার ব্যাকুল
স্বর
উঠিছে আকাশ-’পর,
তারায়
তারায় তার ব্যথা গিয়ে বাজে।’
মানসী
কাল ছিল প্রাণ জুড়ে, আজ কাছে নাই—
নিতান্ত সামান্য এ কি নাথ?
তোমার বিচিত্র
ভবে
কত আছে কত হবে,
কোথাও কি
আছে প্রভু, হেন বজ্রপাত?
আছে সেই সূর্যালোক, নাই সেই হাসি—
আছে চাঁদ, নাই চাঁদমুখ।
শূন্য পড়ে আছে
গেহ,
নাই কেহ, নাই কেহ—
রয়েছে
জীবন, নেই জীবনের সুখ।
সেইটুকু মুখখানি, সেই দুটি হাত,
সেই হাসি অধরের ধারে,
সে নহিলে এ
জগৎ
শুষ্ক মরুভূমিবৎ—
নিতান্ত
সামান্য এ কি এ বিশ্বব্যাপারে?
এ
আর্তস্বরের কাছে রহিবে অটুট
চৌদিকের চিরনীরবতা?
সমস্ত
মানবপ্রাণ
বেদনায় কম্পমান,
নিয়মের
লৌহবক্ষে বাজিবে না ব্যথা!
ওগো,
ভালো করে
বলে যাও।
বাঁশরি বাজায়ে যে কথা জানাতে
সে-কথা বুঝায়ে দাও।
যদি
না বলিবে কিছু, তবে কেন এসে
মুখপানে শুধু চাও!
আজি
অন্ধতামসী নিশি।
মেঘের আড়ালে গগনের তারা
সবগুলি গেছে মিশি।
শুধু
বাদলের বায় করি হায়-হায়
আকুলিছে দশ দিশি।
আমি কুন্তল
দিব খুলে।
অঞ্চলমাঝে ঢাকিব তোমায়
নিশীথনিবিড়
চুলে।
দুটি
বাহুপাশে বাঁধি নত মুখখানি
বক্ষে লইব তুলে।
সেথা
নিভৃতনিলয়সুখে
আপনার মনে বলে যেয়ো কথা
মিলনমুদিত বুকে,
আমি
নয়ন মুদিয়া শুনিব কেবল
চাহিব না মুখে মুখে।
যবে
ফুরাবে তোমার কথা
যে যেমন আছি রহিব বসিয়া
চিত্রপুতলি যথা।
শুধু
শিয়রে দাঁড়ায়ে করে কানাকানি
মর্মর তরুলতা।
মানসী
শেষে রজনীর
অবসানে
অরুণ উদিলে, ক্ষণেকের তরে
চাব দুঁহু দোঁহা-পানে।
ধীরে
ঘরে যাব ফিরে দোঁহে দুই পথে
জলভরা দু’নুয়ানে।
তবে
ভালো করে বলে যাও।
আঁখিতে
বাঁশিতে যে কথা ভাষিতে
সে কথা বুঝায়ে দাও।
শুধু
কম্পিত সুরে আধো ভাষা পূরে
কেন এসে গান গাও!
ভুলুবাবু বসি পাশের
ঘরেতে
নামতা পড়েন উচ্চস্বরেতে—
হিস্ট্রি কেতাব লইয়া করেতে
কেদারা হেলান দিয়ে
দুই ভাই মোরা সুখে সমাসীন,
মেজের উপরে জ্বলে কেরাসিন,
পড়িয়া ফেলেছি চ্যাপ্টার তিন—
দাদা এমে, আমি বিএ।
যত পড়ি তত পুড়ে যায়
তেল,
মগজে গজিয়ে উঠে আক্কেল,
কেমন করিয়া বীর ক্রমোয়েল
পাড়িল রাজার মাথা
বালক যেমন ঠেঙার বাড়িতে
পাকা আমগুলো রহে গো পাড়িতে—
কৌতুক ক্রমে বাড়িতে বাড়িতে
উলটি ব’য়ের পাতা।
কেহ মাথা ফেলে ধর্মের
তরে,
পরহিতে কারো মাথা খ’সে পড়ে,
রণভূমে কেহ মাথা রেখে মরে
কেতাবে রয়েছে লেখা।
আমি কেদারায় মাথাটি রাখিয়া
এই কথাগুলি চাখিয়া চাখিয়া
সুখে পাঠ করি থাকিয়া থাকিয়া,
পড়ে কত হয় শেখা!
পড়িয়াছি বসে জানলার
কাছে
জ্ঞান খুঁজে কাবা ধরা ভ্রমিয়াছে,
কবে মরে তারা মুখস্থ আছে
মানসী
কোন্ মাসে কী তারিখে।
কর্তব্যের কঠিন শাসন
সাধ ক’রে কারা করে
উপাসন,
গ্রহণ করেছে কণ্টকাসন—
খাতায় রেখেছি লিখে।
বড়ো কথা
শুনি, বড়ো কথা কই,
জড়ো করে নিয়ে পড়ি বড়ো
বই,
এমনি করিয়া ক্রমে বড়ো
হই—
কে পারে রাখিতে চেপে!
কেদারায় বসে সারাদিন
ধ’রে
বই প’ড়ে প’ড়ে মুখস্থ
ক’রে
কভু মাথা ধরে কভু
মাথা ঘোরে,
বুঝি বা যাইব ক্ষেপে।
ইংরেজ চেয়ে
কিসে মোরা কম!
আমরা যে ছোটো সেটা
ভারি ভ্রম;
আকারপ্রকার রকম-সকম
এতেই যা কিছু ভেদ।
যাহা লেখে তারা তাই
ফেলি শিখে,
তাহাই আবার বাংলায়
লিখে
করি কতমতো গুরুমারা
টীকে,
লেখনীর ঘুচে খেদ।
মোক্ষমুলর বলেছে
‘আর্য’,
সেই শুনে সব ছেড়েছি কার্য,
মোরা বড়ো বলে করেছি ধার্য,
আরামে পড়েছি শুয়ে।
মনু না কি ছিল আধ্যাত্মিক,
আমরাও তাই— করিয়াছি ঠিক
এ যে নাহি বলে ধিক্ তারে ধিক্ ,
শাপ দি’ পইতে ছুঁয়ে।
মানসী
কে বলিতে চায় মোরা নহি
বীর,
প্রমাণ যে তার রয়েছে গভীর,
পূর্বপুরুষ ছুঁড়িতেন তীর
সাক্ষী বেদব্যাস।
আর-কিছু তবে নাহি প্রয়োজন,
সভাতলে মিলে বারো-তেরো জন
শুধু তরজন আর গরজন
এই করো অভ্যাস।
আলো-চাল আর
কাঁচকলা-ভাতে
মেখেচুখে নিয়ে কদলীর পাতে
ব্রহ্মচর্য পেত হাতে হাতে
ঋষিগণ তপ ক’রে।
আমরা যদিও পাতিয়াছি মেজ,
হোটেলে ঢুকেছি পালিয়ে কালেজ,
তবু আছে সেই ব্রাহ্মণ তেজ
মনু-তর্জমা প’ড়ে।
সংহিতা আর মুর্গি -জবাই
এই দুটো কাজে লেগেছি সবাই,
বিশেষত এই আমরা ক’ভাই
নিমাই নেপাল ভূতো।
দেশের লোকের কানের গোড়াতে
বিদ্যেটা নিয়ে লাটিম ঘোরাতে,
বক্তৃতা আর কাগজ পোরাতে
শিখেছি হাজার ছুতো।
ম্যারাথন আর থর্মপলিতে
কী যে হয়েছিল বলিতে বলিতে
শিরায় শোণিত রহে গো জ্বলিতে
পাটের পলিতে-সম।
মূর্খ যাহারা কিছু পড়ে নাই
মানসী
তারা এত কথা কী বুঝিবে ছাই—
হাঁ করিয়া থাকে, কভু তোলে হাই—
বুক ফেটে যায় মম।
আগাগোড়া যদি তাহারা
পড়িত
গারিবাল্ ডির জীবনচরিত
না জানি তা হলে কী তারা করিত
কেদারায় দিয়ে ঠেস!
মিল ক’রে ক’রে কবিতা লিখিত,
দু-চারটে কথা বলিতে শিখিত,
কিছুদিন তবু কাগজ টিকিত—
উন্নত হত দেশ—
না জানিল তারা
সাহিত্যরস,
ইতিহাস নাহি করিল পরশ,
ওয়াশিংটনের জন্ম-বরষ
মুখস্থ হল নাকো।
ম্যাট্ সিনি-লীলা এমন সরেস
এরা সে কথার না জানিল লেশ—
হা অশিক্ষিত অভাগা স্বদেশ,
লজ্জায় মুখ ঢাকো।
আমি দেখো ঘরে চৌকি
টানিয়ে
লাইব্রেরি হতে হিস্ট্রি আনিয়ে
কত পড়ি, লিখি বানিয়ে বানিয়ে
শানিয়ে শানিয়ে ভাষা।
জ্বলে ওঠে প্রাণ, মরি পাখা করে,
উদ্দীপনায় শুধু মাথা ঘোরে—
তবুও যা হোক স্বদেশের তরে
একটুকু হয় আশা।
মানসী
যাক, পড়া যাক
‘ন্যাস্ বি’ সমর—
আহা, ক্রমোয়েল, তুমিই অমর।
থাক্ এইখেনে, ব্যথিছে কোমর—
কাহিল হতেছে বোধ।
ঝি কোথায় গেল, নিয়ে আয় সাবু।
আরে, আরে এসো! এসো ননিবাবু,
তাস পেড়ে নিয়ে খেলা যাক গ্রাবু—
কালকের দেব শোধ!
তবে পরানে ভালোবাসা
কেন গো দিলে
রূপ না দিলে যদি বিধি হে!
পূজার তরে
হিয়া
উঠে যে ব্যাকুলিয়া,
পূজিব তারে গিয়া কী দিয়ে!
মনে গোপনে
থাকে প্রেম, যায় না দেখা,
কুসুম দেয় তাই দেবতায়।
দাঁড়ায়ে থাকি
দ্বারে,
চাহিয়া দেখি তারে,
কী ব’লে আপনারে দিব তায়?
ভালো বাসিলে
ভালো যারে দেখিতে হয়
সে যেন পারে ভালো বাসিতে।
মধুর হাসি
তার
দিক সে উপহার
মাধুরী ফুটে যার হাসিতে।
যার
নবনীসুকুমার কপোলতল
কী শোভা পায় প্রেমলাজে গো!
যাহার
ঢলঢল
নয়নশতদল
তারেই আঁখিজল সাজে গো।
তাই লুকায়ে থাকি সদা পাছে সে দেখে,
ভালোবাসিতে মরি শরমে।
রুধিয়া
মনোদ্বার
প্রেমের কারাগার
রচেছি
আপনার মরমে।
আহা এ
তনু-আবরণ শ্রীহীন ম্লান
ঝরিয়া পড়ে যদি শুকায়ে,
হৃদয়মাঝে
মম
দেবতা মনোরম
মাধুরী নিরুপম লুকায়ে।
মানসী
যত গোপনে
ভালোবাসি পরান ভরি
পরান ভরি উঠে শোভাতে—
যেমন কালো
মেঘে
অরুণ-আলো লেগে
মাধুরী উঠে জেগে প্রভাতে।
আমি সে শোভা কাহারে তো দেখাতে নারি,
এ পোড়া দেহ সবে দেখে যায়—
প্রেম যে চুপে
চুপে
ফুটিতে চাহে রূপে,
মনেরই অন্ধকূপে থেকে যায়।
দেখো, বনের
ভালোবাসা আঁধারে বসি
কুসুমে আপনারে বিকাশে,
তারকা নিজ
হিয়া
তুলিছে উজলিয়া
আপন আলো দিয়া লিখা সে।
ভবে প্রেমের আঁখি প্রেম কাড়িতে চাহে,
মোহন রূপ তাই ধরিছে।
আমি যে
আপনায়
ফুটাতে পারি নাই,
পরান কেঁদে তাই মরিছে।
আমি আপন মধুরতা আপনি জানি
পরানে আছে যাহা জাগিয়া,
তাহারে লয়ে
সেথা
দেখাতে পারিলে তা
যেত এ ব্যাকুলতা ভাগিয়া।
আমি রূপসী নহি, তবু আমারো মনে
প্রেমের রূপ সে তো সুমধুর।
ধন সে
যতনের
শয়ন-স্বপনের,
করে সে জীবনের তমোদূর।
আমি আমার অপমান সহিতে পারি
প্রেমের সহে না তো অপমান।
মানসী
অমরাবতী
ত্যেজে
হৃদয়ে এসেছে
যে,
তাহারো চেয়ে সে যে মহীয়ান।
পাছে কুরূপ কভু তারে দেখিতে হয়
কুরূপ দেহ-মাঝে উদিয়া,
প্রাণের এক
ধারে
দেহের পরপারে
তাই তো রাখি তারে রুধিয়া।
তাই আঁখিতে প্রকাশিতে চাহি নে তারে,
নীরবে থাকে তাই রসনা।
মুখে সে চাহে
যত
নয়ন করি নত,
গোপনে মরে কত বাসনা।
তাই যদি সে কাছে আসে পালাই দূরে,
আপন মনোআশা দলে যাই,
পাছে সে মোরে
দেখে
থমকি বলে “এ কে! ”
দু হাতে মুখ ঢেকে চলে যাই।
পাছে নয়নে বচনে সে বুঝিতে পারে
আমার জীবনের কাহিনী—
পাছে সে মনে
ভানে,
“এও কি প্রেম জানে!
আমি তো এর পানে চাহি নি! ”
তো,
জ্বালো সেথা জ্বালো কাল-চিতা
তোমার খড়্গ-রক্ত হউক
স্রষ্টার বুকে লাল ফিতা।
এলোকেশে তব দুলুক ঝঞ্ঝা
কালবৈশাখী ভীম তুফান,
চরণ-আঘাতে উদ্ গারে যেন
আহত বিশ্ব রক্ত-বান।
নিশ্বাসে তব পেঁজা-তুলো সম
উড়ে যাক মা গো এই ভুবন,
অসুরে নাশিতে হউক বিষ্ণু–
চক্র মা তোর হেম-কাঁকন।
টুঁটি টিপে মারো অত্যাচারে মা,
গলহার হোক নীল ফাঁসি,
নয়নে তোমার ধূমকেতু-জ্বালা
উঠুক সরোষে উদ্ ভাসি।
হাসো খলখল দাও করতালি
বলো হরহর শঙ্কর!
আজ হতে মা গো অসহায়সম
ক্ষীণ ক্রন্দন সম্বরো।
মেখলা ছিঁড়িয়া চাবুক করো মা
সে চাবুক করো নঊ-তড়িৎ,
জালিমের বুক বেয়ে খুন ঝরে
লালে লাল হোক শ্বেত হরিৎ।
নিদ্রিত শিবে লাথি মারো আজ,
ভাঙো মা ভোলার ভাঙ-নেশা,
পিয়াও এবার অ-শিব গরল
নীলের সঙ্গে লাল মেশা।
দেখা মা আবার দনুজ-দলনী
অশিব-নাশিনী চণ্ডী-রূপ;
দেখাও মা ওই কল্যাণ-করই
আনিতে পারে কি বিনাশ-স্তূপ।
শ্বেত শতদলবাসিনী নয় আজ
রক্তাম্বরধারিণী মা,
ধ্বংসের বুকে হাসুক মা তোর
সৃষ্টির নব পূর্ণিমা।অগ্নিবীণা
আগমনি
এ কী
রণ-বাজা বাজে ঘন ঘন –
ঝন
রনরনরন ঝনঝন!
সে কী
দমকি দমকি ধমকি ধমকি
দামা দ্রিমি দ্রিমি গমকি গমকি
ওঠে চোটে, চোটে,
ছোটে লোটে ফোটে!
বহ্নি ফিনিক চমকি চমকি
ঢাল-তলোয়ারে খনখন!
সদা
গদা ঘোরে বোঁও বনবন
শোঁও
শনশন!
হই
হই রব
ওই
ভৈরব
হাঁকে
লাখে লাখে
ঝাঁকে
ঝাঁকে ঝাঁকে
লাল
গৈরিক-গায় সৈনিক ধায় তালে তালে
ওই
পালে পালে,
ধরা
কাঁপে কাঁপে।
জাঁকে
মহাকাল কাঁপে থরথর!
রণে
কড়কড়কাড়া খাঁড়া-ঘাত,
শির
পিষে হাঁকে রথ-ঘর্ঘরধ্বনি ঘরঘর!
‘গর
গরগর’ বোলে ভেরি তূরী।
‘হর
হরহর’
করি
চিৎকার ছোটে সুরাসুর-সেনা হনহন!
ওঠে
ঝঞ্ঝা ঝাপটি দাপটি সাপটি
হুহু হুহু হুহু শনশন!
ছোটে
সুরাসুর সেনা হনহন।
বোঁও
বনবন
শোঁও
শনশন
হো-হো
ঝনন ননন রনঝনঝন রনননরন ঝনরন!
তাতা
থইথই খল খল খল
নাচে
রণরঙ্গিণী সঙ্গিনী সাথে,
ধকধক জ্বলে জ্বলজ্বল!
বুকে
মুখে চোখে রোষ-হুতাশন!
রোস
কথা শোন!
ওই
ডম্বরু-ঢোলে ডিমিডিমি বোলে,
ব্যোম মরুৎ স-অম্বর দোলে,
যম বরুণ কী কলকল্লোলে চলে উতরোলে
ধ্বংসে মাতিয়া তাথিয়া তাথিয়া
নাচিয়া রঙ্গে, চরণ ভঙ্গে
সৃষ্টি সে টলে টলমল!অগ্নিবীণা
ও কী
বিজয়ধ্বনি সিন্ধু গরজে কলকল কল কলকল!
ওঠে
কোলাহল
কূট
হলাহল
ছোটে
মন্থনে পুন রক্ত-উদধি
ফেনাবিষ ক্ষরে গলগল!
টলে
নির্বিকার সে বিধাতৃরও গো
সিংহ-আসন টলমল!
কার
আকাশ-জোড়া ও আনত নয়ানে
করুণা-অশ্রু ছলছল!
বাজে
মৃত-সুরাসুর-পাঁজরে ঝাঁঝর ঝমঝম,
নাচে
ধূর্জটি সাথে প্রমথ ববম বমবম!
লাল
লালে লাল ওড়ে ঈশানে নিশান যুদ্ধের,
ওঠে
ওংকার, রণ-ডঙ্কার,
নাদে
ওম্ ওম্ মহাশঙ্খ-বিষাণ রুদ্রের।
ছোটে
রক্ত ফোয়ারা বহ্নির বান রে!
কোটি
বীরপ্রাণ
ক্ষণে
নির্বাণ
তবু
শত সূর্যের জ্বালাময় রোষ
গমকে শিরায় গমগম।
ভয়ে
রক্ত-পাগল প্রেত-পিশাচেরও
শিরদাঁড়া করে চনচন !
যত
ডাকিনী-যোগিনী বিস্ময়াহতা,
নিশীথিনী ভয়ে থমথম।
বাজে
মৃত সুরাসুর-পাঁজরে ঝাঁঝর ঝমঝম!
ওই
অট্টহাসিছে রণচামুণ্ডা হাহা হাহা হিহি হিহি,
মাঝে
মাঝে হুংকারে বৃংহিত নাদ
হ্রেষারব চিঁহি চিঁহিচিঁহি।
বজ্রের মার
করকা-পাত!
কর্ আঘাত
কর্ নিপাত,
বহ্নিঘাত
মারের ওপরে মার হানো,
বাঃ সাবাস্!
হাসো! – কাঁপে দেখো ভয়ে? যেন শীতে
হিহি ইহি ইহি! কটকটকট পটপটপট
গিরা ছিঁড়ে হাহা নড়ে ছটফট!
হুর্ র্! হুর্ র্!! হুর্ র্!!!
হো হো কাটা পাঁঠা যেন ধড়ফড়
করে
দূর্ র্! দূর্ র্!! দূর্ র্!!!
ওই
ওঠে দানবেরা ঘন চিৎকারি
ধিক্কারি পুন হানে টিটকারি রে!
যেন
কোটি নাগ-বিষ-ফুৎকারে
ওঠে
মৃত্যুআহত নিশাসে নিশাসে ঘুৎকার।
নর-
মুণ্ডমালিনী চণ্ডী হাসিছে হাহা হাহা হাহা হিহিহিহি
হোহো
হাহা হাহা হাহা হিহিহিহি।অগ্নিবীণা
ওই
অসুর-পশুর মিথ্যা দৈত্য সেনা যত
হত
আহত করে রে দেবতা সত্য!
স্বর্গ মর্ত্য পাতাল মাতাল রক্ত-সুরায়;
ত্রস্ত বিধাতা, মস্ত পাগল
পিনাকপাণি স-ত্রিশূল প্রলয় হস্ত ঘুরায়!
ক্ষিপ্ত সবাই রক্ত-সুরায়॥
চিতার উপরে চিতা সারি সারি
চারিপাশে তারই
ডাকে কুক্ কুর গৃধিনি শৃগাল!
প্রলয় দোলায় দুলিছে ত্রিকাল
প্রলয়-দোলায় দুলিছে ত্রিকাল!!
আজ
রণ-রঙ্গিণী জগৎমাতার দেখ্ মহারণ
দশদিকে তাঁর দশহাতে বাজে দশ প্রহরণ!
পদতলে লুটে মহিষাসুর,
মহামাতা ওই সিংহাবাহিনী জানায় আজিকে বিশ্ববাসীকে –
শাশ্বত নহে দানব-শক্তি, পায়ে পিষে যায় শির পশুর!
নাই দানব
নাই অসুর–
চাইনে সুর
চাই মানব!–
বরাভয়-বাণী ওই রে কার
শুনি, নহে হইরই এবার!
ওঠ রে ওঠ
ছোট রে ছোট!
শান্ত মন,
ক্ষান্ত রণ!
খোল তোরণ,
চল বরণ
করব মায়;
ডরব কায়?
ধর্ ব পায় কার সে আর
বিশ্ব-মা-ই পার্শ্বে যার?অগ্নিবীণা
আজ
আকাশ-ডোবানো নেহারি তাঁহারই চাওয়া,
ওই
শেফালিকা-তলে কে বালিকা চলে?
কেশের গন্ধ আনিছে আশিন হাওয়া।
এসেছে রে সাথে উৎপলাক্ষী চপলা কুমারী কমলা ওই,
সরসিজ-নিভ শুভ্র বালিকা
এল বীণাপাণি অমলা ওই।
এসেছে গণেশ,
এসেছে মহেশ,
বাস্ রে বাস্!
জোর উছাস্!!
এল সুন্দর সুর সেনাপতি,
সব মুখ এ যে চেনা-চেনা অতি
বাস্ রে বাস্ জোর উছাস্!!
হিমালয়! জাগো! ওঠো আজি,
তব সীমা লয় হোক
ভুলে যাও শোক – চোখে জল রোক
শান্তির – আজি শান্তি-নিলয় এ আলয় হোক্!
ঘরে ঘরে আজি দীপ জ্বলুক
মা-র আবাহন-গীত চলুক!
দীপ জ্বলুক!
গীত চলুক!!
আজ
কাঁপুক মানব-কলকল্লোলে কিশলয় সম নিখিল ব্যোম!
স্বা-গতম্
স্বা-গতম্!!
মা-তরম্!
মা-তরম্!!
ওই ওই ওই বিশ্বকণ্ঠে
বন্দনা-বাণী লুণ্ঠে – ‘বন্দে
মা-তরম্!!অগ্নিবীণা
ধূমকেতু
আমি
যুগে যুগে আসি, আসিয়াছি পুনঃ মহাবিপ্লব হেতু
এই
স্রষ্টার শনি মহাকাল ধূমকেতু!
সাত
সাত শো নরক-জ্বালা জ্বলে মম ললাটে,
মম
ধূম-কুণ্ডলী করেছে শিবের ত্রিনয়ন ঘন ঘোলাটে!
আমি
অশিব তিক্ত অভিশাপ,
আমি
স্রষ্টার বুকে সৃষ্টি-পাপের অনুতাপ-তাপ-হাহাকার—
আর
মর্ত্তে সাহারা-গোবী ছাপ,
আমি
অশিব তিক্ত অভিশাপ!
আমি
সর্ব্বনাশের ঝাণ্ডা উড়ায়ে বোঁও বোঁও ঘুরি শূণ্যে,
আমি
বিষ-ধূম-বাণ হানি একা ঘিরে ভগবান-অভিমুন্যে |
শোঁও
শন-নন-নন শন-নন-নন শাঁই শাঁই,
ঘুর্
পাক্ খাই, ধাই পাঁই পাঁই,
মম
পুচ্ছে জড়ায়ে সৃষ্টি;
করি
উল্কা-অশনি-বৃষ্টি, —
আমি
একটা বিশ্ব গ্রাসিয়াছি, পারি গ্রাসিতে এখনো ত্রিশটি|
আমি
অপঘাত দুর্দ্দৈব রে আমি সৃষ্টির অনাসৃষ্টি!
আমি
আপনার বিষ-জ্বালা মদ-পিয়া মোচড় খাইয়া খাইয়া
জোর
বুঁদ হ’য়ে আমি চ’লেছি ধাইয়া ভাইয়া!
শুনি
মম বিষাক্ত, “রিরিরিরি”-নাদ
শোনায় দ্বিরেফ-গুঞ্জন সম বিশ্ব ঘোরার প্রণব নিনাদ!
মম
ধূর্জ্জটী-শিখ করাল পুচ্ছে
দশ অবতারে বেঁধে ঝ্যাটা ক’রে ঘোরাই উচ্চে, ঘুরাই—
আমি
অগ্নি কেতন উড়াই! —
আমি
যুগে যুগে আসি, আসিয়াছি পুনঃ মহাবিপ্লব হেতু
এই
স্রষ্টার শনি মহাকাল ধূমকেতু!
ঐ
বামন বিধি সে আমারে ধরিতে বাড়ায়েছিল রে হাত
মম
অগ্নি-দাহনে জ্ব’লে পুড়ে তাই ঠুঁটো সে জগন্নাথ!
আমি
জানি জানি ঐ স্রষ্টার ফাঁকি, সৃষ্টির ঐ চাতুরী,
তাই
বিধি ও নিয়মে লাথি মেরে, ঠুকি বিধাতার বুকে হাতুড়ি |
আমি
জানি জানি ঐ ভুয়ো ঈশ্বর দিয়ে যা’ হয়নি হবে তা’ও!
তাই
বিপ্লব হানি বিদ্রোহ করি, নেচে নেচে দিই গোঁফে তা’ও!
তোর
নিযুত নরকে ফুঁ দিয়ে নিবাই, মৃত্যুর মুখে থুতু দি’!
আর
যে যত রাগে রে তারে তত কাল্-আগুনের কাতুকুতু দি’!
মম
তুরীয় লোকের তির্যক-গতি তূর্য্য-গাজন বাজায়!
মম
বিষ-নিঃশ্বাসে মারীভয় হানে অরাজক যত রাজায়!অগ্নিবীণা
কচি
শিশু-রসনায় ধানী-লঙ্কার পোড়া ঝাল
আর
বদ্ধ কারায় গন্ধক ঘোঁয়া, এসিড, পটাস, মোনছাল,
আর
কাঁচা কলিজায় পচা ঘা’র সম সৃষ্টিরে আমি দাহ করি
আর
স্রষ্টারে আমি চুষে খাই!
পেলে
বাহান্ন-শও জাহান্নামেও আধা চুমুকে সে শুষে যাই!
আমি
যুগে যুগে আসি, আসিয়াছি পুনঃ মহাবিপ্লব হেতু
এই
স্রষ্টার শনি মহাকাল ধূমকেতু!
আমি
শি শি শি প্রলয়-শিশ্ দিয়ে ঘুরি কৃতিঘ্নী ঐ বিশ্বমাতার শোকাগ্নি,
আমি
ত্রিভুবন তার পোড়ায়ে মারিয়া আমিই করিব মুখাগ্নি!
তাই আমি ঘোর তিক্ত সুখে রে, একপাক ঘু’রে বোঁও করে
ফের দু’পাক নি’!
কৃতিঘ্নী আমি কৃতিঘ্নী ঐ বিশ্বমাতার শোকাগ্নি!
পঞ্জর মম খর্পরে জ্বলে নিদারুণ যেই বৈশ্বানর—
শোন্ রো মর, শোন্ অমর! —
সে যে তোদের ঐ বিশ্বপিতার চিতা!
এ চিতাগ্নিতে জগদীশ্বর পুড়ে ছাই হবে, হে সৃষ্টি জান কি তা?
কি বলো ? কি বলো ? ফের বল ভাই আমি শয়তান-মিতা!
হো হো
ভগবানে আমি পোড়াব বলিয়া জ্বালিয়েছি বুকে চিতা!
ছোট
শন শন শন ঘর ঘর ঘর সাঁই সাঁই!
ছোট
পাঁই পাঁই|
তুই
অভিশাপ তুই শয়তান তোর অনন্তকাল পরমাই!
ওরে
ভয় নাই তোর মার নাই !!
তুই
প্রলয়ঙ্কর ধূমকেতু!
তুই
উগ্র ক্ষিপ্ত তেজ-মরীচিকা, নোস অমরার ঘুম –সেতু
তুই
ভৈরব-ভয় ধূমকেতু!
আমি
যুগে যুগে আসি, আসিয়াছি পুনঃ মহাবিপ্লব হেতু
এই
স্রষ্টার শনি মহাকাল ধূমকেতু!অগ্নিবীণা
ঐ
ঈশ্বর-শির উল্লঙ্ঘিতে আমি আগুনের সিড়ি,
আমি
বসিব বলিয়া পেতেছি ভবানী ব্রহ্মার বুকে পিঁড়ি!
খ্যাপা
মহেশের বিক্ষিপ্ত পিনাক, দেবরাজ-দম্ভোলি
লোকে
বলে মোরে, শুনে হাসি আমি আর নাচি বব-বম্ বলি!
এই
শিখায় আমার নিযুত ত্রিশূল বাশুলি বজ্র-ছড়ি
ওরে
ছড়ানো র’য়েছে, কত যায় গড়াগড়ি!
মহা
সিংহাসনে সে কাঁপিছে বিশ্ব-সম্রাট নিরবধি,
তার
ললাটে তপ্ত অভিশাপ ছাপ এঁকে দিই আমি যদি!
তাই
টিটকিরি দিয়ে হাহা হেসে উঠি,
সে হাসি গুমরি লুটায়ে পরে রে তুফান ঝঞ্ঝা সাইক্লোনে টুটি’ !
আমি
বাজাই আকাশে তালি দিয়া “তাতা-উর্ তাক্”|
আর
সোঁও সোঁও করে প্যাঁচ দিয়ে খাই চিলে-ঘুড়ি সম ঘুরপাক!
মম
নিঃশ্বাস আভাসে অগ্নি-গিরির বুক ফেটে উঠে ঘুত্কারপ
আর
পুচ্ছে আমার কোটি নাগ-শিশু উদ্গারে বিষ-ফুত্কার!
বাঘিনী যেমন ধরিয়া শিকার
তখনি রক্ত শোষে না রে তার,
দৃষ্টি-সীমায় রাখিয়া তাহারে উগ্রচণ্ড সুখে
পুচ্ছ সাপটি’ খেলা করে আর শিকার মরে সে ধুঁকে!
তেমনি করিয়া ভগবানে আমি
দৃষ্টি-সীমায় রাখি দিবাযামী
ঘিরিয়া ঘিরিয়া খেলিতেছি খেলা, হাসি’ পিশাচের হাসি
ওরে
অগ্নি-বাঘিনী আমি সে সর্ব্বনাশী!
আজ
রক্ত মাতাল উল্লাসে মাতি রে—
মম
পুচ্ছে ঠিকরে দশগুণ ভাতি,
রক্ত-রুদ্র উল্লাসে মাতি রে!
ভগবান্? সে ত হাতের শিকার!— মুখে ফেনা উঠে মরে!
আর
কাঁপিছে, কখন পড়ি গিয়া তার আহত বুকের প’রে!
অথবা যেন রে অসহায় এক শিশুরে ঘিরিয়া
চায়, আর ঘোরে শন্ শন্ শন্,
ভয় বিহ্বল শিশু তার মাঝে কাঁপে রে যেমন—
তেমনি করিয়া ভগবানে ঘিরে
আমি
ধূমকেতু-কালনাগ অভিশাপ ছুটে চলেছি রে ;
আর সাপে-ঘেরা অসহায় শিশু সম
বিধাতা তোদের কাঁপিছে রুদ্র ঘুর্ণীর মাঝে মম!
আজিও ব্যথিত সৃষ্টির বুকে ভগবান কাঁদে ত্রাসে,
স্রষ্টার চেয়ে সৃষ্ট পাছে বা বড় হ’য়ে তারে গ্রাসে!অগ্নিবীণা
কামাল পাশা
[তখন শরৎ-সন্ধ্যা। আশমানের আঙিনা তখন কারবালা ময়দানের মতো খুনখারাবির রঙে রঙিন। সেদিনকার মহা-আহবেমহা-আহব : সংগ্রাম।
গ্রিক-সৈন্য সম্পূর্ণরূপে বিধ্বস্ত হইয়া গিয়াছে। তাহাদের অধিকাংশ সৈন্যই রণস্থলে হত অবস্থায় পড়িয়া রহিয়াছে। বাকি সব প্রাণপণে পৃষ্ঠপ্রদর্শন করিতেছে। তুরস্কের জাতীয় সৈন্যদলের কাণ্ডারী বিশ্বত্রাস মহাবাহু কামাল পাশা মহাহর্ষে রণস্থল হইতে তাম্বুতে ফিরিতেছেন। বিজয়োন্মত্ত সৈন্যদল মহাকল্লোলে অম্বর ধরণি কাঁপাইয়া তুলিতেছে। তাহাদের প্রত্যেকের বুকে পিঠে দুইজন করিয়া নিহত সৈনিক বাঁধা। যাহারা ফিরিতেছে তাহাদেরও অঙ্গ-প্রত্যঙ্গ গোলাগুলির আঘাতে, বেয়নেটের খোঁচায় ক্ষতবিক্ষত, পোশাক-পরিচ্ছদ ছিন্নভিন্ন, পা হইতে মাথা পর্যন্ত রক্ত-রঞ্জিত। তাহাদের সেদিকে ভ্রূক্ষেপও নাই। উদ্দাম বিজয়োন্মাদনার নেশায় মৃত্যু-কাতর রণক্লান্তি ভুলিয়া গিয়া তাহারা যেন খেপিয়া উঠিয়াছে। ভাঙা সঙিনের আগায় রক্ত-ফেজ উড়াইয়া, ভাঙা খাটিয়া আদি দ্বারা নির্মিত এক অভিনব চৌদোলে কামালকে বসাইয়া বিষম হল্লা করিতে করিতে তাহারা মার্চ করিতেছে। ভূমিকম্পের সময় সাগর-কল্লোলের মতো তাহাদের বিপুল বিজয়ধ্বনি আকাশে-বাতাসে যেন কেমন একটা ভীতি-কম্পনের সৃজন করিতেছে। বহু দূর হইতে সে রণতাণ্ডব নৃত্যের ও প্রবল ভেরিতূরীর ঘন রোল শোনা যাইতেছে। অত্যধিক আনন্দে অনেকেরই ঘন ঘন রোমাঞ্চ হইতেছিল। অনেকেরই চোখ দিয়া অশ্রু গড়াইয়া পড়িতেছিল।]
সৈন্যবাহিনী দাঁড়াইয়া। হাবিলদার-মেজর তাহাদের মার্চ করাইবার জন্য প্রস্তুত হইতেছিল। বিজয়োন্মত্ত সৈন্যগণ গাহিতেছিল,–
ওই খেপেছে পাগলি মায়ের দামাল ছেলে কামাল ভাই,
অসুরপুরে শোর উঠেছে জোরসে সামাল সামাল তাই,
কামাল! তু নেতুনে : তুমি।
কামাল কিয়াকিয়া : অভাবনীয় কাণ্ড করলে, অসম্ভব সম্ভব করলে। ভাই!
হো হো কামাল! তু নে কামাল কিয়া ভাই!
[হাবিলদার-মেজর মার্চের হুকুম করিল : কুইক মার্চ!
লেফট! রাইট! লেফট!!
লেফট! রাইট! লেফট!!
সৈন্যগণ গাহিতে গাহিতে মার্চ করিতে লাগিল]
ওই খেপেছে পাগলি মায়ের দামাল ছেলে কামাল ভাই,
অসুরপুরে শোর উঠেছে জোরসে সামাল সামাল তাই,
কামাল! তু নে কামাল কিয়া ভাই!
হো হো কামাল! তু নে কামাল কিয়া ভাই!অগ্নিবীণা
[হাবিলদার-মেজর : লেফট! রাইট!]
সাব্বাস ভাই! সাব্বাস দিই, সাব্বাস তোর শম্ শেরেশম্ শের : তরবারিকে।।
পাঠিয়ে দিলি দুশমনে সব যম-ঘর একদম-সে রে!
বল দেখি ভাই, বল হাঁ রে,
দুনিয়ায় কে ডর্ করে না তুর্কির তেজ তলোয়ারে?
[লেফট! রাইট! লেফট!]
খুব কিয়া ভাই খুব কিয়া!
বুজদিলবুজদিল : ভীরু, কাপুরুষ।
ওই দুশমন সব বিলকুল সাফ হো গিয়া!
খুব কিয়া ভাই খুব কিয়া!
হুররো হো!
হুররো হো!
দস্যুগুলোয় সামলাতে যে এম্ নি দামাল কামাল চাই!
কামাল! তু নে কামাল কিয়া ভাই!
হো হো কামাল! তু নে কামাল কিয়া ভাই!
[হাবিলদার-মেজর : সাবাস সিপাই! লেফট! রাইট! লেফট!]
শির হতে এই পাঁও-তক্ ভাই লাল-লালে-লাল খুন মেখে
রণ-ভীতুদের শান্তি-বাণী শুনবে কে?
পিণ্ডারিদের খুন-রঙিন
নখ-ভাঙা এই নীল সঙিন
তৈয়ার হ্যায় হর্দম ভাই ফাড়তে জিগরজিগর : হৃৎপিণ্ড, কলজে।
শত্রুদের।
হিংসুক-দল! জোর তুলেছি শোধ তোদের!
সাবাস জোয়ান! সাবাস!
ক্ষীণজীবী ওই জীবগুলোকে পায়ের তলেই দাবাস্ –
এম্ নি করে রে–
এম্ নি জোরে রে–
ক্ষীণজীবী ওই জীবগুলোকে পায়ের তলেই দাবাস্!
সাবাস জোয়ান! সাবাস!
[লেফট! রাইট! লেফট!]
হিংসুটে ওই জীবগুলো ভাই নাম ডুবালে সৈনিকের,
তাই তারা আজ নেস্ত-নাবুদনেস্ত-নাবুদ : পর্যুদস্ত।, আমরা মোটেই হই নি জেরজের : পরাভূত।!
পরের মুলুক লুট করে খায়, ডাকাত তারা ডাকাত!
তাই তাদের তরে বরাদ্দ ভাই আঘাত শুধু আঘাত!
কি বল ভাই স্যাঙাতস্যাঙাত : বন্ধু, সহচর। ?
হুররো হো!
হুররো হো!
দনুজ-দলে দলতে দাদা এমনি দামাল কামাল চাই!
কামাল! তু নে কামাল কিয়া ভাই!
হো হো কামাল! তু নে কামাল কিয়া ভাই!অগ্নিবীণা
[হাবিলদার-মেজর : রাইট হুইল! লেফট! রাইট! লেফট!
সৈন্যগণ ডানদিকে মোড় ফিরিল!]
আজাদআজাদ : মুক্ত। মানুষ বন্দি করে, অধীন করে স্বাধীন দেশ,
কুল মুলুকেরমুলুক : সমস্ত দেশটা। কুষ্ঠি করে জোর দেখালে ক-দিন বেশ,
মোদের হাতে তুর্কি নাচন নাচলে তাধিন তাধিন শেষ!
হুররো হো!
হুররো হো!
বদ-নসিবেরবদ-নসিব : দুর্ভাগ্য। বরাত খারাব বরাদ্দ তাই করলে কিনা আল্লায়,
পিশাচগুলো পড়ল এসে পেল্লায় ওই পাগলাদেরই পাল্লায়!
এই পাগলাদেরই পাল্লায়
হুররো হো!
হুররো হো!
ওদের কল্লাকল্লা : মুণ্ড। দেখে আল্লা ডরায়, হল্লা শুধু হল্লা,
ওদের হল্লা শুধু হল্লা,
এক মুর্গির জোর গায়ে নেই, ধরতে আসেন তুর্কি তাজিতাজি : স্বাস্থ্যবান ঘোড়া।,
মর্দ গাজি মোল্লা!–
হাঃ! হাঃ হাঃ!
হেসে নাড়িই ছেঁড়ে বা!
হা হা হাঃ! হাঃ! হাঃ!
[হাবিলদার-মেজর : সাবাস সিপাই! লেফট! রাইট! লেফট!
সাবাস সিপাই। ফের বল ভাই!]
ওই খেপেছে পাগলি মায়ের দামাল ছেলে কামাল ভাই,
অসুর-পুরে শোর উঠেছে জোরসে সামাল সামাল তাই!
কামাল! তু নে কামাল কিয়া ভাই!
হো হো কামাল! তু নে কামাল কিয়া ভাই!
[হাবিলদার-মেজর : লেফট হুইল! য়্যাজ য়ু ওয়্যার! – রাইট হুইল! –
লেফট! রাইট! লেফট!
সৈন্যদের আঁখির সামনে অস্ত-রবির আশ্চর্য রঙের খেলা ভাসিয়া উঠিল।]
দেখচ কী দোস্ত অমন করে? হউ হউ হউ!
সত্যি তো ভাই! সন্ধেটা আজ দেখতে যেন সৈনিকেরই বউ!
শহিদ সেনার টুকটুকে বউ লাল-পিরাহনলাল-পিরাহন : জামা। -পরা,
স্বামীর খুনের ছোপ-দেওয়া, তায় ডগডগে আনকোরা! –
না না না, – কলজে যেন টুকরো-করে কাটা
হাজার তরুণ শহিদ বীরের, – শিউরে ওঠে গা-টা!
আশমানের ওই সিংদরজায় টাঙিয়েছে কোন্ কসাই
দেখতে পেলে একখুনি গ্যে এই ছোরাটা কলজেতে তার বসাই!
মুণ্ডুটা তার খসাই!
গোস্বাতেগোস্বাত : ক্রোধ। আর পাই নে ভেবে কী যে করি দশাই!অগ্নিবীণা
[হাবিলদার-মেজর : সাবাস সিপাই! লেফট! রাইট! লেফট!
ঢালু পার্বত্য পথ, সৈন্যগণ বুকের পিঠের নিহত সৈন্যদের ধরিয়া সন্তর্পণে নামিল।]
আহা কচি ভাইরা আমার রে!
এমন কাঁচা জানগুলো খান খান করেছে কোন সে চামার রে?
আহা কচি ভাইরা আমার রে!!
[সামনে উপত্যকা। হাবিলদার-মেজর : লেফট ফর্ম।
সৈন্যবাহিনীর মুখ হঠাৎ বামদিকে ফিরিয়া গেল! হাবিলদার-মেজর :ফরওয়ার্ড!
লেফট! রাইট! লেফট!]
আশমানের ওই
আংরাখাআংরাখা : ঢিলা জামা।
খুন-খারাবির রং-মাখা,
কী
খুবসুরৎখুবসুরৎ : সুন্দর।
বাঃ রে বা!
জোর বাজা ভাই কাহার্ বা!
হোক না ভাই এ কারবালা ময়দান –
আমরা যে গাই সাচ্চারই জয়গান!
হোক না এ তোর কারবালা ময়দান!!
হুররো হো
হুররো হো!!
[সামনে পার্বত্য পথ – হঠাৎ যেন পথ হারাইয়া ফেলিয়াছে। হাবিলদার-মেজর পথ খুঁজিতে লাগিল।
হুকুম দিয়া গেল : ‘মার্ক টাইম!’ সৈন্যগণ এক স্থানেই দাঁড়াইয়া পা আছড়াইতে লাগিল, –
দ্রাম! দ্রাম! দ্রাম!
লেফট! রাইট! লেফট!
দ্রাম! দ্রাম! দ্রাম!]
আশমানে ওই ভাসমান যে মস্ত দুটো রং-এর তাল,
একটা নিবিড় নীল-সীয়ানীল-সীয়া : কৃষ্ণবর্ণ।
আর একটা খুবই গভীর লাল,–
বুঝলে ভাই! ওই নীল-সিয়াটা শত্রুদের
দেখতে নারে কারুর ভালো,
তাইতে কালো রক্ত-ধারার বইছে শিরায় স্রোত ওদের!
হিংস্র ওরা হিংস্র পশুর দল!
গৃধ্নু ওরা, লুব্ধ ওদের লক্ষ অসুর বল –
হিংস্র ওরা হিংস্র পশুর দল।
জালিমজালিম : উৎপীড়ক। ওরা অত্যাচারী!
সার জেনেছে সত্য যাহা হত্যা তারই!
জালিম ওরা অত্যাচারী!
সৈনিকের ওই গৈরিকে ভাই –
জোর অপমান করলে ওরাই,
তাই তো ওদের মুখ কালো আজ, খুন যেন নীল-জল!–
ওরা হিংস্র পশুর দল!
ওরা হিংস্র পশুর দল!অগ্নিবীণা
[হাবিলদার-মেজর পথ খুঁজিয়া ফিরিয়া অর্ডার দিল : ফরওয়ার্ড! লেফট হুইল –
সৈন্যগণ আবার চলিতে লাগিল – লেফট! রাইট! লেফট!]
সাচ্চা ছিল সৈন্য যারা শহিদ হল মরে।
তোদের মতন পিঠ ফেরেনি প্রাণটা হাতে করে –
ওরা শহিদ হল মরে।
পিটনি খেয়ে পিঠ যে তোদের ঢিট হয়েছে! কেমন!
পৃষ্ঠে তোদের বর্শা বেঁধা, বীর সে তোরা এমন!
আওরতআওরত : স্ত্রীলোক। সব যুদ্ধে আসিস! যা যা!
খুন দেখেছিস বীরের? হাঁ, দেখ টকটকে লাল কেমন গরম তাজা!
আওরত সব যা যা!
এরাই বলেন হবেন রাজা!
আরে যা যা! উচিত সাজা
তাই দিয়েছে শক্ত ছেলে কামাল ভাই!
[হাবিলদার-মেজর : সাবাস সিপাই!]
এই তো চাই! এই তো চাই!
থাকলে স্বাধীন সবাই আছি, নেই তো নাই, নেই তো নাই!
এই তো চাই!!
[কতকগুলি লোক অশ্রুপূর্ণ নয়নে এই দৃশ্য দেখিবার জন্য ছুটিয়া আসিতেছিল, তাহাদের
দেখিয়া সৈন্যগণ আরও উত্তেজিত হইয়া উঠিল!]
মার দিয়া ভাই মার দিয়া
দুশমন সব হার গিয়া!
কিল্লা ফতে হো গিয়া!
পরওয়া নেহি, যানে দো ভাই যো গিয়া
কিল্লা ফতে হো গিয়া!
হুররো হো!
হুররো হো!
[হাবিলদার-মেজর : সাবাস জোয়ান! লেফট! রাইট!]
জোর সে চলো পা মিলিয়ে,
গা হেলিয়ে,
এমনি করে হাত দুলিয়ে!
দাদরা তালে ‘এক দুই তিন’ পা মিলিয়ে
ঢেউ-এর মতন যাই!
আজ স্বাধীন এ দেশ! আজাদ মোরা বেহেশ্ তওবেহেশ্ ত : স্বর্গ। না চাই!
আর বেহেশ্ তও না চাই!
[হাবিলদার-মেজর : সাবাস সিপাই! ফের বল ভাই!]
ওই খেপেছে পাগলি মায়ের দামাল ছেলে কামাল ভাই,
অসুরপুরে শোর উঠেছে জোরসে সামাল সামাল তাই!
কামাল! তু নে কামাল কিয়া ভাই!
হো হো কামাল! তু নে কামাল কিয়া ভাই!অগ্নিবীণা
[সৈন্যদল এক নগরের পার্শ্ব দিয়া চলিতে লাগিল। নগরবাসিনীরা ঝরকাঝরকা : জানালা। হইতে মুখ বাড়াইয়া এই মহান দৃশ্য দেখিতেছিল; তাহাদের চোখ-মুখ আনন্দাশ্রুতে আপ্লুত। আজ বধূদের মুখের বোরখা খসিয়া পড়িয়াছে। ফুল ছড়াইয়া হাত দুলাইয়া তাহারা বিজয়ী বীরদেরবে পরানে ভালোবাসা কেন গো দিলে
রূপ না দিলে যদি বিধি হে!
পূজার তরে
হিয়া
উঠে যে ব্যাকুলিয়া,
পূজিব তারে গিয়া কী দিয়ে?
তোমারেই যেন ভালোবাসিয়াছি
শত রূপে শত বার
জনমে জনমে, যুগে যুগে অনিবার।
চিরকাল ধরে মুগ্ধ হৃদয়
গাঁথিয়াছে গীতহার,
কত রূপ ধরে পরেছ গলায়,
নিয়েছ সে উপহার
জনমে জনমে, যুগে যুগে অনিবার।
যত শুনি সেই অতীত কাহিনী,
প্রাচীন প্রেমের ব্যথা,
অতি পুরাতন বিরহমিলনকথা,
অসীম অতীতে চাহিতে চাহিতে
দেখা দেয় অবশেষে
কালের তিমিররজনী ভেদিয়া
তোমারি মুরতি এসে,
চিরস্মৃতিময়ী ধ্রুবতারকার বেশে।
আমরা দুজনে ভাসিয়া এসেছি
যুগল প্রেমের স্রোতে
অনাদিকালের হৃদয়-উৎস হতে।
আমরা দুজনে করিয়াছি খেলা
কোটি প্রেমিকের মাঝে
বিরহবিধুর নয়নসলিলে,
মিলনমধুর লাজে—
পুরাতন প্রেম নিত্যনূতন সাজে।
আজি সেই চিরদিবসের প্রেম
অবসান লভিয়াছে
রাশি রাশি হয়ে তোমার পায়ের কাছে।
মানসী
নিখিলের সুখ, নিখিলের দুখ,
নিখিল প্রাণের প্রীতি,
একটি প্রেমের মাঝারে মিশেছে
সকল প্রেমের স্মৃতি—
সকল কালের সকল কবির গীতি।
শত শত প্রেমপাশে টানিয়া হৃদয়
একি খেলা তোর?
ক্ষুদ্র এ কোমল প্রাণ, ইহারে বাঁধিতে
কেন এত ডোর?
ঘুরে ফিরে পলে পলে
ভালোবাসা নিস ছলে,
ভালো না বাসিতে চাস
হায় মনচোর!
হৃদয় কোথায় তোর খুঁজিয়া বেড়াই
নিষ্ঠুরা প্রকৃতি!
এত ফুল, এত আলো, এত গন্ধ গান,
কোথায় পিরিতি!
আপন রূপের রাশে
আপনি লুকায়ে হাসে,
আমরা কাঁদিয়া মরি
এ কেমন রীতি!
শূন্যক্ষেত্রে নিশিদিন আপনার মনে
কৌতুকের খেলা।
বুঝিতে পারি নে তোর কারে ভালোবাসা
কারে অবহেলা।
প্রভাতে যাহার’পর
বড়ো স্নেহ সমাদর,
বিস্মৃত সে ধূলিতলে
সেই সন্ধ্যাবেলা।
তবু তোরে ভালোবাসি, পারি নে ভুলিতে
অয়ি মায়াবিনী।
স্নেহহীন আলিঙ্গন জাগায় হৃদয়ে
মানসী
সহস্র রাগিণী।
এই সুখে দুঃখে শোকে
বেঁচে আছি দিবালোকে,
নাহি চাহি হিমশান্ত
অনন্ত যামিনী।
আধো-ঢাকা আধো-খোলা ওই তোর মুখ
রহস্যনিলয়
প্রেমের বেদনা আনে হৃদয়ের মাঝে,
সঙ্গে আনে ভয়।
বুঝিতে পারি নে তব
কত ভাব নব নব,
হাসিয়া কাঁদিয়া প্রাণ
পরিপূর্ণ হয়।
প্রাণমন পসারিয়া ধাই তোর পানে,
নাহি দিস ধরা।
দেখা যায় মৃদু মধু কৌতুকের হাসি,
অরুণ-অধরা!
যদি চাই দূরে যেতে
কত ফাঁদ থাক পেতে—
কত ছল, কত বল
চপলা-মুখরা!
আপনি নাহিক জান আপনার সীমা,
রহস্য আপন।
তাই, অন্ধ রজনীতে যবে সপ্তলোক
নিদ্রায় মগন,
চুপি চুপি কৌতূহলে
দাঁড়াস আকাশতলে,
জ্বালাইয়া শত লক্ষ
নক্ষত্র-কিরণ।
মানসী
কোথাও বা বসে আছ
চির-একাকিনী,
চিরমৌনব্রতা।
চারি দিকে সুকঠিন তৃণতরুহীন
মরুনির্জনতা।
রবি শশী শিরোপর
উঠে যুগ-যুগান্তর
চেয়ে শুধু চলে যায়,
নাহি কয় কথা।
কোথাও বা খেলা কর
বালিকার মতো,
উড়ে কেশ বেশ—
হাসিরাশি উচ্ছ্বসিত উৎসের মতন,
নাহি লজ্জালেশ।
রাখিতে পারে না প্রাণ
আপনার পরিমাণ,
এত কথা এত গান
নাহি তার শেষ।
কখনো বা
হিংসাদীপ্ত উন্মাদ নয়ন
নিমেষনিহত,
অনাথা ধরার বক্ষে
অগ্নি-অভিশাপ
হানে অবিরত।
কখনো বা সন্ধ্যালোকে
উদাস উদার শোকে
মুখে পড়ে ম্লান ছায়া
করুণার
মতো।
তবে তো করেছ বশ এমনি করিয়া
অসংখ্য পরান।
যুগ-যুগান্তর ধ’রে
রয়েছে নূতন
মধূর বয়ান।
সাজি শত মায়াবাসে
মানসী
আছ সকলেরই পাশে,
তবু আপনারে কারে
কর নাই দান।
যত অন্ত নাহি পাই তত জাগে মনে
মহা রূপরাশি।
তত বেড়ে
যায় প্রেম যত পাই ব্যথা,
যত কাঁদি হাসি।
যত তুই দূরে যাস
তত প্রাণে লাগে ফাঁস,
যত তোরে নাহি বুঝি
তত ভালোবাসি।
বাল্যকাল থেকে পশ্চিম-ভারত আমার কাছে রোম্যাণ্টিক কল্পনার বিষয় ছিল। এইখানেই নিরবচ্ছিন্নকাল বিদেশীয়দের সঙ্গে এ দেশের সংযোগ ও সংঘর্ষ ঘটে এসেছে। বহুশতাব্দী ধরে এইখানেই ইতিহাসের বিপুল পটভূমিকায় বহু সাম্রাজ্যের উত্থানপতন এবং নব নব ঐশ্বর্যের বিকাশ ও বিলয় আপন বিচিত্র বর্ণের ছবির ধারা অঙ্কিত করে চলেছে। অনেক দিন ইচ্ছা করেছি এই পশ্চিম-ভারতের কোনো-এক জায়গায় আশ্রয় নিয়ে ভারতবর্ষের বিরাট বিক্ষুব্ধ অতীত যুগের স্পর্শলাভ করব মনের মধ্যে। অবশেষে এক সময়ে যাত্রার জন্যে প্রস্তুত হলুম। এত দেশ থাকতে কেন যে গাজিপুর বেছে নিয়েছিলুম তার দুটো কারণ আছে। শুনেছিলুম গাজিপুরে আছে গোলাপের খেত। আমি যেন মনের মধ্যে গোলাপবিলাসী সিরাজের ছবি এঁকে নিয়েছিলুম। তারি মোহ আমাকে প্রবলভাবে টেনেছিল। সেখানে গিয়ে দেখলুম ব্যাবসাদারের গোলাপের খেত, এখানে বুলবুলের আমন্ত্রণ নেই, কবিরও নেই। হারিয়ে গেল সেই ছবি। অপর পক্ষে, গাজিপুরে মহিমাম্বিত প্রাচীন ইতিহাসের স্বাক্ষর কোথাও বড়ো রেখায় ছাপ দেয় নি। আমার চোখে এর চেহারা ঠেকল সাদা-কাপড়-পরা বিধবার মতো, সেও কোনো বড়োঘরের ঘরণী নয়।
তবু গাজিপুরেই রয়ে গেলুম, তার একটা কারণ এখানে ছিলেন আমাদের দূরসম্পর্কের আত্মীয় গগনচন্দ্র রায়, আফিম-বিভাগের একজন বড়ো কর্মচারী। এখানে আমার সমস্ত ব্যবস্থা সহজ হল তাঁরই সাহায্যে। একখানা বড়ো বাংলা পাওয়া গেল, গঙ্গার ধারেও বটে, ঠিক গঙ্গার ধারেও নয়। প্রায় মাইলখানেক চর পড়ে গেছে, সেখানে যবের ছোলার শর্ষের খেত; দূর থেকে দেখা যায় গঙ্গার জলধারা, গুণ-টানা নৌকো চলেছে মন্থর গতিতে। বাড়ির সংলগ্ন অনেকখানি জমি, অনাদৃত, বাংলাদেশের মাটি হলে জঙ্গল হয়ে উঠত। ইঁদারা থেকে পূর চলছে নিস্তব্ধ মধ্যাহ্নে কলকল শব্দে। গোলাপচাঁপার ঘনপল্লব থেকে কোকিলের ডাক আসত রৌদ্রতপ্ত প্রহরের ক্লান্ত হাওয়ায়। পশ্চিম কোণে প্রাচীন একটা মহানিমগাছ, তার বিস্তীর্ণ ছায়াতলে বসবার জায়গা। সাদাধুলোর রাস্তা চলেছে বাড়ির গা ঘেঁষে, দূরে দেখা যায় খোলার-চাল-ওয়ালা পল্লী।
গাজিপুর আগ্রা-দিল্লির সমকক্ষ নয়, সিরাজ-সমরখন্দের সঙ্গেও এর তুলনা হয় না, তবু মন নিমগ্ন হল অক্ষুণ্ন অবকাশের মধ্যে। আমার গানে আমি বলেছি, আমি সুদূরের পিয়াসী। পরিচিত সংসার থেকে এখানে আমি সেই দূরত্বের দ্বারা বেষ্টিত হলুম, অভ্যাসের স্থূলহস্তাবলেপ দূর হবামাত্র মুক্তি এল মনোরাজ্যে। এই আবহাওয়ায় আমার কাব্যরচনার একটা নতুন পর্ব আপনি প্রকাশ পেল। আমার কল্পনার উপর নূতন পরিবেষ্টনের প্রভাব বারবার দেখেছি। এইজন্যেই আলমোড়ায় যখন ছিলুম আমার লেখনী হঠাৎ নতুন পথ নিল ‘শিশু’র কবিতায়, অথচ সে-জাতীয় কবিতার কোনো প্রেরণা কোনো উপলক্ষ্যই সেখানে ছিল না। পূর্বতন রচনাধারা থেকে স্বতন্ত্র এ একটা নূতন কাব্যরূপের প্রকাশ। মানসী’ও সেই রকম। নূতন আবেষ্টনে এই কবিতাগুলি সহসা যেন নবদেহ ধারণ করল। পূর্ববর্তী ‘কড়ি ও কোমল’ এর সঙ্গে এর বিশেষ মিল পাওয়া যাবে না। আমার রচনার এই পর্বেই যুক্ত অক্ষরকে পূর্ণ মূল্য দিয়ে ছন্দকে নূতন শক্তি দিতে পেরেছি। মানসী’তেই ছন্দের নানা খেয়াল দেখা দিতে আরম্ভ করেছে। কবির সঙ্গে যেন একজন শিল্পী এসে যোগ দিল।
বাসরশয়নে
বর। জীবনে জীবন
প্রথম
মিলন,
সে সুখের কোথা তুলা নাই।
এসো, সব
ভুলে আজি
আঁখি তুলে
শুধু দুঁহু দোঁহা মুখ চাই।
মরমে
মরমে
শরমে ভরমে
জোড়া লাগিয়াছে এক ঠাঁই।
যেন এক
মোহে ভুলে আছি দোঁহে,
যেন এক ফুলে মধু খাই।
জনম
অবধি
বিরহে দগধি
এ পরান হয়ে ছিল ছাই—
তোমার
অপার
প্রেমপারাবার,
জুড়াইতে আমি এনু তাই।
বলো
একবার,
‘আমিও তোমার,
তোমা
ছাড়া কারে নাহি চাই।’
ওঠ কেন,
ওকি, কোথা
যাও সখী?
সরোদনে
কনে। আইমার
কাছে শুতে যাই!
দু-দিন পরে
বর। কেন সখী, কোণে
কাঁদিছ বসিয়া
চোখে কেন জল পড়ে?
উষা কি
তাহার
শুকতারা-হারা,
তাই কি শিশির ঝরে?
বসন্ত কি
নাই,
বনলক্ষ্মী তাই
কাঁদিছে আকুল স্বরে?
মানসী
উদাসিনী
স্মৃতি
কাঁদিছে কি
বসি
আশার সমাধি-’পরে?
খ’সে-পড়া
তারা করিছে
কি শোক
নীল আকাশের তরে?
কী লাগি
কাঁদিছ?
কনে।
পুষি মেনিটিরে
ফেলিয়া এসেছি ঘরে।
অন্দরের বাগানে
বর। কী করিছ
বনে
শ্যামল শয়নে
আলো করে বসে তরুমূল?
কোমল
কপোলে
যেন নানা ছলে
উড়ে এসে পড়ে এলোচুল।
পদতল
দিয়া
কাঁদিয়া কাঁদিয়া
বহে যায় নদী কুলুকুল্ ।
সারা
দিনমান
শুনি সেই গান
তাই বুঝি আঁখি ঢুলুঢুল্ ।
আঁচল ভরিয়া
মরমে
মরিয়া
পড়ে আছে বুঝি ঝুরো ফুল?
বুঝি মুখ
কার
মনে পড়ে, আর
মালা গাঁথিবারে হয় ভুল?
কার কথা
বলি
বায়ু পড়ে ঢলি,
কানে দুলাইয়া যায় দুল?
গুন্ গুন্
ছলে
কার নাম বলে
চঞ্চল
যত অলিকুল?
কানন
নিরালা,
আঁখি হাসি-ঢালা,
মন সুখস্মৃতি-সমাকুল—
কী করিছ
বনে
কুঞ্জভবনে?
কনে। খেতেছি
বসিয়া টোপাকুল।
বর। আসিয়াছি
কাছে
মনে যাহা আছে
মানসী
বলিবারে চাহি সমুদয়।
আপনার
ভার
বহিবারে আর
পারে না ব্যাকুল এ হৃদয়।
আজি মোর
মন
কী জানি কেমন,
বসন্ত আজি মধুময়,
আজি প্রাণ
খুলে
মালতীমুকুলে
বায়ু করে যায় অনুনয়।
যেন আঁখি
দুটি
মোর পানে ফুটি
আশা-ভরা দুটি কথা কয়,
ও হৃদয়
টুটে
যেন প্রেম উঠে
নিয়ে আধো-লাজ আধো-ভয়।
তোমার
লাগিয়া
পরান জাগিয়া
দিবসরজনী সারা হয়,
কোন্ কাজে
তব
দিবে তার সব
তারি লাগি যেন চেয়ে রয়।
জগৎ
ছানিয়া
কী দিব আনিয়া
জীবন যৌবন করি ক্ষয়?
তোমা তরে,
সখী, বলো করিব কী?
কনে। আরো
কুল পাড়ো গোটা ছয়।
বর। তবে যাই
সখী,
নিরাশাকাতর
শূন্য জীবন নিয়ে।
আমি চলে
গেলে
এক ফোঁটা জল
পড়িবে কি আঁখি দিয়ে?
বসন্তবায়ু
মায়ানিশ্বাসে
বিরহ জ্বালাবে হিয়ে?
ঘুমন্তপ্রায়
আকাঙ্ক্ষা যত
পরানে উঠিবে জিয়ে?
বিষাদিনী
বসি
বিজন বিপিনে
কী করিবে তুমি প্রিয়ে?
বিরহের
বেলা কেমনে কাটিবে?
কনে। দেব
পুতুলের বিয়ে।
কাছে যাই,
ধরি হাত, বুকে লই টানি—
তাহার সৌন্দর্য লয়ে
আনন্দে মাখিয়া
পূর্ণ করিবারে চাহি
মোর দেহখানি,
আঁখিতলে বাহুপাশে
কাড়িয়া রাখিয়া।
অধরের হাসি লব করিয়া
চুম্বন,
নয়নের দৃষ্টি লব নয়নে
আঁকিয়া,
কোমল পরশখানি করিয়া
বসন
রাখিব দিবসনিশি
সর্বাঙ্গ ঢাকিয়া।
নাই, নাই, কিছু নাই,
শুধু অম্বেষণ—
নীলিমা লইতে চাই আকাশ
ছাঁকিয়া।
কাছে গেলে রূপ কোথা
করে পলায়ন,
দেহ শুধু হাতে আসে—
শ্রান্ত করে হিয়া।
প্রভাতে মলিনমুখে
ফিরে যাই গেহে,
হৃদয়ের ধন কভু ধরা
যায় দেহে?
কেন তবে কেড়ে নিলে লাজ-আবরণ?
হৃদয়ের দ্বার
হেনে
বাহিরে আনিলে টেনে,
শেষে কি
পথের মাঝে করিবে বর্জন?
আপন অন্তরে আমি ছিলাম আপনি—
সংসারের শত কাজে
ছিলাম
সবার মাঝে,
সকলে যেমন ছিল আমিও তেমনি।
তুলিতে পূজার ফুল যেতেম যখন
সেই পথ
ছায়া-করা,
সেই বেড়া লতা-ভরা,
সেই সরসীর তীরে করবীর বন—
সেই কুহরিত পিক শিরীষের ডালে,
প্রভাতে সখীর
মেলা,
কত হাসি কত খেলা—
কে জানিত কী ছিল এ প্রাণের আড়ালে।
বসন্তে উঠিত ফুটে বনে বেলফুল,
কেহ বা পরিত
মালা,
কেহ বা ভরিত ডালা,
করিত দক্ষিণবায়ু অঞ্চল আকুল।
বরষায় ঘনঘটা, বিজুলি খেলায়—
প্রান্তরের
প্রান্তদিশে
মেঘে বনে যেত মিশে,
জুঁইগুলি বিকশিত বিকাল বেলায়।
বর্ষ আসে বর্ষ যায়, গৃহকাজ করি—
সুখদুঃখ ভাগ
লয়ে
প্রতিদিন যায় বয়ে,
গোপন স্বপন লয়ে কাটে বিভাবরী।
লুকানো প্রাণের প্রেম পবিত্র সে কত!
আঁধার
হৃদয়তলে
মানিকের মতো জ্বলে,
মানসী
আলোতে দেখায় কালো কলঙ্কের মতো।
ভাঙিয়া দেখিলে ছিছি নারীর হৃদয়!
লাজে ভয়ে
থর্ থর্
ভালোবাসা-সকাতর
তার লুকাবার ঠাঁই কাড়িলে নিদয়!
আজিও তো সেই আসে বসন্ত শরৎ।
বাঁকা সেই
চাঁপা-শাখে সোনা-ফুল
ফুটে থাকে,
সেই তারা তোলে এসে— সেই ছায়াপথ।
সবাই যেমন ছিল, আছে অবিকল—
সেই তারা কাঁদে হাসে, কাজ করে,
ভালোবাসে,
করে পূজা, জ্বালে দীপ, তুলে আনে জল।
কেহ উঁকি মারে নাই তাহাদের প্রাণে—
ভাঙিয়া দেখে নি
কেহ
হৃদয় গোপন গেহ,
আপন মরম তারা আপনি না জানে।
আমি আজ ছিন্ন ফুল রাজপথে পড়ি,
পল্লবের
সুচিকন
ছায়াস্নিগ্ধ আবরণ
তেয়াগি ধুলায় হায় যাই গড়াগড়ি।
নিতান্ত ব্যথায় ব্যথী ভালোবাসা দিয়ে
সযতনে
চিরকাল
রচি দিবে অন্তরাল,
নগ্ন করেছিনু প্রাণ সেই আশা নিয়ে।
মুখ ফিরাতেছ সখা, আজ কী বলিয়া!
ভুল করে এসেছিলে? ভুলে
ভালোবেসেছিলে?
ভুল ভেঙে গেছে, তাই যেতেছ চলিয়া?
তুমি তো ফিরিয়া যাবে আজ বই কাল—
আমার যে
ফিরিবার
পথ রাখ নাই আর,
ধূলিসাৎ করেছ যে প্রাণের আড়াল।
মানসী
একি নিদারুণ ভুল! নিখিলনিলয়ে
এত শত প্রাণ
ফেলে
ভুল করে কেন এলে
অভাগিনী রমণীর গোপন হৃদয়ে!
ভেবে দেখো আনিয়াছ মোরে কোন্ খানে—
শত লক্ষ
আঁখিভরা
কৌতুককঠিন ধরা
চেয়ে রবে অনাবৃত কলঙ্কের পানে।
ভালোবাসা তাও যদি ফিরে নেবে শেষে,
কেন লজ্জা কেড়ে নিলে, একাকিনী ছেড়ে দিলে
বিশাল ভবের মাঝে বিবসনাবেশে!
নিভৃত এ
চিত্তমাঝে
নিমেষে নিমেষে বাজে
জগতের তরঙ্গ-আঘাত,
ধ্বনিত হৃদয়ে
তাই
মুহূর্ত বিরাম নাই
নিদ্রাহীন সারা দিনরাত।
সুখ দুঃখ
গীতস্বর
ফুটিতেছে নিরন্তর—
ধ্বনি শুধু, সাথে নাই ভাষা।
বিচিত্র সে
কলরোলে
ব্যাকুল করিয়া তোলে
জাগাইয়া বিচিত্র দুরাশা।
এ চিরজীবন
তাই
আর কিছু কাজ নাই
রচি শুধু অসীমের সীমা।
আশা দিয়ে, ভাষা
দিয়ে, তাহে
ভালোবাসা দিয়ে
গড়ে তুলি মানসী-প্রতিমা।
বাহিরে পাঠায়
বিশ্ব
কত গন্ধ গান দৃশ্য
সঙ্গীহারা সৌন্দর্যের বেশে,
বিরহী সে ঘুরে
ঘুরে
ব্যথাভরা কত সুরে
কাঁদে হৃদয়ের দ্বারে এসে।
সেই
মোহমন্ত্র গানে
কবির গভীর প্রাণে
জেগে ওঠে বিরহী ভাবনা,
ছাড়ি
অন্তঃপুরবাসে
সলজ্জ চরণে আসে
মূর্তিমতী মর্মের কামনা।
অন্তরে বাহিরে
সেই
ব্যাকুলিত মিলনেই
কবির একান্ত সুখোচ্ছ্বাস।
সেই
আনন্দমুহূর্তগুলি
তব করে দিনু তুলি
সর্বশ্রেষ্ঠ প্রাণের প্রকাশ।
থাক্ থাক্ , কাজ নাই, বলিয়ো না কোনো কথা।
চেয়ে দেখি, চলে যাই, মনে মনে গান গাই,
মনে মনে রচি বসে কত সুখ কত ব্যথা।
বিরহী পাখির প্রায় অজানা কানন-ছায়
উড়িয়া বেড়াক সদা হৃদয়ের কাতরতা—
তারে বাঁধিয়ো না ধরে, বলিয়ো না কোনো কথা।
আঁখি দিয়ে যাহা বলো সহসা আসিয়া কাছে
সেই ভালো, থাক্ তাই, তার বেশি কাজ নাই—
কথা দিয়ে বল যদি মোহ ভেঙে যায় পাছে।
এত মৃদু, এত আধো অশ্রুজলে-বাধো-বাধো
শরমে-সভয়ে-ম্লান এমন কি ভাষা আছে?
কথায় বোলো না তাহা আঁখি যাহা বলিয়াছে।
তুমি হয়তো বা পারো আপনারে বুঝাইতে—
মনের সকল ভাষা প্রাণের সকল আশা
পারো তুমি গেঁথে গেঁথে রচিতে মধুর গীতে।
আমি তো জানি নে মোরে, দেখি নাই ভালো করে
মনের সকল কথা পশিয়া আপন চিতে—
কী বুঝিতে কী বুঝেছি, কী বলব কী বলিতে।
তবে থাক্ । ওই শোনো, অন্ধকারে শোনা যায়
জলের কল্লোলস্বর পল্লবের মরমর—
বাতাসের দীর্ঘশ্বাস শুনিয়া শিহরে কায়।
আরো ঊর্ধ্বে দেখো চেয়ে অনন্ত আকাশ ছেয়ে
কোটি কোটি মৌন দৃষ্টি তারকায় তারকায়।
প্রাণপণ দীর্ঘ ভাষা জ্বলিয়া ফুটিতে চায়।
এসো চুপ করে শুনি এই বাণী স্তব্ধতার—
এই অরণ্যের তলে কানাকানি জলে স্থলে,
মানসী
মনে করি হল বলা ছিল যাহা বলিবার।
হয়তো তোমার ভাবে তুমি এক বুঝে যাবে,
আমার মনের মতো আমি বুঝে যাব আর—
নিশীথের কন্ঠ দিয়ে কথা হবে দুজনার।
মনে করি দুটি তারা জগতের এক ধারে
পাশাপাশি কাছাকাছি তৃষাতুর চেয়ে আছি,
চিনিতেছি চিরযুগ, চিনি নাকো কেহ কারে।
দিবসের কোলাহলে প্রতিদিন যাই চলে,
ফিরে আসি রজনীর ভাষাহীন অন্ধকারে—
বুঝিবার নহে যাহা চাই তাহা বুঝিবারে।
তোমার সাহস আছে, আমার সাহস নাই।
এই-যে শঙ্কিত আলো অন্ধকারে জ্বলে ভালো,
কে বলিতে পারে বলো যাহা চাও এ কি তাই।
তবে ইহা থাক্ দূরে কল্পনার স্বপ্নপুরে,
যার যাহা মনে লয় তাই মনে করে যাই—
এই চির-আবরণ খুলে ফেলে কাজ নাই।
এসো তবে বসি হেথা, বলিয়ো না কোনো কথা।
নিশীথের অন্ধকারে ঘিরে দিক দুজনারে,
আমাদের দুজনের জীবনের নীরবতা।
দুজনের কোলে বুকে আঁধারে বাড়ুক সুখে
দুজনের এক শিশু জনমের মনোব্যথা।
তবে আর কাজ নাই, বলিয়ো না কোনো কথা।
পুরী-তীর্থযাত্রী তরণীর নিমজ্জন উপলক্ষে
দোলে রে প্রলয়
দোলে
অকূল সমুদ্র-কোলে,
উৎসব ভীষণ।
শত পক্ষ
ঝাপটিয়া
বেড়াইছে দাপটিয়া
দুর্দম পবন।
আকাশ
সমুদ্র-সাথে
প্রচণ্ড মিলনে মাতে,
অখিলের আঁখিপাতে আবরি তিমির।
বিদ্যুৎ চমকে
ত্রাসি,
হা হা করে ফেনরাশি,
তীক্ষ্ম শ্বেত রুদ্র হাসি জড়-প্রকৃতির।
চক্ষুহীন
কর্ণহীন
গেহহীন স্নেহহীন
মত্ত দৈত্যগণ
মরিতে ছুটেছে কোথা, ছিঁড়েছে বন্ধন।
হারাইয়া চারি
ধার
নীলাম্বুধি অন্ধকার
কল্লোলে, ক্রন্দনে,
রোষে, ত্রাসে,
ঊর্ধ্বশ্বাসে,
অট্টরোলে, অট্টহাসে,
উন্মাদ গর্জনে,
ফাটিয়া ফুটিয়া
উঠে,
চূর্ণ হয়ে যায় টুটে,
খুঁজিয়া মরিছে ছুটে আপনার কূল—
যেন রে পৃথিবী
ফেলি
বাসুকী করিছে কেলি
সহস্রৈক ফণা মেলি, আছাড়ি লাঙ্গুল।
যেন রে তরল
নিশি
টলমলি দশ দিশি
উঠিছে নড়িয়া,
আপন নিদ্রার জাল ফেলিছে ছিঁড়িয়া।
নাই সুর, নাই
ছন্দ,
অর্থহীন, নিরানন্দ
জড়ের নর্তন।
সহস্র জীবনে
বেঁচে
ওই কি উঠেছে নেচে
প্রকাণ্ড মরণ?
মানসী
জল বাষ্প বজ্র
বায়ু
লভিয়াছে অন্ধ আয়ু,
নূতন জীবনস্নায়ু টানিছে হতাশে,
দিগ্বিদিক নাহি
জানে,
বাধাবিঘ্ন নাহি মানে
ছুটেছে প্রলয়-পানে আপনারি ত্রাসে;
হেরো, মাঝখানে
তারি
আট শত নরনারী
বাহু বাঁধি বুকে,
প্রাণে আঁকড়িয়া প্রাণ, চাহিয়া সম্মুখে।
তরণী ধরিয়া
ঝাঁকে—
রাক্ষসী ঝটিকা হাঁকে,
“দাও, দাও, দাও! ”
সিন্ধু ফেনোচ্ছল
ছলে
কোটি ঊর্ধ্বকরে বলে,
“দাও, দাও, দাও! ”
বিলম্ব দেখিয়া
রোষে
ফেনায়ে ফেনায়ে ফোঁসে
নীল মৃত্যু মহাক্রোশে শ্বেত হয়ে উঠে।
ক্ষুদ্র তরী
গুরুভার
সহিতে পারে না আর,
লৌহবক্ষ ওই তার যায় বুঝি টুটে।
অধ ঊর্ধ্ব এক
হয়ে
ক্ষুদ্র এ খেলনা লয়ে
খেলিবারে চায়।
দাঁড়াইয়া কর্ণধার তরীর মাথায়।
নরনারী
কম্পমাপ
ডাকিতেছে, ভগবান!
হায় ভগবান!
দয়া করো, দয়া
করো!—
উঠিছে কাতর স্বর—
রাখো রাখো প্রাণ!
কোথা সেই
পুরাতন
রবি শশী তারাগণ
কোথা আপনার ধন ধরণীর কোল!
আজন্মের
স্নেহসার
কোথা সেই ঘরদ্বার,
পিশাচী এ বিমাতার হিংস্র উতরোল!
যে দিকে ফিরিয়া
চাই
পরিচিত কিছু নাই,
নাই আপনার—
সহস্র করাল মুখ সহস্র-আকার।
ফেটেছে
তরণীতল,
সবেগে উঠিছে জল,
মানসী
সিন্ধু মেলে গ্রাস।
নাই তুমি,
ভগবান,
নাই দয়া, নাই প্রাণ—
জড়ের বিলাস।
ভয় দেখে ভয়
পায়,
শিশু কাঁদে উভরায়—
নিদারুণ হায়-হায় থামিল চকিতে।
নিমেষেই
ফুরাইল,
কখন জীবন ছিল
কখন জীবন গেল নারিল লখিতে।
যেন রে একই
ঝড়ে
নিবে গেল একত্তরে
শত দীপ আলো,
চকিতে সহস্র গৃহে আনন্দ ফুরালো।
প্রাণহীন এ
মত্ততা
না জানে পরের ব্যথা,
না জানে আপন।
এর মাঝে কেন
রয়
ব্যথাভরা স্নেহময়
মানবের মন।
মা কেন রে
এইখানে,
শিশু চায় তার পানে,
ভাই সে ভায়ের টানে কেন পড়ে বুকে।
মধুর রবির
করে
কত ভালোবাসা-ভরে
কতদিন খেলা করে কত সুখে দুখে।
কেন করে
টলমল
দুটি ছোটো অশ্রুজল,
সকরুণ আশা।
দীপশিখাসম কাঁপে ভীত ভালোবাসা।
এমন জড়ের
কোলে
কেমনে নির্ভয়ে দোলে
নিখিল মানব।
সব সুখ সব
আশ
কেন নাহি করে গ্রাস
মরণ দানব।
ওই-যে জন্মের
তরে
জননী ঝাঁপায়ে পড়ে
কেন বাঁধে বক্ষ-’পরে সন্তান আপন।
মরণের মুখে
ধায়,
সেথাও দিবে না তায়—
কাড়িয়া রাখিতে চায় হৃদয়ের ধন।
মানসী
আকাশেতে
পারাবারে
দাঁড়ায়েছে এক ধারে
এক ধারে নারী—
দুর্বল শিশুটি তার কে লইবে কাড়ি?
এ বল কোথায়
পেলে!
আপন কোলের ছেলে
এত ক’রে টানে!
এ নিষ্ঠুর
জড়স্রোতে
প্রেম এল কোথা হতে
মানবের প্রাণে!
নৈরাশ্য কভু না
জানে,
বিপত্তি কিছু না মানে,
অপূর্ব-অমৃত-পানে অনন্ত নবীন—
এমন মায়ের
প্রাণ
যে বিশ্বের কোনোখান
তিলেক পেয়েছে স্থান সে কি মাতৃহীন?
এ
প্রলয়-মাঝখানে
অবলা জননী-প্রাণে
স্নেহ মৃত্যুঞ্জয়ী—
এ স্নেহ জাগায়ে রাখে কোন্ স্নেহময়ী?
পাশাপাশি এক
ঠাঁই
দয়া আছে, দয়া নাই—
বিষম সংশয়।
মহাশঙ্কা
মহা-আশা
একত্র বেঁধেছে বাসা,
এক-সাথে রয়।
কে বা সত্য, কে বা
মিছে, নিশিদিন আকুলিছে,
কভু ঊর্ধ্বে কভু নীচে টানিছে হৃদয়।
জড় দৈত্য শক্তি
হানে, মিনতি
নাহিক মানে—
প্রেম এসে কোলে টানে, দূর করে ভয়।
এ কি দুই
দেবতার
দ্যূতখেলা অনিবার
ভাঙাগড়াময়?
চিরদিন অন্তহীন জয়পরাজয়?
আপন প্রাণের গোপন বাসনা
টুটিয়া দেখাতে চাহি রে—
হৃদয়বেদনা হৃদয়েই থাকে,
ভাষা থেকে যায় বাহিরে।
শুধু কথার উপরে কথা,
নিষ্ফল ব্যাকুলতা।
বুঝিতে বোঝাতে দিন চলে যায়,
ব্যথা থেকে যায় ব্যথা।
মর্মবেদন আপন আবেগে
স্বর হয়ে কেন ফোটে না?
দীর্ণ হৃদয় আপনি কেন রে
বাঁশি হয়ে বেজে ওঠে না?
আমি চেয়ে থাকি শুধু মুখে
ক্রন্দনহারা দুখে—
শিরায় শিরায় হাহাকার কেন
ধ্বনিয়া উঠে না বুকে?
অরণ্য যথা চিরনিশিদিন
শুধু মর্মর স্বনিছে,
অনন্ত কালের বিজন বিরহ
সিন্ধুমাঝারে ধ্বনিছে—
যদি ব্যাকুল
ব্যথিত প্রাণ
তেমনি গাহিত গান
চিরজীবনের বাসনা তাহার
হইত মূর্তিমান!
মানসী
তীরের মতন পিপাসিত বেগে
ক্রন্দনধ্বনি ছুটিয়া
হৃদয় হইতে হৃদয়ে পশিত,
মর্মে রহিত ফুটিয়া।
আজ মিছে এ কথার মালা,
মিছে এ অশ্রু ঢালা!
কিছু নেই পোড়া ধরণীমাঝারে
বোঝাতে মর্মজ্বালা!
কৃষ্ণপক্ষ প্রতিপদ। প্রথম সন্ধ্যায়
ম্লান চাঁদ দেখা দিল গগনের কোণে।
ক্ষুদ্র নৌকা
থরথরে চলিয়াছে পালভরে
কালস্রোতে যথা ভেসে যায়
অলস ভাবনাখানি আধোজাগা মনে।
এক পারে ভাঙা তীর ফেলিয়াছে ছায়া,
অন্য পারে ঢালু তট শুভ্র বালুকায়
মিশে যায়
চন্দ্রালোকে— ভেদ নাহি পড়ে চোখে—
বৈশাখের গঙ্গা কৃশকায়া
তীরতলে ধীরগতি অলস লীলায়।
স্বদেশ পুরব হতে বায়ু বহে আসে
দূর স্বজনের যেন বিরহের শ্বাস।
জাগ্রত আঁখির
আগে কখনো বা চাঁদ জাগে
কখনো বা প্রিয়মুখ ভাসে—
আধেক উলস প্রাণ আধেক উদাস।
ঘনচ্ছায়া আম্রকুঞ্জ উত্তরের তীরে—
যেন তারা সত্য নহে, স্মৃতি-উপবন।
তীর, তরু, গৃহ, পথ,
জ্যোৎস্নাপটে চিত্রবৎ—
পড়িয়াছে নীলাকাশনীরে
দূর মায়াজগতের ছায়ার মতন।
স্বপ্নাকুল আঁখি মুদি ভাবিতেছি মনে—
রাজহংস ভেসে যায় অপার আকাশে
দীর্ঘ শুভ্র পাখা
খুলি চন্দ্রালোক-পানে তুলি,
পৃষ্ঠে আমি কোমল শয়নে;
সুখের মরণসম ঘুমঘোর আসে।
মানসী
যেন রে প্রহর নাই, নাইক প্রহরী,
এ যেন রে দিবাহারা অনন্ত নিশীথ।
নিখিল নির্জন
স্তব্ধ, শুধু শুনি জলশব্দ
কলকল-কল্লোল-লহরী—
নিদ্রাপারাবার যেন স্বপ্নচঞ্চলিত।
কত যুগ চলে যায় নাহি পাই দিশা—
বিশ্ব নিবু-নিবু, যেন দীপ তৈলহীন।
গ্রাসিয়া
আকাশ কায়া ক্রমে পড়ে মহাছায়া,
নতশিরে বিশ্বব্যাপী নিশা
গনিতেছে মৃত্যুপল এক দুই তিন।
চন্দ্র শীর্ণতর হয়ে লুপ্ত হয়ে যায়,
কলধ্বনি ক্ষীণ হয়ে মৌন হয়ে আসে।
প্রেতনয়নের
মতো নির্নিমেষ তারা যত
সবে মিলে মোর পানে চায়,
একা আমি জনপ্রাণী অখণ্ড আকাশে।
চির যুগরাত্রি ধ’রে শতকোটি তারা
পরে পরে নিবে গেল গগনমাঝার।
প্রাণপণে চক্ষু
চাহি আঁখিতে আলোক নাহি,
বিঁধিতে পারে না আঁখিতারা
তুষারকঠিন মৃত্যুহিম অন্ধকার।
অসাড় বিহঙ্গ-পাখা পড়িল ঝুলিয়া,
লুটায় সুদীর্ঘ গ্রীবা— নামিল মরাল।
ধরিয়া অযুত
অব্দ হুহু পতনের শব্দ
কর্ণরন্ধ্রে উঠে আকুলিয়া—
দ্বিধা হয়ে ভেঙে যায় নিশীথ করাল।
সহসা এ জীবনের সমুদয় স্মৃতি
ক্ষণেক জাগ্রত হয়ে নিমেষে চকিতে
মানসী
আমারে ছাড়িয়া
দূরে পড়ে গেল ভেঙেচুরে,
পিছে পিছে আমি ধাই নিতি—
একটি কণাও আর পাই না লখিতে।
কোথাও রাখিতে নারি দেহ আপনার,
সর্বাঙ্গ অবশ ক্লান্ত নিজ লৌহভারে।
কাতরে ডাকিতে
চাহি, শ্বাস নাহি, স্বর নাহি,
কণ্ঠেতে চেপেছে অন্ধকার—
বিশ্বের প্রলয় একা আমার মাঝারে।
দীর্ঘ তীক্ষ্ম হই ক্রমে তীব্র গতিবলে
ব্যগ্রগামী ঝটিকার আর্তস্বরসম,
সূক্ষ্ম বাণ
সূচিমুখ অনন্ত কালের বুক
বিদীর্ণ করিয়া যেন চলে—
রেখা হয়ে মিশে আসে দেহমন মম।
ক্রমে মিলাইয়া গেল সময়ের সীমা,
অনন্তে মুহূর্তে কিছু ভেদ নাহি আর।
ব্যাপ্তিহারা
শূন্যসিন্ধু শুধু যেন এক বিন্দু
গাঢ়তম অন্তিম কালিমা—
আমারে গ্রাসিল সেই বিন্দুপারাবার।
অন্ধকারহীন হয়ে গেল অন্ধকার।
‘আমি’ ব’লে কেহ নাই, তবু যেন আছে।
অচৈতন্যতলে
অন্ধ চৈতন্য হইল বন্ধ,
রহিল প্রতিক্ষা করি কার
মৃত হয়ে প্রাণ যেন চিরকাল বাঁচে।
নয়ন মেলিনু, সেই বহিছে জাহ্নবী—
পশ্চিমে গৃহের মুখে চলেছে তরণী।
তীরে কুটিরের তলে স্তিমিত
প্রদীপ জ্বলে,
শূন্যে চাঁদ সুধামুখচ্ছবি।
সুপ্ত জীব কোলে লয়ে জাগ্রত ধরণী।
কে আমারে যেন এনেছে ডাকিয়া,
এসেছি ভুলে।
তবু একবার চাও মুখপানে
নয়ন তুলে।
দেখি, ও নয়নে নিমেষের তরে
সেদিনের ছায়া পড়ে কি না পড়ে,
সজল আবেগে আঁখিপাতা দুটি
পড়ে কি ঢুলে।
ক্ষণেকের তরে ভুল ভাঙায়ো না,
এসেছি ভুলে।
বেল-কুঁড়ি দুটি করে ফুটি-ফুটি
অধর খোলা।
মনে পড়ে গেল সেকালের সেই
কুসুম তোলা।
সেই শুকতারা সেই চোখে চায়,
বাতাস কাহারে খুঁজিয়া বেড়ায়,
উষা না ফুটিতে হাসি ফুটে তার
গগনমূলে।
সেদিন যে গেছে ভুলে গেছি, তাই
এসেছি ভুলে।
ব্যথা দিয়ে কবে কথা কয়েছিলে
পড়ে না মনে,
দূরে থেকে কবে ফিরে গিয়েছিলে
নাই স্মরণে।
শুধু মনে পড়ে হাসিমুখখানি,
লাজে বাধো-বাধো সোহাগের বাণী,
মনে পড়ে সেই হৃদয়-উছাস
নয়ন-কূলে।
মানসী
তুমি যে ভুলেছ ভুলে গেছি, তাই
এসেছি ভুলে।
কাননের ফুল, এরা তো ভোলে নি,
আমরা ভুলি?
সেই তো ফুটেছে পাতায় পাতায়
কামিনীগুলি।
চাঁপা কোথা হতে এনেছে ধরিয়া
অরুণকিরণ কোমল করিয়া,
বকুল ঝরিয়া মরিবারে চায়
কাহার চুলে?
কেহ ভোলে, কেউ ভোলে না যে, তাই
এসেছি ভুলে।
এমন করিয়া কেমনে কাটিবে
মাধবী রাতি?
দখিনে বাতাসে কেহ নেই পাশে
সাথের সাথি।
চারি দিক হতে বাঁশি শোনা যায়,
সুখে আছে যারা তারা গান গায়—
আকুল বাতাসে, মদির সুবাসে,
বিকচ ফুলে,
এখনো কি কেঁদে চাহিবে না কেউ
আসিলে ভুলে?
‘বেলা যে পড়ে
এল, জলকে চল্ !’—
পুরানো সেই
সুরে
কে যেন ডাকে দূরে,
কোথা সে ছায়া
সখী, কোথা সে জল!
কোথা সে বাঁধা
ঘাট, অশথতল!
ছিলাম
আনমনে একেলা
গৃহকোণে,
কে যেন
ডাকিল রে ‘জলকে চল্ ’।
কলসী লয়ে
কাঁখে— পথ সে বাঁকা,
বামেতে মাঠ
শুধু
সদাই করে ধূ ধূ,
ডাহিনে
বাঁশবন
হেলায়ে শাখা।
দিঘির কালো
জলে
সাঁঝের আলো ঝলে,
দু ধারে ঘন
বন
ছায়ায় ঢাকা।
গভীর থির
নীরে
ভাসিয়া যাই ধীরে,
পিক কুহরে
তীরে
অমিয়-মাখা।
পথে আসিতে
ফিরে,
আঁধার তরুশিরে
সহসা দেখি
চাঁদ আকাশে আঁকা।
অশথ
উঠিয়াছে প্রাচীর টুটি,
সেখানে ছুটিতাম সকালে উঠি।
শরতে
ধরাতল শিশিরে ঝলমল,
করবী থোলো থোলো রয়েছে
ফুটি।
প্রাচীর বেয়ে
বেয়ে সবুজে ফেলে ছেয়ে
বেগুনি-ফুলে-ভরা লতিকা দুটি।
ফাটলে দিয়ে
আঁখি আড়ালে বসে থাকি,
আঁচল পদতলে পড়েছে লুটি।
মাঠের পরে
মাঠ, মাঠের শেষে
সুদূর
গ্রামখানি আকাশে মেশে।
এ ধারে
পুরাতন শ্যামল তালবন
সঘন সারি
দিয়ে দাঁড়ায় ঘেঁষে।
মানসী
বাঁধের
জলরেখা ঝলসে যায় দেখা,
জটলা করে
তীরে রাখাল এসে।
চলেছে
পথখানি
কোথায় নাহি জানি,
কে জানে কত
শত নূতন দেশে।
হায় রে
রাজধানী পাষাণকায়া!
বিরাট
মুঠিতলে
চাপিছে দৃঢ়বলে
ব্যাকুল
বালিকারে, নাহিকো মায়া!
কোথা সে খোলা
মাঠ, উদার পথঘাট,
পাখির গান
কই, বনের ছায়া!
কে যেন চারি
দিকে দাঁড়িয়ে আছে,
খুলিতে নারি
মন শুনিবে পাছে!
হেথায় বৃথা
কাঁদা,
দেয়ালে পেয়ে বাধা
কাঁদন ফিরে
আসে আপন-কাছে।
আমার
আঁখিজল কেহ
না বোঝে,
অবাক্ হয়ে
সবে কারণ খোঁজে।
‘কিছুতে নাহি
তোষ, এ তো বিষম দোষ
গ্রাম্য
বালিকার
স্বভাব ও যে!
স্বজন
প্রতিবেশী
এত যে মেশামেশি,
ও কেন কোণে
বসে নয়ন বোজে?’
কেহ বা দেখে
মুখ কেহ বা দেহ—
কেহ বা ভালো
বলে, বলে না কেহ।
ফুলের
মালাগাছি
বিকাতে আসিয়াছি,
পরখ করে
সবে, করে না স্নেহ।
সবার মাঝে
আমি ফিরি একেলা।
কেমন করে
কাটে সারাটা বেলা!
ইঁটের’পরে
ইঁট,
মাঝে মানুষ-কীট—
নাইকো
ভালোবাসা, নাইকো খেলা।
মানসী
কোথায় আছ
তুমি কোথায় মা গো!
কেমনে ভুলে
তুই আছিস হাঁ গো!
উঠিলে নব
শশী
ছাদের ’পরে বসি
আর কি
রূপকথা বলিবি না গো!
হৃদয়বেদনায়
শূন্য বিছানায়
বুঝি মা,
আঁখিজলে রজনী জাগো!
কুসুম তুলি
লয়ে
প্রভাতে শিবালয়ে
প্রবাসী
তনয়ার কুশল মাগো।
হেথাও ওঠে
চাঁদ ছাদের পারে,
প্রবেশ মাগে
আলো ঘরের দ্বারে।
আমারে খুঁজিতে
সে
ফিরিছে দেশে দেশে,
যেন সে
ভালোবেসে চাহে আমারে।
নিমেষতরে
তাই আপনা ভুলি
ব্যাকুল ছুটে
যাই দুয়ার খুলি।
অমনি চারি
ধারে
নয়ন উঁকি মারে,
শাসন ছুটে
আসে ঝটিকা তুলি।
দেবে না ভালোবাসা, দেবে না আলো।
সদাই মনে
হয়
আঁধার ছায়াময়
দিঘির সেই জল শীতল কালো,
তাহারি কোলে
গিয়ে মরণ ভালো।
ডাক্ লো ডাক্
তোরা, বল্ লো বল্ —
‘বেলা যে পড়ে
এল, জলকে চল্ ।’
কবে পড়িবে
বেলা, ফুরাবে সব খেলা,
নিবাবে সব
জ্বালা শীতল জল,
জানিস যদি
কেহ আমায় বল্ ।
মনে হয় সৃষ্টি বুঝি বাঁধা নাই নিয়মনিগড়ে,
আনাগোনা মেলামেশা সবই অন্ধ দৈবের ঘটনা।
এই ভাঙে, এই গড়ে,
এই উঠে, এই পড়ে—
কেহ নাহি চেয়ে দেখে কার কোথা বাজিছে বেদনা।
মনে হয়, যেন ওই অবারিত শূন্যতলপথে
অকস্মাৎ আসিয়াছে সৃজনের বন্যা ভয়ানক—
অজ্ঞাত শিখর হতে
সহসা প্রচণ্ড স্রোতে
ছুটে আসে সূর্য চন্দ্র, ধেয়ে আসে লক্ষকোটি লোক।
কোথাও পড়েছে আলো, কোথাও বা অন্ধকার নিশি—
কোথাও সফেন শুভ্র, কোথাও বা আবর্ত আবিল—
সৃজনে প্রলয়ে মিশি
আক্রমিছে দশ দিশি—
অনন্ত প্রশান্ত শূন্য তরঙ্গিয়া করিছে ফেনিল।
মোরা শুধু খড়কুটো স্রোতোমুখে চলিয়াছি ছুটি,
অর্ধ পলকের তরে কোথাও দাঁড়াতে নাহি ঠাঁই।
এই ডুবি, এই উঠি,
ঘুরে ঘুরে পড়ি লুটি—
এই যারা কাছে আসে এই তারা কাছাকাছি নাই।
সৃষ্টিস্রোতকোলাহলে বিলাপ শুনিবে কেবা কার,
আপন গর্জনে বিশ্ব আপনারে করেছে বধির।
শতকোটি হাহাকার
কলধ্বনি রচে তার—
পিছু ফিরে চাহিবার কাল নাই, চলেছে অধীর।
মানসী
হায় স্নেহ, হায় প্রেম, হায় তুই মানবহৃদয়,
খসিয়া পড়িলি কোন্ নন্দনের তটতরু হতে?
যার লাগি সদা ভয়,
পরশ
নাহিক সয়,
কে তারে ভাসালে হেন জড়ময় সৃজনের স্রোতে?
তুমি কি শুনিছ বসি হে বিধাতা, হে অনাদি কবি,
ক্ষুদ্র এ মানবশিশু রচিতেছে প্রলাপজল্পনা?
সত্য আছে স্তব্ধ ছবি
যেমন উষার রবি,
নিম্নে তারি ভাঙে গড়ে মিথ্যা যত কুহককল্পনা।
অকূল সাগর-মাঝে চলেছে ভাসিয়া
জীবনতরণী। ধীরে লাগিছে আসিয়া
তোমার বাতাস, বহি আনি কোন্ দূর
পরিচিত তীর হতে কত সুমধুর
পুষ্পগন্ধ, কত সুখস্মৃতি, কত ব্যথা,
আশাহীন কত সাধ, ভাষাহীন কথা।
সম্মুখেতে তোমারি নয়ন জেগে আছে
আসন্ন আঁধার-মাঝে অস্তাচল-কাছে
স্থির ধ্রুবতারাসম; সেই অনিমেষ
আকর্ষণে চলেছি কোথায়, কোন্ দেশ
কোন্ নিরুদ্দেশ-মাঝে! এমনি করিয়া
চিহ্নহীন পথহীন অকূল ধরিয়া
দূর হতে দূরে ভেসে যাব— অবশেষে
দাঁড়াইব দিবসের সর্বপ্রান্তদেশে
এক মুহূর্তের তরে।– সারাদিন ভেসে
মেঘখণ্ড যথা, রজনীর তীরে এসে
দাঁড়ায় থমকি। ওগো, বারেক তখন
জীবনের খেলা রেখে করুণ নয়ন
পাঠায়ো পশ্চিম-পানে, দাঁড়ায়ো একাকী
ওই দূর তীরদেশে অনিমেষ আঁখি।
মুহূর্তে আঁধার নামি দিবে সব ঢাকি
বিদায়ের পথ; তোমার অজ্ঞাত দেশে
আমি চলে যাব; তুমি ফিরে যেয়ো হেসে
সংসারের খেলাঘরে, তোমার নবীন
দিবালোকে। অবশেষে যবে একদিন—
বহুদিন পরে— তোমার জগৎ-মাঝে
সন্ধ্যা দেখা দিবে, দীর্ঘ জীবনের কাজে
প্রমোদের কোলাহলে শ্রান্ত হবে প্রাণ,
মিলায়ে আসিবে ধীরে স্বপন-সমান
চিররৌদ্রদগ্ধ এই কঠিন সংসার,
মানসী
সেইদিন এইখানে আসিয়ো আবার!
এই তটপ্রান্তে বসে শ্রান্ত দু’নয়ানে
চেয়ে দেখো ওই অস্ত-অচলের পানে
সন্ধ্যার তিমিরে, যেথা সাগরের কোলে
আকাশ মিশায়ে গেছে। দেখিবে তা হলে
আমার সে বিদায়ের শেষ চেয়ে-দেখা
এইখানে রেখে গেছে জ্যোতির্ময় রেখা।
সে অমর অশ্রুবিন্দু সন্ধ্যাতারকার
বিষণ্ন আকার ধরি উদিবে তোমার
নিদ্রাতুর আঁখি-’পরে; সারা রাত্রি ধরে
তোমার সে জনহীন বিশ্রামশিয়রে
একাকী জাগিয়া রবে। হয়তো স্বপনে
ধীরে ধীরে এনে দেবে তোমার স্মরণে
জীবনের প্রভাতের দু-একটি কথা।
এক ধারে সাগরের চিরচঞ্চলতা
তুলিবে অস্ফুট ধ্বনি, রহস্য অপার
অন্য ধারে ঘুমাইবে সমস্ত সংসার।
কে জানে এ কি ভালো!
আকাশ-ভরা কিরণধারা
আছিল মোর তপন-তারা,
আজিকে শুধু একেলা তুমি
আমার আঁখি-আলো—
কে জানে এ কি ভালো!
কত-না শোভা, কত-না সুখ,
কত-না ছিল অমিয়-মুখ,
নিত্য-নব পুষ্পরাশি
ফুটিত মোর দ্বারে—
ক্ষুদ্র আশা ক্ষুদ্র স্নেহ
মনের ছিল শতেক গেহ,
আকাশ ছিল, ধরণী ছিল
আমার চারি ধারে—
কোথায় তারা, সকলে আজি
তোমাতেই লুকালো।
কে জানে এ কি ভালো!
কম্পিত এ হৃদয়খানি
তোমার কাছে তাই।
দিবসনিশি জাগিয়া আছি,
নয়নে ঘুম নাই।
সকল গান সকল প্রাণ
তোমারে আমি করেছি দান—
তোমারে ছেড়ে বিশ্বে মোর
তিলেক নাহি ঠাঁই।
সকল পেয়ে তবুও যদি
তৃপ্তি নাহি মেলে,
মানসী
তবুও যদি চলিয়া যাও
আমারে পাছে ফেলে,
নিমেষে সব শূন্য হবে
তোমারি এই আসন ভবে,
চিহ্নসম কেবল রবে
মৃত্যুরেখা কালো।
কে জানে এ কি ভালো!
ব্যাকুল নয়ন
মোর, অস্তমান রবি,
সায়াহ্ন মেঘাবনত
পশ্চিম গগনে,
সকলে দেখিতেছিল সেই
মুখচ্ছবি—
একা সে চলিতেছিল
আপনার মনে।
ধরণী
ধরিতেছিল কোমল চরণ,
বাতাস লভিতেছিল বিমল
নিশ্বাস,
সন্ধ্যার-আলোক-আঁকা
দুখানি নয়ন
ভুলায়ে লইতেছিল
পশ্চিম আকাশ।
রবি তারে
দিতেছিল আপন কিরণ,
মেঘ তারে দিতেছিল
স্বর্ণময় ছায়া,
মুগ্ধহিয়া পথিকের
উৎসুক নয়ন
মুখে তার দিতেছিল
প্রেমপূর্ণ মায়া।
চারি দিকে
শস্যরাশি চিত্রসম স্থির,
প্রান্তে নীল
নদীরেখা, দূর পরপারে
শুভ্র চর, আরো দূরে
বনের তিমির
দহিতেছে অগ্নিদীপ্তি
দিগন্ত-মাঝারে।
দিবসের শেষ
দৃষ্টি— অন্তিম মহিমা—
সহসা ঘেরিল তারে
কনক-আলোকে,
বিষণ্ন কিরণপটে
মোহিনী প্রতিমা
উঠিল প্রদীপ্ত হয়ে
অনিমেষ চোখে।
নিমেষে
ঘুরিল ধরা, ডুবিল তপন,
সহসা সম্মুখে এল ঘোর
অন্তরাল—
নয়নের দৃষ্টি গেল,
রহিল স্বপন,
অনন্ত আকাশ, আর ধরণী
বিশাল।
আমি রাত্রি, তুমি ফুল। যতক্ষণ ছিলে কুঁড়ি
জাগিয়া চাহিয়া ছিনু আঁধার আকাশ জুড়ি
সমস্ত নক্ষত্র নিয়ে, তোমারে লুকায়ে বুকে।
যখন ফুটিলে তুমি সুন্দর-তরুণ-মুখে,
তখনি প্রভাত এল, ফুরালো আমার কাল;
আলোকে ভাঙিয়া গেল রজনীর অন্তরাল।
এখন বিশ্বের তুমি; গুন্ গুন্ মধুকর
চারি দিকে তুলিয়াছে বিস্ময়ব্যাকুল স্বর;
গাহে পাখি, বহে বায়ু; প্রমোদহিল্লোলধারা
নবস্ফুট জীবনেরে করিতেছে দিশাহারা।
এত আলো, এত সুখ, এত গান, এত প্রাণ
ছিল না আমার কাছে— আমি করেছিনু দান
শুধু নিদ্রা, শুধু শান্তি, সযতন নীরবতা,
শুধু চেয়ে-থাকা আঁখি, শুধু মনে মনে কথা।
আর কি দিই নি কিছু? প্রলুব্ধ প্রভাত যবে
চাহিল তোমার পানে, শত পাখি শত রবে
ডাকিল তোমার নাম, তখন পড়িল ঝ’রে
আমার নয়ন হতে তোমার নয়ন-’পরে
একটি শিশিরকণা। চলে গেনু পরপার।
সেই বিষাদের বিন্দু, বিদায়ের উপহার
প্রখর প্রমোদ হতে রাখিবে শীতল ক’রে
তোমার তরুণ মুখ; রজনীর অশ্রু-’পরে
পড়ি প্রভাতের হাসি দিবে শোভা অনুপম,
বিকচ সৌন্দর্য তব করিবে সুন্দরতম।
মনে হয় সেও যেন রয়েছে
বসিয়া
চাহি বাতায়ন হতে নয়ন উদাস—
কপোলে, কানের কাছে, যায়
নিশ্বসিয়া
কে জানে কাহার কথা বিষণ্ন বাতাস।
ত্যজি তার তনুখানি
কোমল হৃদয়
বাহির হয়েছে যেন দীর্ঘ অভিসারে,
সম্মুখে অপার ধরা কঠিন নিদয়—
একাকিনী দাঁড়ায়েছে তাহারি
মাঝারে।
হয়তো বা এখনি সে এসেছে
হেথায়
মৃদুপদে পশিতেছে এই বাতায়নে,
মানসমুরতিখানি আকুল আমায়
বাঁধিতেছে দেহহীন
স্বপ্ন-আলিঙ্গনে।
তারি ভালোবাসা, তারি
বাহু সুকোমল,
উৎকণ্ঠ চকোর-সম বিরহতিয়াষ,
বহিয়া আনিছে এই পুষ্পপরিমল—
কাঁদায়ে তুলিছে এই বসন্তবাতাস।
আমি এ কেবল মিছে বলি,
শুধু আপনার মন ছলি।
কঠিন বচন
শুনায়ে তোমারে
আপন মর্মে জ্বলি।
থাক্ তবে
থাক্ ক্ষীণ প্রতারণা,
কী হবে
লুকায়ে বাসনা বেদনা,
যেমন আমার
হৃদয়-পরান
তেমনি দেখাব খুলি।
আমি মনে করি যাই দূরে,
তুমি রয়েছ বিশ্ব জুড়ে।
যত দূরে
যাই ততই তোমার
কাছাকাছি ফিরি ঘুরে।
চোখে চোখে
থেকে কাছে নহ তবু,
দূরেতে
থেকেও দূর নহ কভু,
সৃষ্টি
ব্যাপিয়া রয়েছ তবুও
আপন অন্তঃপুরে।
আমি যেমনি করিয়া চাই,
আমি যেমনি করিয়া গাই,
বেদনাবিহীন ওই হাসিমুখ
সমান দেখিতে পাই।
ওই রূপরাশি
আপনা বিকাশি
রয়েছে
পূর্ণ গৌরবে ভাসি,
আমার
ভিখারি প্রাণের বাসনা
হোথায় না পায় ঠাঁই।
শুধু ফুটন্ত ফুলমাঝে
দেবী, তোমার চরণ সাজে।
অভাবকঠিন
মলিন মর্ত
মানসী
কোমল চরণে বাজে।
জেনে শুনে
তবু কী ভ্রমে ভুলিয়া
আপনারে আমি
এনেছি তুলিয়া,
বাহিরে
আসিয়া দরিদ্র আশা
লুকাতে চাহিছে লাজে।
তবু থাক্ পড়ে ওইখানে,
চেয়ে তোমার চরণপানে।
যা দিয়েছি
তাহা গেছে চিরকাল
আর ফিরিবে না প্রাণে।
তবে ভালো
করে দেখো একবার
দীনতা
হীনতা যা আছে আমার,
ছিন্ন মলিন
অনাবৃত হিয়া
অভিমান নাহি জানে।
তবে লুকাব না আমি আর
এই ব্যথিত হৃদয়ভার।
আপনার হাতে
চাব না রাখিতে
আপনার অধিকার।
বাঁচিলাম প্রাণে তেয়াগিয়া লাজ,
বদ্ধ বেদনা
ছাড়া পেল আজ,
আশা-নিরাশায় তোমারি যে আমি
জানাইনু শত বার।
বৃথা এ ক্রন্দন!
বৃথা এ অনল-ভরা দুরন্ত বাসনা!
রবি
অস্ত যায়।
অরণ্যেতে অন্ধকার আকাশেতে আলো।
সন্ধ্যা নত-আঁখি
ধীরে আসে দিবার
পশ্চাতে।
বহে কি না বহে
বিদায়বিষাদশ্রান্ত সন্ধ্যার বাতাস।
দুটি হাতে হাত দিয়ে ক্ষুধার্ত নয়নে
চেয়ে আছি
দুটি আঁখি-মাঝে।
খুঁজিতেছি, কোথা তুমি,
কোথা তুমি।
যে অমৃত লুকানো তোমায়
সে কোথায়।
অন্ধকার সন্ধ্যার আকাশে
বিজন তারার মাঝে কাঁপিছে যেমন
স্বর্গের আলোকময় রহস্য অসীম,
ওই নয়নের
নিবিড়তিমিরতলে, কাঁপিছে তেমনি
আত্মার
রহস্য-শিখা।
তাই চেয়ে আছি।
প্রাণ মন সব লয়ে তাই ডুবিতেছি
অতল আকাঙ্ক্ষা-পারাবারে।
তোমার আঁখির মাঝে,
হাসির আড়ালে,
বচনের সুধাস্রোতে,
তোমার বদনব্যাপী
করুণ শান্তির তলে
তোমারে কোথায় পাব—
মানসী
তাই এ ক্রন্দন।
বৃথা এ ক্রন্দন।
হায় রে দুরাশা,
এ রহস্য এ আনন্দ তোর তরে নয়।
যাহা পাস তাই ভালো,
হাসিটুকু, কথাটুকু,
নয়নের দৃষ্টিটুকু,
প্রেমের আভাস।
সমগ্র মানব তুই পেতে চাস,
এ কী দুঃসাহস!
কী আছে বা তোর,
কী পারিবি দিতে!
আছে কি অনন্ত প্রেম?
পারিবি মিটাতে
জীবনের অনন্ত অভাব?
মহাকাশ-ভরা
এ অসীম জগৎ-জনতা,
এ নিবিড় আলো অন্ধকার,
কোটি ছায়াপথ, মায়াপথ,
দুর্গম উদয়-অস্তাচল,
এরই
মাঝে পথ করি
পারিবি কি নিয়ে যেতে
চিরসহচরে
চিররাত্রিদিন
একা অসহায়?
যে জন আপনি ভীত, কাতর, দুর্বল,
ম্লান, ক্ষুধাতৃষাতুর, অন্ধ, দিশাহারা,
আপন হৃদয়ভারে পীড়িত জর্জর,
সে কাহারে পেতে চায় চিরদিন-তরে?
ক্ষুধা মিটাবার খাদ্য নহে যে মানব,
মানসী
কেহ নহে তোমার আমার।
অতি সযতনে,
অতি সংগোপনে,
সুখে দুঃখে, নিশীথে দিবসে,
বিপদে সম্পদে,
জীবনে মরণে,
শত ঋতু-আবর্তনে
বিশ্বজগতের তরে ঈশ্বরের তরে
শতদল উঠিতেছে ফুটি;
সুতীক্ষ্ম বাসনা-ছুরি দিয়ে
তুমি তাহা চাও ছিঁড়ে নিতে?
লও তার মধুর সৌরভ,
দেখো তার সৌন্দর্যবিকাশ,
মধু তার করো তুমি পান,
ভালোবাসো, প্রেমে হও বলী,
চেয়ো না তাহারে।
আকাঙ্ক্ষার ধন নহে আত্মা মানবের
শান্ত সন্ধ্যা, স্তব্ধ কোলাহল।
নিবাও বাসনাবহ্নি নয়নের নীরে,
চলো ধীরে ঘরে ফিরে যাই।
স্বপ্ন যদি হ’ত জাগরণ,
সত্য যদি হ’ত কল্পনা,
তবে এ
ভালোবাসা
হ’ত না হত-আশা
কেবল কবিতার জল্পনা।
মেঘের খেলা-সম হ’ত সব
মধুর মায়াময় ছায়াময়।
কেবল
আনাগোনা,
নীরবে জানাশোনা,
জগতে কিছু আর কিছু নয়।
কেবল মেলামেশা গগনে,
সুনীল সাগরের পরপারে
সুদূরে
ছায়াগিরি
তাহারে ঘিরি ঘিরি
শ্যামল ধরণীর ধারে ধারে।
কখনো ধীরে ধীরে ভেসে যায়,
কখনো মিশে যায় ভাঙিয়া—
কখনো ঘননীল
বিজুলি-ঝিলিমিল,
কখনো উষারাগে রাঙিয়া।
যেমন প্রাণপণ বাসনা
তেমনি বাধা তার সুকঠিন—
সকলি লঘু হয়ে কোথায়
যেত বয়ে,
ছায়ার মতো হ’ত কায়াহীন।
চাঁদের আলো হ’ত সুখহাস,
অশ্রু শরতের বরষণ।
সাক্ষী করি
বিধু
মিলন হ’ত মৃদু
কেবল প্রাণে প্রাণে পরশন।
মানসী
শান্তি পেত এই চিরতৃষা
চিত্ত চঞ্চল সকাতর,
প্রেমের থরে
থরে
বিরাম জাগিত রে—
দুখের ছায়া মাঝে রবিকর।
কত বার মনে
করি
পূর্ণিমানিশীথে
স্নিগ্ধ সমীরণ,
নিদ্রালস
আঁখি-সম
ধীরে যদি মুদে আসে
এ শ্রান্ত জীবন।
গগনের
অনিমেষ
জাগ্রত চাঁদের পানে
মুক্ত দুটি বাতায়নদ্বার—
সুদূরে প্রহর বাজে,
গঙ্গা কোথা বহে চলে,
নিদ্রায় সুষুপ্ত দুই পার।
মাঝি গান গেয়ে
যায়
বৃন্দাবনগাথা
আপনার মনে,
চিরজীবনের
স্মৃতি
অশ্রু হয়ে গলে আসে
নয়নের কোণে।
স্বপ্নের সুধীর
স্রোতে দূরে
ভেসে যায় প্রাণ
স্বপ্ন হতে নিঃস্বপ্ন অতলে,
ভাসানো প্রদীপ
যথা
নিবে গিয়ে সন্ধ্যাবায়ে
ডুবে যায় জাহ্নবীর জলে।
সেই
ভালো, তবে তুমি যাও।
তবে আর কেন মিছে করুণনয়নে
আমার মুখের পানে চাও?
এ চোখে ভাসিছে
জল, এ শুধু মায়ার ছল,
কেন কাঁদি তাও নাহি জানি।
নীরব আঁধার
রাতি, তারকার ম্লানভাতি
মোহ আনে বিদায়ের বাণী।
নিশিশেষে
দিবালোকে এ জল রবে না চোখে,
শান্ত হবে অধীর হৃদয়—
জাগ্রত
জগৎ-মাঝে ধাইব আপন কাজে,
কাঁদিবার রবে না সময়।
দেখেছি অনেক
দিন বন্ধন হয়েছে ক্ষীণ
ছেঁড় নাই করুণার বশে।
গানে লাগিত না
সুর, কাছে থেকে ছিলে দূর,
যাও নাই কেবল আলসে।
পরান ধরিয়া
তবু পারিতাম না তো কভু
তোমা ছেড়ে করিতে গমন।
প্রাণপণে কাছে
থাকি দেখিতাম মেলি আঁখি
পলে পলে প্রেমের মরণ।
তুমি তো আপনা
হতে এসেছ বিদায় ল’তে—
সেই ভালো, তবে তুমি যাও।
যে প্রেমেতে এত
ভয় এত দুঃখ লেগে রয়
সে বন্ধন তুমি ছিঁড়ে দাও।
আমি রহি এক
ধারে, তুমি যাও পরপারে,
মাঝখানে বহুক বিস্মৃতি—
একেবারে ভুলে যেয়ো,
শতগুণে ভালো সেও,
ভালো
নয় প্রেমের বিকৃতি।
কে বলে যায় না
ভোলা! মরণের দ্বার খোলা,
মানসী
সকলেরই আছে সমাপন।
নিবে যায়
দাবানল, শুকায় সমুদ্রজল,
থেমে যায় ঝটিকার রণ।
থাকে শুধু মহা
শান্তি, মৃত্যুর শ্যামল কান্তি,
জীবনের
অনন্ত নির্ঝর—
শত সুখ দুঃখ
দ’লে কালচক্র যায় চলে,
রেখা পড়ে যুগ-যুগান্তর।
যেখানে যে
এসে পড়ে আপনার কাজ করে
সহস্র জীবন-মাঝে মিশে—
কত যায় কত
থাকে, কত ভোলে কত রাখে,
চলে যায় বিষাদে হরিষে।
তুমি আমি যাব
দূরে— তবুও জগৎ ঘুরে,
চন্দ্র সূর্য জাগে অবিরল,
থাকে সুখ দুঃখ
লাজ, থাকে শত শত কাজ,
এ জীবন হয় না নিষ্ফল।
মিছে কেন কাটে
কাল, ছিঁড়ে দাও স্বপ্নজাল,
চেতনার বেদনা জাগাও—
নূতন
আশ্রয়-ঠাঁই, দেখি পাই কি না পাই—
সেই ভালো তবে তুমি যাও।
যেদিন সে প্রথম দেখিনু
সে তখন প্রথম যৌবন।
প্রথম
জীবনপথে
বাহিরিয়া এ জগতে
কেমনে বাঁধিয়া গেল
নয়নে নয়ন।
তখন উষার
আধো আলো
পড়েছিল মুখে দুজনার।
তখন কে জানে
কারে,
কে জানিত আপনারে,
কে জানিত সংসারের
বিচিত্র ব্যাপার।
কে জানিত
শ্রান্তি তৃপ্তি ভয়,
কে জানিত নৈরাশ্যযাতনা!
কে জানিত শুধু
ছায়া
যৌবনের মোহমায়া,
আপনার হৃদয়ের সহস্র
ছলনা।
আঁখি মেলি
যারে ভালো লাগে
তাহারেই ভালো বলে জানি।
সব প্রেম প্রেম নয়
ছিল
না তো সে সংশয়,
যে আমারে কাছে টানে
তারে কাছে টানি।
অনন্ত বাসরসুখ যেন
নিত্যহাসি প্রকৃতিবধূর—
পুষ্প যেন
চিরপ্রাণ,
পাখির অশ্রান্ত গান,
বিশ্ব করেছিল ভান
অনন্ত মধুর!
সেই গানে,
সেই ফুল্ল ফুলে,
সেই প্রাতে প্রথম যৌবনে,
ভেবেছিনু এ
হৃদয়
অনন্ত অমৃতময়,
প্রেম চিরদিন রয় এ
চিরজীবনে।
মানসী
তাই সেই
আশার উল্লাসে
মুখ তুলে চেয়েছিনু মুখে।
সুধাপাত্র লয়ে
হাতে
কিরণকিরীট মাথে
তরুণ দেবতাসম দাঁড়ানু
সম্মুখে।
পত্রপুষ্প-গ্রহতারা-ভরা
নীলাম্বরে মগ্ন চরাচর,
তুমি তারি
মাঝখানে
কী মূর্তি আঁকিলে প্রাণে—
কী ললাট, কী নয়ন, কী
শান্ত অধর!
সুগভীর
কলধ্বনিময়
এ বিশ্বের রহস্য অকূল,
মাঝে তুমি
শতদল
ফুটেছিলে ঢলঢল—
তীরে আমি দাঁড়াইয়া
সৌরভে আকুল।
পরিপূর্ণ
পূর্ণিমার মাঝে
ঊর্ধ্বমুখে চকোর যেমন
আকাশের ধারে
যায়,
ছিঁড়িয়া দেখিতে চায়
অগাধ-স্বপন ছাওয়া
জ্যোৎস্না-আবরণ—
তেমনি সভয়ে প্রাণ মোর
তুলিতে যাইত কত বার
একান্ত নিকটে
গিয়ে
সমস্ত হৃদয় দিয়ে
মধুর রহস্যময়
সৌন্দর্য তোমার।
হৃদয়ের
কাছাকাছি সেই
প্রেমের প্রথম আনাগোনা,
সেই হাতে হাতে ঠেকা, সেই আধো চোখে দেখা,
চুপিচুপি প্রাণের
প্রথম জানাশোনা!
অজানিত সকলি
নূতন,
অবশ চরণ টলমল!
মানসী
কোথা পথ কোথা
নাই,
কোথা যেতে কোথা যাই,
কোথা হতে উঠে হাসি
কোথা অশ্রুজল!
অতৃপ্ত
বাসনা প্রাণে লয়ে
অবারিত প্রেমের ভবনে
যাহা পাই তাই
তুলি, খেলাই
আপনা ভুলি—
কী যে রাখি কী যে
ফেলি বুঝিতে পারি নে।
ক্রমে আসে
আনন্দ-আলস
কুসুমিত ছায়াতরুতলে—
জাগাই
সরসীজল,
ছিঁড়ি বসে ফুলদল,
ধূলি সেও ভালো লাগে
খেলাবার ছলে।
অবশেষে
সন্ধ্যা হয়ে আসে,
শ্রান্তি আসে হৃদয় ব্যাপিয়া—
থেকে থেকে
সন্ধ্যাবায়
করে ওঠে হায়-হায়,
অরণ্য মর্মরি ওঠে
কাঁপিয়া কাঁপিয়া।
মনে হয় একি সব ফাঁকি!
এই বুঝি, আর কিছু নাই!
অথবা যে
রত্ন-তরে
এসেছিনু আশা ক’রে
অনেক লইতে গিয়ে
হারাইনু তাই।
সুখের
কাননতলে বসি
হৃদয়ের মাঝারে বেদনা—
নিরখি কোলের কাছে
মৃৎপিণ্ড পড়িয়া আছে,
দেবতারে ভেঙে ভেঙে
করেছি খেলনা।
এরি মাঝে
ক্লান্তি কেন আসে,
উঠিবারে করি প্রাণপণ!
হাসিতে আসে না হাসি, বাজাতে বাজে না বাঁশি,
শরমে তুলিতে নারি
নয়নে নয়ন।
মানসী
কেন তুমি
মূর্তি হয়ে এলে,
রহিলে না ধ্যান-ধারণার।
সেই
মায়া-উপবন
কোথা হল অদর্শন,
কেন হায় ঝাঁপ দিতে
শুকালো পাথার।
স্বপ্নরাজ্য
ছিল ও হৃদয়—
প্রবেশিয়া দেখিনু সেখানে
এই দিবা এই
নিশা
এই ক্ষুধা এই তৃষা,
প্রাণপাখি কাঁদে এই
বাসনার টানে।
আমি চাই
তোমারে যেমন
তুমি চাও তেমনি আমারে—
কৃতার্থ হইব
আশে গেলেম
তোমার পাশে,
তুমি এসে বসে আছ আমার
দুয়ারে।
সৌন্দর্যসম্পদ-মাঝে বসি
কে জানিত কাঁদিছে বাসনা।
ভিক্ষা ভিক্ষা সব ঠাঁই— তবে আর
কোথা যাই
ভিখারিনী হল যদি
কমল-আসনা।
তাই আর পারি
না সঁপিতে
সমস্ত এ বাহির অন্তর।
এ জগতে তোমা ছাড়া ছিল
না তোমার বাড়া,
তোমারে ছেড়েও আজ আছে
চরাচর।
কখনো বা
চাঁদের আলোতে
কখনো বসন্তসমীরণে
সেই
ত্রিভুবনজয়ী
অপাররহস্যময়ী
আনন্দমুরতিখানি জেগে
ওঠে মনে।
কাছে যাই
তেমনি হাসিয়া
নবীন যৌবনময় প্রাণে—
মানসী
কেন হেরি
অশ্রুজল
হৃদয়ের হলাহল,
রূপ কেন রাহুগ্রস্ত
মানে অভিমানে।
প্রাণ দিয়ে
সেই দেবীপূজা
চেয়ো না চেয়ো না তবে আর।
এস থাকি দুই জনে সুখে
দুঃখে গৃহকোণে,
দেবতার তরে থাক্
পুষ্প-অর্ঘ্যভার।
ওগো, কে তুমি বসিয়া উদাসমুরতি
বিষাদশান্ত শোভাতে!
ওই ভৈরবী আর
গেয়ো নাকো এই
প্রভাতে—
মোর গৃহছাড়া এই পথিক-পরান
তরুণ হৃদয় লোভাতে।
ওই
মন-উদাসীন ওই আশাহীন
ওই ভাষাহীন কাকলি
দেয় ব্যাকুল পরশে সকল
জীবন
বিকলি।
দেয় চরণে বাঁধিয়া
প্রেমবাহু-ঘেরা
অশ্রুকোমল শিকলি।
হায়, মিছে মনে হয় জীবনের ব্রত
মিছে মনে হয় সকলি।
যারে ফেলিয়া এসেছি, মনে
করি, তারে
ফিরে দেখে আসি শেষ বার।
ওই কাঁদিছে
সে যেন এলায়ে আকুল
কেশভার।
যারা গৃহছায়ে বসি
সজলনয়ন
মুখ মনে পড়ে সে সবার।
এই
সংকটময় কর্মজীবন
মনে হয় মরু সাহারা,
দূরে মায়াময় পুরে
দিতেছে দৈত্য
পাহারা।
তবে ফিরে যাওয়া ভালো
তাহাদের পাশে
পথ চেয়ে আছে যাহারা।
মানসী
সেই ছায়াতে
বসিয়া সারা দিনমান
তরুমর্মর পবনে,
সেই মুকুল-আকুল
বকুলকুঞ্জ-
ভবনে,
সেই কুহুকুহরিত
বিরহরোদন
থেকে থেকে পশে শ্রবণে।
সেই চিরকলতান
উদার গঙ্গা
বহিছে আঁধারে আলোকে,
সেই তীরে চিরদিন
খেলিছে বালিকা-
বালকে।
ধীরে সারা দেহ যেন মুদিয়া আসিছে
স্বপ্নপাখির পালকে।
হায়, অতৃপ্ত যত মহৎ
বাসনা
গোপনমর্মদাহিনী,
এই
আপনা-মাঝারে শুষ্ক জীবন—
বাহিনী!
ওই ভৈরবী
দিয়া গাঁথিয়া গাঁথিয়া
রচিব নিরাশাকাহিনী
সদা
করুণ কন্ঠ কাঁদিয়া গাহিবে—
‘হল না, কিছুই হবে না।
এই মায়াময়
ভবে চিরদিন কিছু
রবে না।
কেহ জীবনের যত গুরুভার
ব্রত
ধুলি হতে তুলি লবে না।
‘এই সংশয়মাঝে কোন্ পথে
যাই,
কার তরে মরি খাটিয়া!
আমি কার মিছে দুখে মরিতেছি বুক
ফাটিয়া!
মানসী
ভবে সত্য মিথ্যা কে
করেছে ভাগ,
কে রেখেছে মত আঁটিয়া!
‘যদি কাজ নিতে হয়, কত
কাজ আছে,
একা কি পারিব করিতে!
কাঁদে শিশিরবিন্দু জগতের তৃষা
হরিতে!
কেন অকূল সাগরে জীবন সঁপিব
একেলা জীর্ণ তরীতে!
‘শেষে দেখিব— পড়িল সুখযৌবন
ফুলের মতন খসিয়া,
হায় বসন্তবায়ু মিছে
চলে গেল
শ্বসিয়া,
সেই যেখানে জগৎ ছিল এক
কালে
সেইখানে আছে বসিয়া!
‘শুধু আমারি জীবন মরিল ঝুরিয়া
চিরজীবনের তিয়াষে।
এই দগ্ধ
হৃদয় এত দিন আছে
কী আশে!
সেই ডাগর নয়ন, সরস অধর
গেল চলি কোথা দিয়া সে!’
ওগো, থামো, যারে তুমি বিদায় দিয়েছ
তারে আর ফিরে চেয়ো না।
ওই অশ্রুসজল
ভৈরবী আর
গেয়ো না।
আজি প্রথম প্রভাতে চলিবার পথ
নয়নবাষ্পে ছেয়ো না।
ওই
কুহকরাগিণী এখনি কেন গো
মানসী
পথিকের প্রাণ বিবশে!
পথে এখনো উঠিবে প্রখর তপন
দিবসে।
পথে রাক্ষসী সেই তিমিররজনী
না জানি কোথায় নিবসে!
থামো, শুধু এক বার ডাকি নাম তাঁর
নবীন জীবন ভরিয়া—
যাব যাঁর বল
পেয়ে সংসারপথ
তরিয়া,
যত মানবের গুরু মহৎজনের
চরণচিহ্ন ধরিয়া।
যাও তাহাদের
কাছে ঘরে যারা আছে
পাষাণে পরান বাঁধিয়া,
গাও তাদের জীবনে তাদের
বেদনে
কাঁদিয়া।
তারা প’ড়ে ভূমিতলে ভাসে আঁখিজলে
নিজ সাধে বাদ সাধিয়া।
হায়, উঠিতে চাহিছে
পরান, তবুও
পারে না তাহারা উঠিতে।
তারা পারে না ললিতলতার বাঁধন
টুটিতে।
তারা পথ জানিয়াছে, দিবানিশি তবু
পথপাশে রহে লুটিতে!
তারা অলস বেদন করিবে
যাপন
অলস রাগিণী গাহিয়া,
রবে দূর আলো-পানে
আবিষ্ট প্রাণে
চাহিয়া।
ওই মধুর
রোদনে ভেসে যাবে তারা
মানসী
দিবসরজনী বাহিয়া।
সেই আপনার
গানে আপনি গলিয়া
আপনারে তারা ভুলাবে,
স্নেহে আপনার দেহে সকরুণ কর
বুলাবে।
সুখ কোমল
শয়নে রাখিয়া জীবন
ঘুমের দোলায় দোলাবে।
ওগো, এর চেয়ে ভালো প্রখর দহন,
নিঠুর আঘাত চরণে।
যাব আজীবন
কাল পাষাণকঠিন
সরণে।
যদি মৃত্যুর
মাঝে নিয়ে যায় পথ,
সুখ আছে সেই মরণে।
ওগো সুখী প্রাণ, তোমাদের এই
ভব-উৎসব-ঘরে
অচেনা অজানা পাগল অতিথি
এসেছিল ক্ষণতরে।
ক্ষণেকের তরে বিস্ময়-ভরে
চেয়েছিল চারি দিকে
বেদনা-বাসনা-ব্যাকুলতা-ভরা
তৃষাতুর অনিমিখে।
উৎসববেশ ছিল না তাহার,
কন্ঠে ছিল না মালা,
কেশপাশ দিয়ে বাহিরিতেছিল
দীপ্ত অনলজ্বালা।
তোমাদের হাসি তোমাদের গান
থেমে গেল তারে দেখে—
শুধালে না কেহ পরিচয় তার,
বসালে না কেহ ডেকে।
কী বলিতে গিয়ে বলিল না আর,
দাঁড়ায়ে রহিল দ্বারে—
দীপালোক হতে বাহিরিয়া গেল
বাহির-অন্ধকারে।
তার পরে কেহ জান কি তোমরা
কী হইল তার শেষে?
কোন্ দেশ হতে এসে চলে গেল
কোন্ গৃহহীন দেশে?
একদা এলোচুলে কোন্
ভুলে ভুলিয়া
আসিল সে আমার ভাঙা দ্বার খুলিয়া।
জ্যোৎস্না অনিমিখ, চারি
দিক সুবিজন,
চাহিল একবার আঁখি
তার তুলিয়া।
দখিনবায়ুভরে
থরথরে কাঁপে বন,
উঠিল প্রাণ মম তারি
সম দুলিয়া।
আবার ধীরে ধীরে গেল
ফিরে আলসে,
আমার সব হিয়া
মাড়াইয়া গেল সে।
আমার যাহা ছিল সব
নিল আপনায়,
হরিল আমাদের
আকাশের আলো সে।
সহসা এ জগৎ
ছায়াবৎ হয়ে যায়,
তাহারি চরণের
শরণের লালসে।
যে জন চলিয়াছে তারি
পাছে সবে ধায়,
নিখিলে যত প্রাণ যত
গান ঘিরে তায়।
সকল রূপহার
উপহার চরণে,
ধায় গো উদাসিয়া যত
হিয়া পায় পায়।
যে জন পড়ে থাকে একা
ডাকে মরণে,
সুদূর হতে হাসি আর
বাঁশি শোনা যায়।
শবদ নাহি আর, চারি
ধার প্রাণহীন,
কেবল ধুক্ ধুক্ করে বুক নিশিদিন।
যেন গো ধ্বনি এই তারি
সেই চরণের,
কেবলি বাজে শুনি, তাই
গুনি দুই তিন।
কুড়ায়ে সব-শেষ
অবশেষ স্মরণের
বসিয়া একজন
আনমন উদাসীন।
বুঝেছি আমার নিশার স্বপন
হয়েছে ভোর।
মালা ছিল, তার ফুলগুলি গেছে,
রয়েছে ডোর।
নেই আর সেই চুপি-চুপি চাওয়া,
ধীরে কাছে এসে ফিরে ফিরে যাওয়া—
চেয়ে আছে আঁখি, নাই ও আঁখিতে
প্রেমের ঘোর।
বাহুলতা শুধু বন্ধনপাশ
বাহুতে মোর।
হাসিটুকু আর পড়ে না তো ধরা
অধরকোণে,
আপনারে আর চাহ না লুকাতে
আপন মনে।
স্বর শুনে আর উতলা হৃদয়
উথলি উঠে না সারা দেহময়,
গান শুনে আর ভাসে না নয়নে
নয়নলোর।
আঁখিজলরেখা ঢাকিতে চাহে না
শরম চোর।
বসন্ত নাহি এ ধরায় আর
আগের মতো,
জ্যোৎস্নাযামিনী যৌবনহারা
জীবনহত।
আর বুঝি কেহ বাজায় না বীণা,
কে জানে কাননে ফুল ফোটে কি না—
কে জানে সে ফুল তোলে কি না কেউ
ভরি আঁচোর।
মানসী
কে জানে সে ফুলে মালা গাঁথে কি না
সারা প্রহর।
বাঁশি বেজেছিল, ধরা দিনু যেই
থামিল বাঁশি—
এখন কেবল চরণে শিকল
কঠিন ফাঁসি।
মধু নিশা গেছে, স্মৃতি তারি আজ
মর্মে মর্মে হানিতেছে লাজ—
সুখ গেছে, আছে সুখের ছলনা
হৃদয়ে তোর।
প্রেম গেছে, শুধু আছে প্রাণপণ
মিছে আদর।
কতই না জানি জেগেছ রজনী
করুণ দুখে,
সদয় নয়নে চেয়েছ আমার
মলিন মুখে।
পরদুখভার সহে নাকো আর,
লতায়ে পড়িছে দেহ সুকুমার—
তবু আসি আমি পাষাণহৃদয়
বড়ো কঠোর।
ঘুমাও, ঘুমাও, আঁখি ঢুলে আসে
ঘুমে কাতর।
এমন দিনে তারে বলা যায়,
এমন ঘনঘোর বরিষায়!
এমন
মেঘস্বরে
বাদল-ঝরঝরে
তপনহীন ঘন তমসায়।
সে কথা শুনিবে না কেহ আর,
নিভৃত নির্জন চারি ধার।
দুজনে
মুখোমুখি
গভীর দুখে দুখী,
আকাশে জল ঝরে অনিবার।
জগতে কেহ যেন নাহি আর।
সমাজ সংসার মিছে সব,
মিছে এ জীবনের কলরব।
কেবল আঁখি
দিয়ে
আঁখির সুধা পিয়ে
হৃদয় দিয়ে হৃদি অনুভব।
আঁধারে মিশে গেছে আর সব।
বলিতে বাজিবে না নিজ কানে,
চমক লাগিবে না নিজ প্রাণে।
সে কথা আঁখিনীরে
মিশিয়া যাবে
ধীরে
এ ভরা বাদলের মাঝখানে।
সে কথা মিশে যাবে দুটি প্রাণে।
তাহাতে এ জগতে ক্ষতি কার
নামাতে পারি যদি মনোভার?
শ্রাবণবরিষনে
একদা গৃহকোণে
দু কথা বলি যদি কাছে তার
তাহাতে আসে যাবে কিবা কার?
আছে তো তার পরে বারো মাস,
মানসী
উঠিবে কত কথা কত হাস।
আসিবে কত
লোক
কত-না দুখশোক,
সে কথা কোন্ খানে পাবে নাশ।
জগৎ চলে যাবে বারো মাস।
ব্যাকুল বেগে আজি বহে বায়,
বিজুলি থেকে থেকে চমকায়।
যে কথা এ
জীবনে
রহিয়া গেল মনে
সে কথা আজি যেন বলা যায়
এমন ঘনঘোর বরিষায়।
সকল বেলা কাটিয়া গেল
বিকাল নাহি যায়।
দিনের শেষে শ্রান্তছবি
কিছুতে যেতে চায় না রবি,
চাহিয়া থাকে ধরণী-পানে,
বিদায় নাহি চায়।
মেঘেতে দিন জড়ায়ে থাকে,
মিলায়ে থাকে মাঠে—
পড়িয়া থাকে তরুর শিরে,
কাঁপিতে থাকে নদীর নীরে,
দাঁড়ায়ে থেকে দীর্ঘ ছায়া
মেলিয়া ঘাটে বাটে।
এখনো ঘুঘু ডাকিছে ডালে
করুণ একতানে।
অলস দুখে দীর্ঘ দিন
ছিল সে বসে মিলনহীন,
এখনো তার বিরহগাথা
বিরাম নাহি মানে।
বধূরা দেখো আইল ঘাটে,
এল না ছায়া তবু।
কলস-ঘায়ে ঊর্মি টুটে,
রশ্মিরাশি চূর্ণি উঠে,
শ্রান্ত বায়ু প্রান্তনীর
চুম্বি যায় কভু।
দিবসশেষে বাহিরে এসে
সেও কি এতখনে
মানসী
নীলাম্বরে অঙ্গ ঘিরে
নেমেছে সেই নিভৃত নীরে,
প্রাচীরে-ঘেরা ছায়াতে-ঢাকা
বিজন ফুলবনে?
স্নিগ্ধ জল মুগ্ধভাবে
ধরেছে তনুখানি।
মধুর দুটি বাহুর ঘায়
অগাধ জল টুটিয়া যায়,
গ্রীবার কাছে নাচিয়া উঠি
করিছে কানাকানি।
কপোলে তার কিরণ প’ড়ে
তুলেছে রাঙা করি।
মুখের ছায়া পড়িয়া জলে
নিজেরে যেন খুঁজিছে ছলে,
জলের’পরে ছড়ায়ে পড়ে
আঁচল খসি পড়ি।
জলের’পরে এলায়ে দিয়ে
আপন রূপখানি
শরমহীন আরামসুখে
হাসিটি ভাসে মধুর মুখে,
বনের ছায়া ধরার চোখে
দিয়েছে পাতা টানি।
সলিলতলে সোপান-’পরে
উদাস বেশবাস।
আধেক কায়া আধেক ছায়া
জলের’পরে রচিছে মায়া,
দেহেরে যেন দেহের ছায়া
করিছে পরিহাস।
মানসী
আম্রবন মুকুলে ভরা
গন্ধ দেয় তীরে।
গোপন শাখে বিরহী পাখি,
আপন-মনে উঠিছে ডাকি,
বিবশ হয়ে বকুল ফুল
খসিয়া পড়ে নীরে।
দিবস ক্রমে মুদিয়া আসে
মিলায়ে আসে আলো।
নিবিড় ঘন বনের রেখা
আকাশশেষে যেতেছে দেখা,
নিদ্রালস আঁখির’পরে
ভুরুর মতো কালো।
বুঝি বা তীরে উঠিয়াছে সে,
জলের কোল ছেড়ে।
ত্বরিত পদে চলেছে গেহে,
সিক্ত বাস লিপ্ত দেহে—
যৌবনলাবণ্য যেন
লইতে চাহে কেড়ে।
মাজিয়া তনু যতন ক’রে
পরিবে নব বাস।
কাঁচল পরি আঁচল টানি
আঁটিয়া লয়ে কাঁকনখানি
নিপুণ করে রচিয়া বেণী
বাঁধিবে কেশপাশ।
উরসে পরি যূথীর হার
বসনে মাথা ঢাকি
বনের পথে নদীর তীরে
মানসী
অন্ধকারে বেড়াবে ধীরে
গন্ধটুকু সন্ধ্যাবায়ে
রেখার মতো রাখি।
বাজিবে তার চরণধ্বনি
বুকের শিরে শিরে।
কখন, কাছে না আসিতে সে
পরশ যেন লাগিবে এসে,
যেমন ক’রে দখিন বায়ু
জাগায় ধরণীরে।
যেমনি কাছে দাঁড়াব গিয়ে
আর কি হবে কথা?
ক্ষণেক শুধু অবশ কায়
থমকি রবে ছবির প্রায়,
মুখের পানে চাহিয়া শুধু
সুখের আকুলতা।
দোঁহার মাঝে ঘুচিয়া যাবে
আলোর ব্যবধান।
আঁধারতলে গুপ্ত হয়ে
বিশ্ব যাবে লুপ্ত হয়ে,
আসিবে মুদে লক্ষকোটি
জাগ্রত নয়ান।
অন্ধকারে নিকট করে
আলোতে করে দূর।
যেমন, দুটি ব্যথিত প্রাণে
দুঃখনিশি নিকটে টানে,
সুখের প্রাতে যাহারা রহে
আপনা-ভরপুর।
মানসী
আঁধারে যেন দুজনে আর
দুজন নাহি থাকে।
হৃদয়মাঝে যতটা চাই
ততটা যেন পুরিয়া পাই,
প্রলয়ে যেন সকল যায়—
হৃদয় বাকি রাখে।
হৃদয় দেহ আঁধারে যেন
হয়েছে একাকার।
মরণ যেন অকালে আসি
দিয়েছে সব বাঁধন নাশি,
ত্বরিত যেন গিয়েছি দোঁহে
জগৎ-পরপার।
দু দিক হতে দুজনে যেন
বহিয়া খরধারে
আসিতেছিল দোঁহার পানে
ব্যাকুলগতি ব্যগ্রপ্রাণে,
সহসা এসে মিশিয়া গেল
নিশীথপারাবারে।
থামিয়া গেল অধীর স্রোত
থামিল কলতান—
মৌন এক মিলনরাশি
তিমিরে সব ফেলিল গ্রাসি,
প্রলয়তলে দোঁহার মাঝে
দোঁহার অবসান।
হেথা কেন দাঁড়ায়েছ, কবি,
যেন কাষ্ঠপুত্তলছবি?
চারি দিকে
লোকজন
চলিতেছে সারাখন,
আকাশে উঠিছে খর রবি।
কোথা তব বিজন ভবন,
কোথা তব মানসভুবন?
তোমারে ঘেরিয়া
ফেলি
কোথা সেই করে কেলি
কল্পনা,
মুক্ত পবন?
নিখিলের
আনন্দধাম
কোথা সেই
গভীর বিরাম?
জগতের
গীতধার
কেমনে শুনিবে আর?
শুনিতেছ
আপনারই নাম।
আকাশের
পাখি তুমি ছিলে,
ধরণীতে
কেন ধরা দিলে?
বলে সবে
বাহা-বাহা,
সকলে পড়ায় যাহা
তুমি তাই পড়িতে শিখিলে!
প্রভাতের
আলোকের সনে
অনাবৃত
প্রভাতগগনে
বহিয়া নূতন
প্রাণ
ঝরিয়া পড়ে না গান
ঊর্ধ্বনয়ন এ ভুবনে।
পথ হতে শত
কলরবে
‘গাও গাও’
বলিতেছে সবে।
ভাবিতে সময়
নাই—
গান চাই, গান চাই,
থামিতে
চাহিছে প্রাণ যবে।
মানসী
থামিলে চলিয়া যাবে সবে,
দেখিতে
কেমনতর হবে!
উচ্চ আসনে
লীন
প্রাণহীন গানহীন
পুতলির মতো বসে রবে।
শ্রান্তি
লুকাতে চাও ত্রাসে,
কন্ঠ
শুষ্ক হয়ে আসে।
শুনে যারা যায়
চলে
দু-চারিটা কথা ব’লে
তারা কি তোমায় ভালোবাসে?
কতমত
পরিয়া মুখোশ
মাগিছ
সবার পরিতোষ।
মিছে হাসি আনো
দাঁতে,
মিছে জল আঁখিপাতে,
তবু তারা
ধরে কত দোষ।
মন্দ
কহিছে কেহ ব’সে,
কেহ বা
নিন্দা তব ঘোষে।
তাই নিয়ে
অবিরত
তর্ক করিছ কত,
জ্বলিয়া
মরিছ মিছে রোষে।
মূর্খ,
দম্ভ-ভরা দেহ,
তোমারে করিয়া যায় স্নেহ।
হাত বুলাইয়া
পিঠে
কথা বলে মিঠে মিঠে,
শাবাশ-শাবাশ বলে কেহ।
হায় কবি, এত দেশ ঘুরে
আসিয়া
পড়েছ কোন্ দূরে!
এ যে
কোলাহলমরু—
নাই ছায়া, নাই তরু,
যশের
কিরণে মরো পুড়ে।
দেখো,
হোথা নদী-পর্বত,
অবারিত
অসীমের পথ।
মানসী
প্রকৃতি শান্তমুখে
ছুটায় গগনবুকে
গ্রহতারাময় তার রথ।
সবাই আপন কাজে ধায়,
পাশে কেহ ফিরিয়া না চায়।
ফুটে
চিররূপরাশি
চিরমধুময় হাসি,
আপনারে দেখিতে না পায়।
হোথা দেখো একেলা আপনি
আকাশের তারা গনি গনি
ঘোর নিশীথের
মাঝে
কে জাগে আপন কাজে,
সেথায় পশে না কলধ্বনি।
দেখো হোথা
নূতন জগৎ—
ওই কারা আত্মহারাবৎ
যশ-অপযশ-বাণী
কোনো কিছু নাহি মানি
রচিছে
সুদূর ভবিষ্যৎ।
ওই দেখো,
না পুরিতে আশ
মরণ করিল কারে গ্রাস।
নিশি না হইতে
সারা
খসিয়া পড়িল তারা,
রাখিয়া গেল না ইতিহাস।
ওই কারা
গিরির মতন
আপনাতে
আপনি বিজন—
হৃদয়ের স্রোত
উঠি
গোপন আলয় টুটি
দূর দূর করিছে মগন।
ওই কারা
বসে আছে দূরে
কল্পনা-উদয়াচল-পুরে—
অরুণপ্রকাশ-প্রায়
আকাশ ভরিয়া যায়
প্রতিদিন নব নব সুরে।
মানসী
হোথা উঠে
নবীন তপন,
হোথা হতে বহিছে পবন।
হোথা চির ভালোবাসা— নব
গান, নব আশা—
অসীম বিরামনিকেতন।
হোথা মানবের
জয়
উঠিছে জগৎময়,
ওইখানে মিলিয়াছে নরনারায়ণ।
হেথা, কবি, তোমারে কি সাজে
ধূলি আর কলরোল -মাঝে?
কী স্বপ্নে কাটালে তুমি দীর্ঘ দিবানিশি,
অহল্যা, পাষাণরূপে ধরাতলে মিশি,
নির্বাপিত-হোম-অগ্নি তাপসবিহীন
শূন্য তপোবনচ্ছায়ে? আছিলে বিলীন
বৃহৎ পৃথ্বীর সাথে হয়ে এক-দেহ,
তখন কি জেনেছিলে তার মহাস্নেহ?
ছিল কি পাষাণতলে অস্পষ্ট চেতনা?
জীবধাত্রী জননীর বিপুল বেদনা,
মাতৃধৈর্যে মৌন মূক সুখদুঃখ যত
অনুভব করেছিলে স্বপনের মতো
সুপ্ত আত্মা-মাঝে? দিবারাত্রি অহরহ
লক্ষ কোটি পরানীর মিলন, কলহ,
আনন্দবিষাদক্ষুব্ধ ক্রন্দন গর্জন,
অযুত পানেথর পদধ্বনি অনুক্ষণ—
পশিত কি অভিশাপ-নিদ্রা ভেদ করে
কর্ণে তোর? জাগাইয়া রাখিত কি তোরে
নেত্রহীন মূঢ় রূঢ় অর্ধজাগরণে?
বুঝিতে কি পেরেছিলে আপনার মনে
নিত্যনিদ্রাহীন ব্যথা মহাজননীর?
যেদিন বহিত নব বসন্তসমীর,
ধরণীর সর্বাঙ্গের পুলকপ্রবাহ
স্পর্শ কি করিত তোরে? জীবন-উৎসাহ
ছুটিত সহস্র পথে মরুদিগ্বিজয়ে
সহস্র আকারে, উঠিত সে ক্ষুব্ধ হয়ে
তোমার পাষাণ ঘেরি করিতে নিপাত
অনুর্বর-অভিশাপ তব, সে আঘাত
জাগাত কি জীবনের কম্প তব দেহে?
যামিনী আসিত যবে মানবের গেহে
ধরণী লইত টানি শ্রান্ত তনুগুলি
আপনার বক্ষ-’পরে; দুঃখশ্রম ভুলি
মানসী
ঘুমাত অসংখ্য জীব— জাগিত আকাশ—
তাদের শিথিল অঙ্গ, সুষুপ্ত নিশ্বাস
বিভোর করিয়া দিত ধরণীর বুক—
মাতৃ-অঙ্গে সেই কোটিজীবস্পর্শসুখ
কিছু তার পেয়েছিলে আপনার মাঝে?
যে গোপন অন্তঃপুরে জননী বিরাজে,
বিচিত্রিত যবনিকা পত্রপুষ্পজালে
বিবিধ বর্ণের লেখা, তারি অন্তরালে
রহিয়া অসূর্যম্পশ্য নিত্য চুপে চুপে
ভরিছে সন্তানগৃহ ধনধান্যরূপে
জীবনে যৌবনে, সেই গূঢ় মাতৃকক্ষে
সুপ্ত ছিলে এতকাল ধরণীর বক্ষে
চিররাত্রিসুশীতল বিস্মৃতি-আলয়ে;
যেথায় অনন্তকাল ঘুমায় নির্ভয়ে
লক্ষ জীবনের ক্লান্তি ধূলির শয্যায়;
নিমেষে নিমেষে যেথা ঝরে পড়ে যায়
দিবসের তাপে শুষ্ক ফুল, দগ্ধ তারা,
জীর্ণ কীর্তি, শ্রান্ত সুখ, দুঃখ দাহহারা।
সেথা স্নিগ্ধ হস্ত দিয়ে পাপতাপরেখা
মুছিয়া দিয়াছে মাতা; দিলে আজি দেখা
ধরিত্রীর সদ্যোজাত কুমারীর মতো
সুন্দর, সরল, শুভ্র; হয়ে বাক্যহত
চেয়ে আছ প্রভাতে জগতের পানে।
যে শিশির পড়েছিল তোমার পাষাণে
রাত্রিবেলা, এখন সে কাঁপিছে উল্লাসে
আজানুচুম্বিত মুক্ত কৃষ্ণ কেশপাশে।
যে শৈবাল রেখেছিল ঢাকিয়া তোমায়
ধরণীর শ্যামশোভা অঞ্চলের প্রায়
বহু বর্ষ হতে, পেয়ে বহু বর্ষাধারা
সতেজ সরস ঘন, এখনো তাহারা
মানসী
লগ্ন হয়ে আছে তব নগ্ন গৌর দেহে
মাতৃদত্ত বস্ত্রখানি সুকোমল স্নেহে।
হাসে পরিচিত হাসি নিখিল সংসার।
তুমি চেয়ে নির্নিমেষ; হৃদয় তোমার
কোন্ দূর কালক্ষেত্রে চলে গেছে একা
আপনার ধূলিলিপ্ত পদচিহ্নরেখা
পদে পদে চিনে চিনে। দেখিতে দেখিতে
চারি দিক হতে সব এল চারি ভিতে
জগতের পূর্ব পরিচয়; কৌতূহলে
সমস্ত সংসার ওই এল দলে দলে
সম্মূখে তোমার; থেমে গেল কাছে এসে
চমকিয়া। বিস্ময়ে রহিল অনিমেষে।
অপূর্ব রহস্যময়ী মূর্তি বিবসন,
নবীন শৈশবে স্নাত সম্পূর্ণ যৌবন—
পূর্ণস্ফুট পুষ্প যথা শ্যামপত্রপুটে
শৈশবে যৌবনে মিশে উঠিয়াছে ফুটে
এক বৃন্তে। বিস্মৃতিসাগরনীলনীরে
প্রথম উষার মতো উঠিয়াছ ধীরে।
তুমি বিশ্ব-পানে চেয়ে মানিছ বিস্ময়,
বিশ্ব  অভ্যর্থনা করিতেছিল। সৈন্যগণ চিৎকার করিয়া উঠিল!]
ওই শুনেছিস্? ঝরকাতে সব বলছে ডেকে বউ-দলে –
‘কে বীর তুমি! কে চলেছ চৌদোলে?’
চিনিস নে কি? এমন বোকা বোনগুলি সব? – কামাল এ যে কামাল!
পাগলি মায়ের দামাল ছেলে! ভাই যে তোদের!
তা না হলে কার হবে আর রৌশনরৌশন : উজ্জ্বল।
এমন জামালজামাল : রূপ।
?
কামাল এ যে কামাল!
উড়িয়ে দেব পুড়িয়ে দেব ঘর-বাড়ি সব সামাল।
ঘর-বাড়ি সব সামাল!!
আজ আমাদের খুন ছুটেছে, হোশহোশ : হুঁশ, কাণ্ডজ্ঞান। টুটেছে,
ডগমগিয়ে জোশজোশ : উত্তেজনা। উঠেছে!
সামনে থেকে পালাও।
শোহরতশোহরত : ঘোষণা। দাও, নওরাতিনওরাত : উৎসব-রাত্রি। আজ! হর ঘরে দীপ জ্বালাও!
সামনে থেকে পালাও!
যাও ঘরে দীপ জ্বালাও!!
[হাবিলদার-মেজর : লেফট ফর্ম! লেফট! রাইট! লেফট! ফরোয়ার্ড!]
[বাহিনীর মুখ হঠাৎ বামদিকে ফিরিয়া গেল। পার্শ্বেই পরিখার সারি। পরিখাভর্তি নিহত সৈন্যের দল পচিতেছে।]
ইস! দেখেছিস! ওই কারা ভাই সামলে চলেন পা,
ফসকে মরা আধ-মরাদের মাড়িয়ে ফেলেন বা!
ও তাই শিউরে ওঠে গা!
হাঃ হাঃ হাঃ হাঃ!
মরল যে সে মরেই গেছে!
বাঁচল যারা রইল বেঁচে
এই তো জানি সোজা হিসাব! দুঃখ কি তার? আঁ:?
মরায় দেখে ডরায় এরা! ভয় কি মরায়! বাঃ
হাঃ হাঃ হাঃ হাঃ!অগ্নিবীণা
[সম্মুখে সংকীর্ণ ভগ্ন সেতু! হাবিলদার-মেজর অর্ডার দিল : ‘ফর্ম ইনটু সিঙ্গল লাইন।’ এক একজন করিয়া বুকের পিঠের নিহত ভাইদের চাপিয়া ধরিয়া অতি সন্তর্পণে ‘স্লো মার্চ’ করিয়া পার হইতে লাগিল।]
সত্যি কিন্তু ভাই!
যখন মোদের বক্ষে বাঁধা ভাইগুলির এই মুখের পানে চাই –
কেমন সে এক ব্যথায় তখন প্রাণটা কাঁদে যে সে!
কে যেন দুই বজ্র-হাতে চেপে ধরে কলজেখানা পেষে!
নিজের হাজার ঘায়েল জখম ভুলে তখন ডুকরে কেন কেঁদেও ফেলি শেষে!
কে যেন ভাই কলজেখানা পেষে!!
ঘুমোও পিঠে, ঘুমোও বুকে, ভাইটি আমার, আহা!
বুক যে ভরে হাহাকারে যতই তোরে সাব্বাস দিই,
যতই বলি বাহা!
লক্ষ্মীমণি ভাইটি আমার, আহা!!
ঘুমোও ঘুমোও মরণ-পারের ভাইটি আমার, আহা!!
অস্ত-পারের দেশ পারায়ে বহুৎ সে দূর তোদের ঘরের রাহা,
ঘুমোও এখন ঘুমোও ঘুমোও ভাইটি ছোটো আহা!
মরণ-বধূর লাল রাঙা বর! ঘুমো!
আহা, এমন চাঁদমুখে তোর কেউ দিল না চুমো!
হতভাগা রে!
মরেও যে তুই দিয়ে গেলি বহুৎ দাগা রে
না জানি কোন্ ফুটতে-চাওয়া মানুষ-কুঁড়ির হিয়ায়!
তরুণ জীবন এমনি গেল, একটি রাতও পেলিনে রে বুকে কোনো প্রিয়ায়!
অরুণ খুনের তরুণ শহিদ! হতভাগা রে!
মরেও যে তুই দিয়ে গেলি বহুৎ দাগা রে!
তাই যত আজ লিখনেওয়ালা তোদের মরণ স্ফূর্তি-সে জোর লেখে
এক লাইনে দশ হাজারে মৃত্যু-কথা! হাসি রকম দেখে,
মরলে কুকুর ওদের, ওরা শহিদ-গাথার বই লেখে!
খবর বেরোয় দৈনিকে,
আর একটি কথায় দুঃখ জানান, ‘জোর মরেছে দশটা হাজার সৈনিকে!’
আঁখির পাতা ভিজল কিনা কোনো কালো চোখের
জানল না হায় এ জীবনে ওই সে তরুণ দশটি হাজার লোকের!
পচে মরিস পরিখাতে, মা-বোনেরাও শুনে বলে ‘বাহা’!
সৈনিকেরই সত্যিকারের ব্যথার ব্যথী কেউ কি রে নেই? আহা! –
আয় ভাই তোর বউ এল ওই সন্ধ্যা মেয়ে রক্তচেলি পরে,
আঁধার-শাড়ি পরবে এখন পশবে যে তোর গোরের বাসর-ঘরে! –
ভাবতে নারি, গোরেরগোরের : কবর, সমাধি। মাটি করবে মাটি এ মুখ কেমন করে –
সোনা মানিক ভাইটি আমার ওরে!
বিদায়-বেলায় আরেকটি বার দিয়ে যা ভাই চুমো!
অনাদরের ভাইটি আমার! মাটির মায়ের কোলে এবার ঘুমো!অগ্নিবীণা
[সেতু পার হইয়া আবার জোরে মার্চ করিতে করিতে তাহাদের রক্ত গরম হইয়া উঠিল।]
ঠিক বলেছ দোস্ত তুমি!
চোস্ত কথা! আয় দেখি তোর হস্ত চুমি!
মৃত্যু এরা জয় করেছে, কান্না কিসের?
আব্-জম্-জম্আব্-জম্-জম্ : মক্কার পবিত্র কূপের জল। আনলে এরা, আপনি পিয়ে কলশি বিষের!
কে মরেছে? কান্না কিসের?
বেশ করেছে!
দেশ বাঁচাতে আপনারই জান শেষ করেছে!
বেশ করেছে!!
শহিদ ওরাই শহিদ!
বীরের মতন প্রাণ দিয়েছে, খুন ওদেরই লোহিত!
শহিদ ওরাই শহিদ!!
[এইবার তাহাদের তাম্বু দেখা গেল। মহাবীর আনোয়ার পাশা বহু সৈন্য-সামন্ত ও সৈনিকের আত্মীয়স্বজন লইয়া বিজয়ী বীরদের অভ্যর্থনা করিতে আসিতেছেন দেখিয়া সৈন্যগণ আনন্দে আত্মহারা হইয়া ডবল মার্চ করিতে লাগিল।]
হুররো হো!
হুররো হো!
ভাই-বেরাদরভাই-বেরাদর : আত্মীয়-স্বজন। পালাও এখন দূর রহো! দূর রহো!
হুররো হো! হুররো হো!
[কামাল পাশাকে কোলে লইয়া নাচিতে লাগিল।]
হউ হো হো! কামাল জিতা রওরও : বেঁচে থাকো। !
কামাল জিতা রও!
ও কে আসে! আনোয়ার ভাই? –
আনোয়ার ভাই! জানোয়ার সব সাফ!
জোর নাচো ভাই! হর্দম দাও লাফ
আজ জানোয়ার সব সাফ
হুররো হো! হুররো হো!!
সব-কুছ আব্আব্ : এখন।
দূর রহো! – হুররো হো!! হুররো হো!
রণ জিতে জোর মন মেতেছে! – সালাম সবায় সালাম! –
নাচনা থামা রে!
জখমি-ঘায়েলজখমি-ঘায়েল : আহত।
ভাইকে আগে আস্তে নামা রে!
নাচনা থামা রে!
কে ভাই? হাঁ, হাঁ, সালাম।
– ওই শোন শোন সিপাহ-সালারসিপাহ-সালার : প্রধান সেনাপতি।
কামাল ভাই-এর কালামকালাম : হুকুম।
!
[সেনাপতির অর্ডার আসিল,
‘সাবাস! থামো! হো! হো!
সাবাস! হল্ট! এক! দো!!’]
এক নিমেষে সমস্ত কলরোল নিস্তব্ধ হইয়া গেল। তখনও কিন্তু তারায় তারায় যেন ওই বিজয়গীতির হারা-সুর বাজিয়া বাজিয়া ক্রমে ক্ষীণ হইতে ক্ষীণতর হইয়া মিশিয়া গেল।
ওই খেপেছে পাগলি মায়ের দামাল ছেলে কামাল ভাই,
অসুরপুরে শোর উঠেছে জোরসে সামাল সামাল তাই।
কামাল! তু নে কামাল কিয়া ভাই!
হো হো কামাল! তু নে কামাল কিয়া ভাই!অগ্নিবীণা
আনোয়ার
স্থান – প্রহরী-বেষ্টিত অন্ধকার কারাগৃহ, কনস্ট্যান্টিনোপল।
কাল – অমাবস্যার নিশীথ রাত্রি।
চারিদিক নিস্তব্ধ নির্বাক। সেই মৌনা নিশীথিনীকে ব্যথা দিতেছিল শুধু কাফ্রি-সান্ত্রির পায়চারির বিশ্রী খটখট শব্দ। ওই জিন্দানখানায় মহাবাহু আনোয়ারের জাতীয় সৈন্যদলের সহকারী এক তরুণ সেনানী বন্দি। তাহার কুঞ্চিত দীর্ঘ কেশ, ডাগর চোখ, সুন্দর গঠন – সমস্ত কিছুতে যেন একটা ব্যথিত-বিদ্রোহের তিক্ত ক্রন্দন ছল-ছল করিতেছিল। তরুণ প্রদীপ্ত মুখমণ্ডলে চিন্তার রেখাপাতে তাহাকে তাহার বয়স অপেক্ষা অনেকটা বেশি বয়স্ক বোধ হইতেছিল।
সেইদিনই ধামা-ধরা সরকারের কোর্ট-মার্শালের বিচারে নির্ধারিত হইয়া গিয়াছে যে পরদিন নিশিভোরে তরুণ সেনানীকে তোপের মুখে উড়াইয়া দেওয়া হইবে।
আজ হতভাগ্যের সেই মুক্তি-নিশীথ জীবনের সেই শেষরাত্রি। তাহার হাতে, পায়ে, কটিদেশে, গর্দানে মস্ত মস্ত লৌহ-শৃঙ্খল। শৃঙ্খল-ভারাতুর তরুণ সেনানী স্বপ্নে তাহার মাকে দেখিতেছিল। সহসা ‘মা’ বলিয়া চিৎকার করিয়া জাগিয়া উঠিল। তাহার পর চারিদিকে কাতর নয়নে একবার চাহিয়া দেখিল, কোথাও কেহ নাই। শুধু হিমানী-সিক্ত বায়ু হা হা স্বরে কাঁদিয়া গেল, ‘হায় মাতৃহারা!’
স্বদেশবাসীর বিশ্বাসঘাতকতা স্মরণ করিয়া তরুণ সেনানী ব্যর্থ-রোষে নিজের বামবাহু নিজে দংশন করিয়া ক্ষত-বিক্ষত করিতে লাগিল। কারাগৃহের লৌহ-শলাকায় তাহার শৃঙ্খলিত দেহভার বারে বারে নিপতিত হইয়া কারাগৃহ কাঁপাইয়া তুলিতেছিল।
এখন তাহার অস্ত্র-গুরু আনোয়ারকে মনে পড়িল। তরুণ বন্দি চিৎকার করিয়া উঠিল – ‘আনোয়ার!’
আনোয়ার! আনোয়ার!
দিলওয়ারদিলওয়ার : সাহসী। তুমি, জোর তলওয়ার হানো, আর
নেস্ত-ও-নাবুদনেস্ত-ও-নাবুদ : হয়রান। করো, মারো যত জানোয়ার!
আনোয়ার! আপশোশ!
বখতেরইবখতেরই : অদৃষ্ট।
সাফ দোষ,
রক্তেরই নাই ভাই আর সে যে তাপ জোশজোশ : উত্তেজনা।
,
ভেঙে গেছে শমশেরশমশের : তরবারি। – পড়ে আছে খাপ কোশ!
আনোয়ার! আপশোশ!
আনোয়ার! আনোয়ার!
সব যদি সুনসান, তুমি কেন কাঁদ আর?
দুনিয়াতে মুসলিম আজ পোষা জানোয়ার!
আনোয়ার! আর না! –
দিল কাঁপে কার না?
তলওয়ারে তেজ নাই! তুচ্ছ স্মার্নাস্মার্না : তুরস্কের একটি গুরুত্বপূর্ণ নগরী।,
ওই কাঁপে থর থর মদিনার দ্বার না?
আনোয়ার! আর না!
আনোয়ার! আনোয়ার!
বুক ফেড়ে আমাদের কলিজাটা টানো, আর
খুন করো – খুন করো ভীরু যত জানোয়ার!
আনোয়ার! জিঞ্জিরজিঞ্জির : শৃঙ্খল। –
পরা মোর খিঞ্জিরখিঞ্জির : শূকর। ?
শৃঙ্খলে বাজে শোনো রোনারোনা : ক্রন্দন। রিন-ঝিনকির, –
নিবু-নিবু ফোয়ারা বহ্নির ফিনকির!
গর্দানে জিঞ্জির!অগ্নিবীণা
আনোয়ার! আনোয়ার!
দুর্বল এ গিদ্ ধরেগিদ্ ধর : শৃগাল। কেন তড়পানো আর?
জোরওয়ারজোরওয়ার : বলবান। শেরশের : বাঘ।
কই? – জেরবারজেরবার : ক্ষতবিক্ষত। জানোয়ার।
আনোয়ার! মুশকিল
জাগা কঞ্জুস-দিলকঞ্জুস-দিল : কৃপণ মন।
ঘিরে আসে দাবানল তবু নাই হুঁশ তিল!
ভাই আজ শয়তান ভাই-এ মারে ঘুষ কিল!
আনোয়ার! মুশকিল!
আনোয়ার! আনোয়ার!
বেইমান মোরা, নাই জান আধ-খানও আর!
কোথা খোঁজ মুসলিম! – শুধু বুনো জানোয়ার!
আনোয়ার! সব শেষ!–
দেহে খুন অবশেষ! –
ঝুটা তেরি তলওয়ার ছিন লিয়া যব দেশ
আওরত সম ছি ছি ক্রন্দন-রব পেশ!!
আনোয়ার! সব শেষ!
আনোয়ার! আনোয়ার!
জনহীন এ বিয়াবানেবিয়াবান : মরুভূমি।
মিছে পস্তানো আর।
আজও যারা বেঁচে আছে তারা খ্যাপা জানোয়ার।
আনোয়ার! – কেউ নাই।
হাথিয়ারহাথিয়ার : অস্ত্র।
? – সেও নাই!
দরিয়াও থমথম নাই তাতে ঢেউ, ছাই!
জিঞ্জির গলে আজ বেদুইন-দেও ভাই!
আনোয়ার! কেউ নাই!
আনোয়ার! আনোয়ার!
যে বলে সে মুসলিম – জিভ ধরে টানো তার!
বেইমান জানে শুধু জানটা বাঁচানো সার!
আনোয়ার! ধিক্কার!
কাঁধে ঝুলি ভিক্ষার –
তলওয়ারে শুধু যার স্বাধীনতা শিক্ষার!
যারা ছিল দুর্দম আজ তারা দিকদারদিকদার : তিক্ত, বিরক্ত।
!
আনোয়ার! ধিক্কার!অগ্নিবীণা
আনোয়ার! আনোয়ার!
দুনিয়াটা খুনিয়ার, তবে কেন মান আর
রুধিরের লোহু আঁখি! – শয়তানি জান সার!
আনোয়ার! পঞ্জায়
বৃথা লোকে সমঝায়,
ব্যথাহত বিদ্রোহী-দিল নাচে ঝঞ্ঝায়,
খুন-খেকো তলওয়ার আজ শুধু রণ চায়,
আনোয়ার! পঞ্জায়!
আনোয়ার! আনোয়ার!
পাশা তুমি নাশা হও মুসলিম জানোয়ার,
ঘরে যত দুশমন, পরে কেন হান মার?
আনোয়ার! এসো ভাই!
আজ সব শেষও যাই –
ইসলামও ডুবে গেল, মুক্ত স্বদেশও নাই! –
তেগতেগ : তলোয়ার। ত্যজি বরিয়াছি ভিখারির বেশও তাই!
আনোয়ার! এসো ভাই!
সহসা কাফ্রি সান্ত্রির ভীম চ্যালেঞ্জ প্রলয়-ডম্বরু-ধ্বনির মতো হুংকার দিয়া উঠিল – ‘এ্যয় নৌজওয়ান, হুঁশিয়ার!’ অধীর ক্ষোভে তিক্তরোষে তরুণের দেহের রক্ত টগবগ করিয়া ফুটিয়া উঠিল। তাহার কটিদেশের, গর্দানের, পায়ের শৃঙ্খল খান খান হইয়া টুটিয়া গেল, শুধু হাতের শৃঙ্খল টুটিল না! সে সিংহ-শাবকের মতো গর্জন করিয়া উঠিল –
এ্যয় খোদা! এ্যয় আলি! লাও মেরি তলওয়ার!
সহসা তাহার ক্লান্ত আঁখির চাওয়ায় তুরস্কের বন্দিনী মাতৃ-মূর্তি ভাসিয়া উঠিল। সেই মাতৃ-মূর্তির পার্শ্বেই তাহার মায়েরও শৃঙ্খলিতা ভিখারিনি বেশ। তাঁহাদের দুইজনেরই চোখের কোণে দুই বিন্দু করিয়া করুণ অশ্রু। অভিমানী পুত্র অন্যদিকে মুখ ফিরাইয়া লইয়া কাঁদিয়া উঠিল –
ও কে? ও কে ছল আর?
না, – মা, মরা জানকে এ মিছে তরসানোতরসানো : দুঃখ দেওয়া। আর!
আনোয়ার! আনোয়ার!
কাপুরষ প্রহরীর ভীম প্রহরণ বিনিদ্র বন্দি তরুণ সেনানীর পৃষ্ঠের উপর পড়িল। অন্ধ কারাগারে বন্ধ রন্ধ্রে রন্ধ্রে তাহারই আর্ত প্রতিধ্বনি গুমরিয়া ফিরিতে লাগিল–'আঃ–আঃ–আঃ–!'
আজ নিখিল বন্দি-গৃহে ওই মাতৃ-মুক্তিকামী তরুণেরই অতৃপ্ত কাঁদন ফরিয়াদ করিয়া ফিরিতেছে। যেদিন এ ক্রন্দন থামিবে, সেদিন সে কোন্ অচিন দেশে থাকিয়া গভীর তৃপ্তির হাসি হাসিবে জানি না। তখন হয়তো হারা-মা আমার আমায় ‘তারার পানে চেয়ে চেয়ে’ ডাকিবেন। আমিও হয়তো আবার আসিব। মা কি আমায় তখন নূতন নামে ডাকিবেন? আমার প্রিয়জন কি আমায় নূতন বাহুর ডোরে বাঁধিবে? আমার চোখ জলে ভরিয়া উঠিতেছে, আর কেন যেন মনে হইতেছে, – ‘আসিবে সেদিন আসিবে।’অগ্নিবীণা
রণভেরি
[গ্রিসের বিরুদ্ধে আঙ্গোরা-তুর্ক-গভর্নমেন্ট যে যুদ্ধ চালাইতেছিলেন, সেই যুদ্ধে কামাল পাশার সাহায্যের জন্য ভারতবর্ষ হইতে দশ হাজার স্বেচ্ছাসৈনিক প্রেরণের প্রস্তাব শুনিয়া লিখিত।]
ওরে
আয়!
ওই
মহাসিন্ধুর পার হতে ঘন রণভেরি শোনা যায় –
ওরে
আয়!
ওই
ইসলাম ডুবে যায়!
যত
শয়তান
সারা
ময়দান
জুড়ি
খুন তার পিয়ে হুংকার দিয়ে জয়গান শোনা যায়!
আজ
শখ করে জুতি টক্করে
তোড়ে
শহিদের খুলি দুশমন পায় পায় –
ওরে
আয়!
তোর
জান যায় যাক পৌরুষ তোর মান যেন নাহি যায়!
ধরে
ঝঞ্ঝার ঝুঁটি দাপটিয়া শুধু মুসলিম পঞ্জায়!
তোর
মন যায় প্রাণ যায় –
তবে
বাজাও বিষাণ ওড়াও নিশান! বৃথা ভীরু সমঝায়!
রণ
দুর্মদ রণ চায়।
ওরে
আয়!
ওই
মহাসিন্ধুর পার হতে ঘন রণভেরি শোনা যায়!
তোর
ভাই ম্লান চোখে চায়,
মরি
লজ্জায়,
ওরে
সব যায়,
তবু
কবজায় তোর শমশেরশমশের : তরবারি। নাহি কাঁপে আপশোশে হায়?
রণ
দুন্দুভি শুনি খুন-খুবিখুন-খুবি : রক্তোন্মত্ততা।
নাহি
নাচে কি রে তোর মরদের ওরে দিলিরেরদিলিরের : সাহসী, নির্ভীক। গোর্দায়গোর্দায় : কলিজায়। ?
ওরে
আয়!
মোরা
দিলাবারদিলাবার : প্রাণবন্ত। খাঁড়া তলোয়ার হাতে আমাদেরই শোভা পায়!
তারা
খিঞ্জিরখিঞ্জির : শূকর। , যারা জিঞ্জিরজিঞ্জির : শিকল। -গলে ভূমি চুমি মুরছায়।
আরে
দূর দূর! যত কুক্কুর
আসি
শের-বব্বরেশের-বব্বর : সিংহ। লাথি মারে ছি ছি ছাতি চড়ে! হাতি
ঘাল হবে ফেরুফেরু : শৃগাল। -ঘায়?
ওরে
আয়!
বোলে
দ্রিম দ্রিম তানা দ্রিম দ্রিম ঘন রণ-কাড়া-নাকাড়ায়!
ওই
শের-নরশের-নর : পুরুষসিংহ। হাঁকড়ায়হাঁকড়ায় : গর্জন করছে। –
ওরে
আয়!
ছাড়
মন-দুখ
ওই
বন্দুক তোপ, সন্দুক তোর পড়ে থাক, স্পন্দুকস্পন্দুক : কাঁপুক। বুক ঘায়!
নাচ
তাতা থই থই তাতা থই –
থই
তাণ্ডব, আজ পাণ্ডব সম খাণ্ডব-দাহ চাই।
ওরে
আয়।
কর
কোরবানকোরবান : উৎসর্গ। আজ তোর জান দিল আল্লার নামে ভাই!
ওই
দীন দীন-রব আহব বিপুল বসুমতী ব্যোম ছায়!
শেল
গর্জন
করি
তর্জন
হাঁকে-,
‘বর্জন নয় অর্জন’ আজ শির তোর চায় মা-য়!অগ্নিবীণা
সব
গৌরব যায় যায়;
ওরে
আয়!
বোলে
দ্রিম দ্রিম তানা দ্রিম দ্রিম ঘন রণ-কাড়া-নাকাড়ায়!
ওরে
আয়!
ওই
কড় কড় বাজে রণ-বাজা, সাজ সাজ রণ-সজ্জায়!
ওরে
আয়!
মুখ
ঢাকিবি কি লজ্জায়?
হুর
হুররে!
কত
দূর রে
সেই
পুর রে
যথা
খুন-খোশরোজখুন-খোশরোজ : রক্ত-মহোৎসব। খেলে হররোজহররোজ : প্রতিদিন। দুশমন খুনে ভাই!
সেই
বীর-দেশে চল বীর বেশে,
আজ
মুক্ত দেশেরে মুক্তি দিতে রে বন্দিরা ওই যায়!
ওরে
আয়!
বল্
‘জয় সত্যম্ পুরুষোত্তম’, ভীরু যারা মার খায়!
নারী
আমাদেরই শুনি রণ-ভেরি হাসে খলখল, হাত-তালি দিয়ে রণে ধায়!
মোরা
রণ চাই রণ চাই,
তবে
বাজহ দামামা, বাঁধহ আমামাআমামা : শিরস্ত্রাণ। , হাথিয়ার পাঞ্জায়,
মোরা
সত্য-ন্যায়ের সৈনিক, খুন-গৈরিক বাস গায়।
ওরে
আয়!
ওই
কড় কড় বাজে রণ-বাজা, সাজ সাজ রণ-সজ্জায়!
ওরে
আয়!
অব-
রুদ্ধের দ্বারে যুদ্ধের হাঁক নকিবনকিব : তূর্যবাদক। ফুকারি যায়!
তোপ
দ্রুম দ্রুম গান গায়!
ওরে
আয়!
ওই
ঝনন রনন খঞ্জর-ঘাত পঞ্জরে মুরছায়!
হাঁকো
হাইদরহাইদর : মহাবীর হজরত আলির নাম, সিংহের হাঁক।
নাই
নাই ডর,
ওই
ভাই তোর ঘুর-চরখির সম খুন খেয়ে ঘুর খায়।
ঝুটা
দৈত্যেরে
নাশি,
সত্যেরে
দিবি
জয়-টীকা তোরা, ভয় নাই ওরে ভয় নাই হত্যায়!
ওরে
আয়!
মোরা
খুন-জোশিখুন-জোশি : রক্ত-পাগল। বীর, কঞ্জুসিকঞ্জুসি : কৃপণতা। লেখা আমাদের খুনে নাই।
দিয়ে
সত্য ও ন্যায়ের বাদশাহি, মোরা জালিমের খুন খাই।
মোরা
দুর্মদ, ভরপুর মদ
খাই
ইশ্ কেরইশ্ কের : প্রেমের। , ঘাত শমশের ফের নিই বুক নাঙ্গায়!
লাল পলটন মোরা সাচ্চা
মোরা
সৈনিক, মোরা শহিদান বীর বাচ্চা!
মরি জালিমেরজালিম : অত্যাচারী। দাঙ্গায়!
মোরা
অসি বুকে বরি হাসি মুখে মরি, ‘জয় স্বাধীনতা’ গাই।
ওরে
আয়!
ওই
মহাসিন্ধুর পার হতে ঘন রণভেরি শোনা যায়!!অগ্নিবীণা
শাত্-ইল-আরব
শাতিল-আরবশাতিল-আরব : আরব দেশের এক নদীর নাম। ! শাতিল আরব!! পূত যুগে যুগে তোমার তীর।
শহিদের লোহুলোহু : রক্ত, শোণিত। , দিলিরের খুন ঢেলেছে যেখানে আরব-বীর।
যুঝেছে এখানে তুর্ক-সেনানী,
য়ুনানিয়ুনানি : য়ুনান দেশের অধিবাসী। মিসরিমিসরি : মিসরের অধিবাসী। আরবি কেনানিকেনানি : কেনানের অধিবাসী। ;–
লুটেছে এখানে মুক্ত আজাদ বেদুইনদের চাঙ্গা-শির!
নাঙ্গা-শির –
শমশের হাতে, আঁশু-আঁখে হেথা মূর্তি দেখেছি বীর-নারীর!
শাতিল-আরব! শাতিল-আরব!! পূত যুগে যুগে তোমার তীর।
‘কূত-আমারাকূত-আমারা : কুতল-আমারা নামক স্থান, যেখানে জেনারেল টাউনসেন্ড বন্দি হন। র রক্তে ভরিয়া
দজলাদজলা : টাইগ্রিস নদী। এনেছে লোহুর দরিয়া;
উগারি সে খুন তোমাতে দজলা নাচে ভৈরব ‘মস্তানি’র।
ত্রস্তা-নীর
গর্জে রক্ত-গঙ্গা ফোরাতফোরাত : ইউফ্রেটিস নদী। , – ‘শাস্তি দিয়েছি গোস্তাখীরগোস্তাখীর : বেয়াদবি, ঔদ্ধত্য। !’
দজলা-ফরাত-বাহিনী শাতিল! পূত যুগে যুগে তোমার তীর।
বহায়ে তোমার লোহিত বন্যা
ইরাক-আজমেইরাক-আজমে : মেসোপটেমিয়া। করেছ ধন্যা –
বীরপ্রসূ দেশ হল বরেণ্যা মরিয়া মরণ মর্দমিরমর্দমির : পৌরুষ। !
মর্দ বীর
সাহারায় এরা ধুঁকে মরে তবু পরে না শিকল পদ্ধতির।
শাতিল-আরব! শাতিল-আরব!! পূত যুগে যুগে তোমার তীর।
দুশমন-লোহু ঈর্ষায় নীল
তব তরঙ্গে করে ঝিল-মিল
বাঁকে বাঁকে রোষে মোচড় খেয়েছে পিয়ে নীল খুন পিণ্ডারিরপিণ্ডারি : মারাঠা দস্যু। !
জিন্দা বীর
‘জুলফিকারজুলফিকার : বিশ্বনবীর বিশ্বজয়ী তরবারি। আর ‘হায়দরি’ হাঁক হেথা আজও হজরত আলীর –
শাতিল-আরব! শাতিল-আরব!! জিন্দা রেখেছে তোমার তীর।
ললাটে তোমার ভাস্বর টিকা
বস্ রাবস্ রা : ইরাকের দ্বিতীয় বৃহত্তম নগরী, গোলাপ ও খেজুরের জন্য প্রসিদ্ধ। -গুলের বহ্নিতে লিখা;
এ যে বসোরার খুন-খারাবি গো রক্ত-গোলাব-মঞ্জরীর
খঞ্জরির!
খঞ্জরে ঝরে খর্জুর-সম হেথা লাখো দেশ-ভক্ত-শির!
শাতিল-আরব! শাতিল-আরব!! পূত যুগে যুগে তোমার তীর।
ইরাক-বাহিনী! এ যে গো কাহিনি,
কে জানিত কবে বঙ্গ-বাহিনী
তোমারও দুঃখে ‘জননী আমার’! বলিয়া ফেলিবে তপ্ত নীর
রক্ত-ক্ষীর –
পরাধীনা ! একই ব্যথায় ব্যথিত ঢালিল দু-ফোঁটা ভক্ত-বীর!
শহিদের দেশ! বিদায়! বিদায়!! এ অভাগা আজ নোয়ায় শির।অগ্নিবীণা
খেয়া-পারের তরণী
যাত্রীরা রাত্তিরে হ’তে এল খেয়া পার,
বজ্রেরি তুর্য্যে এ গর্জ্জেছে কে আবার ?
প্রলয়েরি আহ্বান ধ্বনিল কে বিষাণে
ঝঞ্ঝা ও ঘন দেয়া স্বনিল রে ঈশানে!
নাচে পাপ-সিন্ধুতে তুঙ্গ তরঙ্গ!
মৃত্যুর মহানিশা রুদ্র উলঙ্গ!
নিঃশেষে নিশাচর গ্রাসে মহাবিশ্বে,
ত্রাসে কাঁপে তরণীর পাপী যত নিঃস্বে!
তমসাবৃতা ঘোরা 'কিয়ামত'কিয়ামত : মহাপ্রলয়। রাত্রি,
খেয়া-পারে আশা নাই ডুবিল রে যাত্রী
দমকি দমকি দেয়া হাঁকে কাঁপে দামিনী,
শিঙ্গার হুঙ্কারে থর থর যামিনী!
লঙ্ঘি এ সিন্ধুরে প্রলয়ের নৃত্যে
ওগো কার তরী ধায় নির্ভিক চিত্তে—
অবহেলি ‘ জলধির ভৈরব গর্জ্জন
প্রলয়ের ডঙ্কার ওঙ্কার তর্জ্জন!
পুণ্য পথের এ যে যাত্রীরা নিষ্পাপ,
ধর্ম্মেরি বর্ম্মে সু-রক্ষিত দিল্-সাফ!
নহে এরা শঙ্কিত বজ্র নিপাতে ও
কাণ্ডারী আহমদআহমদ : হজরত মহম্মদ। তরী ভরা পাথেয়!
আবুবকরআবুবকর : হজরতের প্রিয়তম শিষ্য, প্রথম খালিফা। উসমানউসমান : হজরতের প্রিয় শিষ্য ও জামাতা, তৃতীয় খালিফা। উমরউমর : হজরতের প্রিয় শিষ্য, দ্বিতীয় খালিফা। আলী হায়দরআলী হায়দর : হজরতের চাচাতো ভাই ও জামাতা, চতুর্থ খালিফা।
দাঁড়ী যে তরুণীর, নাই ওরে নাই ডর!
কাণ্ডারী এ তরীর পাকা মাঝি মাল্লা,
দাঁড়ী মুখে সারি গান — লা শরীক আল্লাহ্আল্লাহ্ : ঈশ্বর ভিন্ন অন্য কেহ উপাস্য নাই।!
“শাফায়ত্”শাফায়ত্ : পরিত্রাণ।-পাল-বাঁধা তরণীর মাস্তুল,
“জান্নত”জান্নত : স্বর্গ। হ’তে ফেলে হুরীহুরী : অপ্সরী। রাশ্ রাশ্ ফুল!
শিরে নত স্নেহ-আঁখি মঙ্গল-দাত্রী,
গাও জোরে সারি-গান ও-পারের যাত্রী!
বৃথা ত্রাসে প্রলয়ের সিন্ধু ও দেয়া-ভার,
ঐ হ’লো পুণ্যের যাত্রীরা খেয়া পার |অগ্নিবীণা
কোরবানী
ওরে
হত্যা নয় আজ ‘সত্যাগ্রহ’ শক্তির উদবোধন !
দুর্বল! ভীরু ! চুপ রহো, ওহো খামখা ক্ষুব্ধ মন !
ধ্বনি উঠে রণি’ দূর বাণীর, -
আজিকার এ খুন কোরবানীর !
দুম্বা-শির রুম্-বাসীর
শহীদের শির সেরা আজি !- রহমানরহমান : করুনাময়। কি রুদ্র নন ?
ব্যাস ! চুপ খামোশখামোশ :থামাও। রোদন !
আজ
শোর ওঠে জোর “খুন দে, জান দে , শির দে বৎস” শোন !
ওরে
হত্যা নয় আজ ‘সত্যাগ্রহ’ শক্তির উদবোধন !
ওরে
হত্যা নয় আজ ‘সত্যাগ্রহ’ শক্তির উদবোধন !
খন্জর মারো গদ্র্দানেই,
পন্জরে আজি দরদ নেই,
মর্দানী’ই পর্দা নেই,
ডরততোমা-পানে চেয়ে কথা নাহি কয়;
দোঁহে মুখোমুখি। অপাররহস্যতীরে
চিরপরিচয়-মাঝে নব পরিচয়।
মাটির ছেলে হয়ে জন্ম, শহর নিল মোরে
পোষ্যপুত্র ক' রে।
ইঁটপাথরের আলিঙ্গনের রাখল আড়ালটিকে
আমার চতুর্দিকে।
মন রইত ব্যাকুল হয়ে দিবস রজনীতে
মাটির স্পর্শ নিতে।
বই প'ড়ে তাই পেতে হত ভ্রমণকারীর দেখা
ছাদের উপর একা।
কষ্ট তাদের, বিপদ তাদের, তাদের শঙ্কা যত
লাগত নেশার মতো।
পথিক যে জন পথে পথেই পায় সে পৃথিবীকে,
মুক্ত সে চৌদিকে।
চলার ক্ষুধায় চলতে সে চায় দিনের পরে দিনে
অচেনাকেই চিনে।
লড়াই ক' রে দেশ করে জয়, বহায় রক্তধারা,
ভূপতি নয় তারা।
পলে পলে পার যারা হয় মাটির পরে মাটি
প্রত্যেক পদ হাঁটি —
নাইকো সেপাই, নাইকো কামান, জয়পতাকা নাহি —
আপন বোঝা বাহি
অপথেও পথ পেয়েছে, অজানাতে জানা,
মানে নাইকো মানা —
মরু তাদের, মেরু তাদের, গিরি অভ্রভেদী
তাদের বিজয়বেদী।
সবার চেয়ে মানুষ ভীষণ; সেই মানুষের ভয়
ব্যাঘাত তাদের নয়।
তারাই ভূমির বরপুত্র, তাদের ডেকে কই,
তোমরা পৃথ্বীজয়ী।
কিশোর-গাঁয়ের পুবের পাড়ায় বাড়ি
পিস্ নি বুড়ি চলেছে গ্রাম ছাড়ি।
একদিন তার আদর ছিল, বয়স ছিল ষোলো,
স্বামী মরতেই বাড়িতে বাস অসহ্য তার হল।
আর-কোনো ঠাঁই হয়তো পাবে আর-কোনো এক বাসা,
মনের মধ্যে আঁকড়ে থাকে অসম্ভবের আশা।
অনেক গেছে ক্ষয় হয়ে তার, সবাই দিল ফাঁকি,
অল্প কিছু রয়েছে তার বাকি।
তাই দিয়ে সে তুলল বেঁধে ছোট্ট বোঝাটাকে,
জড়িয়ে কাঁথা আঁকড়ে নিল কাঁখে।
বাঁ হাতে এক ঝুলি আছে, ঝুলিয়ে নিয়ে চলে,
মাঝে মাঝে হাঁপিয়ে উঠে বসে ধূলির তলে।
শুধাই যবে, কোন্ দেশেতে যাবে,
মুখে ক্ষণেক চায় সকরুণ ভাবে ;
কয় সে দ্বিধায়, “ কী জানি ভাই, হয়তো আলম্ ডাঙা,
হয়তো সান্ কিভাঙা,
কিংবা যাব পাটনা হয়ে কাশী। ”
গ্রাম-সুবাদে কোন্ কালে সে ছিল যে কার মাসি,
মণিলালের হয় দিদিমা, চুনিলালের মামি —
বলতে বলতে হঠাৎ যে যায় থামি,
স্মরণে কার নাম যে নাহি মেলে।
গভীর নিশাস ফেলে
চুপটি ক ' রে ভাবে,
এমন করে আর কতদিন যাবে
।
দূরদেশে তার আপন জনা, নিজেরই ঝঞ্ঝাটে
তাদের বেলা কাটে।
তারা এখন আর কি মনে রাখে
এতবড়ো অদরকারি তাকে।
চোখে এখন কম দেখে সে, ঝাপসা যে তার মন,
ভগ্নশেষের সংসারে তার শুকনো ফুলের বন।
ছড়ার ছবি
স্টেশন-মুখে গেল চলে পিছনে গ্রাম ফেলে,
রাত থাকতে, পাছে দেখে পাড়ায় মেয়ে ছেলে।
দূরে গিয়ে, বাঁশবাগানের বিজন গলি বেয়ে
পথের ধারে বসে পড়ে, শূন্যে থাকে চেয়ে।
বয়স তখন ছিল কাঁচা ; হালকা দেহখানা
ছিল পাখির মতো, শুধু ছিল না তার ডানা।
উড়ত পাশের ছাদের থেকে পায়রাগুলোর ঝাঁক,
বারান্দাটার রেলিং- ' পরে ডাকত এসে কাক।
ফেরিওয়ালা হেঁকে যেত গলির ওপার থেকে,
তপসিমাছের ঝুড়ি নিত গামছা দিয়ে ঢেকে।
বেহালাটা হেলিয়ে কাঁধে ছাদের 'পরে দাদা,
সন্ধ্যাতারার সুরে যেন সুর হত তাঁর সাধা।
জুটেছি বৌদিদির কাছে ইংরেজি পাঠ ছেড়ে,
মুখখানিতে-ঘের-দেওয়া তাঁর শাড়িটি লালপেড়ে।
চুরি ক ' রে চাবির গোছা লুকিয়ে ফুলের টবে
স্নেহের রাগে রাগিয়ে দিতেম নানান উপদ্রবে।
কঙ্কালী চাটুজ্জে হঠাৎ জুটত সন্ধ্যা হলে ;
বাঁ হাতে তার থেলো হুঁকো, চাদর কাঁধে ঝোলে।
দ্রুত লয়ে আউড়ে যেত লবকুশের ছড়া ;
থাকত আমার খাতা লেখা, পড়ে থাকত পড়া —
মনে মনে ইচ্ছে হত, যদিই কোনো ছলে
ভর্তি হওয়া সহজ হত এই পাঁচালির দলে
ভাব্ না মাথায় চাপত নাকো ক্লাসে ওঠার দায়ে,
গান শুনিয়ে চলে যেতুম নতুন নতুন গাঁয়ে।
স্কুলের ছুটি হয়ে গেলে বাড়ির কাছে এসে
হঠাৎ দেখি, মেঘ নেমেছে ছাদের কাছে ঘেঁষে।
আকাশ ভেঙে বৃষ্টি নামে, রাস্তা ভাসে জলে,
ঐরাবতের শুঁড় দেখা দেয় জল-ঢালা সব নলে।
অন্ধকারে শোনা যেত রিম্ ঝিমিনি ধারা,
রাজপুত্র তেপান্তরে কোথা সে পথহারা।
ম্যাপে যে-সব পাহাড় জানি, জানি যে-সব গাঙ
কুয়েন্ লুন আর মিসিসিপি ইয়াংসিকিয়াং,
জানার সঙ্গে আধেক-জানা, দূরের থেকে শোনা,
নানা রঙের নানা সুতোয় সব দিয়ে জাল-বোনা,
ছড়ার ছবি
নানারকম ধ্বনির সঙ্গে নানান চলাফেরা
সব দিয়ে এক হালকা জগৎ মন দিয়ে মোর ঘেরা,
ভাব্ নাগুলো তারই মধ্যে ফিরত থাকি থাকি,
বানের জলে শ্যাওলা যেমন, মেঘের তলে পাখি।
মাঠের শেষে গ্রাম,
সাতপুরিয়া নাম।
চাষের তেমন সুবিধা নেই কৃপণ মাটির গুণে,
পঁয়ত্রিশ ঘর তাঁতির বসত, ব্যাবসা জাজিম বুনে।
নদীর ধারে খুঁড়ে খুঁড়ে পলির মাটি খুঁজে
গৃহস্থেরা ফসল করে কাঁকুড়ে তরমুজে
ওইখানেতে বালির ডাঙা, মাঠ করছে ধু ধু,
ঢিবির 'পরে বসে আছে গাঁয়ের মোড়ল বুধু।
সামনে মাঠে ছাগল চরছে
ক ' টা —
শুকনো জমি, নেইকো
ঘাসের ঘটা।
কী যে ওরা পাচ্ছে খেতে ওরাই সেটা জানে,
ছাগল ব'লেই বেঁচে
আছে প্রাণে।
আকাশে আজ হিমের আভাস, ফ্যাকাশে তার নীল,
অনেক দূরে যাচ্ছে উড়ে
চিল।
হেমন্তের এই রোদ্ দুরটা লাগছে অতি মিঠে,
ছোটো নাতি মোগ্ লুটা তার জড়িয়ে আছে পিঠে।
স্পর্শপুলক লাগছে দেহে, মনে লাগছে ভয় —
বেঁচে থাকলে হয়।
গুটি তিনটি মরে শেষে ঐটি সাধের নাতি,
রাত্রিদিনের সাথি!
গোরুর গাড়ির ব্যাবসা বুধুর চলছে হেসে-খেলেই,
নাড়ি ছেঁড়ে এক পয়সা খরচ করতে গেলেই।
কৃপণ ব ' লে গ্রামে গ্রামে বুধুর নিন্দে রটে,
সকালে কেউ নাম করে না উপোস পাছে ঘটে।
ওর যে কৃপণতা সে তো ঢেলে দেবার তরে,
যত কিছু জমাচ্ছে সব মোগ্ লু নাতির ‘ পরে।
পয়সাটা তার বুকের রক্ত, কারণটা তার ঐ —
এক পয়সা আর কারো নয় ঐ ছেলেটার বই।
না খেয়ে, না 'পরে, নিজের শোষণ ক'রে প্রাণ
যেটুকু রয় সেইটুকু ওর প্রতি দিনের দান।
ছড়ার ছবি
দেব্ তা পাছে ঈর্ষাভরে নেয় কেড়ে মোগ্ লুকে,
আঁকড়ে রাখে বুকে।
এখনো তাই নাম দেয়নি, ডাক নামেতেই ডাকে,
নাম ভাঁড়িয়ে ফাঁকি দেবে নিষ্ঠুর দেব্ তাকে।
প্রাণ-ধারণের বোঝাখানা বাঁধা পিঠের 'পরে,
আকাল পড়ল, দিন চলে না, চলল দেশান্তরে।
দূর শহরে একটা কিছু যাবেই যাবে জুটে,
এই আশাতেই লগ্ন দেখে ভোরবেলাতে উঠে
দুর্গা ব ' লে বুক বেঁধে সে চলল ভাগ্যজয়ে,
মা ডাকে না পিছুর ডাকে অমঙ্গলের ভয়ে।
স্ত্রী দাঁড়িয়ে দুয়ার ধরে দুচোখ শুধু মোছে,
আজ সকালে জীবনটা তার কিছুতেই না রোচে।
ছেলে গেছে জাম কুড়োতে দিঘির পাড়ে উঠি,
মা তারে আজ ভুলে আছে তাই পেয়েছে ছুটি।
স্ত্রী বলেছে বারে বারে, যে ক ' রে হোক খেটে
সংসারটা চালাবে সে, দিন যাবে তার কেটে।
ঘর ছাইতে খড়ের আঁঠির জোগান দেবে সে যে,
গোবর দিয়ে নিকিয়ে দেবে দেয়াল পাঁচিল মেঝে।
মাঠের থেকে খড়কে কাঠি আনবে বেছে বেছে,
ঝাঁটা বেঁধে কুমোরটুলির হাটে আসবে বেচে।
ঢেঁকিতে ধান ভেনে দেবে বামুনদিদির ঘরে,
খুদকুঁড়ো যা জুটবে তাতেই চলবে দুর্বছরে।
দূর দেশেতে বসে বসে মিথ্যা অকারণে
কোনোমতেই ভাব্ না যেন না রয় স্বামীর মনে।
সময় হল, ঐ তো এল খেয়াঘাটের মাঝি,
দিন না যেতে রহিমগঞ্জে যেতেই হবে আজি।
সেইখানেতে চৌকিদারি করে ওদের জ্ঞাতি,
মহেশখুড়োর মেঝো জামাই, নিতাই দাসের নাতি।
নতুন নতুন গাঁ পেরিয়ে অজানা এই পথে
পৌঁছবে পাঁচদিনের পরে শহর কোনোমতে।
সেইখানে কোন্ হালসিবাগান, ওদের গ্রামের কালো,
শর্ষেতেলের দোকান সেথায় চালাচ্ছে খুব ভালো।
গেলে সেথায় কালুর খবর সবাই বলে দেবে —
তারপরে সব সহজ হবে, কী হবে আর ভেবে।
ছড়ার ছবি
স্ত্রী বললে, “ কালুদাকে খবরটা এই দিয়ো,
ওদের গাঁয়ের বাদল পালের জাঠতুত ভাই প্রিয়
বিয়ে করতে আসবে আমার ভাইঝি মল্লিকাকে
উনত্রিশে বৈশাখে। ”
যোগীনদাদার জন্ম ছিল ডেরাস্মাইলখাঁয়ে।
পশ্চিমেতে অনেক শহর অনেক গাঁয়ে গাঁয়ে
বেড়িয়েছিলেন মিলিটারি জরিপ করার কাজে,
শেষ বয়সে স্থিতি হল শিশুদলের মাঝে।
“ জুলুম তোদের সইব না আর ” হাঁক চালাতেন রোজই,
পরের দিনেই আবার চলত ঐ ছেলেদের খোঁজই।
দরবারে তাঁর কোনো ছেলের ফাঁক পড়বার জো কী —
ডেকে বলতেন, “ কোথায় টুনু, কোথায় গেল খোঁকি। ”
“ ওরে ভজু, ওরে বাঁদর, ওরে লক্ষ্মীছাড়া ”
হাঁক দিয়ে তাঁর ভারি গলায় মাতিয়ে দিতেন পাড়া।
চারদিকে তাঁর ছোটো বড়ো জুটত যত লোভী
কেউ বা পেত মার্বেল, কেউ গণেশমার্কা ছবি।
কেউ বা লজঞ্জুস,
সেটা ছিল মজলিসে তাঁর হাজরি দেবার ঘুষ।
কাজলি যদি অকারণে করত অভিমান
হেসে বলতেন “ হাঁ করো তো ”, দিতেন ছাঁচি পান।
আপনসৃষ্ট নাতনিও তাঁর ছিল অনেকগুলি,
পাগলি ছিল, পটলি ছিল, আর ছিল জঙ্গুলি।
কেয়া-খয়ের এনে দিত, দিত কাসুন্দিও,
মায়ের হাতের জারকলেবু যোগীনদাদার প্রিয়।
তখনো তাঁর শক্ত ছিল মুগুর-ভাঁজা দেহ,
বয়স যে ষাট পেরিয়ে গেছে বুঝত না তা কেহ।
ঠোঁটের কোণে মুচকি হাসি, চোখদুটি জ্বল্ জ্বলে,
মুখ যেন তাঁর পাকা আমটি, হয়নি সে থল্ থলে।
চওড়া কপাল, সামনে মাথায় বিরল চুলের টাক,
গোঁফ জোড়াটার খ্যাতি ছিল, তাই নিয়ে তাঁর জাঁক।
দিন ফুরোত, কুলুঙ্গিতে প্রদীপ দিত জ্বালি।
বেলের মালা হেঁকে যেত মোড়ের মাথায় মালী।
ছড়ার ছবি
চেয়ে রইতেম মুখের দিকে শান্তশিষ্ট হয়ে,
কাঁসর-ঘণ্টা উঠত বেজে গলির শিবালয়ে।
সেই সেকালের সন্ধ্যা মোদের সন্ধ্যা ছিল সত্যি,
দিন-ভ্যাঙানো ইলেকট্রিকের হয়নিকো উৎপত্তি।
ঘরের কোণে কোণে ছায়া, আঁধার বাড়ত ক্রমে,
মিট্ মিটে এক তেলের আলোয় গল্প উঠত জমে।
শুরু হলে থামতে তাঁরে দিতেম না তো ক্ষণেক,
সতি মিথ্যে যা-খুশি তাই বানিয়ে যেতেন অনেক।
ভূগোল হত উলটো-পালটা, কাহিনী আজগুবি,
মজা লাগত খুবই।
গল্পটুকু দিচ্ছি, কিন্তু দেবার শক্তি নাই তো
বলার ভাবে যে রঙটুকু মন আমাদের ছাইত।
হুশিয়ারপুর পেরিয়ে গেল ছন্দৌসির গাড়ি,
দেড়টা রাতে সরহরোয়ায় দিল স্টেশন ছাড়ি।
ভোর থাকতেই হয়ে গেল
পার
বুলন্দশর আম্লোরিসর্সার।
পেরিয়ে যখন ফিরোজাবাদ
এল
যোগীনদাদার বিষম খিদে পেল।
ঠোঙায়-ভরা পকৌড়ি আর চলছে মটরভাজা
এমন সময় হাজির এসে জৌনপুরের রাজা।
পাঁচশো-সাতশো লোকলস্কর, বিশপঁচিশটা হাতি
মাথার উপর ঝালর-দেওয়া প্রকাণ্ড এক হাতি।
মন্ত্রী এসেই দাদার মাথায় চড়িয়ে দিল তাজ,
বললে, ‘ যুবরাজ,
আর কতদিন রইবে প্রভু, মোতিমহল ত্যেজে। '
বলতে বলতে রামশিঙা আর ঝাঁঝর উঠল বেজে।
ব্যাপারখানা এই —
রাজপুত্র তেরো বছর রাজভবনে নেই।
সদ্য ক'রে বিয়ে,
নাথদোয়ারার সেগুনবনে শিকার করতে গিয়ে
ছড়ার ছবি
তার পরে যে কোথায় গেল, খুঁজে না পায় লোক।
কেঁদে কেঁদে অন্ধ হল রানীমায়ের চোখ.
খোঁজ পড়ে যায় যেমনি কিছু শোনে কানাঘুষায়,
খোঁজে পিণ্ডিদাদনখাঁয়ে, খোঁজে লালামুসায়।
খুঁজে খুঁজে লুধিয়ানায় ঘুরেছে পঞ্জাবে,
গুলজারপুর হয়নি দেখা, শুনছি পরে যাবে।
চঙ্গামঙ্গা দেখে এল সবাই আলমগিরে,
রাওলপিণ্ডি থেকে এল হতাশ হয়ে ফিরে।
ইতিমধ্যে যোগীনদাদা হাৎরাশ জংশনে
গেছেন লেগে চায়ের সঙ্গে পাঁউরুটি-দংশনে।
দিব্যি চলছে খাওয়া,
তারি সঙ্গে খোলা গায়ে লাগছে মিঠে হাওয়া —
এমন সময় সেলাম করলে জৌনপুরের চর ;
জোড় হাতে কয়, ‘ রাজাসাহেব, কঁহা আপ্ কা ঘর। '
দাদা ভাবলেন, সম্মানটা নিতান্ত জম্ কালো,
আসল পরিচয়টা তবে না দেওয়াই তো ভালো।
ভাবখানা তাঁর দেখে চরের ঘনালো সন্দেহ,
এ মানুষটি রাজপুত্রই, নয় কভু আর-কেহ।
রাজলক্ষণ এতগুলো একখানা এই গায়
ওরে বাস রে, দেখেনি সে আর কোনো জায়গায়।
তার পরে মাস পাঁচেক
গেছে দুঃখে সুখে কেটে,
হারাধনের খবর গেল
জৌনপুরের স্টেটে।
ইস্টেশনে নির্ভাবনায়
বসে আছেন দাদা,
কেমন করে কী যে হল
লাগল বিষম ধাঁধা।
গুর্খা ফৌজ সেলাম করে
দাঁড়ালো চারদিকে,
ইস্টেশনটা ভরে গেল
আফগানে আর শিখে।
ঘিরে তাঁকে নিয়ে গেল
কোথায় ইটার্সিতে,
দেয় কারা সব জয়ধ্বনি
উর্ দুতে ফার্সিতে।
সেখান থেকে মৈনপুরী,
শেষে লছমন্ -ঝোলায়
বাজিয়ে সানাই চড়িয়ে
দিল ময়ূরপংখি দোলায়।
ছড়ার ছবি
দশটা কাহার কাঁধে নিল
, আর পঁচিশটা কাহার
সঙ্গে চলল তাঁহার।
ভাটিণ্ডাতে দাঁড় করিয়ে
জোরালো দূরবীনে
দখিনমুখে ভালো করে
দেখে নিলেন চিনে
বিন্ধ্যাচলের পর্বত।
সেইখানেতে খাইয়ে দিল
কাঁচা আমের শর্বৎ।
সেখান থেকে এক পহরে
গেলেন জৌনপুরে
পড়ন্ত রোদ্ দুরে।
এইখানেতেই শেষে
যোগীনদাদা থেমে গেলেন
যৌবরাজ্যে এসে।
হেসে বললেন, “ কী আর বলব দাদা,
মাঝের থেকে মটর-ভাজা
খাওয়ায় পড়ল বাধা। ”
“ ও হবে না, ও হবে না ” বিষম কলরবে
ছেলেরা সব চেঁচিয়ে
উঠ্ ল, “ শেষ করতেই হবে। ”
যোগীনদা কয়, “ যাক গে,
বেঁচে আছি শেষ হয়নি ভাগ্যে।
তিনটে দিন না যেতে
যেতেই হলেম গলদ্ ঘর্ম।
রাজপুত্র হওয়া কি,
ভাই, যে-সে লোকের কর্ম।
মোটা মোটা পরোটা আর
তিন পোয়াটাক ঘি
বাংলাদেশের-হাওয়ায়-মানুষ সইতে পারে কি।
নাগরা জুতায় পা ছিঁড়ে
যায়, পাগড়ি মুটের বোঝা,
এগুলি কি সহ্য করা সোজা।
তা ছাড়া এই রাজপুত্রের
হিন্দি শুনে কেহ
হিন্দি বলেই করলে না সন্দেহ।
যেদিন দূরে শহরেতে চলছিল রামলীলা
পাহারাটা ছিল সেদিন ঢিলা।
সেই সুযোগে গৌড়বাসী তখনি এক দৌড়ে
ফিরে এল গৌড়ে।
চলে গেল সেই রাত্রেই ঢাকা —
মাঝের থেকে চর পেয়ে যায় দশটি হাজার টাকা।
কিন্তু, গুজব শুনতে পেলেম শেষে,
ছড়ার ছবি
কানে মোচড় খেয়ে টাকা ফেরত দিয়েছে সে। ”
“ কেন তুমি ফিরে এলে ”
চেঁচাই চারি পাশে,
যোগীনদাদা একটু কেবল হাসে।
তার পরে তো শুতে গেলেম
, আধেক রাত্রি ধ ' রে
শহরগুলোর নাম যত সব
মাথার মধ্যে ঘোরে।
ভারতভূমির সব ঠিকানাই ভুলি যদি দৈবে,
যোগীনদাদার ভূগোল-গোলা গল্প মনে রইবে।
বৌমাকে
গৌরবর্ণ নধর দেহ, নাম শ্রীযুক্ত রাখাল,
জন্ম তাহার হয়েছিল, সেই যে-বছর আকাল।
গুরুমশায় বলেন তারে,
“
বুদ্ধি যে নেই একেবারে;
দ্বিতীয়ভাগ করতে সারা ছ ' মাস ধরে নাকাল। ”
রেগেমেগে বলেন, “ বাঁদর, নাম দিনু তোর মাকাল। ”
নামটা শুনে ভাবলে প্রথম বাঁকিয়ে যুগল ভুরু ;
তারপর সে বাড়ি এসে নৃত্য করলে শুরু।
হঠাৎ ছেলের মাতন দেখি
সবাই তাকে শুধায়, এ কী!
সকলকে সে জানিয়ে দিল, নাম দিয়েছেন গুরু —
নতুন নামের উৎসাহে তার বক্ষ দুরুদুরু।
কোলের ‘ পরে বসিয়ে দাদা বললে কানে-কানে,
“ গুরুমশায় গাল দিয়েছেন, বুঝিসনে তার মানে! ”
রাখাল বলে, “ কখ্ খোনো না,
মা যে আমায় বলেন সোনা,
সেটা তো গাল নয় সে কথা পাড়ার সবাই জানে।
আচ্ছা, তোমায় দেখিয়ে দেব, চলো তো ঐখানে। ”
টেনে নিয়ে গেল তাকে পুকুরপাড়ের কাছে,
বেড়ার ‘ পরে লতায় যেথা মাকাল ফ ' লে আছে।
বললে, “ দাদা সত্যি বোলো,
সোনার চেয়ে মন্দ হল?
তুমি শেষে বলতে কি চাও, গাল ফলেছে গাছে। ”
“ মাকাল আমি ” ব ' লে রাখাল দু হাত তুলে নাচে।
দোয়াত কলম নিয়ে ছোটে, খেলতে নাহি চায়,
লেখাপড়ায় মন দেখে মা অবাক হয়ে যায়।
ছড়ার ছবি
খাবার বেলায় অবশেষে
দেখে ছেলের কাণ্ড এসে —
মেঝের 'পরে ঝুঁকে প'ড়ে খাতার পাতাটায়
লাইন টেনে লিখছে শুধু — মাকালচন্দ্র রায়।
একলা হোথায় বসে আছে, কেই বা জানে ওকে —
আপন-ভোলা সহজ তৃপ্তি রয়েছে ওর চোখে।
খাটুলিটা বাইরে এনে আঙিনাটার কোণে
টানছে তামাক বসে
আপন-মনে।
মাথার উপর বটের ছায়া, পিছন দিকে নদী
বইছে নিরবধি।
আয়োজনের বালাই নেইকো
ঘরে,
আমের কাঠের নড়্ নড়ে এক তক্তপোষের 'পরে
মাঝখানেতে আছে কেবল পাতা
বিধবা তার মেয়ের হাতের সেলাই করা কাঁথা।
নাতনি গেছে, রাখে তারি পোষা ময়নাটাকে,
তেমনি কচি গলায় ওকে 'দাদু' ব'লেই ডাকে।
ছেলের গাঁথা ঘরের দেয়াল, চিহ্ন আছে তারি
রঙিন মাটি দিয়ে আঁকা সিপাই সারি সারি।
সেই ছেলেটাই তালুকদারের সর্দারি পদ পেয়ে
জেলখানাতে মরছে পচে দাঙ্গা করতে যেয়ে।
দুঃখ অনেক পেয়েছে ও, হয়তো ডুবছে দেনায়,
হয়তো ক্ষতি হয়ে গেছে তিসির বেচাকেনায়।
বাইরে দারিদ্র্যের
কাটা-ছেঁড়ার আঁচড় লাগে ঢের,
তবুও তার ভিতর-মনে দাগ পড়ে না বেশি,
প্রাণটা যেমন কঠিন তেমনি কঠিন মাংসপেশী।
হয়তো গোরু বেচতে হবে মেয়ের বিয়ের দায়ে,
মাসে দুবার ম্যালেরিয়া কাঁপন লাগায় গায়ে,
ডাগর ছেলে চাকরি করতে গঙ্গাপারের-দেশে
হয়তো হঠাৎ মারা গেছে ঐ বছরের শেষে —
শুকনো করুণ চক্ষু দুটো তুলে উপর-পানে
কার খেলা এই দুঃখসুখের, কী ভাবলে সেই জানে।
বিচ্ছেদ নেই খাটুনিতে, শোকের পায় না ফাঁক,
ভাবতে পারে স্পষ্ট ক ' রে নেইকো এমন বাক্ ।
জমিদারের কাছারিতে নালিশ করতে এসে
ছড়ার ছবি
কী বলবে যে কেমন ক'রে পায় না ভেবে শেষে।
খাটুলিতে এসে বসে যখনি পায় ছুটি,
ভাব্ নাগুলো ধোঁয়ায় মেলায়, ধোঁয়ায় ওঠে ফুটি।
ওর যে আছে খোলা আকাশ, ওর যে মাথার কাছে
শিস দিয়ে যায় বুলবুলিরা আলোছায়ার নাচে,
নদীর ধারে মেঠো পথে টাট্টু চলে ছুটে,
চক্ষু ভোলায় খেতের ফসল রঙের হরির-লুটে —
জন্মমরণ ব্যেপে আছে এরা প্রাণের ধন
অতি সহজ ব'লেই তাহা জানে না ওর মন।
বেড়ার মধ্যে একটি আমের
গাছে
গম্ভীরতায় আসর জমিয়ে
আছে।
পরিতৃপ্ত মূর্তিটি তার তৃপ্ত চিকন পাতায়,
দুপুরবেলায় একটুখানি হাওয়া লাগছে মাথায়।
মাটির সঙ্গে মুখোমুখি ঘাসের আঙিনাতে
সঙ্গিনী তার শ্যামল ছায়া, আঁচলখানি পাতে।
গোরু চরে রৌদ্রছায়ায় সারা প্রহর ধরে ;
খাবার মতো ঘাস বেশি নেই, আরাম শুধুই চ ' রে।
পেরিয়ে বেড়া ওই যে
তালের গাছ,
নীল গগনে ক্ষণে ক্ষণে দিচ্ছে পাতার নাচ।
আশেপাশে তাকায় না সে, দূরে-চাওয়ার ভঙ্গি,
এমনিতরো ভাবটা যেন নয় সে মাটির সঙ্গী।
ছায়াতে না মেলায় ছায়া বসন্ত-উৎসবে,
বায়না না দেয় পাখির গানের বনের গীতরবে।
তারার পানে তাকিয়ে কেবল কাটায় রাত্রিবেলা,
জোনাকিদের 'পরে যে তার গভীর অবহেলা।
উলঙ্গ সুদীর্ঘ দেহে
সামান্য সম্বলে
তার যেন ঠাঁই
ঊর্ধ্ববাহু সন্ন্যাসীদের দলে।
ছোটো কাঠের সিঙ্গি আমার ছিল ছেলেবেলায়,
সেটা নিয়ে গর্ব ছিল বীরপুরুষি খেলায়।
গলায় বাঁধা রাঙা ফিতের দড়ি,
চিনেমাটির ব্যাঙ বেড়াত পিঠের উপর চড়ি।
ব্যাঙটা যখন পড়ে যেত ধম্ কে দিতেম কষে,
কাঠের সিঙ্গি ভয়ে পড়ত বসে।
গাঁ গাঁ করে উঠছে বুঝি, যেমনি হত মনে,
“ চুপ করো ” যেই ধম্ কানো আর চম্ কাত
সেইখনে।
আমার রাজ্যে আর যা থাকুক সিংহভয়ের কোনো
সম্ভাবনা ছিল না কখ্ খনো।
মাংস ব'লে মাটির ঢেলা দিতেম ভাঁড়ের প'রে
,
আপত্তি ও করত না তার তরে।
বুঝিয়ে দিতেম, গোপাল যেমন সুবোধ সবার চেয়ে
তেমনি সুবোধ হওয়া তো চাই যা দেব তাই খেয়ে।
ইতিহাসে এমন শাসন করে নি কেউ পাঠ,
দিবানিশি কাঠের সিঙ্গি ভয়েই ছিল কাঠ।
খুদি কইত মিছিমিছি, “ ভয় করছে, দাদা। ”
আমি বলতেম, “ আমি আছি, থামাও তোমার কাঁদা
—
যদি তোমায় খেয়েই ফেলে এমনি দেব মার
দু চক্ষে ও দেখবে অন্ধকার। ”
মেজ্ দিদি আর ছোড়্ দিদিদের খেলা পুতুল নিয়ে
,
কথায় কথায় দিচ্ছে তাদের বিয়ে
নেমন্তন্ন করত যখন যেতুম বটে খেতে,
কিন্তু তাদের খেলার পানে চাইনি কটাক্ষেতে।
পুরুষ আমি, সিঙ্গিমামা নত পায়ের কাছে,
এমন খেলার সাহস বলো ক ' জন মেয়ের আছে।
ফল ধরেছে বটের ডালে
ডালে ;
অফুরন্ত আতিথ্যে তার সকালে বৈকালে
বনভোজনে পাখিরা সব আসছে ঝাঁকে ঝাঁক—
মাঠের ধারে আমার ছিল চড়িভাতির ডাক।
যে যার আপন ভাঁড়ার থেকে যা পেল যেইখানে
মালমসলা নানারকম জুটিয়ে সবাই আনে।
জাত-বেজাতের চালে ডালে মিশোল ক'রে শেষে
ডুমুরগাছের তলাটাতে মিলল সবাই এসে।
বারে বারে ঘটি ভ'রে জল তুলে কেউ আনে,
কেউ চলেছে কাঠের খোঁজে আমবাগানের পানে।
হাঁসের ডিমের সন্ধানে কেউ গেল গাঁয়ের মাঝে,
তিন কন্যা লেগে গেল রান্নাকরার কাজে।
গাঁঠ-পাকানো শিকড়েতে মাথাটা তার থুয়ে
কেউ পড়ে যায় গল্পের বই জামের তলায় শুয়ে।
সকল-কর্ম-ভোলা
দিনটা যেন ছুটির নৌকা বাঁধন-রশি-খোলা
চলে যাচ্ছে আপনি ভেসে সে কোন্ আঘাটায়
যথেচ্ছ ভাঁটায়।
মানুষ যখন পাকা ক'রে প্রাচীর তোলে নাই
মাঠে বনে শৈলগুহায় যখন তাহার ঠাঁই,
সেইদিনকার আল্ গা-বিধির বাইরে-ঘোরা প্রাণ
মাঝে মাঝে রক্তে আজও লাগায় মন্ত্রগান।
সেইদিনকার যথেচ্ছ-রস আস্বাদনের খোঁজে
মিলেছিলেম অবেলাতে অনিয়মের ভোজে।
কারো কোনো স্বত্বদাবীর নেই যেখানে চিহ্ন,
যেখানে এই ধরাতলের সহজ দাক্ষিণ্য,
হালকা সাদা মেঘের নিচে পুরানো সেই ঘাসে,
একটা দিনের পরিচিত আমবাগানের পাশে,
মাঠের ধারে, অনভ্যাসের সেবার কাজে খেটে
কেমন ক'রে কয়টা প্রহর কোথায় গেল কেটে।
ছড়ার ছবি
সমস্ত দিন ডাকল ঘুঘু দুটি।
আশে পাশে এঁটোর লোভে কাক এল সব জুটি,
গাঁয়ের থেকে কুকুর এল, লড়াই গেল বেধে —
একটা তাদের পালালো তার পরাভবের খেদে।
রৌদ্র পড়ে এল ক্রমে, ছায়া পড়ল বেঁকে,
ক্লান্ত গোরু গাড়ি টেনে চলেছে হাট থেকে।
আবার ধীরে ধীরে
নিয়ম-বাঁধা যে-যার ঘরে চলে গেলেম ফিরে।
একটা দিনের মুছল স্মৃতি, ঘুচল চড়িভাতি,
পোড়াকাঠের ছাই পড়ে রয়, নামে আঁধার রাতি।
অচলবুড়ি, মুখখানি তার হাসির রসে ভরা
স্নেহের রসে পরিপক্ক অতিমধুর জরা।
ফুলো ফুলো দুই চোখে তার, দুই গালে আর ঠোঁটে
উছলে-পড়া হৃদয় যেন ঢেউ খেলিয়ে ওঠে।
পরিপুষ্ট অঙ্গটি তার, হাতের গড়ন মোটা,
কপালে দুই ভুরুর মাঝে উল্ কি-আঁকা ফোঁটা।
গাড়ি-চাপা কুকুর একটা মরতেছিল পথে,
সেবা ক ' রে বাঁচিয়ে তারে তুলল কোনোমতে।
খোঁড়া কুকুর সেই ছিল তার নিত্যসহচর ;
আধপাগলি ঝি ছিল এক, বাড়ি বালেশ্বর।
দাদাঠাকুর বলত, “ বুড়ি, জমল কত টাকা,
সঙ্গে ওটা যাবে না তো, বাক্সে রইল ঢাকা,
ব্রাহ্মণে দান করতে না চাও নাহয় দাও-না-ধার,
জানোই তো এই অসময়ে টাকার কী দরকার। ”
বুড়ি হেসে বলে, “ ঠাকুর, দরকার তো আছেই,
সেইজন্যে ধার না দিয়ে রাখি টাকা কাছেই। ”
সাঁৎরাপাড়ার কায়েতবাড়ির বিধবা এক মেয়ে,
এককালে সে সুখে ছিল বাপের আদর পেয়ে।
বাপ মরেছে, স্বামী গেছে, ভাইরা না দেয় ঠাঁই —
দিন চালাবে এমনতরো উপায় কিছু নাই।
শেষকালে সে ক্ষুধার দায়ে, দৈন্যদশার লাজে
চলে গেল হাঁসপাতালে রোগীসেবার কাজে।
এর পিছনে বুড়ি ছিল, আর ছিল লোক তার
কংসারি শীল বেনের ছেলে মুকুন্দ মোক্তার।
গ্রামের লোকে ছি-ছি করে, জাতে ঠেলল তাকে,
একলা কেবল অচল বুড়ি আদর করে ডাকে।
সে বলে, “ তুই বেশ করেছিস যা বলুক-না যেবা,
ভিক্ষা মাগার চেয়ে ভালো দুঃখী দেহের সেবা। ”
ছড়ার ছবি
জমিদারের মায়ের শ্রাদ্ধ, বেগার খাটার ডাক —
রাই ডোম্ নির ছেলে বললে, কাজের যে নেই ফাঁক,
পারবে না আজ যেতে। শুনে কোতলপুরের রাজা
বললে, ওকে যে ক ' রে হোক দিতেই হবে সাজা।
মিশনরির স্কুলে প ' ড়ে, কম্পোজিটরের
কাজ শিখে সে শহরেতে আয় করেছে ঢের —
তাই হবে কি ছোটোলোকের ঘাড়-বাঁকানো চাল।
সাক্ষ্য দিল হরিশ মৈত্র, দিল মাখনলাল —
ডাকলুঠের এক মোকদ্দমায় মিথ্যে জড়িয়ে ফেলে
গোষ্ঠকে তো চালান দিল সাত বছরের জেলে।
ছেলের নামের অপমানে আপন পাড়া ছাড়ি
ডোম্ নি গেল ভিন গাঁয়েতে পাততে নতুন বাড়ি।
প্রতি মাসে অচলবুড়ি দামোদরের পারে
মাসকাবারের জিনিস নিয়ে দেখে আসত তারে।
যখন তাকে খোঁটা দিল গ্রামের শম্ভু পিসে
“ রাই ডোম্ নির ‘ পরে তোমার এত দরদ কিসে ”
বুড়ি বললে, “ যারা ওকে দিল দুঃখরাশি
তাদের পাপের বোঝা আমি হালকা করে আসি। ”
পাতানো এক নাতনি বুড়ির একজ্বরি জ্বরে
ভুগতেছিল স্বরূপগঞ্জে আপন শ্বশুরঘরে।
মেয়েটাকে বাঁচিয়ে তুলল দিন রাত্রি জেগে,
ফিরে এসে আপনি পড়ল রোগের ধাক্কা লেগে।
দিন ফুরলো, দেব্ তা শেষে ডেকে নিল তাকে,
এক আঘাতে মারল যেন সকল পল্লীটাকে।
অবাক হল দাদাঠাকুর, অবাক স্বরূপকাকা,
ডোম্ নিকে সব দিয়ে গেছে বুড়ির জমা টাকা।
জিনিসপত্র আর যা ছিল দিল পাগল ঝিকে,
সঁপে দিল তারই হাতে খোঁড়া কুকুরটিকে।
ঠাকুর বললে মাথা নেড়ে, “ অপাত্রে এই দান।
পরলোকের হারালো পথ, ইহলোকের মান। ”
এই শহরে এই তো প্রথম
আসা।
আড়াইটা রাত, খুঁজে বেড়াই কোন্ ঠিকানায় বাসা।
লণ্ঠনটা ঝুলিয়ে হাতে আন্দাজে যাই চলি,
অজগরের ভূতের মতন গলির পরে গলি।
ধাঁধা ক্রমেই বেড়ে ওঠে, এক জায়গায় থেমে
দেখি পথের বাঁ দিক থেকে ঘাট গিয়েছে নেমে।
আঁধার মুখোশ-পরা বাড়ি সামনে আছে খাড়া ;
হাঁ-করা-মুখ দুয়ারগুলো, নাইকো শব্দসাড়া।
চৌতলাতে একটা ধারে জানলাখানার ফাঁকে
প্রদীপশিখা ছুঁচের মতো বিঁধছে আঁধারটাকে।
বাকি মহল যত
কালো মোটা ঘোমটা-দেওয়া দৈত্যনারীর মতো।
বিদেশীর এই বাসাবাড়ি কেউবা কয়েক মাস
এইখানে সংসার পেতেছে, করছে বসবাস ;
কাজকর্ম সাঙ্গ করি কেউবা কয়েকদিনে
চুকিয়ে ভাড়া কোন্ খানে যায়, কেই বা তাদের চিনে।
শুধাই আমি, “ আছ কি কেউ, জায়গা কোথায় পাই। ”
মনে হল জবাব এল, “ আমরা নাই নাই। ”
সকল দুয়োর জানলা হতে, যেন আকাশ জুড়ে
ঝাঁকে ঝাঁকে রাতের পাখি শূন্যে চলল উড়ে।
একসঙ্গে চলার বেগে হাজার পাখা তাই
অন্ধকারে জাগায় ধ্বনি, “ আমরা নাই নাই। ”
আমি শুধাই, “ কিসের কাজে এসেছ এইখানে। ”
জবাব এল, “ সেই কথাটা কেহই নাহি জানে।
যুগে যুগে বাড়িয়ে চলি নেই-হওয়াদের দল,
বিপুল হয়ে ওঠে যখন দিনের কোলাহল
সকল কথার উপরেতে চাপা দিয়ে যাই —
নাই, নাই, নাই। ”
পরের দিনে সেই বাড়িতে গেলাম সকালবেলা —
ছেলেরা সব পথে করছে লড়াই-লড়াই খেলা,
ছড়ার ছবি
কাঠি হাতে দুই পক্ষের চলছে ঠকাঠকি।
কোণের ঘরে দুই বুড়োতে বিষম বকাবকি —
বাজিখেলায় দিনে দিনে কেবল জেতা হারা,
দেনা-পাওনা জমতে থাকে, হিসাব হয় না সারা।
গন্ধ আসছে রান্নাঘরের, শব্দ বাসন-মাজার ;
শূন্য ঝুড়ি দুলিয়ে হাতে ঝি চলেছে বাজার।
একে একে এদের সবার মুখের দিকে চাই,
কানে আসে রাত্রিবেলার “ আমরা নাই নাই ”।
রায়বাহাদুর কিষনলালের স্যাকরা জগন্নাথ,
সোনারুপোর সকল কাজে নিপুণ তাহার হাত।
আপন বিদ্যা শিখিয়ে মানুষ করবে ছেলেটাকে
এই আশাতে সময় পেলেই ধরে আনত তাকে ;
বসিয়ে রাখত চোখের সামনে, জোগান দেবার কাজে
লাগিয়ে দিত যখন তখন ; আবার মাঝে মাঝে
ছোটো মেয়ের পুতুল-খেলার গয়না গড়াবার
ফরমাশেতে খাটিয়ে নিত ; আগুন ধরাবার
সোনা গলাবার কর্মে একটুখানি ভুলে
চড়চাপড়টা পড়ত পিঠে, টান লাগাত চুলে।
সুযোগ পেলেই পালিয়ে বেড়ায় মাধো যে কোন্ খানে
ঘরের লোকে খুঁজে ফেরে বৃথাই সন্ধানে।
শহরতলির বাইরে আছে দিঘি সাবেককেলে
সেইখানে সে জোটায় যত লক্ষ্মীছাড়া ছেলে।
গুলিডাণ্ডা খেলা ছিল, দোলনা ছিল গাছে,
জানা ছিল যেথায় যত ফলের বাগান আছে।
মাছ ধরবার ছিপ বানাত, সিসুডালের ছড়ি ;
টাট্টুঘোড়ার পিঠে চড়ে ছোটাত দড়্ বড়ি!
কুকুরটা তার সঙ্গে থাকত, নাম ছিল তার বটু —
গিরগিটি আর কাঠবেড়ালি তাড়িয়ে ফেরায় পটু।
শালিখপাখির মহলেতে মাধোর ছিল যশ,
ছাতুর গুলি ছড়িয়ে দিয়ে করত তাদের বশ।
বেগার দেওয়ার কাজে পাড়ায় ছিল না তার মতো,
বাপের শিক্ষানবিশিতেই কুঁড়েমি তার যত।
কিষনলালের ছেলে, তাকে দুলাল ব'লে ডাকে,
পাড়াসূদ্ধ ভয় করে এই বাঁদর ছেলেটাকে।
বড়োলোকের ছেলে ব'লে গুমর ছিল মনে,
অত্যাচারে তারই প্রমাণ দিত সকলখনে।
বটুর হবে সাঁতারখেলা, বটু চলছে ঘাটে,
ছড়ার ছবি
এসেছে যেই দুলালচাঁদের গোলা খেলার মাঠে
অকারণে চাবুক নিয়ে দুলাল এল তেড়ে ;
মাধো বললে, “ মারলে কুকুর ফেলব তোমায় পেড়ে। ”
উঁচিয়ে চাবুক দুলাল এল, মানল নাকো মানা,
চাবুক কেড়ে নিয়ে মাধো করলে দ-ুতিনখানা।
দাঁড়িয়ে রইল মাধো, রাগে কাঁপছে থরোথরো,
বললে, “ দেখব সাধ্য তোমার, কী করবে তা করো। ”
দুলাল ছিল বিষম ভীতু, বেগ শুধু তার পায়ে ;
নামের জোরেই জোর ছিল তার, জোর ছিল না গায়ে।
দশ-বিশজন লোক লাগিয়ে বাপ আনলে ধরে,
মাধোকে এক খাটের খুরোয় বাঁধল কষে জোরে।
বললে, “ জানিসনেকো বেটা, কাহার অন্ন ধারিস,
এত বড়ো বুকের পাটা, মনিবকে তুই মারিস।
আজ বিকালে হাটের মধ্যে হিঁচড়ে নিয়ে তোকে,
দুলাল স্বয়ং মারবে চাবুক, দেখবে সকল লোকে। ”
মনিববাড়ির পেয়াদা এল দিন হল যেই শেষ।
দেখলে দড়ি আছে পড়ি, মাধো নিরুদ্দেশ।
মাকে শুধায়, “ এ কী কাণ্ড। ' মা শুনে কয়, ‘ নিজে
আপন হাতে বাঁধন তাহার আমিই খুলেছি যে।
মাধো চাইল চলে যেতে ; আমি বললেম, যেয়ো,
এমন অপমানের চেয়ে মরণ ভালো সেও। ”
স্বামীর 'পরে হানল দৃষ্টি দারুণ অবজ্ঞার ;
বললে, “ তোমার গোলামিতে ধিক্ সহস্রবার। ”
পেরোলো বিশ-পঁচিশ বছর ; বাংলাদেশে গিয়ে
আপন জাতের মেয়ে বেছে মাধো করল বিয়ে।
ছেলে মেয়ে চলল বেড়ে, হল সে সংসারী ;
কোন্ খানে এক পাটকলে সে করতেছে সর্দারি।
এমন সময় নরম যখন হল পাটের বাজার
মাইনে ওদের কমিয়ে দিতেই, মজুর হাজার হাজার
ধর্মঘটে বাঁধল কোমর ; সাহেব দিল ডাক ;
ছড়ার ছবি
বললে, “ মাধো, ভয় নেই তোর, আলগোছে তুই থাক্ ।
দলের সঙ্গে যোগ দিলে শেষ মরবি-যে মার খেয়ে। ”
মাধো বললে, “ মরাই ভালো এ বেইমানির চেয়ে। ”
শেষপালাতে পুলিশ নামল, চলল গুঁতোগাঁতা ;
কারো পড়ল হাতে বেড়ি, কারো ভাঙল মাথা।
মাধো বললে, “ সাহেব, আমি বিদায় নিলেম কাজে,
অপমানের অন্ন আমার সহ্য হবে না যে। ”
চলল সেথায় যে-দেশ থেকে দেশ গেছে তার মুছে,
মা মরেছে, বাপ মরেছে, বাঁধন গেছে ঘুচে।
পথে বাহির হল ওরা ভরসা বুকে আঁটি,
ছেঁড়া শিকড় পাবে কি আর পুরোনো তার মাটি।
কাশীর গল্প শুনেছিলুম যোগীনদাদার কাছে,
পষ্ট মনে আছে।
আমরা তখন ছিলাম না কেউ, বয়েস তাঁহার সবে
বছর-আষ্টেক হবে।
সঙ্গে ছিলেন খুড়ি,
মোরব্বা বানাবার কাজে ছিল না তাঁর জুড়ি।
দাদা বলেন, আমলকি বেল পেঁপে সে তো আছেই,
এমন কোনো ফল ছিল না এমন কোনো গাছেই
তাঁর হাতে রস জমলে লোকের গোল না ঠেকত — এটাই
ফল হবে কি মেঠাই।
রসিয়ে নিয়ে চালতা যদি মুখে দিতেন গুঁজি
মনে হত বড়োরকম রসগোল্লাই বুঝি।
কাঁঠাল বিচিত্র মোরব্বা যা বানিয়ে দিতেন তিনি
পিঠে ব ' লে পৌষমাসে সবাই নিত কিনি।
দাদা বলেন, “ মোরব্বাটা হয়তো মিছেমিছিই,
কিন্তু মুখে দিতে যদি, বলতে কাঁঠাল বিচিই। ”
মোরব্বাতে ব্যাবসা গেল জ ' মে
বেশ কিঞ্চিৎ টাকা জমল ক্রমে।
একদিন এক চোর এসেছে তখন অনেক রাত,
জানলা দিয়ে সাবধানে সে বাড়িয়ে দিল হাত।
খুড়ি তখন চাটনি করতে তেল নিচ্ছেন মেপে,
ধড়াস করে চোরের হাতে জানলা দিলেন চেপে।
চোর বললে, ‘ উহু উহু '; খুড়ি বললেন, ‘ আহা,
বাঁ হাত মাত্র, এইখানেতেই থেকে যাক-না তাহা। '
কেঁদে-কেটে কোনোমতে চোর তো পেল খালাস ;
খুড়ি বললেন, ‘ মরবি, যদি এ ব্যাবসা তোর চালাস। '
দাদা বললেন, “ চোর পালালো, এখন গল্প থামাই,
ছ'দিন হয় নি ক্ষৌর করা, এবার গিয়ে কামাই। ”
আমরা টেনে বসাই ; বলি, “ গল্প কেন ছাড়বে। ”
ছড়ার ছবি
দাদা বলেন, “ রবার নাকি, টানলেই কি বাড়বে।
কে ফেরাতে পারে তোদের আবদারের এই জোর,
তার চেয়ে যে অনেক সহজ ফেরানো সেই চোর।
আচ্ছা তবে শোন্ , সে মাসে গ্রহণ লাগল চাঁদে,
শহর যেন ঘিরল নিবিড় মানুষ বোনা ফাঁদে।
খুড়ি গেছেন স্নান করতে বাড়ির দ্বারের পাশে,
আমার তখন পূর্ণগ্রহণ ভিড়ের রাহুগ্রাসে।
প্রাণটা যখন কণ্ঠাগত, মরছি যখন ডরে,
গুণ্ডা এসে তুলে নিল হঠাৎ কাঁধের ‘ পরে।
তখন মনে হল, এ তো বিষ্ণুদূতের দয়া,
আর-একটু দেরি হলেই প্রাপ্ত হতেম গয়া।
বিষ্ণুদূতটা ধরল যখন যমদূতের মূর্তি
এক নিমেষেই একেবারেই ঘুচল আমার ফুর্তি।
সাত গলি সে পেরিয়ে শেষে একটা এঁধোঘরে
বসিয়ে আমায় রেখে দিল খড়ের আঁঠির ‘ পরে।
চোদ্দ আনা পয়সা আছে পকেট দেখি ঝেড়ে,
কেঁদে কইলাম, ‘ ও পাঁড়েজি, এই নিয়ে দাও ছেড়ে। '
গুণ্ডা বলে, ‘ ওটা নেব, ওটা ভালো দ্রব্যই,
আরো নেব চারটি হাজার নয়শো নিরেনব্বই —
তার উপরে আর দু আনা, খুড়িটা তো মরবে,
টাকার বোঝা বয়ে সে কি বৈতরণী তরবে।
দেয় যদি তো দিক চুকিয়ে, নইলে — ' পাকিয়ে চোখ
যে ভঙ্গিটা দেখিয়ে দিলে সেটা মারাত্মক।
এমনসময়, ভাগ্যি ভালো, গুণ্ডাজির এক ভাগ্নি
মূর্তিটা তার রণচণ্ডী, যেন সে রায়বাঘ্ নি,
আমার মরণদশার মধ্যে হলেন সমাগত
দাবানলের ঊর্ধ্বে যেন কালো মেঘের মতো।
রাত্তিরে কাল ঘরে আমার উঁকি মারল বুঝি,
যেমনি দেখা অমনি আমি রইনু চক্ষু বাজি।
পরের দিনে পাশের ঘরে, কী গলা তার বাপ,
মামার সঙ্গে ঠাণ্ডা ভাষায় নয় সে বাক্যালাপ।
ছড়ার ছবি
বলছে, ‘ তোমার মরণ হয় না, কাহার বাছনি ও,
পাপের বোঝা বাড়িয়ো না আর, ঘরে ফেরৎ দিয়ো —
আহা, এমন সোনার টুকরো — ' শুনে আগুন মামা ;
বিশ্রী রকম গাল দিয়ে কয়, ‘ মিহি সুরটা থামা। '
এ'কেই বলে মিহি সুর কি, আমি ভাবছি শুনে।
দিন তো গেল কোনোমতে কড়ি বর্ গা গুনে।
রাত্রি হবে দুপুর, ভাগ্নি ঢুকল ঘরে ধীরে ;
চুপি চুপি বললে কানে, ‘ যেতে কি চাস ফিরে। '
লাফিয়ে উঠে কেঁদে বললেম, ‘ যাব যাব যাব। '
ভাগ্নি বললে, ‘ আমার সঙ্গে সিঁড়ি বেয়ে নাবো —
কোথায় তোমার খুড়ির বাসা অগস্ত্যকুণ্ডে কি,
যে ক ' রে হোক আজকে রাতেই খুঁজে একবার দেখি ;
কালকে মামার হাতে আমার হবেই মুণ্ডপাত। ' —
আমি তো, ভাই, বেঁচে গেলেম, ফুরিয়ে গেল রাত।
হেসে বললেম যোগীনদাদার গম্ভীর মুখ দেখে,
ঠিক এমনি গল্প বাবা শুনিয়েছে বই থেকে।
দাদা বললেন, ‘ বিধি যদি চুরি করেন নিজে
পরের গল্প, জানিনে ভাই, আমি করব কী যে। '
যখন দিনের শেষে
চেয়ে দেখি সমুখপানে সূর্য ডোবার দেশে
মনের মধ্যে ভাবি
অস্তসাগর-তলায় গেছে নাবি
অনেক সূর্য-ডোবার সঙ্গে অনেক
আনাগোনা,
অনেক দেখাশোনা,
অনেক কীর্তি, অনেক মূর্তি,
অনেক দেবালয়,
শক্তিমানের অনেক পরিচয়।
তাদের হারিয়ে-যাওয়ার ব্যাথায় টান
লাগে না মনে,
কিন্তু যখন চেয়ে দেখি সামনে
সবুজ বনে
ছায়ায় চরছে গোরু,
মাঝ দিয়ে তার পথ গিয়েছে সরু,
ছেয়ে আছে শুক্ নো বাঁশের পাতায়,
হাট করতে চলে মেয়ে ঘাসের আঁঠি মাথায়,
তখন মনে হঠাৎ এসে এই বেদনাই বাজে —
ঠাঁই রবে না কোনোকালেই ওই যা-কিছুর মাঝে।
ওই যা-কিছুর ছবির ছায়া দুলেছে
কোন্ কালে
শিশুর-চিত্ত-নাচিয়ে-তোলা ছড়াগুলির তালে —
তিরপূর্নির চরে
বালি ঝুর্ ঝুর্ করে,
কোন্ মেয়ে সে চিকন-চিকন চুল দিচ্ছে ঝাড়ি,
পরনে তার ঘুরে-পড়া ডুরে একটি শাড়ি।
ওই যা-কিছু ছবির আভাস দেখি সাঁঝের মুখে
মর্তধরার পিছু-ডাকা দোলা লাগায়
বুকে।
আধবুড়ো ওই মানুষটি মোর নয় চেনা —
একলা বসে ভাবছে কিংবা ভাবছে না,
মুখ দেখে ওর সেই কথাটাই ভাবছি,
মনে মনে আমি যে ওর মনের মধ্যে নাবছি।
বুঝিবা ওর মেঝোমেয়ে পাতা ছয়েক ব'কে
মাথার দিব্যি দিয়ে চিঠি পাঠিয়েছিল ওকে।
উমারানীর বিষম স্নেহের শাসন,
জানিয়েছিল, চতুর্থীতে খোকার অন্নপ্রাশন —
জিদ ধরেছে, হোক-না যেমন ক ' রেই
আসতে হবে শুক্রবার কি শনিবারের ভোরেই।
আবেদনের পত্র একটি লিখে
পাঠিয়েছিল বুড়ো তাদের কর্তাবাবুটিকে।
বাবু বললে, ‘ হয় কখনো তা কি,
মাসকাবারের ঝুড়িঝুড়ি হিসাব লেখা বাকি,
সাহেব শুনলে আগুন হবে চটে,
ছুটি নেবার সময় এ নয় মোটে। '
মেয়ের দুঃখ ভেবে
বুড়ো বারেক ভেবেছিল কাজে জবাব দেবে।
সুবুদ্ধি তার কইল কানে রাগ গেল যেই থামি,
আসন্ন পেন্ সনের আশা ছাড়াটা পাগলামি।
নিজেকে সে বললে, ‘ ওরে, এবার না হয় কিনিস
ছোটোছেলের মনের মতো একটা-কোনো জিনিস। '
যেটার কথাই ভেবে দেখে দামের কথায় শেষে
বাধায় ঠেকে এসে।
শেষকালে ওর পড়ল মনে জাপানি ঝমখুমি,
দেখলে খুশি হয়তো হবে উমি।
কেইবা জানবে দামটা যে তার কত,
বাইরে থেকে ঠিক দেখাবে খাঁটি রুপোর মতো।
এমনি করে সংশয়ে তার কেবলই মন ঠেলে,
ছড়ার ছবি
হাঁ-না নিয়ে
ভাব্ নাস্রোতে জোয়ার-ভাঁটা খেলে।
রোজ সে দেখে
টাইম্ টেবিলখানা,
ক ' দিন থেকে
ইস্ টিশনে প্রত্যহ দেয় হানা।
সামনে দিয়ে যায় আসে রোজ মেল,
গাড়িটা তার প্রত্যহ হয় ফেল।
চিন্তিত ওর মুখের ভাবটা দেখে
এমনি একটা ছবি মনে নিয়েছিলেম
এঁকে।
কৌতূহলে শেষে
একটুখানি উসখুসিয়ে একটুখানি কেশে,
শুধাই তারে ব ' সে তাহার কাছে,
“ কী ভাবতেছেন, বাড়িতে কি মন্দ খবর আছে।
”
বললে বুড়ো, “
কিচ্ছুই নয়, মশায়,
আসল কথা,
আছি শনির দশায়।
তাই ভাবছি কী করা যায়
এবার
ঘোড়দৌড়ে দশটি টাকা বাজি ফেলে দেবার।
আপনি বলুন, কিনব টিকিট আজ কি। ”
আমি বললেম, “ কাজ কী। ”
রাগে বুড়োর গরম হল মাথা ;
বললে, “ থামো, ঢের দেখেছি
পরামর্শদাতা!
কেনার সময় রইবে না আর
আজিকার এই দিন বৈ!
কিনব আমি, কিনব আমি,
যে ক ' রে হোক কিনবই। ”
আমার নৌকো বাঁধা ছিল পদ্মানদীর পারে,
হাঁসের পাঁতি উড়ে যেত মেঘের ধারে ধারে —
জানিনে মন-কেমন-করা লাগত কী সুর হাওয়ার
আকাশ বেয়ে দূর দেশেতে উদাস হয়ে যাওয়ার।
কী জানি সেই দিনগুলি সব কোন্ আঁকিয়ের লেখা,
ঝিকিমিকি সোনার রঙে হালকা তুলির রেখা।
বালির ‘ পরে বয়ে যেত স্বচ্ছ নদীর জল,
তেমনি বইত তীরে তীরে গাঁয়ের কোলাহল —
ঘাটের কাছে, মাঠের ধারে, আলো-ছায়ার স্রোতে ;
অলস দিনের উড়্ নিখানার পরশ আকাশ হতে
বুলিয়ে যেত মায়ার মন্ত্র আমার দেহে-মনে।
তারই মধ্যে আসত ক্ষণে ক্ষণে
দূর কোকিলের সুর,
মধুর হত আশ্বিনে রোদ্ দুর।
পাশ দিয়ে সব নৌকো বড়ো বড়ো
পরদেশিয়া নানা খেতের ফসল ক ' রে জড়ো
পশ্চিমে হাট বাজার হতে, জানিনে তার নাম,
পেরিয়ে আসত ধীর গমনে গ্রামের পরে গ্রাম
ঝপ্ ঝপিয়ে দাঁড়ে।
খোরাক কিনতে নামত দাঁড়ি ছায়ানিবিড় পাড়ে।
যখন হত দিনের অবসান
গ্রামের ঘাটে বাজিয়ে মাদল গাইত হোলির গান।
ক্রমে রাত্রি নিবিড় হয়ে নৌকো ফেলত ঢেকে,
একটি কেবল দ্বীপের আলো জ্বলত ভিতর থেকে।
শিকলে আর স্রোতে মিলে চলত টানের শব্দ ;
স্বপ্নে যেন ব ' কে উঠত রজনী নিস্তব্ধ।
পুবে হাওয়ায় এল ঋতু, আকাশ-জোড়া মেঘ ;
ঘরমুখো ওই নৌকোগুলোয় লাগল অধীর বেগ।
ইলিশমাছ আর পাকা কাঁঠাল জমল পারের হাটে,
ছড়ার ছবি
কেনাবেচার ভিড় লাগল নৌকো-বাঁধা ঘাটে।
ডিঙি বেয়ে পাটের আঁঠি আনছে ভারে ভারে,
মহাজনের দাঁড়িপাল্লা উঠল নদীর ধারে।
হাতে পয়সা এল, চাষি ভাব্ না নাহি মানে,
কিনে নতুন ছাতা জুতো চলেছে ঘর-পানে।
পরদেশিয়া নৌকোগুলোর এল ফেরার দিন,
নিল ভরে খালি-করা কেরোসিনের টিন ;
একটা পালের ‘ পরে ছোটো আরেকটা পাল তুলে
চলার বিপুল গর্বে তরীর বুক উঠেছে ফুলে।
মেঘ ডাকছে গুরু গুরু, থেমেছে দাঁড় বাওয়া,
ছুটছে ঘোলা জলের ধারা, বইছে বাদল হাওয়া।
বিদেশ-মুখো মন যে আমার কোন্ বাউলের চেলা,
গ্রাম-ছাড়ানো পথের বাতাস সর্বদা দেয় ঠেলা।
তাই তো সেদিন ছুটির দিনে টাইমটেবিল প'ড়ে
প্রাণটা উঠল নড়ে।
বাক্সো নিলেম ভর্তি করে, নিলেম ঝুলি থলে,
বাংলাদেশের বাইরে গেলেম গঙ্গাপারে চ'লে।
লোকের মুখে গল্প শুনে গোলাপ-খেতের টানে
মনটা গেল এক দৌড়ে গাজিপুরের পানে।
সামনে চেয়ে চেয়ে দেখি, গম-জোয়ারির খেতে
নবীন অঙ্কুরেতে
বাতাস কখন হঠাৎ এসে সোহাগ করে যায়
হাত বুলিয়ে কাঁচা শ্যামল কোমল কচি গায়।
আটচালা ঘর, ডাহিন দিকে সবজি-বাগানখানা
শুশ্রূষা পায় সারা দুপুর, জোড়া-বলদটানা
আঁকাবাঁকা কল্ কলানি করুণ জলের ধারায় —
চাকার শব্দে অলস প্রহর ঘুমের ভারে ভারায়।
ইঁদারাটার কাছে
বেগনি ফলে তুঁতের শাখা রঙিন হয়ে আছে।
অনেক দূরে জলের রেখা চরের কূলে কূলে,
ছবির মতো নৌকো চলে পাল-তোলা মাস্তুলে।
সাদা ধুলো হাওয়ায় ওড়ে, পথের কিনারায়
গ্রামটি দেখা যায়।
খোলার চালের কুটীরগুলি লাগাও গায়ে গায়ে
মাটির প্রাচীর দিয়ে ঘেরা আমকাঁঠালের ছায়ে।
গোরুর গাড়ি পড়ে আছে মহানিমের তলে,
ডোবার মধ্যে পাতা-পচা পাঁক-জমানো জলে
গম্ভীর ঔদাস্যে অলস আছে মহিষগুলি
এ ওর পিঠে আরামে ঘাড়
তুলি।
বিকেল-বেলায় একটুখানি কাজের অবকাশে
খোলা দ্বারের পাশে
ছড়ার ছবি
দাঁড়িয়ে আছে পাড়ার
তরুণ মেয়ে
আপন-মনে অকারণে বাহির-পানে চেয়ে
অশথতলায় বসে তাকাই ধেনুচারণ মাঠে,
আকাশে মন পেতে দিয়ে সমস্ত দিন কাটে।
মনে হ ' ত, চতুর্দিকে হিন্দি ভাষায় গাঁথা
একটা যেন সজীব পুঁথি, উলটিয়ে যাই পাতা —
কিছু বা তার ছবি-আঁকা কিছু বা তার লেখা,
কিছু বা তার আগেই যেন ছিল কখন্ শেখা।
ছন্দে তাহার রস পেয়েছি, আউড়িয়ে যায় মন।
সকল কথার অর্থ বোঝার নাইকো প্রয়োজন।
আতার বিচি নিজে পুঁতে পাব তাহার ফল,
দেখব ব ' লে ছিল মনে বিষম কৌতূহল।
তখন আমার বয়স ছিল নয়,
অবাক লাগত কিছুর থেকে কেন কিছুই হয়।
দোতলাতে পড়ার ঘরের বারান্দাটা বড়ো,
ধুলো বালি একটা কোণে করেছিলুম জড়ো।
সেথায় বিচি পুঁতেছিলুম অনেক যত্ন করে,
গাছ বুঝি আজ দেখা দেবে, ভেবেছি রোজ ভোরে।
বারান্দাটার পূর্বধারে টেবিল ছিল পাতা,
সেইখানেতে পড়া চলত ; পুঁথিপত্র খাতা
রোজ সকালে উঠত জমে দুর্ভাবনার মতো ;
পড়া দিতেন, পড়া নিতেন মাস্টার মন্মথ।
পড়তে পড়তে বারে বারে চোখ যেত ওই দিকে,
গোল হত সব বানানেতে, ভুল হত সব ঠিকে।
অধৈর্য অসহ্য হত, খবর কে তার জানে
কেন আমার যাওয়া-আসা ওই কোণটার পানে।
দু মাস গেল, মনে আছে, সেদিন শুক্রবার —
অঙ্কুরটি দেখা দিল নবীন সুকুমার।
অঙ্ক-কষার বারান্দাতে চুনসুরকির কোণে
অপূর্ব সে দেখা দিল, নাচ লাগালো মনে।
আমি তাকে নাম দিয়েছি আতা গাছের খুকু,
ক্ষণে ক্ষণে দেখতে যেতেম, বাড়ল কতটুকু।
দুদিন বাদেই শুকিয়ে যেত সময় হলে তার,
এ জায়গাতে স্থান নাহি ওর করত আবিষ্কার ;
কিন্তু যেদিন মাস্টার ওর দিলেন মৃত্যুদণ্ড,
কচিকচি পাতার কুঁড়ি হল খণ্ড খণ্ড,
আমার পড়ার ত্রুটির জন্যে দায়ী করলেন ওকে,
বুক যেন মোর ফেটে গেল, অশ্রু ঝরল চোখে।
দাদা বললেন, কী পাগলামি, শান-বাঁধানো মেঝে,
হেথায় আতার বীজ লাগানো ঘোর বোকামি এ যে।
ছড়ার ছবি
আমি ভাবলুম সারা দিনটা বুকের ব্যথা নিয়ে,
বড়োদের এই জোর খাটানো অন্যায় নয় কি এ।
মূর্খ আমি ছেলেমানুষ, সত্য কথাই সে তো,
একটু সবুর করলেই তা আপনি ধরা যেত।
ছবি আঁকার মানুষ ওগো পথিক চিরকেলে,
চলছ তুমি আশেপাশে দৃষ্টির জাল
ফেলে।
পথ-চলা সেই দেখাগুলো লাইন দিয়ে এঁকে
পাঠিয়ে দিলে দেশ-বিদেশের থেকে।
যাহা-তাহা যেমন-তেমন আছে কতই কী যে,
তোমার চোখে ভেদ ঘটে নাই চণ্ডালে
আর দ্বিজে।
ওই যে গরিবপাড়া,
আর কিছু নেই ঘেঁষাঘেঁষি কয়টা কুটীর ছাড়া।
তার ওপারে শুধু
চৈত্রমাসের মাঠ করছে ধু ধু।
এদের পানে চক্ষু মেলে কেউ কভু কি দাঁড়ায়,
ইচ্ছে ক ' রে এ ঘরগুলোর ছায়া কি কেউ মাড়ায়।
তুমি বললে, দেখার ওরা অযোগ্য নয় মোটে ;
সেই কথাটিই তুলির রেখায় তক্ষনি যায় রটে।
হঠাৎ তখন ঝেঁকে উঠে আমরা বলি, তাই তো,
দেখার মতোই জিনিস বটে, সন্দেহ তার নাই তো।
ওই যে কারা পথে চলে, কেউ করে বিশ্রাম,
নেই বললেই হয় ওরা সব, পোঁছে না কেউ নাম —
তোমার কলম বললে, ওরা খুব আছে এই জেনো ;
অমনি বলি, তাই বটে তো, সবাই চেনো-চেনো।
ওরাই আছে, নেইকো কেবল বাদশা কিংবা নবাব ;
এই ধরণীর মাটির কোলে থাকাই ওদের স্বভাব।
অনেক খরচ ক ' রে রাজা আপন ছবি আঁকায়,
তার পানে কি রসিক লোকে কেউ কখনো তাকায়।
সে-সব ছবি সাজে-সজ্জায় বোকার লাগায় ধাঁধাঁ,
আর এরা সব সত্যি মানুষ সহজ রূপেই বাঁধা।
ওগো চিত্রী, এবার তোমার কেমন খেয়াল এ যে,
এঁকে বসলে ছাগল একটা উচ্চশ্রবা র্ত্যেজে।
জন্তুটা তো পায় না খাতির হঠাৎ চোখে ঠেকলে,
ছড়ার ছবি
সবাই ওঠে হাঁ হাঁ ক ' রে সবজি-খেতে দেখলে।
আজ তুমি তার ছাগলামিটা ফোটালে যেই দেহে
এক মুহূর্তে চমক লেগে বলে উঠলেম, কে হে।
ওরে ছাগলওয়ালা, এটা তোরা ভাবিস কার —
আমি জানি, একজনের এই প্রথম আবিষ্কার।
এককালে এই অজয়নদী ছিল যখন জেগে
স্রোতের প্রবল বেগে
পাহাড় থেকে আনত সদাই ঢালি
আপন জোরের গর্ব ক'রে চিকন-চিকন বালি।
অচল বোঝা বাড়িয়ে দিয়ে যখন ক্রমে ক্রমে
জোর গেল তার কমে,
নদীর আপন আসন বালি নিল হরণ করে,
নদী গেল পিছনপানে সরে
;
অনুচরের মতো
রইল তখন আপন বালির
নিত্য-অনুগত।
কেবল যখন বর্ষা নামে ঘোলা জলের পাকে
বালির প্রতাপ ঢাকে।
পূর্বযুগের আক্ষেপে তার ক্ষোভের মাতন আসে,
বাঁধনহারা ঈর্ষা ছোটে সবার সর্বনাশে।
আকাশেতে গুরুগুরু মেঘের ওঠে ডাক,
বুকের মধ্যে ঘুরে ওঠে হাজার ঘূর্ণিপাক।
তারপরে আশ্বিনের দিনে শুভ্রতার উৎসবে
সুর আপনার পায় না খুঁজে শুভ্র আলোর স্তবে।
দূরে তীরে কাশের দোলা, শিউলি ফুটে দূরে,
শুষ্ক বুকে শরৎ নামে বালিতে রোদ্ দুরে।
চাঁদের কিরণ পড়ে যেথায় একটু আছে জল
যেন বন্ধ্যা কোন্ বিধবার লুটানো অঞ্চল।
নিঃস্ব দিনের লজ্জা সদাই বহন করতে হয়,
আপনাকে হায় হারিয়ে-ফেলা অকীর্তি অজয়।
দেখ্ রে চেয়ে নামল বুঝি ঝড়,
ঘাটের পথে বাঁশের শাখা ঐ করে ধড়ফড়।
আকাশতলে বজ্রপাণির ডঙ্কা উঠল বাজি,
শীঘ্র তরী বেয়ে চল্ রে মাঝি।
ঢেউয়ের গায়ে ঢেউগুলো সব গড়ায় ফুলে ফুলে,
পুবের চরে কাশের মাথা উঠছে দুলে দুলে।
ঈশান কোণে উড়তি বালি আকাশখানা ছেয়ে
হু হু করে আসছে ছুটে ধেয়ে।
কাকগুলো তার আগে আগে উড়ছে প্রাণের ডরে,
হার মেনে শেষ আছাড় খেয়ে পড়ে মাটির 'পরে।
হাওয়ার বিষম ধাক্কা তাদের লাগছে ক্ষণে ক্ষণে
উঠছে পড়ছে, পাখার ঝাপট দিতেছে প্রাণপণে।
বিজুলি ধায় দাঁত মেলে তাঁর ডাকিনীটার মতো,
দিক্ দিগন্ত চমকে ওঠে হঠাৎ মর্মাহত।
ওই রে মাঝি, খেপল গাঙের জল,
লগি দিয়ে ঠেকা নৌকো, চরের কোলে চল।
সেই যেখানে জলের শাখা, চখাচখির বাস,
হেথা-হোথায় পলিমাটি দিয়েছে আশ্বাস
কাঁচা সবুজ নতুন ঘাসে ঘেরা।
তলের চরে বালুতে রোদ পোহায় কচ্ছপেরা।
হোথায় জেলে বাঁশ টাঙিয়ে শুকোতে দেয় জাল,
ডিঙির ছাতে বসে বসে সেলাই করে পাল —
রাত কাটাব ওইখানেতেই করব রাঁধাবাড়া,
এখনি আজ নেই তো যাবার তাড়া।
ভোর থাকতেই কাক ডাকতেই নৌকো দেব ছাড়ি,
ইঁটেখোলার মেলায় দেব সকাল সকাল পাড়ি।
বইছে নদী বালির মধ্যে, শূন্য বিজন মাঠ,
নাই কোনো ঠাঁই ঘাট।
অল্প জলের ধারাটি বয়, ছায়া দেয় না গাছে,
গ্রাম নেইকো কাছে।
রুক্ষ হাওয়ায় ধরার বুকে সূক্ষ্ম কাঁপন কাঁপে
চোখ-ধাঁধানো তাপে।
কোথাও কোনো শব্দ-যে নেই তারই শব্দ বাজে
ঝাঁ-ঝাঁ ক'রে সারাদুপুর দিনের বক্ষোমাঝে।
আকাশ যাহার একলা অতিথ শুষ্ক বালুর স্তূপে
দিগ্ বধূ রয় অবাক হয়ে বৈরাগিণীর রূপে।
দূরে দূরে কাশের ঝোপে শরতে ফুল ফোটে,
বৈশাখে ঝড় ওঠে।
আকাশ ব্যেপে ভূতের মাতন বালুর ঘূর্ণি ঘোরে ;
নৌকো ছুটে আসে না তো সামাল সামাল ক ' রে।
বর্ষা হলে বন্যা নামে দূরের পাহাড় হতে,
কূল-হারানো স্রোতে
জলে স্থলে হয় একাকার ; দমকা হাওয়ার বেগে
সওয়ার যেন চাবুক লাগায় দৌড়-দেওয়া মেঘে।
সারা বেলাই বৃষ্টিধারা ঝাপট লাগায় যবে
মেঘের ডাকে সুর মেশে না ধেনুর হাম্বারবে।
খেতের মধ্যে কল্ কলিয়ে ঘোলা স্রোতের জল
ভাসিয়ে নিয়ে আসে না তো শ্যাওলা-পানার দল।
রাত্রি যখন ধ্যানে বসে তারাগুলির মাঝে
তীরে তীরে প্রদীপ
জ্বলে না যে —
সমস্ত নিঃঝুম
জাগাও নেই কোনোখানে, কোত্থাও নেই ঘুম।
অন্ধকারের সিন্ধুতীরে একলাটি ওই মেয়ে
আলোর নৌকা ভাসিয়ে দিল আকাশপানে চেয়ে।
মা যে তাহার স্বর্গে গেছে এই কথা সে জানে,
ওই প্রদীপের খেয়া বেয়ে আসবে ঘরের পানে।
পৃথিবীতে অসংখ্য লোক, অগণ্য তার পথ,
অজানা দেশ কত আছে অচেনা পর্বত,
তারই মধ্যে স্বর্গ থেকে ছোট্ট ঘরের কোণ
যায় কি দেখা যেথায় থাকে দুটিতে ভাইবোন।
মা কি তাদের খুঁজে খুঁজে বেড়ায় অন্ধকারে,
তারায় তারায় পথ হারিয়ে যায় শূন্যের পারে।
মেয়ের হাতের একটি আলো জ্বালিয়ে দিল রেখে,
সেই আলো মা নেবে চিনে অসীম দূরের থেকে।
ঘুমের মধ্যে আসবে ওদের চুমো খাবার তরে
রাতে রাতে মা-হারা সেই বিছানাটির ‘পরে।
গয়লা ছিল শিউনন্দন, বিখ্যাত তার নাম
গোয়ালবাড়ি ছিল যেন একটা গোটা গ্রাম।
গোরু-চরার প্রকাণ্ড খেত, নদীর ওপার চরে,
কলাই শুধু ছিটিয়ে দিত পলি জমির ‘ পরে।
জেগে উঠত চারা তারই, গজিয়ে উঠত ঘাস,
ধেনুদলের ভোজ চলত মাসের পরে মাস।
মাঠটা জুড়ে বাঁধা হত বিশ-পঞ্চাশ চালা,
জমত রাখাল ছেলেগুলোর মহোৎসবের পালা।
গোপাষ্টমীর পর্বদিনে প্রচুর হত দান,
গুরুঠাকুর গা ডুবিয়ে দুধে করত স্নান।
তার থেকে সর ক্ষীর নবনী তৈরি হত কত,
প্রসাদ পেত গাঁয়ে গাঁয়ে গয়লা ছিল যত।
বছর তিনেক অনাবৃষ্টি, এল মন্বন্তর ;
শ্রাবণ মাসে শোণনদীতে বান এল তারপর।
ঘুলিয়ে ঘুলিয়ে পাকিয়ে পাকিয়ে গর্জি ছুটল ধারা,
ধরণী চায় শূন্য-পানে সীমার চিহ্নহারা।
ভেসে চলল গোরু বাছুর, টান লাগল গাছে ;
মানুষে আর সাপে মিলে শাখা আঁকড়ে আছে।
বন্যা যখন নেমে গেল বৃষ্টি গেল থামি,
আকাশজুড়ে দৈত্যে-দেবের ঘুচল সে পাগলামি।
শিউনন্দন দাঁড়ালো তার শূন্য ভিটেয় এসে —
তিনটে শিশুর ঠিকানা নেই, স্ত্রী গেছে তার ভেসে।
চুপ করে সে রইল বসে, বুদ্ধি পায় না খুঁজি ;
মনে হল, সব কথা তার হারিয়ে গেল বুঝি।
ছেলেটা তার ভীষণ জোয়ান, সামরু বলে তাকে ;
এক-গলা এই জলে-ডোবা সকল পাড়াটাকে
মথন করে ফিরে ফিরে তিনটে গোরু নিয়ে
ঘরে এসে দেখলে, দু হাত চোখে ঢাকা দিয়ে
ইষ্টদেবকে স্মরণ ক'রে নড়ছে বাপের মুখ ;
ছড়ার ছবি
তাই দেখে ওর একেবারে জ্বলে উঠল বুক —
বলে উঠল, “ দেবতাকে তোর কেন মরিস ডাকি।
তার দয়াটা বাঁচিয়ে যেটুক আজও রইল বাকি
ভার নেব তার নিজের 'পরেই, ঘটুক-নাকো যাই আর,
এর বাড়া তো সর্বনাশের সম্ভাবনা নাই আর। ”
এই বলে সে বাড়ি ছেড়ে পাঁকের পথে ঘুরে
চিহ্ন-দেওয়া নিজের গোরু অনেক দূরে দূরে
গোটা পাঁচেক খোঁজ পেয়ে তার আনলে তাদের কেড়ে,
মাথা ভাঙবে ভয় দেখাতেই সবাই দিল ছেড়ে।
ব্যাবসাটা ফের শুরু করল নেহাত গরিব চালে,
আশা রইল উঠবে জেগে আবার কোনোকালে।
এদিকেতে প্রকাণ্ড এক দেনার অজগরে
একে একে গ্রাস করছে যা আছে তার ঘরে।
একটু যদি এগোয় আবার পিছন দিকে ঠেলে,
দেনা পাওনা দিনরাত্রি জোয়ার-ভাঁটা খেলে।
মাল তদন্ত করতে এল দুনিয়াচাঁদ বেনে,
দশবছরের ছেলেটাকে সঙ্গে করে এনে।
ছেলেটা ওর জেদ ধরেছে — ঐ সুধিয়া গাই
পুষবে ঘরে আপন ক ' রে ওইটে নেহাত চাই।
সামরু বলে, “ তোমার ঘরে কী ধন আছে কত
আমাদের এই সুধিয়াকে কিনে নেবার মতো
ও যে আমার মানিক, আমার সাত রাজার ঐ ধন,
আর যা আমার যায় সবই যাক, দুঃখিত নয় মন।
মৃত্যুপারের থেকে ও যে ফিরেছে মোর কাছে,
এমন বন্ধু তিন ভুবনে আর কি আমার আছে। ”
বাপের কানে কী বললে সেই দুনিচাঁদের ছেলে,
জেদ বেড়ে তার গেল বুঝি যেমনি বাধা পেলে।
শেঠজি বলে মাথা নেড়ে, “ দুই চারিমাস যেতেই
ওই সুধিয়ার গতি হবে আমার গোয়ালেতেই। ”
কালোয় সাদায় মিশোল বরন, চিকন নধর দেহ,
ছড়ার ছবি
সর্ব অঙ্গে ব্যাপ্ত যেন রাশীকৃত স্নেহ।
আকাল এখন, সামরু নিজে দুইবেলা আধ-পেটা ;
সুধিয়াকে খাওয়ানো চাই যখনি পায় যেটা।
দিনের কাজের অবসানে গোয়ালঘরে ঢুকে
ব ' কে যায় সে গাভীর কানে যা আসে তার মুখে।
কারো 'পরে রাগ সে জানায়, কখনো সাবধানে
গোপন খবর থাকলে কিছু জানায় কানে কানে।
সুধিয়া সব দাঁড়িয়ে শোনে কানটা খাড়া ক ' রে,
বুঝি কেবল ধ্বনির সুখে মন ওঠে তার ভরে।
সামরু যখন ছোটো ছিল পালোয়ানের পেশা
ইচ্ছা করেছিল নিতে, ঐ ছিল তার নেশা।
খবর পেল, নবাববাড়ি কুস্তিগিরের দল
পাল্লা দেবে — সামরু শুনে অসহ্য চঞ্চল।
বাপকে ব ' লে গেল ছেলে, “ কথা দিচ্ছি শোনো,
এক হপ্তার বেশি দেরি হবে না কখ্ খোনো। ”
ফিরে এসে দেখতে পেলে, সুধিয়া তার গাই
শেঠ নিয়েছে ছলে বলে গোয়ালঘরে নাই।
যেমনি শোনা অমনি ছুটল, ভোজালি তার হাতে,
দুনিচাঁদের গদি যেথায় নাজির মহল্লাতে।
“ কী রে সামরু, ব্যাপারটা কী ” শেঠজি শুধায় তাকে।
সামরু বলে “ ফিরিয়ে নিতে এলুম সুধিয়াকে। ”
শেঠ বললে, “ পাগল নাকি, ফিরিয়ে দেব তোরে,
পরশু ওকে নিয়ে এলুম ডিক্রিজারি করে। ”
“ সুধিয়া রে ” “ সুধিয়া রে ” সামরু দিল হাঁক,
পাড়ার আকাশ পেরিয়ে গেল বজ্রমন্দ্র ডাক।
চেনা সুরের হাম্বা ধ্বনি কোথায় জেগে উঠে,
দড়ি ছিঁড়ে সুধিয়া ঐ হঠাৎ এল ছুটে।
দু চোখ বেয়ে ঝরছে বারি, অঙ্গটি তার রোগা,
অন্নপানে দেয়নি সে মুখ, অনশনে-ভোগা।
সামরু ধরল জড়িয়ে গলা, বললে, “ নাই রে ভয়,
আমি থাকতে দেখব এখন কে তোরে আর লয়। —
ছড়ার ছবি
তোমার টাকায় দুনিয়া কেনা, শেঠ দুনিচাঁদ, তবু
এই সুধিয়া একলা নিজের, আর কারো নয় কভু।
আপন ইচ্ছামতে যদি তোমার ঘরে থাকে
তবে আমি এই মুহূর্তে রেখে যাব তাকে। ”
চোখ পাকিয়ে কয় দুনিচাঁদ, “ পশুর আবার ইচ্ছে!
গয়লা তুমি, তোমার কাছে কে উপদেশ নিচ্ছে।
গোল কর তো ডাকব পুলিশ। ” সামরু বললে, “ ডেকো।
ফাঁসি আমি ভয় করিনে, এইটে মনে রেখো।
দশবছরের জেল খাটব, ফিরব তো তারপর,
সেই কথাটাই ভেবো বসে, আমি চললেম ঘর। ”
পাথরপিণ্ড
সাগরতীরে পাথরপিণ্ড ঢুঁ মারতে চায় কাকে,
বুঝি আকাশটাকে।
শান্ত আকাশ দেয় না কোনো জবাব,
পাথরটা রয় উঁচিয়ে মাথা, এমনি সে তার
স্বভাব।
হাতের কাছেই আছে সমুদ্রটা,
অহংকারে তারই সঙ্গে লাগত যদি ওটা,
এমনি চাপড় খেত, তাহার ফলে
হুড়্ মুড়িয়ে ভেঙেচুরে পড়ত অগাধ জলে।
ঢুঁ-মারা এই ভঙ্গিখানা কোটি বছর থেকে
ব্যঙ্গ ক ' রে কপালে
তার কে দিল ঐ এঁকে।
পণ্ডিতেরা তার ইতিহাস বের করেছেন খুঁজি ;
শুনি তাহা, কতক বুঝি
, নাইবা কতক বুঝি।
অনেক যুগের আগে
একটা সে কোন্ পাগলা বাষ্প আগুন-ভরা রাগে
মা ধরণীর বক্ষ হতে
ছিনিয়ে বাঁধন-পাশ
জ্যোতিষ্কদের ঊর্ধ্বপাড়ায় করতে গেল বাস।
বিদ্রোহী সেই দুরাশা
তার প্রবল শাসন-টানে
আছাড় খেয়ে পড়ল ধরার পানে।
লাগল কাহার শাপ,
হারালো তার ছুটোছুটি, হারালো তার তাপ।
দিনে দিনে কঠিন হয়ে ক্রমে
আড়ষ্ট এক পাথর হয়ে কখন গেল জমে।
আজকে যে ওর অন্ধ নয়ন, কাতর হয়ে চায়
সম্মুখে কোন্ নিঠুর শূন্যতায়।
স্তম্ভিত চীৎকার সে যেন, যন্ত্রণা নির্বাক,
যে যুগ গেছে তার উদ্দেশে কণ্ঠহারার ডাক।
আগুন ছিল পাখায় যাহার আজ মাটি-পিঞ্জরে
কান পেতে সে আছে ঢেউয়ের তরল কলস্বরে ;
শোনার
লাগি ব্যগ্র তাহার ব্যর্থ বধিরতা
হেরে-যাওয়া
সে-যৌবনের ভুলে-যাওয়া কথা।
সন্ধ্যা হয়ে আসে ;
সোনা-মিশোল ধূসর আলো ঘিরল চারিপাশে।
নৌকোখানা বাঁধা আমার মধ্যিখানের গাঙে
অস্তরবির কাছে নয়ন কী যেন ধন মাঙে।
আপন গাঁয়ে কুটীর আমার দূরের পটে লেখা,
ঝাপসা আভায় যাচ্ছে দেখা বেগনি রঙের রেখা।
যাব কোথায় কিনারা তার নাই,
পশ্চিমেতে মেঘের গায়ে একটু আভাস পাই।
হাঁসের দলে উড়ে চলে হিমালয়ের পানে,
পাখা তাদের চিহ্নবিহীন পথের খবর জানে।
শ্রাবণ গেল, ভাদ্র গেল, শেষ হল জল-ঢালা,
আকাশতলে শুরু হল শুভ্র আলোর পালা।
খেতের পরে খেত একাকার প্লাবনে রয় ডুবে,
লাগল জলের দোলযাত্রা পশ্চিমে আর পুবে।
আসন্ন এই আঁধার মুখে নৌকোখানি বেয়ে
যায় কারা ওই, শুধাই,
“ ওগো নেয়ে,
চলেছ কোন্ খানে। ”
যেতে যেতে জবাব দিল, “ যাব গাঁয়ের পানে। ”
অচিন-শূন্যে-ওড়া পাখি চেনে আপন নীড়,
জানে বিজনমধ্যে কোথায় আপন জনের ভিড়।
অসীম আকাশ মিলেছে ওর বাসার সীমানাতে,
ঐ অজানা জড়িয়ে আছে জানাশোনার সাথে.
তেমনি ওরা ঘরের পথিক ঘরের দিকে চলে
যেথায় ওদের তুলসিতলায় সন্ধ্যাপ্রদীপ জ্বলে।
দাঁড়ের শব্দ ক্ষীণ হয়ে যায় ধীরে
,
মিলায় সুদূর নীরে।
সেদিন দিনের অবসানে সজল মেঘের ছায়ে
আমার চলার ঠিকানা নাই, ওরা চলল গাঁয়ে।
এই জগতের শক্ত মনিব সয় না একটু ত্রুটি,
যেমন নিত্য কাজের পালা তেমনি নিত্য ছুটি।
বাতাসে তার ছেলেখেলা, আকাশে তার হাসি,
সাগর জুড়ে গদ্ গদ ভাষ বুদ্ বুদে যায় ভাসি।
ঝরনা ছোটে দূরের ডাকে পাথরগুলো ঠেলে —
কাজের সঙ্গে নাচের খেয়াল কোথার থেকে পেলে।
ওই হোথা শাল, পাঁচশো বছর মজ্জাতে ওর ঢাকা —
গম্ভীরতায় অটল যেমন, চঞ্চলতায় পাকা।
মজ্জাতে ওর কঠোর শক্তি, বকুনি ওর পাতায় —
ঝড়ের দিনে কী পাগলামি চাপে যে ওর মাথায়।
ফুলের দিনে গন্ধের ভোজ অবাধ সারাক্ষণ,
ডালে ডালে দখিন হাওয়ার বাঁধা নিমন্ত্রণ।
কাজ ক ' রে মন অসাড় যখন মাথা যাচ্ছে ঘুরে
হিমালয়ের খেলা দেখতে এলেন অনেক দূরে।
এসেই দেখি নিষেধ জাগে কুহেলিকার স্তূপে,
গিরিরাজের মুখ ঢাকা কোন্ সুগম্ভীরের রূপে।
রাত্তিরে যেই বৃষ্টি হল, দেখি সকালবেলায়,
চাদরটা ওর কাজে লাগে চাদর-খোলার খেলায়।
ঢাকার মধ্যে চাপা ছিল কৌতুক একরাশি,
প্রকাণ্ড এক হাসি।
ভূমিকা
এই ছড়াগুলি ছেলেদের জন্যে লেখা। সবগুলো মাথায় এক নয় ; রোলার
চালিয়ে প্রত্যেকটি সমান সুগম করা হয়নি। এর মধ্যে অপেক্ষাকৃত জটিল যদি
কোনোটা থাকে তবে তার অর্থ হবে কিছু দুরূহ, তবু তার ধ্বনিতে থাকবে সুর।
ছেলেমেয়েরা অর্থ নিয়ে নালিশ করবে না, খেলা করবে ধ্বনি নিয়ে। ওরা
অর্থলোভী জাত নয়।
ছড়ার ছন্দ প্রাকৃত ভাষার ঘরাও ছন্দ। এ ছন্দ মেয়েদের মেয়েলি আলাপ
, ছেলেদের ছেলেমি প্রলাপের বাহনগিরি করে এসেছে। ভদ্রসমাজে সভাযোগ্য হবার
কোনো খেয়াল এর মধ্যে নেই। এর ভঙ্গীতে এর সজ্জায় কাব্যসৌন্দর্য সহজে
প্রবেশ করে, কিন্তু সে অজ্ঞাতসারে। এই ছড়ায় গভীর কথা হালকা চালে পায়ে
নূপুর বাজিয়ে চলে, গাম্ভীর্যের গুমোর রাখে না। অথচ এই ছড়ার সঙ্গে
ব্যবহার করতে গিয়ে দেখা গেল, যেটাকে মনে হয় সহজ সেটাই সব চেয়ে কম সহজ।
ছড়ার ছন্দকে চেহারা দিয়েছে প্রাকৃত বাংলা শব্দের চেহারা। আলোর
স্বরূপ সম্বন্ধে আধুনিক বিজ্ঞানে দুটো উলটো কথা বলে। এক হচ্ছে আলোর রূপ
ঢেউয়ের রূপ, আর হচ্ছে সেটা কণাবৃষ্টির রূপ। বাংলা সাধুভাষার রূপ ঢেউয়ের
, বাংলা প্রাকৃত-ভাষার রূপ কণাবৃষ্টির। সাধুভাষার শব্দগুলি গায়ে গায়ে
মিলিয়ে গড়িয়ে চলে, শব্দগুলির ধ্বনি স্বরবর্ণের মধ্যবর্তিতায় আঁট বাঁধতে
পারে না। দৃষ্টান্ত যথা — শমন-দমন রাবণ রাজা, রাবণদমন রাম। বাংলা
প্রাকৃত ভাষায় হসন্ত-প্রধান ধ্বনিতে ফাঁক বুজিয়ে শব্দগুলিকে নিবিড় করে দেয়
। পাতলা, আঁজলা, বাদলা, পাপড়ি, চাঁদনি প্রভৃতি নিরেট শব্দগুলি
সাধুভাষার ছন্দে গুরুপাক।
সাধুভাষার ছন্দে ভদ্র বাঙালি চলতে পারে না, তাকে চলিতে হয়,
বসতে তার নিষেধ, বসিতে সে বাধ্য।
ছড়ার ছন্দটি যেমন ঘেঁষাঘেঁষি শব্দের জায়গা, তেমনি সেই সব ভাবের
উপযুক্ত — যারা অসতর্ক চালে ঘেঁষাঘেঁষি করে রাস্তায় চলে, যারা পদাতিক,
যারা রথচক্রের মোটা চিহ্ন রেখে যায় না পথে পথে, যাদের হাটে মাঠে যাবার
পায়ে-চলার-চিহ্ন রেখে যায় না পথে পথে, যাদের হাটে মাঠে যাবার
পায়ে-চলার-চিহ্ন ধুলোর উপর পড়ে আর লোপ পেয়ে যায়।
রবীন্দ্রনাথ ঠাকুর
শান্তিনিকেতন
২ আশ্বিন ১৩৪৪
হংকঙেতে সারাবছর আপিস করেন মামা,
সেখান থেকে এনেছিলেন চীনের দেশের শ্যামা,
দিয়েছিলেন মাকে,
ঢাকার নীচে যখন-তখন শিস দিয়ে সে ডাকে।
নিচিনপুরের বনের থেকে ঝুলির মধ্যে ক ' রে
ভজহরি আনত
ফড়িঙ ধরে।
পাড়ায় পাড়ায় যত পাখি খাঁচায় খাঁচায় ঢাকা
আওয়াজ শুনেই উঠত নেচে, ঝাপট দিত পাখা।
কাউকে ছাতু, কাউকে পোকা, কাউকে দিত ধান,
অসুখ করলে হলুদজলে করিয়ে দিত স্নান।
ভজু বলত, “ পোকার দেশে আমিই হচ্ছি দত্যি,
আমার ভয়ে গঙ্গাফড়িঙ ঘুমোয় না একরত্তি।
ঝোপে ঝোপে শাসন আমার কেবলই ধরপাকড়,
পাতায় পাতায় লুকিয়ে বেড়ায় যত পোকামাকড়। ”
একদিন সে ফাগুন মাসে মাকে এসে বলল,
“ গোধূলিতে মেয়ের আমার বিয়ে হবে কল্য। ”
শুনে আমার লাগল ভারি মজা,
এই আমাদের ভজা,
এরও আবার মেয়ে আছে, তারও হবে বিয়ে,
রঙিন চেলির
ঘোমটা মাথায় দিয়ে।
শুধাই তাকে, “ বিয়ের দিনে খুব বুঝি ধুম হবে?”
ভজু বললে, “ খাঁচার রাজ্যে নইলে কি মান রবে।
কেউবা ওরা দাঁড়ের পাখি, পিঁজরেতে কেউ থাকে,
নেমন্তন্ন চিঠিগুলো পাঠিবে দেব ডাকে।
মোটা মোটা ফড়িঙ দেব, ছাতুর সঙ্গে দই,
ছোলা আনব ভিজিয়ে জলে, ছড়িয়ে দেব খই।
এমনি হবে ধুম,
সাত পাড়াতে চক্ষে কারও রইবে না আর ঘুম।
ময়নাগুলোর খুলবে গলা, খাইয়ে দেব লঙ্কা;
ছড়ার ছবি
কাকাতুয়া চীৎকারে তার বাজিয়ে দেবে ডঙ্কা।
পায়রা যত ফুলিয়ে গলা লাগাবে বক্ বকম,
শালিকগুলোর চড়া মেজাজ, আওয়াজ নানারকম।
আসবে কোকিল, চন্দনাদের শুভাগমন হবে,
মন্ত্র শুনতে পাবে না কেউ পাখির কলরবে।
ডাকবে যখন টিয়ে
বরকর্তা রবেন বসে কানে আঙুল দিয়ে। ”
নৌকো বেঁধে কোথায় গেল, যা ভাই মাঝি ডাকতে
মহেশগঞ্জে যেতে হবে শীতের বেলা থাকতে।
পাশের গাঁয়ে ব্যাবসা করে ভাগ্নে আমার বলাই,
তার আড়তে আসব বেচে খেতের নতুন কলাই।
সেখান থেকে বাদুড়ঘাটা আন্দাজ তিনপোয়া,
যদুঘোষের দোকান থেকে নেব খইয়ের মোয়া।
পেরিয়ে যাব চন্দনীদ ' মুন্সিপাড়া দিয়ে,
মালসি যাব, পুঁটকি সেথায় থাকে মায়ে ঝিয়ে।
ওদের ঘরে সেরে নেব দুপুরবেলার খাওয়া ;
তারপরেতে মেলে যদি পালের যোগ্য হাওয়া
একপহরে চলে যাব মুখ্ লুচরের ঘাটে,
যেতে যেতে সন্ধে হবে খড়কেডাঙার হাটে।
সেথায় থাকে নওয়াপাড়ায় পিসি আমার আপন,
তার বাড়িতে উঠব গিয়ে, করব রাত্রিযাপন।
তিন পহরে শেয়ালগুলো উঠবে যখন ডেকে
ছাড়ব শয়ন ঝাউয়ের মাথায় শুকতারাটি দেখে।
লাগবে আলোর পরশমণি পুব আকাশের দিকে,
একটু ক ' রে আঁধার হবে
ফিকে।
বাঁশের বনে একটি-দুটি কাক
দেবে প্রথম ডাক।
সদর পথের ওই পারেতে গোঁসাইবাড়ির ছাদ
আড়াল করে নামিয়ে নেবে একাদশীর চাঁদ।
উসুখুসু করবে হাওয়া শিরীষ গাছের পাতায়,
রাঙা রঙের ছোঁয়া দেবে দেউল-চুড়োর মাথায়।
বোষ্টমি সে ঠুনুঠুনু
বাজাবে মন্দিরা,
সকালবেলার কাজ আছে তার নাম শুনিয়ে ফিরা।
হেলেদুলে পোষা হাঁসের
দল
যেতে যেতে জলের পথে করবে কোলাহল।
আমারও পথ হাঁসের যে-পথ, জলের পথে যাত্রী,
ভাসতে যাব ঘাটে ঘাটে ফুরোবে যেই রাত্রি।
ছড়ার ছবি
সাঁতার কাটব জোয়ার-জলে পৌঁছে উজিরপুরে,
শুকিয়ে নেব ভিজে ধুতি বালিতে রোদ্ দুরে।
গিয়ে ভজনঘাটা
কিনব বেগুন পটোল মুলো, কিনব সজনেডাঁটা।
পৌঁছব আটবাঁকে,
সূর্য উঠবে মাঝগগনে, মহিষ নামবে পাঁকে।
কোকিল-ডাকা বকুল-তলায় রাঁধব আপন হাতে,
কলার পাতায় মেখে নেব গাওয়া ঘি আর ভাতে।
মাখনাগাঁয়ে পাল নামাবে, বাতাস যাবে থেমে ;
বনঝাউ-ঝোপ রঙিয়ে দিয়ে সূর্য পড়বে নেমে।
বাঁকাদিঘির ঘাটে যাব যখন সন্ধে হবে
গোষ্ঠে-ফেরা ধেনুর
হাম্বারবে।
ভেঙে-পড়া ডিঙির মতো হেলে-পড়া দিন
তারা-ভাসা আঁধার-তলায় কোথায় হবে লীন।
শিশুকালের থেকে
আকাশ আমার মুখে চেয়ে একলা গেছে ডেকে।
দিন কাটত কোণের ঘরে দেয়াল দিয়ে ঘেরা
কাছের দিকে সর্বদা মুখ-ফেরা ;
তাই সুদূরের পিপাসাতে
অতৃপ্ত মন তপ্ত ছিল।
লুকিয়ে যেতেম ছাতে,
চুরি করতেম আকাশভরা সোনার বরন ছুটি,
নীল অমৃতে ডুবিয়ে নিতেম ব্যাকুল চক্ষু দুটি।
দুপুর রৌদ্রে সুদূর শূন্যে আর কোনো নেই পাখি,
কেবল একটি সঙ্গীবিহীন চিল উড়ে যায় ডাকি
নীল অদৃশ্যপানে ;
আকাশপ্রিয় পাখি ওকে আমার হৃদয় জানে।
স্তব্ধ ডানা প্রখর আলোর বুকে
যেন সে কোন্ যোগীর
ধেয়ান মুক্তি-অভিমুখে।
তীক্ষ্ম তীব্র সুর
সূক্ষ্ম হতে সূক্ষ্ম হয়ে দূরের হতে দূর
ভেদ করে যায় চলে
বৈরাগী ঐ পাখির ভাষা মন কাঁপিয়ে তোলে।
আলোর সঙ্গে আকাশ যেথায় এক হয়ে যায় মিলে
শুভ্রে এবং নীলে
তীর্থ আমার জেনেছি সেইখানে
অতল নীরবতার মাঝে অবগাহনস্নানে।
আবার যখন ঝঞ্ঝা, যেন প্রকাণ্ড এক চিল
এক নিমেষে ছোঁ মেরে নেয় সব আকাশের নীল,
দিকে দিকে ঝাপটে বেড়ায় স্পর্ধাবেগের ডানা,
মানতে কোথাও চায় না কারো মানা,
বারে বারে তড়িৎশিখার চঞ্চু-আঘাত হানে
অদৃশ্য কোন্ পিঞ্জরটার কালো নিষেধপানে,
আকাশে আর ঝড়ে
ছড়ার ছবি
আমার মনে সব-হারানো ছুটির মূর্তি গড়ে।
তাই তো খবর পাই —
শান্তি সেও মুক্তি, আবার অশান্তিও তাই।
আমি তখন ছিলেম শিলঙ পাহাড়ে, রূপভাবক নন্দলাল ছিলেন কার্সিয়ঙে।
তাঁর কাছ থেকে ছোটো একটি পত্রপট পাওয়া গেল, তাতে পাহাড়ের উপর দেওদার
গাছের ছবি আঁকা। চেয়ে চেয়ে মনে হল,া নেই আজ খুন্-খারাবীতে রক্ত-লুব্ধ-মন !
খুনে খেলবো খুন-মাতন !
দুনো
উনমাদনাতে সত্য মুক্তি আনতে যুঝবো রণ ।
ওরে
হত্যা নয় আজ ‘সত্যাগ্রহ’ শক্তির উদবোধন
ওরে
হত্যা নয় আজ ‘সত্যাগ্রহ’ শক্তির উদবোধন !
চ’ড়েছে খুন আজ খুনিয়ারার
মুসলিমে সারা দুনিয়াটার !
‘জুলফেকার’ খুলবে তার
দু’ধারী ধার শেরে-খোদারশেরে-খোদার : খোদার সিংহ ; হজরত আলিকে এই গৌরবান্বিত নামে অভিহিত করা হয়।
, রক্তে-পূত-বদন !
খুনে আজকে রুধবো মন
ওরে
শক্তি-হস্তে মুক্তি, শক্তি রক্তে সুপ্ত শোন্ ।
ওরে
হত্যা নয় আজ ‘সত্যাগ্রহ’ শক্তির উদবোধন
ওরে
হত্যা নয় আজ ‘সত্যাগ্রহ’ শক্তির উদবোধন !
আস্তানা সিধা রাস্তা নয়,
‘আজাদী মেলে না পস্তানো’য় !
দস্তা নয় সে সস্তা নয় !
হত্যা নয় কি মৃত্যুও ? তবে রক্তে লুব্ধ কোন্
কাঁদে-শক্তি-দুস্থ শোন_
“এয়্
ইবরাহীম্ আজ কোরবানী কর শ্রেষ্ঠ পুত্র ধন !”
ওরে
হত্যা নয় আজ ‘সত্যাগ্রহ’ শক্তির উদবোধন
ওরে
হত্যা নয় আজ ‘সত্যাগ্রহ’ শক্তির উদবোধন !
এ তো নহে লহু তরবারের
ঘাতক জালিম জোরবারেরজোরবার : বলদৃপ্ত।
কোরবানের জোরজানেরজোর-জান : মহাপ্রাণ।
খুন এ যে, এতে গোদ্র্দ ঢের রে, এ ত্যাগে ‘বুদ্ধ’ মন !
এতে মা রাখে পুত্র পণ !
তাই
জননী হাজেরাহাজেরা : ইসমাইলের মা ও ইব্রাহিমের পত্নী। বেটারে পরা’লো বলির পূত বসন !
ওরে
হত্যা নয় আজ ‘সত্যাগ্রহ’ শক্তির উদবোধনঅগ্নিবীণা
ওরে
হত্যা নয় আজ ‘সত্যাগ্রহ’ শক্তির উদবোধন !
এই দিনই ‘মিনা’-ময়দানেমিনা-ময়দান : মক্কার নিকটস্থ ময়দান, এখানে হাজীরা ঈদের দিনে পশু কোরবানি দেন।
পুত্র-স্নেহের গর্দানে
ছুড়ি হেনে ‘খুন ক্ষরিয়ে নে’
রেখেছে আব্বা ইবরাহীম সে আপনা রুদ্র পণ !
ছি ছি ! কেঁপোনা ক্ষুদ্র মন !
আজ
জল্লাদ নয় , প্রহ্লাদ-সম মোল্লা খুন-বদন !
ওরে
হত্যা নয় আজ ‘সত্যাগ্রহ’ শক্তির উদবোধন
ওরে
হত্যা নয় আজ ‘সত্যাগ্রহ’ শক্তির উদবোধন !
দ্যাখ্
কেঁপেছে ‘আরশ’আরশ : খোদার সিংহাসন।
আসমানে
মন-খুনী কি রে রাশ মানে ?
ত্রাস প্রাণে ? তবে রাস্তা নে !
প্রলয় বিষাণ ‘কিয়ামতে’ তবে বাজবে কোন্ বোধন ?
সে কি সৃষ্টি-সংশোধন ?
ওরে
তাথিয়া তাথিয়া নাচে ভৈরব বাজে ডম্বরু শোন্ !-
ওরে
হত্যা নয় আজ ‘সত্যাগ্রহ’ শক্তির উদবোধন !
ওরে
হত্যা নয় আজ ‘সত্যাগ্রহ’ শক্তির উদবোধন !
মুসলিম-রণ-ডঙ্কা সে,
খুন দেখে করে শঙ্কা কে ?
টঙ্কারে অসি ঝঙ্কারে,
ওরে
হুঙ্কারে , ভাঙি গড়া ভীম কারা, ল’ড়বো রণ-মরণ !
ঢালে বাজবে ঝন্-ঝনন্ !
ওরে
সত্য মুক্তি স্বাধীনতা দেবে এই সে খুন-মোচন !
ওরে
হত্যা নয় আজ ‘সত্যাগ্রহ’ শক্তির উদবোধন !
ওরে
হত্যা নয় আজ ‘সত্যাগ্রহ’ শক্তির উদবোধন !
জোর চাই, আর যাচনা নয়,
কোরবানী-দিন আজ না ওই ?
বাজনা কই? সাজনা কই?
কাজ না আজিকে জান্ মাল দিয়ে মুক্তির উদ্র্ধরণ ?
বল্ – “যুঝবো জান ভি পণ !”
ওই
খুনের খুঁটিতে কল্যাণ-কেতু, লক্ষ্য ঐ তোরণ,
আজ
আল্লার নামে জান্ কোরবানে ঈদের পূত বোধন ।
ওরে
হত্যা নয় আজ ‘সত্যাগ্রহ’ শক্তির উদবোধন !অগ্নিবীণা
মোহর্ রম
নীল সিয়া আশমান, লালে লাল দুনিয়া –
‘আম্মাআম্মা : মাগো। ! লাল তেরি খুন কিয়া খুনিয়া।’
কাঁদে কোন্ ক্রন্দসী কারবালা ফোরাতে,
সে কাঁদনে আঁশু আনে সিমারেরওসিমার : খুনী। ছোরাতে!
রুদ্র মাতম্মাতম্ : হাহা ক্রন্দন। ওঠে দুনিয়া-দামেশ্ কে –
‘জয়নালেজয়নাল : হজরতের দৌহিত্র ইমাম হোসেনের একমাত্র পুত্র। কারবালা যুদ্ধের পর একমাত্র জীবিত পুরুষ-সদস্য। পরাল এ খুনিয়ারা বেশ কে?’
‘হায় হায় হোসেনা’, ওঠে রোল ঝঞ্ঝায়,
তলওয়ার কেঁপে ওঠে এজিদেরএজিদ : হোসেনের প্রতিদ্বন্দ্বী শত্রু। ও পঞ্জায়!
উন্মাদ দুলদুলদুলদুল : হযরত আলির ঘোড়ার নাম। ছুটে ফেরে মদিনায়,
আলি-জাদা হোসেনের দেখা হেথা যদি পায়!
মা ফাতেমা আশমানে কাঁদে খুলি কেশপাশ,
বেটাদের লাশ নিয়ে বধূদের শ্বেতবাস!
রণে যায় কাসিমকাসিম : ইমাম হাসানের পুত্র, ইমাম হোসেনের জামাতা, সকিনার স্বামী। ওই দু-ঘড়ির নওশানওশা : বর। ;
মেহেদির রংটুকু মুছে গেল সহসা!
‘হায় হায়’ কাঁদে বায় পুরবি ও দখিনা
‘কঙ্কণ পঁইচি খুলে ফেলো সকিনা!’
কাঁদে কে রে কোলে করে কাসিমের কাটা-শির?
খান খান খুন হয়ে ক্ষরে বুক-ফাটা নীর!
কেঁদে গেছে থামি হেথা মৃত্যু ও রুদ্র,
বিশ্বের ব্যথা যেন বালিকা এ ক্ষুদ্র!
গড়াগড়ি দিয়ে কাঁদে কচি মেয়ে ফাতিমাফাতিমা : ইমাম হোসেনের ছোটো মেয়ে।,
‘আম্মা গো, পানি দাও, ফেটে গেল ছাতি, মা!’
নিয়ে তৃষা সাহারার দুনিয়ার হাহাকার,
কারবালা-প্রান্তরে কাঁদে বাছা আহা কার!
দুই হাত কাটা তব শের-নর আব্বাস,
পানি আনে মুখে, হাঁকে দুশমনও ‘সাব্বাস’।
দ্রিম দ্রিম বাজে ঘন দুন্দুভি দামামা,
হাঁকে বীর, ‘শির দেগা, নেহি দেগা আমামা’।
কলিজা কাবাব-সম ভুনে মরু-রোদ্দুর,
খাঁ খাঁ করে কারবালা, নাই পানি খর্জুর।
মা-র স্তনে দুধ নাই, বাচ্চারা তড়পায়!
জিভ চুষে কচি জান থাকে কিরে ধড়টায়?
দাউ দাউ জ্বলে শিরে কারবালা-ভাস্কর,
কাঁদে বানুবানু : আসগরের মাতা। –‘পানি দাও, মরে জাদু আসগরআসগর : ইমাম হোসেনের শিশু-পুত্র। !
পেল না তো পানি শিশু পিয়ে গেল কাঁচা খুন,
ডাকে মাতা, – ‘পানি দেব ফিরে আয় বাছা শুন্!’
পুত্রহীনার আর বিধবার কাঁদনে
ছিঁড়ে আনে মর্মের বত্রিশ বাঁধনে!
তাম্বুতে শয্যায় কাঁদে একা জয়নাল,
‘দাদা! তেরি ঘর কিয়া বরবাদ পয়মালপয়মাল : বিনষ্ট। ।’
হাইদরি হাঁক হাঁকি দুলদুল-আসওয়ারদুলদুল-আসওয়ার : ‘দুলদুল’ ঘোড়ার সওয়ার, ইমাম হোসেন।
শমশের চমকায় দুশমনে ত্রাসবার !
খসে পড়ে হাত হতে শত্রুর তরবার,অগ্নিবীণা
ভাসে চোখে কিয়ামতে আল্লার দরবার।
নিঃশেষ দুশমন; ও কে রণ-শ্রান্ত
ফোরাতে নীরে নেমে মোছে আঁখি-প্রান্ত?
কোথা বাবা আসগর! শোকে বুক ঝাঁঝরা,
পানি দেখে হোসেনের ফেটে যায় পাঁজরা!
ধুঁকে মল আহা, তবু পানি এক কাৎরাকাৎরা : এক বিন্দু।
দেয়নি রে বাছাদের মুখে কমজাতরাকমজাতরা : নীচমনাগণ।
!
অঞ্জলি হতে পানি পড়ে গেল ঝরঝর,
লুটে ভূমে মহাবাহু খঞ্জর-জর্জর!
হলকুমেহলকুম : কণ্ঠনালী।
হানে তেগতেগ : তরবারি।
ও কে বসে ছাতিতে? –
আফতাবআফতাব : সূর্য।
ছেয়ে নিল আঁধিয়ারা রাতিতে।
আশমান ভরে গেল গোধূলিতে দুপুরে,
লাল নীল খুন ঝরে কুফরেরকুফর : কাফের, অবিশ্বাসী। উপরে!
বেটাদের লোহু-রাঙা পিরাহাণ-হাতে, আহ্
আরশের পায়া ধরে কাঁদে মাতা ফাতেমা,
‘এ্যয় খোদা, বদলাতে বেটাদের রক্তের
মার্জনা কর গোনাগোনা : অপরাধ।
পাপী কম্ বখতেরকম্ বখত্ : হতভাগ্য।
!’
কত মোহর্ রম এল, গেল চলে বহু কাল –
ভুলিনি গো আজও সেই শহিদের লোহু লাল!
মুসলিম! তোরা আজ ‘জয়নাল আবেদিন’,
‘ওয়া হোসেনা – ওয়া হোসেনা’ কেঁদে তাই যাবে দিন!
ফিরে এল আজ সেই মোহর্ রম মাহিনা –
ত্যাগ চাই, মর্সিয়ামর্সিয়া : শোক-গীতি।
-ক্রন্দন চাহি না।
উষ্ণীষ কোরানের, হাতে তেগ আরবির,
দুনিয়াতে নত নয় মুসলিম কারো শির; –
তবে শোনো ওই শোনো বাজে কোথা দামামা,
শমশের হাতে নাও, বাঁধো শিরে আমামা!
বেজেছে নাকাড়া, হাঁকে নকিবের তূর্য,
‘হুঁশিয়ার ইসলাম, ডুবে তব সূর্য!
জাগো, ওঠো মুসলিম, হাঁকো হায়দরি হাঁক,
শহিদের দিনে সব লালে-লাল হয়ে যাক!
নওশার সাজ নাও খুন-খচা আস্তিন,
ময়দানে লুটাতে রে লাশ এই খাস দিন!’
হাসানের মতো পিব পিয়ালা সে জহরের,
হোসেনের মতো নিব বুকে ছুরি কহরেরকহর : হিংস্র ক্রোধ।
;
আসগর সম দিব বাচ্চারে কোরবান,
জালিমের দাদদাদ : অভিশাপ।
নেব, দেব আজ গোর জান!
সকিনারসকিনা : নবি-দৌহিত্র, ইমাম হোসেনের কন্যা।
শ্বেতবাস দেব মাতা-কন্যায়,
কাসিমের মতো দেব জান্ রুধি অন্যায়!
মোহর্ রম! কারবালা! কাঁদো ‘হায় হোসেনা!’
দেখো মরু-সূর্যে এ খুন যেন শোষে না!
দুনিয়াতে দুর্মদ খুনিয়ারা ইসলাম!
লোহু লাও, নাহি চাই নিষ্কাম বিশ্রাম!
দোলন-চাঁপা
দুটি কথা
সে আজ বন্দি। তার সত্য-মুক্ত প্রাণ যে ভৈরব-রুদ্র-ছায়ানটের হিল্লোলে নৃত্য-পাগল ছন্দে এক অভিনব সৃষ্টি-রচনা করে গেল, – সে আজ মুক্ত। কোনো রাজ-শক্তির ভ্রুকুটি সে মানে না, কোনো লৌহ-নিগড় কোনোদিন তারে বাঁধতে পারে না – সে আপনার তালে নেচে চলে, আর পায়ের তলায় গুঁড়িয়ে যায় কত রক্ত-নয়ন, কত শাসন-বচন, কত শাস্তি-রচন। সে যে প্রলয়ানন্দে-ভরা রুদ্রনটের নৃত্য, ছন্দ যে তার কাল-বৈশাখীর নর্তনের মতো এলোমেলো, সুর যে তার সৃষ্টির ব্যথা-গৌরব ভরা। সুর আজ স্বেচ্ছাচারী, সুর-রাজ বন্দি।
সে আজ বন্দি। তবু সে একদিন যুগযুগান্ত-সঞ্চিত রুদ্ধহিমানীর বুকে অগ্নিকণা এনে দিয়েছিল, তার রুদ্র-বীণে কোন্ সর্বভুক দেবতা তার চিরমন্দির গড়ে নিল, আর সেই অগ্নি-বীণে তার দিবস-নিশার দহন-আলোয় আপন অন্তরে তার চিরবাসরের চিতা রচনা করে নিল, – সবার আড়ালে, সবার গোপনে, সবার উপরে – মানবের হাসি-কান্না, ব্যঙ্গ-বিদ্রুপের বহু বহু দূরে; – সেখানে বসে সে তার অন্তর-অলকায় যে গাথা গেয়ে চলেছে তাতে বন্ধনের কৃষ্ণ রেখা নেই, দুর্বল কম্পিত হিয়ার ক্ষীণ রাগিণী নেই – সেখানে সে আর তার অন্তর-দেবতা, নিখিল নরনারী বাইরে দাঁড়িয়ে রুদ্ধ দুয়ার দেখে ফিরে আসে শুধু।
সে আজ বন্দি। রাজার দেওয়া লৌহ-নিগড়ে তার অন্তরের বিদ্রোহী-বীর কোন দেবতার আশিস-নির্মাল্য দেখতে পেল, তাই সাদরে বরণ করে নিল তাকে আপনার গলে। তারপর একদিন যখন বাংলার যুবক আবার জলদমন্দ্রে বাধা-বন্ধহারা হয়ে স্বাধীনচিত্ত ভরে বাংলার চিরশ্যামল চির-অমলিন মাতৃমূর্তি উন্মাদ আনন্দে বক্ষে টেনে নেবে, সেই শুভ আরতিলগ্নে ইমনকল্যাণ সুরে যে নহবতের রাগিণী বেজে উঠবে, তাতে হে কবি, তোমার প্রেম-বৈভব-গাথা – তোমার অন্তর-বহ্নি-ব্যথা সন্ধ্যা-রাগ-রক্তে আপনি বেজে উঠবে; জননীর শ্যামবক্ষে তোমার স্মৃতি ব্যথা-ভারাতুর হয়ে সকল পূজার মাঝে বারে বারে তোমাকেই স্মরণ করিয়ে দেবে, – হে কবি, সে আজ নয়। ইতি
শ্রীপবিত্র গঙ্গোপাধ্যায়।দোলন-চাঁপা
আজ সৃষ্টি-সুখের উল্লাসে
আজ
সৃষ্টি সুখের উল্লাসে–
মোর
মুখ হাসে মোর চোখ হাসে মোর টগবগিয়ে খুন হাসে
আজ
সৃষ্টি সুখের উল্লাসে।
আজকে আমার রুদ্ধ প্রাণের পল্বলে
বান ডেকে ঐ জাগল জোয়ার দুয়ার – ভাঙা কল্লোলে।
আসল হাসি, আসল কাঁদন
মুক্তি এলো, আসল বাঁধন,
মুখ ফুটে আজ বুক ফাটে মোর তিক্ত দুখের সুখ আসে।
ওই
রিক্ত বুকের দুখ আসে -
আজ
সৃষ্টি সুখের উল্লাসে।
আসল উদাস, শ্বসল হুতাশ
সৃষ্টি-ছাড়া বুক-ফাটা শ্বাস,
ফুললো সাগর দুললো আকাশ ছুটলো বাতাস,
গগন ফেটে চক্র ছোটে, পিণাক-পাণির শূল আসে!
ওই ধূমকেতু আর উল্কাতে
চায় সৃষ্টিটাকে উল্টাতে,
আজ
তাই দেখি আর বক্ষে আমার লক্ষ বাগের ফুল হাসে
আজ
সৃষ্টি সুখের উল্লাসে।
আজ হাসল আগুন, শ্বসল ফাগুন,
মদন মারে খুন-মাখা তূণ
পলাশ অশোক শিমুল ঘায়েল
ফাগ লাগে ঐ দিক-বাসে
গো দিগ বালিকার পীতবাসে;
আজ
রঙন এলো রক্তপ্রাণের অঙ্গনে মোর চারপাশে
আজ
সৃষ্টি সুখের উল্লাসে!দোলন-চাঁপা
আজ কপট কোপের তূণ ধরি,
ওই আসল যত সুন্দরী,
কারুর পায়ে বুক-ডলা খুন, কেউ বা আগুন,
কেউ মানিনী চোখের জলে বুক ভাসে।
তাদের প্রাণের বুক-ফাটে-তাও-মুখ-ফোটে-না
বাণীর বীণা মোর পাশে,
ওই
তাদের কথা শোনাই তাদের
আমার চোখে জল আসে
আজ
সৃষ্টি সুখের উল্লাসে
আজ আসল ঊষা, সন্ধ্যা, দুপুর,
আসল নিকট, আসল সুদূর
আসল বাধা-বন্ধ-হারা ছন্দ-মাতন
পাগলা-গাজন-উচ্ছ্বাসে!
ওই
আসল আশিন শিউলি শিথিল
হাসল শিশির দুবঘাসে
আজ
সৃষ্টি সুখের উল্লাসে–
আজ জাগল সাগর, হাসল মরু
কাঁপল ভূধর, কানন তরু
বিশ্ব-ডুবান আসল তুফান, উছলে উজান
ভৈরবীদের গান ভাসে,
মোর
ডাইনে শিশু সদ্যোজাত জরায় মরা বাম পাশে!
মন
ছুটছে গো আজ বল্ গাহারা অশ্ব যেন পাগলা সে!
আজ
সৃষ্টি সুখের উল্লাসে!
আজ
সৃষ্টি সুখের উল্লাসে!দোলন-চাঁপা
দোদুল দুল
(আরবি ‘মোতাকারিব্’ ছন্দ)
দোদুল দুল
দোদুল দুল্।
বেণির বাঁধ
আলগ্-ছাঁদ,
আলগ্-ছাঁদ
খোঁপার ফুল,
কানের দুল
খোঁপার ফুল
দোদুল দুল
দোদুল দুল!
অলক-ছায়
কপোল ছায়,
পরশ চায়
অলস চুল
বিনুন্-বিন্
কেশের উল
দোদুল দুল!
দোদুল দুল!
অসম্বৃত্
কাঁখের ভিত্
অসম্বৃত্
পিঠের চুল,
লোহিত পীত
নোলক দুল
দোদুল দুল!
দোদুল দুল!
সোহাগ-ঘায়
দোলন-গায়
কাঁপন খায়
আপন পায়,
পায়ের নখ
মাথার চুল
দোদুল দুল!
দোদুল দুল!দোলন-চাঁপা
পরাগ-ফাগ
ছড়ায় আজ
শিরাজ-বাগ
ইরান-গুল,
দোলন-দোল
দে বুল্ বুল্,
দোদুল দুল
দোদুল দুল!
কাঁকন চায়
নাচন ফিন
রিমিক ঝিম
ঝিমিক ঝিম।
আঁচল-বীণ
চাবির রিং
বুলায় নিঁদ
ঢুলায় ঢুল
দোদুল দুল
দোদুল দুল!
নিশাস-রেশ
কাঁপায় বেশ
মোতিয়া হার
হিয়ার দেশ,
কাঁপায় শেষ
প্রাণের কূল
দোদুল দুল
দোদুল দুল!
বুকের কোল
আদর ঘায়
দোলায় দোল,
দোলায় দোল
শরম-লোল
মরম-মূল
দোদুল দুল
দোদুল দুল!দোলন-চাঁপা
কলস-কাঁখ
পুকুর যায়,
আঁচল চায়
চুমায় ধুল
দখিন হাত
ঝুলন ঝুল
দোদুল দুল
কাঁকাল ক্ষীণ
মরাল গ্রীব
ভুলায় জড়্ –
ভুলায় জীব,
গমন-দোল্
অতুল তুল
দোদুল দুল
দোদুল দুল!
হাসির ভাস,
ব্যথার শ্বাস,
চপল চোখ,
আঁখির লাস,
নয়ন-নীর
অধর-ফুল
রাতুল তুল
দোদুল দুল
দোদুল দুল!
মৃণাল-হাত,
নয়ন-পাত,
গালের টোল
চিবুক দোল
সকল কাজ
করায় ভুল,
প্রিয়ার মোর
কোথায় তুল?
কোথায় তুল
কোথায় তুল?
স্বরূপ তার
অতুল তুল,
রাতুল তুল
কোথায় তুল
দোদুল দুল
দোদুল দুল!দোলন-চাঁপা
বেলাশেষে
ধরণি দিয়াছে তার
গাঢ় বেদনার
রাঙা মাটি-রাঙা ম্লান ধূসর আঁচলখানি
দিগন্তের কোলে কোলে টানি।
পাখি উড়ে যায় যেন কোন্ মেঘ-লোক হতে
সন্ধ্যাদীপজ্বালা গৃহপানে ঘরডাকা পথে।
আকাশের অস্ত-বাতায়নে
অনন্ত দিনের কোন্ বিরহিণী কনে
জ্বালাইয়া কনক-প্রদীপখানি
উদয়-পথের পানে যায় তার অশ্রু-চোখ হানি?
‘আসি’-বলে-চলে-যাওয়া বুঝি তার প্রিয়তম আশে,
অস্ত-দেশ হয়ে ওঠে মেঘবাষ্পভারাতুর তারই দীর্ঘশ্বাসে।
আদিম কালের ওই বিষাদিনী বালিকার পথ-চাওয়া চোখে –
পথপানে-চাওয়া-ছলে দ্বারে-আনা সন্ধ্যাদীপালোকে
মাতা বসুধার মমতার ছায়া পড়ে।
করুণার কাঁদন ঘনায় নত-আঁখি স্তব্ধ দিগন্তরে!
কাঙালিনি ধরা-মা-র অনাদি কালের কত অনন্ত বেদনা
হেমন্তের এমনই সন্ধ্যায় যুগযুগ ধরি বুঝি হারায় চেতনা।
উপুড় হইয়া সেই স্তূপীকৃত বেদনার ভার
মুখ গুঁজে পড়ে থাকে; ব্যথা-গন্ধ তার
গুমরিয়া গুমরিয়া কেঁদে কেঁদে যায়
এমনই নীরবে শান্ত এমনই সন্ধ্যায়। ...
ক্রমে নিশীথিনী আসে ছড়াইয়া ধুলায়-মলিন এলোচুল,
সন্ধ্যাতারা নিবে যায়, হারা হয় দিবসের কূল। ...
তারই মাঝে কেন যেন অকারণে হায়
আমার দু-চোখ পুরে বেদনার ম্লানিমা ঘনায়।
বুকে বাজে হাহাকার-করতালি,
কে বিরহী কেঁদে যায়, ‘খালি, সব খালি।
ওই নভ, এই ধরা, এই সন্ধ্যালোক,
নিখিলের করুণা যা-কিছু তোর তরে তাহাদের অশ্রুহীন চোখ।’
মনে পড়ে – তাই শুনে মনে পড়ে মম
কত না মন্দিরে গিয়া পথের সে লাথি-খাওয়া ভিখারির সম
প্রসাদ মাগিনু আমি –
‘দ্বার খোলো, পূজারি দুয়ারে তব আগত যে স্বামী!’
খুলিল দুয়ার, দেউলের বুকে দেখিনু দেবতা,
পূজা দিনু রক্ত-অশ্রু, দেবতার মুখে নাই কথা।দোলন-চাঁপা
হায় হায় এ যে সেই অশ্রুহীন-চোখ,
কেঁদে ফিরি, ওগো এ কী প্রেমহীন অনাদর-হানা দেবলোক!
ওরে মূঢ়! দেবতা কোথায়?
পাষাণ-প্রতিমা এরা, অশ্রু দেখে নিষ্পলক অকরুণ মায়াহীন
চোখে শুধু চায়।
এরাই দেবতা, যাচি প্রেম ইহাদেরই কাছে,
অগ্নি-গিরি এসে যেন মরুভূ-র কাছে হায় জল-ধারা যাচে।
আমারই সে চারি পাশে ঘরে ঘরে করে পূজা কত আয়োজন,
তাই দেখে কাঁদে আর ফিরে ফিরে চায় মোর ভালবাসা-ক্ষুধাতুর মন,
অপমানে পুন ফিরে আসে,
ভয় হয়, ব্যাকুলতা দেখি মোর কি জানি কখন কে হাসে।
দেবতার হাসি আছে, অশ্রু নাই;
ওরে মোর যুগ-যুগ অনাদৃত হিয়া, আয় ফিরে যাই । ...
এই সাঁঝে মনে হয়, শূন্য চেয়ে আরও এক মহাশূন্য রাজে
দেবতার-পায়ে-ঠেলে এই শূন্য মম হিয়া-মাঝে।
আমার এ ক্লিষ্ট ভালোবাসা,
তাই বুঝি হেন সর্বনাশা।
প্রেয়সীর কণ্ঠে কভু এই ভুজ এই বাহু জড়াবে না আর,
উপেক্ষিত আমার এ ভালোবাসা মালা নয়, খর তরবার।দোলন-চাঁপা
পউষ
পউষ এলো গো!
পউষ এলো অশ্র”-পাথার হিম পারাবার পারায়ে
ওই যে এলো গো-
কুজঝটিকার ঘোম্ টা-পরা দিগন-রে দাঁড়ায়ে।।
সে এলো আর পাতায় পাতায় হায়
বিদায়-ব্যথা যায় গো কেঁদে যায়,
অস্ত-বধূ (আ-হা) মলিন চোখে চায়
পথ-চাওয়া দীপ সন্ধ্যা-তারায় হারায়ে।।
পউষ এলো গো-
এক বছরের শ্রানি- পথের, কালের আয়ু-ক্ষয়,
পাকা ধানের বিদায়-ঋতু, নতুন আসার ভয়।
পউষ এলো গো! পউষ এলো-
শুক্ নো নিশাস্ , কাঁদন-ভারাতুর
বিদায়-ক্ষণের (আ-হা) ভাঙা গলার সুর-
‘ ওঠে পথিক! যাবে অনেক দূর
কালো চোখের কর”ণ চাওয়া ছাড়ায়ে।।’দোলন-চাঁপা
পথহারা
বেলা শেষে উদাস পথিক ভাবে,
সে যেন কোন অনেক দূরে যাবে -
উদাস পথিক ভাবে।
‘ঘরে এস’ সন্ধ্যা সবায় ডাকে,
‘নয় তোরে নয়’ বলে একা তাকে;
পথের পথিক পথেই বসে থাকে,
জানে না সে কে তাহারে চাবে।
উদাস পথিক ভাবে।
বনের ছায়া গভীর ভালোবেসে
আঁধার মাথায় দিগবধূদের কেশে,
ডাকতে বুঝি শ্যামল মেঘের দেশে
শৈলমূলে শৈলবালা নাবে -
উদাস পথিক ভাবে।
বাতি আনি রাতি আনার প্রীতি,
বধূর বুকে গোপন সুখের ভীতি,
বিজন ঘরে এখন সে গায় গীতি,
একলা থাকার গানখানি সে গাবে -
উদাস পথিক ভাবে।
হঠাত্‍ তাহার
 শতাব্দীর।
মোরা যুবাদল, সকল আগল
ভাঙিতে চলেছি ছুটি,
তোমারে দিয়াছি মোদের পতাকা
তুমি পড়িয়ো না লুটি।প্রল

 শতাব্দীর।
মোরা যুবাদল, সকল আগল
ভাঙিতে চলেছি ছুটি,
তোমারে দিয়াছি মোদের পতাকা
তুমি পড়িয়ো না লুটি।প্রলয়শিখা
চাহি না জানিতে – বাঁচিবে অথবা
মরিবে তুমি এ পথে,
এ পতাকা বয়ে চলিতে হইবে
বিপুল ভবিষ্যতে।
তাজা জীবন্ত যৌবন-অভিযান –
সেনা মোরা আছি,
ভূমিকম্পের সাগরের মতো
সুখে প্রাণ ওঠে নাচি;
চাহ বা না চাহ, মোরা যুবাদল
তোমারে চালাব আগে,
ব্যগ্র-চরণ চলিবে অগ্রে
আমাদের অনুরাগে!
মৃত্যুর হাতে মরে তো সবাই,
সেই শুধু বেঁচে থাকে –
মানুষের লাগি যে চির-বিরাগী,
মানুষ মেরেছে যাকে।
বিধাতার পরিহাস –
রচেছে মানুষ যুগে যুগে তার
অমানুষী ইতিহাস।
সবচেয়ে বড়ো কল্যাণ তার
করিয়াছে যে মানুষ,
তারেই পাথরে পিষিয়া মেরেছে
মেরেছে বিঁধিয়া ক্রুশ!
যে-হাতে করিয়া এনেছে মানুষ
স্বর্গ-অমৃত-বারি,
সে-হাত কাটিয়া ধরার মানুষ
প্রতিদান দিল তারই!প্রলয়শিখা
দেয় ফুল ফল ছায়া সুশীতল –
তরুরে আমরা তাই,
ঢিল ছুঁড়ে মারি, ফুল ছিঁড়ি তার
শেষে শাখা ভেঙে যাই।
সেই অভিমানে ফুটিবে না ফুল?
ফলিবে না তরু-শাখে
সু-রসাল ফল? দিবে না সে ছায়া
যে আঘাত করে তাকে?
চন্দ্রে যাহারা বলে কলঙ্কী
চন্দ্রালোকেই বসি,
করুণার হাসি দেখে তাহাদেরে,
দিই না গলায় রশি!
অসম সাহসে আমরা অসীম
সম্ভাবনার
াধা।
গগন সঘন অব, তিমিরমগন ভব,
তড়িত চকিত অতি, ঘোর মেঘরব,
শালতালতরু সভয় তবধ সব,
পন্থ বিজন
অতি ঘোর —
একলি যাওব তুঝ অভিসারে,
যা’ক’ পিয়া তুঁহু কি ভয় তাহারে,
ভয় বাধা সব অভয় মুরতি ধরি,
পন্থ
দেখাওব মোর।
ভানুসিংহ কহে — ছিয়ে ছিয়ে রাধা,
চঞ্চল হৃদয়
তোহারি,
মাধব পহু মম, পিয় স মরণসে
অব তুঁহু
দেখ বিচারি।
হম যব না রব
সজনী,
নিভৃত বসন্ত - নিকুঞ্জবিতানে
আসবে নির্মল
রজনী,
মিলনপিপাসিত আসবে যব সখি
শ্যাম হমারি
আশে,
ফুকারবে যব রাধা রাধা
মুরলি ঊরধ
শ্বাসে,
যব সব গোপিনী আসবে ছুটই,
যব হম আসব
না,
যব সব গোপিনী জাগবে চমকই,
যব হম জাগব
না,
তব কি কুঞ্জপথ হমারি আশে
হেরবে আকুল
শ্যাম?
বন বন ফেরই সো কি ফুকারবে
রাধা রাধা
নাম?
না যমুনা, সো এক শ্যাম মম,
শ্যামক শত
শত নারী —
হম যব যাওব শত শত রাধা
চরণে রহবে
তারি।
তব সখি যমুনে, যাই নিকুঞ্জে,
কাহ তয়াগব
দে?
হমারি লাগি এ বৃন্দাবনমে,
কহ সখি,
রোয়ব কে?
ভানু কহে চুপি — মানভরে রহ,
আও বনে,
ব্রজনারী,
মিলবে শ্যামক থরথর আদর
ঝরঝর
লোচনবারি।
সখি লো, সখি লো, নিকরুণ মাধব
মথুরাপুর যব যায়
করল বিষম পণ মানিনী রাধা,
রোয়বে না সো, না দিবে বাধা —
কঠিনহিয়া সই, হাসয়ি হাসয়ি
শ্যামক করব বিদায়।
মৃদু মৃদু গমনে আওল মাধা,
বয়নপান তছু চাহল রাধা,
চাহয়ি রহল স চাহয়ি রহল,
দন্ড দন্ড সখি, চাহয়ি রহল,
মন্দ মন্দ সখি, নয়নে বহল
বিন্দু বিন্দু জলধার।
মৃদু মৃদু হাসে বৈঠল পাশে,
কহল শ্যাম কত মৃদু মধু ভাষে,
টুটয়ি গইল পণ, টুটইল মান,
গদগদ আকুলব্যাকুলপ্রাণ,
ফুকরয়ি উছসয়ি কাঁদল রাধা,
গদগদ ভাষ নিকাশল আধা,
শ্যামক চরণে বাহু পসারি,
কহল
— শ্যাম রে, শ্যাম হমারি,
রহ তুঁহু, রহ তুঁহু, বঁধু গো, রহ তুঁহু,
অনুখন সাথ সাথ রে রহ পঁহু,
তুঁহু বিনে মাধব, বল্লভ, বান্ধব,
আছয় কোন হমার!
পড়ল ভূমি’পর শ্যামচরণ ধরি,
রাখল মুখ তছু শ্যামচরণ’পরি
উছসি উছসি কত কাঁদয়ি কাঁদয়ি
রজনী
করল প্রভাত।
মাধব বৈসল, মৃদু মধু হাসল,
কত অশোয়াসবচন মিঠ ভাষল,
ভানুসিংহ ঠাকুরের পদাবলী
ধরইল বালিক
হাত।
সখি লো, সখি লো, বোল ত সখি লো,
যত দুখ পাওল রাধা
নিঠুর শ্যাম কিয়ে আপন মনমে
পাওল তছু কছু আধা?
হাসয়ি হাসয়ি নিকটে আসয়ি
বহুত স প্রবোধ দেল,
হাসয়ি হাসয়ি পলটয়ি চাহয়ি
দূর দূর চলি গেল।
অব সো মথুরাপুরক পন্থমে,
ইঁহ যব রোয়ত রাধা,
মরমে কি লাগল তিলভর বেদন,
চরণে কি তিলভর বাধা?
বরখি আঁখিজল ভানু কহে — অতি
দুখের জীবন ভাই।
হাসিবার তর সঙ্গ মিলে বহু,
কাঁদিবার কো নাই।
বার বার সখি, বারণ করনু,
ন যাও
মথুরাধাম।
বিসরি প্রেমদুখ রাজভোগ যথি
করত হমারই
শ্যাম।
ধিক তুঁহু দাম্ভিক, ধিক রসনা ধিক,
লইলি কাহারই
নাম?
বোল তো সজনি, মথুরাঅধিপতি
সো কি হমারই
শ্যাম?
ধনকো শ্যাম সো, মথুরাপুরকো,
রাজ্য-মানকো
হোয়।
নহ পীরিতিকো, ব্রজকামিনীকো,
নিচয় কহনু
ময় তোয়।
যব তুঁহু ঠারবি সো নব নরপতি
জনি রে করে
অবমান,
ছিন্নকুসুমসম ঝরব ধরা’পর,
পলকে খোয়ব
প্রাণ।
বিসরল বিসরল সো সব বিসরল
বৃন্দাবন
সুখসঙ্গ,
নব নগরে সখি নবীন নাগর
উপজল নব নব
রঙ্গ।
ভানু কহত — অয়ি বিরহকাতরা
মনমে বাঁধহ
থেহ।
মুগুধা বালা, বুঝই বুঝলি না,
হমার শ্যামক
লেহ।
কো
তুঁহু বোলবি মোয়!
হৃদয়মাহ মঝু জাগসি অনুখন,
আঁখউপর তুঁহু রচলহি আসন,
অরুণ নয়ন তব মরমসঙে মম
নিমিখ ন
অন্তর হোয়।
কো তুঁহু
বোলবি মোয়!
হৃদয়কমল তব চরণে টলমল,
নয়নযুগল মম উছলে ছলছল,
প্রেমপূর্ণ তনু পুলকে ঢলঢল
চাহে
মিলাইতে তোয়।
কো তুঁহু
বোলবি মোয়!
বাঁশরিধ্বনি তুহ অমিয় গরল রে,
হৃদয় বিদারয়ি হৃদয় হরল রে,
আকুল কাকলি ভুবন ভরল রে,
উতল প্রাণ
উতরোয়।
কো তুঁহু
বোলবি মোয়!
হেরি হাসি তব মধুঋতু ধাওল,
শুনয়ি বাঁশি তব পিককুল গাওল,
বিকল ভ্রমরসম ত্রিভুবন আওল,
চরণকমলযুগ
ছোঁয়।
কো তুঁহু
বোলবি মোয়!
গোপবধূজন বিকশিতযৌবন,
পুলকিত যমুনা, মুকুলিত উপবন,
নীলনীর’পর ধীর সমীরণ,
পলকে
প্রাণমন খোয়
কো তুঁহু
বোলবি মোয়!
ভানুসিংহ ঠাকুরের পদাবলী
তৃষিত আঁখি, তব মুখ’পর বিহরই,
মধুর পরশ তব রাধা শিহরই,
প্রেমরতন ভরি হৃদয় প্রাণ লই
পদতলে অপনা
থোয়।
কো তুঁহু
বোলবি মোয়!
কো তুঁহু কো তুঁহু সব জন পুছয়ি,
অনুদিন সঘন নয়নজল মুছয়ি,
যাচে ভানু — সব সংশয় ঘুচয়ি,
জনম চরণ’পর
গোয়।
কো তুঁহু
বোলবি মোয়!
সজনি গো,
শাঙন গগনে ঘোর ঘনঘটা
নিশীথযামিনী রে।
কুঞ্জপথে সখি, কৈসে যাওব
অবলা কামিনী রে।
উন্মদ পবনে যমুনা তর্জিত,
ঘন ঘন
গর্জিত মেহ।
দমকত বিদ্যুত, পথতরু লুন্ঠত,
থরহর কম্পত
দেহ।
ঘন ঘন রিম্ ঝিম্ রিম্ ঝিম্ রিম্ ঝিম্
বরখত
নীরদপুঞ্জ।
ঘোর গহন ঘন তালতমালে
নিবিড়
তিমিরময় কুঞ্জ।
বোল ত সজনী, এ দুরুযোগে
কুঞ্জে
নিরদয় কান
দারুণ বাঁশী কাহ বজায়ত
সকরুণ রাধা
নাম।
সজনি,
মোতিমহারে বেশ বনা দে,
সীঁথি লগা দে ভালে।
উরহি বিলোলিত শিথিল চিকুর মম
বাঁধহ মালত’মালে
খোল দুয়ার ত্বরা করি সখি রে,
ছোড় সকল
ভয়লাজে —
হৃদয় বিহগসম ঝটপট করত হি
পঞ্জরপিঞ্জরমাঝে।
গহন রয়নমে ন যাও বালা
নওলকিশোরক
পাশ —
গরজে ঘন ঘন, বহু ডর পাওব,
কহে ভানু তব
দাস।
বসন্ত আওল
রে!
মধুকর গুন গুন, অমুয়ামঞ্জরী
কানন ছাওল
রে।
শুন শুন সজনী হৃদয় প্রাণ মম
হরখে আকুল
ভেল,
জর জর রিঝসে দুখ জ্বালা সব
দূর দূর চলি
গেল।
মরমে বহই বসন্তসমীরণ,
মরমে ফুটই
ফুল,
মরমকুঞ্জ’পর বোলই কুহু কুহু
অহরহ
কোকিলকুল।
সখি রে উছসত প্রেমভরে অব
ঢলঢল বিহ্বল
প্রাণ,
নিখিল জগত জনু হরখ - ভোর ভই
গায়
রভসরসগান।
বসন্তভূষণভূষিত ত্রিভুবন
কহিছে
দুখিনী রাধা,
কঁহি রে সো প্রিয়, কঁহি সো প্রিয়তম,
হৃদিবসন্ত সো মাধা?
ভানু কহত অতি গহন রয়ন অব,
বসন্তসমীর
শ্বাসে
মোদিত বিহ্বল চিত্তকুঞ্জতল
ফুল্ল বাসনা
- বাসে।
শ্যাম, মুখে তব মধুর অধরমে
হাস বিকশিত
কায়?
কোন স্বপন অব দেখত মাধব,
কহবে কোন
হমায়!
নীদমেঘ’পর স্বপনবিজলিসম
রাধা বিলসত
হাসি।
শ্যাম, শ্যাম মম, কৈসে শোধব
তুঁহুক
প্রেমঋণরাশি।
বিহঙ্গ, কাহ তু বোলন লাগলি?
শ্যাম ঘুমায়
হমারা!
রহ রহ চন্দ্রম, ঢাল ঢাল তব
শীতল
জোছনধারা।
তারকমালিনী সুন্দর যামিনী
অবহুঁ ন যাও
রে ভাগি,
নিরদয় রবি, অব কাহ তু আওলি,
জ্বাললি
বিরহক আগি।
ভানু কহত—অব রবি অতি নিষ্ঠুর
নলিনমিলনঅভিলাষে
কত নরনারীক মিলন টুটাওত,
ডারত
বিরহহুতাশে।
বাদরবরখন নীরদগরজন
বিজুলীচমকন
ঘোর,
উপেখই কৈছে আও তু কুঞ্জে
নিতি নিতি,
মাধব মোর।
ঘন ঘন চপলা চমকয় যব পহু,
বজরপাত যব
হোয়,
তুঁহুক বাত তব সমরয়ি প্রিয়তম,
ডর অতি লাগত
মোয়।
অঙ্গবসন তব ভীঁখত মাধব,
ঘন ঘন বরখত
মেহ —
ক্ষুদ্র বালি হম, হমকো লাগয়
কাহ উপেখবি
দেহ?
বইস বইস পহু, কুসুমশয়ন’পর
পদযুগ দেহ
পসারি —
সিক্ত চরণ তব মোছব যতনে —
কুন্তলভার
উঘারি।
শ্রান্ত অঙ্গ তব হে ব্রজসুন্দর,
রাখ বক্ষ -’পর মোর,
তনু তব ঘেরব পুলকিত পরশে
বাহুমৃণালক
ডোর।
ভানু কহে বৃকভানুনন্দিনী,
প্রেমসিন্ধু
মম কালা,
তোঁহার লাগয়, প্রেমক লাগয়
সব কছু সহবে
জ্বালা।
মাধব, না কহ আদরবাণী,
না কর
প্রেমক নাম।
জানয়ি মুঝকো অবলা সরলা
ছলনা না কর
শ্যাম।
কপট, কাহ তুঁহু ঝূট বোলসি,
পীরিত করসি
তু মোয়?
ভালে ভালে হম অলপে চিহ্ননু,
না পতিয়াব
রে তোয়।
ছিদল তরী-সম কপট প্রেম’পর
ডারনু যব
মনপ্রাণ,
ডুবনু ডবনু রে ঘোর সায়রে
অব কুত
নাহিক ত্রাণ।
মাধব, কঠোর বাত হমারা
মনে লাগল কি
তোর?
মাধব, কাহ তু মলিন করলি মুখ,
ক্ষমহ গো
কুবচন মোর!
নিদয় বাত অব কবহু ন বোলব,
তুঁহু মম
প্রাণক প্রাণ।
অতিশয় নির্মম ব্যথিনু হিয়া তব
ছোড়য়ি
কুবচনবাণ
মিটল মান অব — ভানু হাসতহি
হেরই
পীরিতলীলা।
কভু অভিমানিনী, আদরিণী কভু
পীরিতিসাগর
বালা।
শিশির কাঁদিয়া শুধু বলে,
“ কেন মোর হেন ক্ষুদ্র প্রাণ --
শিশুটির কল্পনার মতো
জনমি অমনি অবসান?
ঘুম - ভাঙা উষা - মেয়েটির
একটি সুখের অশ্রু হায়,
হাসি তার ফুরাতে ফুরাতে
এ অশ্রুটি শুকাইয়া যায়।
টুকটুকে মুখখানি নিয়ে
গোলাপ হাসিছে মুচকিয়ে,
বকুল প্রাণের সুধা দিয়ে,
বায়ুর মাতাল করি তুলে --
প্রজাপতি ভাবিয়া না পায়
কাহারে তাহার প্রাণ চায়,
তুলিয়া অলস পাখা দুটি
ভ্রমিতেছে ফুল হতে ফুলে --
সেই হাসি - রাশির মাঝারে
আমি কেন থাকিতে না পাই!
যেমনি নয়ন মেলি, হায়,
সুখের নিমেষটির প্রায়,
অতৃপ্ত হাসিটি মুখে লয়ে
অমনি কেন গো মরে যাই। ”
শুয়ে শুয়ে অশোক - পাতায়
মুমূর্ষু শিশির বলে,” হায়,
কোনো সুখ ফুরায় নি যার
তার কেন জীবন ফুরায়?”
সন্ধ্যাসংগীত
“ আমি কেন হই নি শিশির?”
কহে কবি নিশ্বাস ফেলিয়া।
“ প্রভাতেই যেতেম শুকায়ে
প্রভাতেই নয়ন মেলিয়া।
হে বিধাতা, শিশিরের মতো
গড়েছ আমার এই প্রাণ,
শিশিরের মরণটি কেন
আমারে কর নি তবে দান?”
জনমিয়া এ সংসারে
কিছুই শিখি
নি আর,
শুধু গাই গান।
স্নেহময়ী মার কাছে
শৈশবে
শিখিয়াছিনু
দু - একটি তান।
শুধু জানি তাই,
দিবানিশি তাই শুধু গাই।
শতছিদ্রময় এই
হৃদয় - বাঁশিটি লয়ে।
বাজাই সতত --
দুঃখের কঠোর স্বর
রাগিনী হইয়া যায়,
মৃদুল নিশ্বাসে পরিণত।
আঁধার জলদ যেন
ইন্দ্রধনু হয়ে যায়।
ভুলে যাই সকল যাতনা।
ভালো যদি না লাগে সে গান
ভালো সখা, তাও গাহিব না।
এমন পণ্ডিত কত
রয়েছেন শত শত
এ সংসারতলে,
আকাশের দৈত্যবালা
উন্মাদিনী চপলারে
বেঁধে রাখে দাসত্বের লোহার শিকলে।
আকাশ ধরিয়া হাতে
নক্ষত্র -
অক্ষর দেখি
গ্রন্থ পাঠ করিছেন তাঁরা,
জ্ঞানের বন্ধন যত
ছিন্ন করে দিতেছেন
ভাঙি ফেলি অতীতের কারা।
আমি তার কিছুই করি না,
আমি তার কিছুই জানি না।
এমন মহান্ এ সংসারে
জ্ঞা নরত্নরাশির মাঝারে
আমি দীন শুধু গান গাই,
তোমাদের মুখপানে চাই।
ভালো যদি না লাগে সে গান
সন্ধ্যাসংগীত
ভালো সখা, তাও গাহিব না।
বড়ো ভয় হয়, পাছে কেহই
না দেখে তারে
যে জন কিছুই শেখে নাই।
ওগো সখা, ভয়ে ভয়ে তাই
যাহা জানি সেই গান গাই,
তোমাদের মুখপানে চাই।
শ্রান্ত দেহ হীনবল,
নয়নে পড়িছে জল,
রক্ত ঝরে চরণে আমার,
নিশ্বাস বহিছে বেগে,
হৃদয় - বাঁশিটি মম
বাজে না বাজে না বুঝি আর।
দিন গেল, সন্ধ্যা গেল,
কেহ দেখিলে না চেয়ে।
যত গান গাই।
বুঝি কারো অবসর নাই।
বুঝি কারো ভালো নাহি লাগে --
ভালো সখা, আর গাহিব না।
জ্যোতির্ময় তীর হতে আঁধার সাগরে
ঝাঁপায়ে পড়িল এক তারা,
একেবারে উন্মাদের পারা।
চৌদিকে অসংখ্য তারা রহিল চাহিয়া
অবাক হইয়া --
এই - যে জ্যোতির বিন্দু আছিল
তাদের মাঝে
মুহুর্তে সে গেল মিশাইয়া।
যে সমূদ্রতলে
মনোদুঃখে আত্মঘাতী
চির - নির্বাপিত - ভাতি
শত মৃত তারকার
মৃতদেহ রয়েছে শয়ান
সেথায় সে করেছে পয়ান।
কেন গো, কী হয়েছিল তার।
একরার শুধালে না কেহ --
কী লাগি সে তেয়াগিল দেহ।
যদি কেহ শুধাইত
আমি জানি কী যে সে কহিত।
যতদিন বেঁচে ছিল
আমি জানি কী তারে দহিত।
সে কেবল হাসির যন্ত্রণা,
আর কিছু না!
জ্বলন্ত অঙ্গারখণ্ড ঢাকিতে আঁধার
হৃদি
অনিবার হাসিতেই রহে,
যত হাসে ততই সে দহে।
তেমনি, তেমনি তারে হাসির অনল
দারুণ উজ্জল --
দহিত, দহিত তারে,
দহিত, কেবল।
জ্যোতির্ময় তারাপূর্ণ বিজন
তেয়াগি
সন্ধ্যাসংগীত
তাই আজ ছুটেছে সে নিতান্ত মনের
ক্লেশে
আঁধারের তারাহীন বিজনের লাগি।
কেন গো তোমরা যত তারা
উপহাস করি তারে হাসিছ অমন ধারা।
তোমাদের হয় নি তো ক্ষতি,
যেমন আছিল আগে তেমনি রয়েছে
জ্যোতি।
সে কি কভু ভেবেছিল মনে -
( এত গর্ব আছিল কি তার )।
আপনারে নিবাইয়া তোমাদের করিবে
আঁধার।
গেল, গেল, ডুবে গেল, তারা এক
ডুবে গেল,
আঁধারসাগরে --
গভীর নিশীথে
অতল আকাশে।
হৃদয়, হৃদয় মোর, সাধ কি রে যায়
তোর
ঘুমাইতে ওই মৃত তারাটির পাশে
ওই আঁধারসাগরে
এই গভীর নিশীথে
ওই অতল আকাশে।
অয়ি সন্ধ্যে,
অনন্ত আকাশতলে বসি
একাকিনী,
কেশ
এলাইয়া
মৃদু মৃদু ও কী কথা
কহিস আপন মনে
গান গেয়ে গেয়ে,
নিখিলের মুখপানে
চেয়ে।
প্রতিদিন শুনিয়াছি, আজও তোর কথা
নারিনু বুঝিতে।
প্রতিদিন শুনিয়াছি,
আজও তোর গান
নারিনু শিখিতে।
চোখে লাগে ঘুমঘোর,
প্রাণ শুধু ভাবে হয় ভোর।
হৃদয়ের অতিদূর দূর
দূরান্তরে
মিলাইয়া কণ্ঠস্বর তোর
কন্ঠস্বরে
উদাসী প্রবাসী যেন
তোর সাথে তোরি গান করে
।
অয়ি সন্ধ্যা, তোরি যেন স্বদেশের
প্রতিবেশী
তোরি যেন আপনার ভাই
প্রাণের প্রবাসে মোর দিশা হারাইয়া
বেড়ায় সদাই।
শোনে যেন
স্বদেশের গান,
দূর হতে কার
পায় সাড়া
খুলে দেয় প্রাণ।
যেন কী পুরোনো স্মৃতি
জাগিয়া
উঠে রে ওই গানে।
ওই তারকার মাঝে যেন
তার গৃহ ছিল,
হাসিত কাঁদিত ওইখানে।
আরবার ফিরে যেতে চায়
পথ তবু খুঁজিয়া না পায়।
সন্ধ্যাসংগীত
কত - না পুরানো কথা, কত - না
হারানো গান,
কত না প্রাণের দীর্ঘশ্বাস,
শরমের আধো হাসি,
সোহাগের আধো বাণী,
প্রণয়ের আধো মৃদু ভাষ,
সন্ধ্যা, তোর ওই অন্ধকারে
হারাইয়া গেছে একেবারে।
পূর্ণ করি অন্ধকার তোর
তারা সবে ভাসিয়া বেড়ায়
যুগান্তের প্রশান্ত হৃদয়ে
ভাঙাচোরা জগতের প্রায়।
যবে এই নদীতীরে
বসি তোর পদতলে
তারা সবে দলে দলে আসে
প্রাণেরে ঘেরিয়া চারি পাশে ;
হয়তো একটি হাসি
একটি আধেক
হাসি
সমুখেতে ভাসিয়া বেড়ায়,
কভু ফোটে কভু বা মিলায়।
আজি আসিয়াছি সন্ধ্যা,
আওল মাধা,
বয়নপান তছু চাহল রাধা,
চাহয়ি রহল স চাহয়ি রহল,
দন্ড দন্ড সখি, চাহয়ি রহল,
মন্দ মন্দ সখি, নয়নে বহল
বিন্দু বিন্দু জলধার।
মৃদু মৃদু হাসে বৈঠল পাশে,
কহল শ্যাম কত মৃদু মধু ভাষে,
টুটয়ি গইল পণ, টুটইল মান,
গদগদ আকুলব্যাকুলপ্রাণ,
ফুকরয়ি উছসয়ি কাঁদল রাধা,
গদগদ ভাষ নিকাশল আধা,
শ্যামক চরণে বাহু পসারি,
কহল
— শ্যাম রে, শ্যাম হমারি,
রহ তুঁহু, রহ তুঁহু, বঁধু গো, রহ তুঁহু,
অনুখন সাথ সাথ রে রহ পঁহু,
তুঁহু বিনে মাধব, বল্লভ, বান্ধব,
আছয় কোন হমার!
পড়ল ভূমি’পর শ্যামচরণ ধরি,
রাখল মুখ তছু শ্যামচরণ’পরি
উছসি উছসি কত কাঁদয়ি কাঁদয়ি
রজনী
করল প্রভাত।
মাধব বৈসল, মৃদু মধু হাসল,
কত অশোয়াসবচন মিঠ ভাষল,
ভানুসিংহ ঠাকুরের পদাবলী
ধরইল বালিক
হাত।
সখি লো, সখি লো, বোল ত সখি লো,
যত দুখ পাওল রাধা
নিঠুর শ্যাম কিয়ে আপন মনমে
পাওল তছু কছু আধা?
হাসয়ি হাসয়ি নিকটে আসয়ি
বহুত স প্রবোধ দেল,
হাসয়ি হাসয়ি পলটয়ি চাহয়ি
দূর দূর চলি গেল।
অব সো মথুরাপুরক পন্থমে,
ইঁহ যব রোয়ত রাধা,
মরমে কি লাগল তিলভর বেদন,
চরণে কি তিলভর বাধা?
বরখি আঁখিজল ভানু কহে — অতি
দুখের জীবন ভাই।
হাসিবার তর সঙ্গ মিলে বহু,
কাঁদিবার কো নাই।
বার বার সখি, বারণ করনু,
ন যাও

কখানি নোট
দিয়ে
তিনখানা নোট আনে সে
দশ টাকার।
কাগজ -গন্ তি মুনফা যতই
বাড়ে
টাকার গন্ তি লক্ষ্মী ততই
ছাড়ে,
কিছুতে বুঝিতে পারে না
দোষটা কার।
লটারিতে পেল পীতু
হাজার পঁচাত্তর,
জীবনী লেখার লোক
জুটিল সে-মাত্তর।
যখনি পড়িল চোখে
চেহারাটা চেক্ টার
‘ আমি পিসে ' কহে এসে
ড্রেন্ ইন্ স্ পেক্ টার।
গুরু-ট্রেনিঙের এক
পিলেওয়ালা ছাত্তর
অযাচিত এল তার
কন্যার পাত্তর।
একটা খোঁড়া ঘোড়ার 'পরে
চড়েছিল চাটুর্জে,
পড়ে গিয়ে কী দশা তার
হয়েছিল হাঁটুর যে!
বলে কেঁদে, ‘ ব্রাহ্মণেরে
বইতে ঘোড়া পারল না যে
সইত তাও, মরি আমি
তার থেকে এই অধিক লাজে
—
লোকের মুখের ঠাট্টা যত
বইতে হবে টাটুর যে! '
পণ্ডিত কুমিরকে
ডেকে বলে, ‘ নক্র,
প্রখর তোমার দাঁত,
মেজাজটা বক্র।
আমি বলি নখ তব
করো তুমি কর্তন,
হিংস্র স্বভাব তবে
হবে পরিবর্তন
আমিষ ছাড়িয়া যদি
শুধু খাও তক্র। '
পাড়াতে এসেছে এক
নাড়ীটেপা ডাক্তার,
দূর থেকে দেখা যায়
অতি উঁচু নাক তার।
নাম লেখে ওষুধের,
এ দেশের পশুদের
সাধ্য কী পড়ে তাহা
এই বড়ো জাঁক তার।
যেথা যায় বাড়ি বাড়ি
দেখে যে ছেড়েছে নাড়ী,
পাওনাটা আদায়ের
মেলে না যে ফাঁক তার।
গেছে নির্বাকপুরে
ভক্তের ঝাঁক তার।
ননীলাল বাবু যাবে লঙ্কা ;
শ্যালা শুনে এল, তা
লি—
দিবালোক - অবসানে
তারালোক জ্বালি
ধ্যানে সেথা বসেছে সে
রূপহীন দেশে ;
যেথা অস্তসূর্য হতে
নিয়ে রক্তরাগ
গুহাচিত্রে করিছে সজাগ
তার তুলি
ম্রিয়মাণ জীবনের লুপ্ত
রেখাগুলি ;
নিমীলিত বসন্তের
ক্ষান্তগন্ধে যেখানে সে
গাঁথিয়া অদৃশ্যমালা পরিছে নিবিড় কালোকেশে ;
যেখানে তাহার কণ্ঠহারে
দুলায়েছে সারে সারে
প্রাচীন শতাব্দীগুলি
শান্ত - চিত্তদহন বেদনা
মাণিক্যের কণা।
সেথা বসে আছি কাজ ভুলে
অস্তাচলমূলে
ছায়াবীথিকায়।
রূপময় বিশ্বধারা অবলুপ্তপ্রায়
গোধূলিধূসর আবরণে,
অতীতের শূন্য তার সৃষ্টি মেলিতেছে মোর মনে।
এ শূন্য তো মরুমাত্র নয়,
এ যে চিত্তময় ;
বর্তমান যেতে যেতে এই শূন্যে যায় ভ'রে রেখে
আপন অন্তর থেকে
অসংখ্য স্বপন ;
অতীত এ শূন্য দিয়ে করেছি বপন
বস্তুহীন সৃষ্টি যত,
নিত্যকাল - মাঝে তারি ফলশস্য ফলিছে নিয়ত।
আলোড়িত এই শূন্য যুগে যুগে উঠিয়াছে জ্বলি,
ভরিয়াছে জ্যোতির অঞ্জলি।
বীথিকা
বসে আছি নির্নিমেষ চোখে
অতীতের সেই ধ্যানালোকে—
নি:শব্দ তিমিরতটে জীবনের বিস্মৃত রাতির।
হে অতীত,
শান্ত তুমি নির্বাণ - বাতির
অন্ধকারে,
সুখদুখনিষ্কৃতির পারে
।
শিল্পী তুমি, আঁধারের ভূমিকায়
নিভৃতে রচিছ সৃষ্টি নিরাসক্ত নির্মম কলায়,
স্মরণে ও বিস্মরণে বিগল
 যে পথে কঙ্কাল পায়ে বাজে!
নির্যাতনের যে যষ্টি দিয়া শত্রু আঘাত হানে
সেই যষ্টিরে দোসর করিয়া অলক্ষ্য পথ-পানে
চলেছে দেবতা – অন্ধ দেবতা – পায়ে পায়ে পলে পলে,
যত ঘিরে আসে পথ-সংকট চলে তত নববলে।
ঢলে পড়ে পথ পরে,
নবীন মৃত্যু-যাত্রী আসিয়া তুলে ধরে বুকে করে!
অন্ধ কারার বন্ধ দুয়ারে যথায় বন্দি জাগে,
যথায় বধ্য-মঞ্চ নিত্য রাঙিছে রক্ত-রাগে,
যথায় পিষ্ট হতেছে আত্মা নিষ্ঠুর মুঠি-তলে,
যথায় অন্ধ গুহায় ফণীর মাথায় মানিক জ্বলে,সন্ধ্যা
যথায় বন্য শ্বাপদের সাথে নখর দন্ত লয়ে
জাগে বিনিদ্র বন্য-তরুণ ক্ষুধার তাড়না সয়ে,
যথা প্রাণ দেয় বলির নারীরা যূপকাষ্ঠের ফাঁদে, −
সেই পথে চলে অন্ধ দেবতা, পথ চলে আর কাঁদে, −
‘ওরে ওঠ ত্বরা করি
তোদের রক্তে-রাঙা উষা আসে, পোহাইছে বিভাবরী!’
তিমির রাত্রি, ছুটেছে যাত্রী নিরুদ্দেশের ডাকে,
জানে না কাথায় কোন পথে কোন ঊর্ধ্বে দেবতা হাঁকে।
শুনিয়াছে ডাক এই শুধু জানে! অপনার অনুরাগে
মাতিয়া উঠেছে অলস চরণ, সম্মুখে পথ জাগে!
জাগে পথ, জাগে ঊর্ধ্বে দেবতা, এই দেখিয়াছে শুধু,
কে দেখে সে পথে চোরা বালুচর, পর্বত, মরু ধুধু!
ছুটেছে পথিক, সাথে চলে পথ, অমানিশি চলে সাথে,
পথে পড়ে ঢলে, মৃত্যুর ছলে ধরে দেবতার হাতে।
চলিতেছ
