✅ W&B initialized
Compiling model with torch.compile...
✅ Compiled
✅ DDP with 2 GPUs
Parameters: 73,459,585 (73.46M)

🚀 Training for 3000 epochs (1→3000)
  AMP dtype:      torch.float16
  GradScaler:     ON
  CFG dropout:    10.0%
  Timestep dist:  logit_normal
Epoch 1/3000:   0%|                                      | 0/32 [00:00<?, ?it/s][rank0]:W0227 00:03:35.282000 63 torch/_inductor/utils.py:1558] [0/0] Not enough SMs to use max_autotune_gemm mode
/usr/local/lib/python3.12/dist-packages/torch/autograd/graph.py:841: UserWarning: Grad strides do not match bucket view strides. This may indicate grad was not created according to the gradient layout contract, or that the param's strides changed since DDP was constructed.  This is not an error, but may impair performance.
grad.sizes() = [256, 256, 1, 1], strides() = [256, 1, 256, 256]
bucket_view.sizes() = [256, 256, 1, 1], strides() = [256, 1, 1, 1] (Triggered internally at /pytorch/torch/csrc/distributed/c10d/reducer.cpp:334.)
  return Variable._execution_engine.run_backward(  # Calls into the C++ engine to run the backward pass
Epoch 1/3000: 100%|████████████████| 32/32 [03:39<00:00,  6.86s/it, loss=0.3651]
Epoch 1/3000 | Loss: 0.5722 | Best: inf | 219.6s | Elapsed: 0.1h | ETA: 10977m | LR: 0.000300
  ★ Saved best model (loss=0.5722)
Epoch 2/3000: 100%|████████████████| 32/32 [00:33<00:00,  1.04s/it, loss=0.5749]
Epoch 2/3000 | Loss: 0.4030 | Best: 0.5722 | 33.4s | Elapsed: 0.1h | ETA: 6322m | LR: 0.000300
  ★ Saved best model (loss=0.4030)
Epoch 3/3000: 100%|████████████████| 32/32 [00:35<00:00,  1.10s/it, loss=0.1776]
Epoch 3/3000 | Loss: 0.3412 | Best: 0.4030 | 35.3s | Elapsed: 0.1h | ETA: 4800m | LR: 0.000300
  ★ Saved best model (loss=0.3412)
Epoch 4/3000: 100%|████████████████| 32/32 [00:33<00:00,  1.06s/it, loss=0.3723]
Epoch 4/3000 | Loss: 0.3181 | Best: 0.3412 | 33.9s | Elapsed: 0.1h | ETA: 4022m | LR: 0.000300
  ★ Saved best model (loss=0.3181)
Epoch 5/3000: 100%|████████████████| 32/32 [00:34<00:00,  1.08s/it, loss=0.2223]
Epoch 5/3000 | Loss: 0.2950 | Best: 0.3181 | 34.5s | Elapsed: 0.1h | ETA: 3561m | LR: 0.000300
  ★ Saved best model (loss=0.2950)
Epoch 6/3000: 100%|████████████████| 32/32 [00:34<00:00,  1.07s/it, loss=0.3253]
Epoch 6/3000 | Loss: 0.2913 | Best: 0.2950 | 34.3s | Elapsed: 0.1h | ETA: 3251m | LR: 0.000300
  ★ Saved best model (loss=0.2913)
Epoch 7/3000: 100%|████████████████| 32/32 [00:34<00:00,  1.07s/it, loss=0.3449]
Epoch 7/3000 | Loss: 0.2619 | Best: 0.2913 | 34.3s | Elapsed: 0.1h | ETA: 3030m | LR: 0.000300
  ★ Saved best model (loss=0.2619)
Epoch 8/3000: 100%|████████████████| 32/32 [00:34<00:00,  1.08s/it, loss=0.2307]
Epoch 8/3000 | Loss: 0.2617 | Best: 0.2619 | 34.4s | Elapsed: 0.1h | ETA: 2865m | LR: 0.000300
  ★ Saved best model (loss=0.2617)
Epoch 9/3000: 100%|████████████████| 32/32 [00:34<00:00,  1.07s/it, loss=0.2774]
Epoch 9/3000 | Loss: 0.2279 | Best: 0.2617 | 34.3s | Elapsed: 0.1h | ETA: 2736m | LR: 0.000300
  ★ Saved best model (loss=0.2279)
Epoch 10/3000: 100%|███████████████| 32/32 [00:34<00:00,  1.08s/it, loss=0.4187]
Epoch 10/3000 | Loss: 0.2883 | Best: 0.2279 | 34.4s | Elapsed: 0.2h | ETA: 2633m | LR: 0.000300
Epoch 11/3000: 100%|███████████████| 32/32 [00:34<00:00,  1.07s/it, loss=0.4127]
Epoch 11/3000 | Loss: 0.2923 | Best: 0.2279 | 34.4s | Elapsed: 0.2h | ETA: 2548m | LR: 0.000300
Epoch 12/3000: 100%|███████████████| 32/32 [00:34<00:00,  1.07s/it, loss=0.4265]
Epoch 12/3000 | Loss: 0.2708 | Best: 0.2279 | 34.3s | Elapsed: 0.2h | ETA: 2478m | LR: 0.000300
Epoch 13/3000: 100%|███████████████| 32/32 [00:34<00:00,  1.08s/it, loss=0.1985]
Epoch 13/3000 | Loss: 0.2824 | Best: 0.2279 | 34.6s | Elapsed: 0.2h | ETA: 2419m | LR: 0.000300
Epoch 14/3000: 100%|███████████████| 32/32 [00:34<00:00,  1.08s/it, loss=0.2252]
Epoch 14/3000 | Loss: 0.2725 | Best: 0.2279 | 34.7s | Elapsed: 0.2h | ETA: 2368m | LR: 0.000300
Epoch 15/3000: 100%|███████████████| 32/32 [00:34<00:00,  1.08s/it, loss=0.2938]
Epoch 15/3000 | Loss: 0.2402 | Best: 0.2279 | 34.5s | Elapsed: 0.2h | ETA: 2324m | LR: 0.000300
Epoch 16/3000: 100%|███████████████| 32/32 [00:34<00:00,  1.08s/it, loss=0.3495]
Epoch 16/3000 | Loss: 0.2298 | Best: 0.2279 | 34.5s | Elapsed: 0.2h | ETA: 2285m | LR: 0.000300
Epoch 17/3000: 100%|███████████████| 32/32 [00:34<00:00,  1.08s/it, loss=0.2842]
Epoch 17/3000 | Loss: 0.2365 | Best: 0.2279 | 34.6s | Elapsed: 0.2h | ETA: 2251m | LR: 0.000300
Epoch 18/3000: 100%|███████████████| 32/32 [00:34<00:00,  1.08s/it, loss=0.1965]
Epoch 18/3000 | Loss: 0.2738 | Best: 0.2279 | 34.7s | Elapsed: 0.2h | ETA: 2221m | LR: 0.000300
Epoch 19/3000: 100%|███████████████| 32/32 [00:34<00:00,  1.09s/it, loss=0.2121]
Epoch 19/3000 | Loss: 0.2294 | Best: 0.2279 | 34.8s | Elapsed: 0.2h | ETA: 2195m | LR: 0.000300
Epoch 20/3000: 100%|███████████████| 32/32 [00:34<00:00,  1.09s/it, loss=0.2439]
Epoch 20/3000 | Loss: 0.2268 | Best: 0.2279 | 34.8s | Elapsed: 0.3h | ETA: 2171m | LR: 0.000300
  ★ Saved best model (loss=0.2268)
  💾 Checkpoint saved (overwrite): epoch 20
Epoch 21/3000: 100%|███████████████| 32/32 [00:34<00:00,  1.08s/it, loss=0.1166]
Epoch 21/3000 | Loss: 0.2240 | Best: 0.2268 | 34.5s | Elapsed: 0.3h | ETA: 2148m | LR: 0.000300
  ★ Saved best model (loss=0.2240)
Epoch 22/3000: 100%|███████████████| 32/32 [00:34<00:00,  1.07s/it, loss=0.2269]
Epoch 22/3000 | Loss: 0.2415 | Best: 0.2240 | 34.3s | Elapsed: 0.3h | ETA: 2127m | LR: 0.000300
Epoch 23/3000: 100%|███████████████| 32/32 [00:34<00:00,  1.08s/it, loss=0.2068]
Epoch 23/3000 | Loss: 0.2426 | Best: 0.2240 | 34.4s | Elapsed: 0.3h | ETA: 2108m | LR: 0.000300
Epoch 24/3000: 100%|███████████████| 32/32 [00:34<00:00,  1.08s/it, loss=0.2523]
Epoch 24/3000 | Loss: 0.2419 | Best: 0.2240 | 34.5s | Elapsed: 0.3h | ETA: 2091m | LR: 0.000300
Epoch 25/3000: 100%|███████████████| 32/32 [00:34<00:00,  1.08s/it, loss=0.4213]
Epoch 25/3000 | Loss: 0.2038 | Best: 0.2240 | 34.6s | Elapsed: 0.3h | ETA: 2076m | LR: 0.000300
  ★ Saved best model (loss=0.2038)
RF Euler Sampling: 100%|████████████████████████| 50/50 [00:51<00:00,  1.03s/it]
RF Euler Sampling: 100%|████████████████████████| 50/50 [00:37<00:00,  1.32it/s]
RF Euler Sampling: 100%|████████████████████████| 50/50 [00:38<00:00,  1.31it/s]
Epoch 26/3000: 100%|███████████████| 32/32 [00:35<00:00,  1.11s/it, loss=0.2043]
Epoch 26/3000 | Loss: 0.2122 | Best: 0.2038 | 35.4s | Elapsed: 0.4h | ETA: 2063m | LR: 0.000300
Epoch 27/3000: 100%|███████████████| 32/32 [00:35<00:00,  1.11s/it, loss=0.1867]
Epoch 27/3000 | Loss: 0.2547 | Best: 0.2038 | 35.6s | Elapsed: 0.4h | ETA: 2051m | LR: 0.000300
Epoch 28/3000: 100%|███████████████| 32/32 [00:35<00:00,  1.12s/it, loss=0.1005]
Epoch 28/3000 | Loss: 0.2355 | Best: 0.2038 | 35.8s | Elapsed: 0.4h | ETA: 2040m | LR: 0.000300
Epoch 29/3000: 100%|███████████████| 32/32 [00:35<00:00,  1.12s/it, loss=0.2543]
Epoch 29/3000 | Loss: 0.2328 | Best: 0.2038 | 35.8s | Elapsed: 0.4h | ETA: 2030m | LR: 0.000300
Epoch 30/3000: 100%|███████████████| 32/32 [00:35<00:00,  1.11s/it, loss=0.1619]
Epoch 30/3000 | Loss: 0.2461 | Best: 0.2038 | 35.7s | Elapsed: 0.4h | ETA: 2021m | LR: 0.000300
Epoch 31/3000: 100%|███████████████| 32/32 [00:35<00:00,  1.10s/it, loss=0.0707]
Epoch 31/3000 | Loss: 0.1948 | Best: 0.2038 | 35.3s | Elapsed: 0.4h | ETA: 2012m | LR: 0.000300
  ★ Saved best model (loss=0.1948)
Epoch 32/3000: 100%|███████████████| 32/32 [00:35<00:00,  1.10s/it, loss=0.3103]
Epoch 32/3000 | Loss: 0.2192 | Best: 0.1948 | 35.2s | Elapsed: 0.4h | ETA: 2002m | LR: 0.000300
Epoch 33/3000: 100%|███████████████| 32/32 [00:34<00:00,  1.09s/it, loss=0.2283]
Epoch 33/3000 | Loss: 0.1923 | Best: 0.1948 | 35.0s | Elapsed: 0.4h | ETA: 1993m | LR: 0.000300
  ★ Saved best model (loss=0.1923)
Epoch 34/3000: 100%|███████████████| 32/32 [00:34<00:00,  1.08s/it, loss=0.4710]
Epoch 34/3000 | Loss: 0.2422 | Best: 0.1923 | 34.6s | Elapsed: 0.4h | ETA: 1984m | LR: 0.000300
Epoch 35/3000: 100%|███████████████| 32/32 [00:34<00:00,  1.09s/it, loss=0.2501]
Epoch 35/3000 | Loss: 0.2036 | Best: 0.1923 | 34.8s | Elapsed: 0.4h | ETA: 1976m | LR: 0.000300
Epoch 36/3000: 100%|███████████████| 32/32 [00:34<00:00,  1.08s/it, loss=0.1210]
Epoch 36/3000 | Loss: 0.1912 | Best: 0.1923 | 34.7s | Elapsed: 0.5h | ETA: 1968m | LR: 0.000300
  ★ Saved best model (loss=0.1912)
Epoch 37/3000: 100%|███████████████| 32/32 [00:34<00:00,  1.08s/it, loss=0.3154]
Epoch 37/3000 | Loss: 0.2137 | Best: 0.1912 | 34.5s | Elapsed: 0.5h | ETA: 1961m | LR: 0.000300
Epoch 38/3000: 100%|███████████████| 32/32 [00:34<00:00,  1.08s/it, loss=0.3178]
Epoch 38/3000 | Loss: 0.2299 | Best: 0.1912 | 34.6s | Elapsed: 0.5h | ETA: 1953m | LR: 0.000300
Epoch 39/3000: 100%|███████████████| 32/32 [00:34<00:00,  1.08s/it, loss=0.1254]
Epoch 39/3000 | Loss: 0.1924 | Best: 0.1912 | 34.6s | Elapsed: 0.5h | ETA: 1946m | LR: 0.000300
Epoch 40/3000: 100%|███████████████| 32/32 [00:34<00:00,  1.08s/it, loss=0.1091]
Epoch 40/3000 | Loss: 0.2300 | Best: 0.1912 | 34.6s | Elapsed: 0.5h | ETA: 1940m | LR: 0.000300
  💾 Checkpoint saved (overwrite): epoch 40
Epoch 41/3000: 100%|███████████████| 32/32 [00:34<00:00,  1.08s/it, loss=0.2226]
Epoch 41/3000 | Loss: 0.2062 | Best: 0.1912 | 34.6s | Elapsed: 0.5h | ETA: 1933m | LR: 0.000300
Epoch 42/3000: 100%|███████████████| 32/32 [00:34<00:00,  1.08s/it, loss=0.0574]
Epoch 42/3000 | Loss: 0.2451 | Best: 0.1912 | 34.7s | Elapsed: 0.5h | ETA: 1927m | LR: 0.000300
Epoch 43/3000: 100%|███████████████| 32/32 [00:34<00:00,  1.08s/it, loss=0.3413]
Epoch 43/3000 | Loss: 0.2309 | Best: 0.1912 | 34.6s | Elapsed: 0.5h | ETA: 1922m | LR: 0.000300
Epoch 44/3000: 100%|███████████████| 32/32 [00:34<00:00,  1.08s/it, loss=0.1231]
Epoch 44/3000 | Loss: 0.2361 | Best: 0.1912 | 34.5s | Elapsed: 0.5h | ETA: 1916m | LR: 0.000300
Epoch 45/3000: 100%|███████████████| 32/32 [00:34<00:00,  1.08s/it, loss=0.2254]
Epoch 45/3000 | Loss: 0.2442 | Best: 0.1912 | 34.7s | Elapsed: 0.5h | ETA: 1911m | LR: 0.000300
Epoch 46/3000: 100%|███████████████| 32/32 [00:34<00:00,  1.08s/it, loss=0.2531]
Epoch 46/3000 | Loss: 0.1940 | Best: 0.1912 | 34.6s | Elapsed: 0.5h | ETA: 1906m | LR: 0.000300
Epoch 47/3000: 100%|███████████████| 32/32 [00:34<00:00,  1.09s/it, loss=0.1009]
Epoch 47/3000 | Loss: 0.2239 | Best: 0.1912 | 34.8s | Elapsed: 0.6h | ETA: 1901m | LR: 0.000300
Epoch 48/3000: 100%|███████████████| 32/32 [00:34<00:00,  1.08s/it, loss=0.2451]
Epoch 48/3000 | Loss: 0.2272 | Best: 0.1912 | 34.7s | Elapsed: 0.6h | ETA: 1896m | LR: 0.000300
Epoch 49/3000: 100%|███████████████| 32/32 [00:34<00:00,  1.08s/it, loss=0.3505]
Epoch 49/3000 | Loss: 0.2189 | Best: 0.1912 | 34.7s | Elapsed: 0.6h | ETA: 1892m | LR: 0.000300
Epoch 50/3000: 100%|███████████████| 32/32 [00:34<00:00,  1.08s/it, loss=0.3228]
Epoch 50/3000 | Loss: 0.1972 | Best: 0.1912 | 34.7s | Elapsed: 0.6h | ETA: 1887m | LR: 0.000300
RF Euler Sampling: 100%|████████████████████████| 50/50 [00:38<00:00,  1.31it/s]
RF Euler Sampling: 100%|████████████████████████| 50/50 [00:38<00:00,  1.31it/s]
RF Euler Sampling: 100%|████████████████████████| 50/50 [00:37<00:00,  1.32it/s]
Epoch 51/3000: 100%|███████████████| 32/32 [00:35<00:00,  1.12s/it, loss=0.2169]
Epoch 51/3000 | Loss: 0.1894 | Best: 0.1912 | 35.8s | Elapsed: 0.6h | ETA: 1884m | LR: 0.000300
  ★ Saved best model (loss=0.1894)
Epoch 52/3000: 100%|███████████████| 32/32 [00:35<00:00,  1.12s/it, loss=0.2269]
Epoch 52/3000 | Loss: 0.2226 | Best: 0.1894 | 35.7s | Elapsed: 0.6h | ETA: 1881m | LR: 0.000300
Epoch 53/3000: 100%|███████████████| 32/32 [00:35<00:00,  1.12s/it, loss=0.1501]
Epoch 53/3000 | Loss: 0.2119 | Best: 0.1894 | 35.7s | Elapsed: 0.7h | ETA: 1878m | LR: 0.000300
Epoch 54/3000: 100%|███████████████| 32/32 [00:35<00:00,  1.11s/it, loss=0.2954]
Epoch 54/3000 | Loss: 0.2264 | Best: 0.1894 | 35.6s | Elapsed: 0.7h | ETA: 1875m | LR: 0.000300
Epoch 55/3000: 100%|███████████████| 32/32 [00:35<00:00,  1.11s/it, loss=0.2571]
Epoch 55/3000 | Loss: 0.2075 | Best: 0.1894 | 35.6s | Elapsed: 0.7h | ETA: 1872m | LR: 0.000300
Epoch 56/3000: 100%|███████████████| 32/32 [00:35<00:00,  1.11s/it, loss=0.2866]
Epoch 56/3000 | Loss: 0.2479 | Best: 0.1894 | 35.4s | Elapsed: 0.7h | ETA: 1869m | LR: 0.000300
Epoch 57/3000: 100%|███████████████| 32/32 [00:35<00:00,  1.10s/it, loss=0.2407]
Epoch 57/3000 | Loss: 0.2602 | Best: 0.1894 | 35.1s | Elapsed: 0.7h | ETA: 1866m | LR: 0.000300
Epoch 58/3000: 100%|███████████████| 32/32 [00:34<00:00,  1.09s/it, loss=0.2329]
Epoch 58/3000 | Loss: 0.1981 | Best: 0.1894 | 34.9s | Elapsed: 0.7h | ETA: 1863m | LR: 0.000300
Epoch 59/3000: 100%|███████████████| 32/32 [00:34<00:00,  1.09s/it, loss=0.1186]
Epoch 59/3000 | Loss: 0.2377 | Best: 0.1894 | 34.9s | Elapsed: 0.7h | ETA: 1859m | LR: 0.000300
Epoch 60/3000: 100%|███████████████| 32/32 [00:34<00:00,  1.09s/it, loss=0.3557]
Epoch 60/3000 | Loss: 0.2332 | Best: 0.1894 | 34.8s | Elapsed: 0.7h | ETA: 1856m | LR: 0.000300
  💾 Checkpoint saved (overwrite): epoch 60
Epoch 61/3000: 100%|███████████████| 32/32 [00:34<00:00,  1.09s/it, loss=0.2539]
Epoch 61/3000 | Loss: 0.2791 | Best: 0.1894 | 34.7s | Elapsed: 0.7h | ETA: 1853m | LR: 0.000300
Epoch 62/3000: 100%|███████████████| 32/32 [00:34<00:00,  1.08s/it, loss=0.2248]
Epoch 62/3000 | Loss: 0.2557 | Best: 0.1894 | 34.6s | Elapsed: 0.7h | ETA: 1850m | LR: 0.000300
Epoch 63/3000: 100%|███████████████| 32/32 [00:34<00:00,  1.08s/it, loss=0.2286]
Epoch 63/3000 | Loss: 0.2267 | Best: 0.1894 | 34.6s | Elapsed: 0.7h | ETA: 1847m | LR: 0.000300
Epoch 64/3000: 100%|███████████████| 32/32 [00:34<00:00,  1.08s/it, loss=0.1777]
Epoch 64/3000 | Loss: 0.1942 | Best: 0.1894 | 34.7s | Elapsed: 0.8h | ETA: 1844m | LR: 0.000300
Epoch 65/3000: 100%|███████████████| 32/32 [00:34<00:00,  1.09s/it, loss=0.2010]
Epoch 65/3000 | Loss: 0.2110 | Best: 0.1894 | 34.7s | Elapsed: 0.8h | ETA: 1841m | LR: 0.000300
Epoch 66/3000: 100%|███████████████| 32/32 [00:34<00:00,  1.08s/it, loss=0.2440]
Epoch 66/3000 | Loss: 0.2058 | Best: 0.1894 | 34.7s | Elapsed: 0.8h | ETA: 1838m | LR: 0.000300
Epoch 67/3000: 100%|███████████████| 32/32 [00:34<00:00,  1.08s/it, loss=0.1149]
Epoch 67/3000 | Loss: 0.2027 | Best: 0.1894 | 34.7s | Elapsed: 0.8h | ETA: 1835m | LR: 0.000300
Epoch 68/3000: 100%|███████████████| 32/32 [00:34<00:00,  1.09s/it, loss=0.3227]
Epoch 68/3000 | Loss: 0.2393 | Best: 0.1894 | 34.8s | Elapsed: 0.8h | ETA: 1833m | LR: 0.000300
Epoch 69/3000: 100%|███████████████| 32/32 [00:34<00:00,  1.09s/it, loss=0.1564]
Epoch 69/3000 | Loss: 0.2243 | Best: 0.1894 | 34.8s | Elapsed: 0.8h | ETA: 1830m | LR: 0.000300
Epoch 70/3000: 100%|███████████████| 32/32 [00:34<00:00,  1.08s/it, loss=0.2819]
Epoch 70/3000 | Loss: 0.2149 | Best: 0.1894 | 34.7s | Elapsed: 0.8h | ETA: 1828m | LR: 0.000300
Epoch 71/3000: 100%|███████████████| 32/32 [00:34<00:00,  1.09s/it, loss=0.2186]
Epoch 71/3000 | Loss: 0.2115 | Best: 0.1894 | 34.8s | Elapsed: 0.8h | ETA: 1825m | LR: 0.000300
Epoch 72/3000: 100%|███████████████| 32/32 [00:34<00:00,  1.09s/it, loss=0.1865]
Epoch 72/3000 | Loss: 0.2022 | Best: 0.1894 | 34.8s | Elapsed: 0.8h | ETA: 1823m | LR: 0.000300
Epoch 73/3000: 100%|███████████████| 32/32 [00:34<00:00,  1.09s/it, loss=0.1721]
Epoch 73/3000 | Loss: 0.2403 | Best: 0.1894 | 34.8s | Elapsed: 0.8h | ETA: 1820m | LR: 0.000300
Epoch 74/3000: 100%|███████████████| 32/32 [00:34<00:00,  1.09s/it, loss=0.1074]
Epoch 74/3000 | Loss: 0.1871 | Best: 0.1894 | 34.7s | Elapsed: 0.9h | ETA: 1818m | LR: 0.000300
  ★ Saved best model (loss=0.1871)
Epoch 75/3000: 100%|███████████████| 32/32 [00:34<00:00,  1.08s/it, loss=0.2462]
Epoch 75/3000 | Loss: 0.1924 | Best: 0.1871 | 34.6s | Elapsed: 0.9h | ETA: 1816m | LR: 0.000300
RF Euler Sampling: 100%|████████████████████████| 50/50 [00:37<00:00,  1.32it/s]
RF Euler Sampling: 100%|████████████████████████| 50/50 [00:38<00:00,  1.31it/s]
RF Euler Sampling: 100%|████████████████████████| 50/50 [00:37<00:00,  1.32it/s]
Epoch 76/3000: 100%|███████████████| 32/32 [00:35<00:00,  1.12s/it, loss=0.1941]
Epoch 76/3000 | Loss: 0.2262 | Best: 0.1871 | 35.8s | Elapsed: 0.9h | ETA: 1814m | LR: 0.000300
Epoch 77/3000: 100%|███████████████| 32/32 [00:35<00:00,  1.12s/it, loss=0.3721]
Epoch 77/3000 | Loss: 0.2141 | Best: 0.1871 | 35.7s | Elapsed: 0.9h | ETA: 1813m | LR: 0.000300
Epoch 78/3000: 100%|███████████████| 32/32 [00:35<00:00,  1.12s/it, loss=0.1197]
Epoch 78/3000 | Loss: 0.2300 | Best: 0.1871 | 35.8s | Elapsed: 0.9h | ETA: 1811m | LR: 0.000299
Epoch 79/3000: 100%|███████████████| 32/32 [00:35<00:00,  1.12s/it, loss=0.2338]
Epoch 79/3000 | Loss: 0.1863 | Best: 0.1871 | 35.7s | Elapsed: 0.9h | ETA: 1810m | LR: 0.000299
  ★ Saved best model (loss=0.1863)
Epoch 80/3000: 100%|███████████████| 32/32 [00:35<00:00,  1.11s/it, loss=0.2728]
Epoch 80/3000 | Loss: 0.2396 | Best: 0.1863 | 35.6s | Elapsed: 0.9h | ETA: 1808m | LR: 0.000299
  💾 Checkpoint saved (overwrite): epoch 80
Epoch 81/3000: 100%|███████████████| 32/32 [00:35<00:00,  1.10s/it, loss=0.2049]
Epoch 81/3000 | Loss: 0.2245 | Best: 0.1863 | 35.1s | Elapsed: 1.0h | ETA: 1806m | LR: 0.000299
Epoch 82/3000: 100%|███████████████| 32/32 [00:35<00:00,  1.10s/it, loss=0.1263]
Epoch 82/3000 | Loss: 0.1741 | Best: 0.1863 | 35.2s | Elapsed: 1.0h | ETA: 1805m | LR: 0.000299
  ★ Saved best model (loss=0.1741)
Epoch 83/3000: 100%|███████████████| 32/32 [00:34<00:00,  1.09s/it, loss=0.1783]
Epoch 83/3000 | Loss: 0.2234 | Best: 0.1741 | 34.9s | Elapsed: 1.0h | ETA: 1803m | LR: 0.000299
Epoch 84/3000: 100%|███████████████| 32/32 [00:34<00:00,  1.09s/it, loss=0.2261]
Epoch 84/3000 | Loss: 0.2314 | Best: 0.1741 | 34.9s | Elapsed: 1.0h | ETA: 1801m | LR: 0.000299
Epoch 85/3000: 100%|███████████████| 32/32 [00:34<00:00,  1.09s/it, loss=0.2077]
Epoch 85/3000 | Loss: 0.2205 | Best: 0.1741 | 34.9s | Elapsed: 1.0h | ETA: 1799m | LR: 0.000299
Epoch 86/3000: 100%|███████████████| 32/32 [00:34<00:00,  1.09s/it, loss=0.0885]
Epoch 86/3000 | Loss: 0.1862 | Best: 0.1741 | 34.8s | Elapsed: 1.0h | ETA: 1797m | LR: 0.000299
Epoch 87/3000: 100%|███████████████| 32/32 [00:34<00:00,  1.09s/it, loss=0.2367]
Epoch 87/3000 | Loss: 0.2163 | Best: 0.1741 | 34.8s | Elapsed: 1.0h | ETA: 1795m | LR: 0.000299
Epoch 88/3000: 100%|███████████████| 32/32 [00:34<00:00,  1.08s/it, loss=0.1637]
Epoch 88/3000 | Loss: 0.2242 | Best: 0.1741 | 34.7s | Elapsed: 1.0h | ETA: 1793m | LR: 0.000299
Epoch 89/3000: 100%|███████████████| 32/32 [00:34<00:00,  1.09s/it, loss=0.2533]
Epoch 89/3000 | Loss: 0.1887 | Best: 0.1741 | 34.8s | Elapsed: 1.0h | ETA: 1792m | LR: 0.000299
Epoch 90/3000: 100%|███████████████| 32/32 [00:34<00:00,  1.09s/it, loss=0.2917]
Epoch 90/3000 | Loss: 0.2419 | Best: 0.1741 | 34.7s | Elapsed: 1.0h | ETA: 1790m | LR: 0.000299
Epoch 91/3000: 100%|███████████████| 32/32 [00:34<00:00,  1.08s/it, loss=0.2684]
Epoch 91/3000 | Loss: 0.2386 | Best: 0.1741 | 34.7s | Elapsed: 1.1h | ETA: 1788m | LR: 0.000299
Epoch 92/3000: 100%|███████████████| 32/32 [00:34<00:00,  1.09s/it, loss=0.1397]
Epoch 92/3000 | Loss: 0.2217 | Best: 0.1741 | 34.7s | Elapsed: 1.1h | ETA: 1786m | LR: 0.000299
Epoch 93/3000: 100%|███████████████| 32/32 [00:34<00:00,  1.09s/it, loss=0.0840]
Epoch 93/3000 | Loss: 0.2080 | Best: 0.1741 | 34.7s | Elapsed: 1.1h | ETA: 1784m | LR: 0.000299
Epoch 94/3000: 100%|███████████████| 32/32 [00:34<00:00,  1.09s/it, loss=0.1509]
Epoch 94/3000 | Loss: 0.2251 | Best: 0.1741 | 34.8s | Elapsed: 1.1h | ETA: 1783m | LR: 0.000299
Epoch 95/3000: 100%|███████████████| 32/32 [00:34<00:00,  1.09s/it, loss=0.0766]
Epoch 95/3000 | Loss: 0.1937 | Best: 0.1741 | 34.8s | Elapsed: 1.1h | ETA: 1781m | LR: 0.000299
Epoch 96/3000: 100%|███████████████| 32/32 [00:34<00:00,  1.09s/it, loss=0.3498]
Epoch 96/3000 | Loss: 0.2491 | Best: 0.1741 | 34.8s | Elapsed: 1.1h | ETA: 1780m | LR: 0.000299
Epoch 97/3000: 100%|███████████████| 32/32 [00:34<00:00,  1.08s/it, loss=0.0551]
Epoch 97/3000 | Loss: 0.1877 | Best: 0.1741 | 34.7s | Elapsed: 1.1h | ETA: 1778m | LR: 0.000299
Epoch 98/3000: 100%|███████████████| 32/32 [00:34<00:00,  1.08s/it, loss=0.3592]
Epoch 98/3000 | Loss: 0.2312 | Best: 0.1741 | 34.7s | Elapsed: 1.1h | ETA: 1776m | LR: 0.000299
Epoch 99/3000: 100%|███████████████| 32/32 [00:34<00:00,  1.09s/it, loss=0.2545]
Epoch 99/3000 | Loss: 0.2559 | Best: 0.1741 | 34.8s | Elapsed: 1.1h | ETA: 1775m | LR: 0.000299
Epoch 100/3000: 100%|██████████████| 32/32 [00:34<00:00,  1.09s/it, loss=0.1608]
Epoch 100/3000 | Loss: 0.1955 | Best: 0.1741 | 34.8s | Elapsed: 1.1h | ETA: 1773m | LR: 0.000299
  💾 Checkpoint saved (overwrite): epoch 100
RF Euler Sampling: 100%|████████████████████████| 50/50 [00:38<00:00,  1.31it/s]
RF Euler Sampling: 100%|████████████████████████| 50/50 [00:38<00:00,  1.31it/s]
RF Euler Sampling: 100%|████████████████████████| 50/50 [00:38<00:00,  1.31it/s]
Epoch 101/3000: 100%|██████████████| 32/32 [00:35<00:00,  1.12s/it, loss=0.1226]
Epoch 101/3000 | Loss: 0.2044 | Best: 0.1741 | 35.8s | Elapsed: 1.2h | ETA: 1772m | LR: 0.000299
Epoch 102/3000: 100%|██████████████| 32/32 [00:35<00:00,  1.12s/it, loss=0.3178]
Epoch 102/3000 | Loss: 0.2275 | Best: 0.1741 | 35.8s | Elapsed: 1.2h | ETA: 1771m | LR: 0.000299
Epoch 103/3000: 100%|██████████████| 32/32 [00:35<00:00,  1.12s/it, loss=0.2552]
Epoch 103/3000 | Loss: 0.2306 | Best: 0.1741 | 35.7s | Elapsed: 1.2h | ETA: 1770m | LR: 0.000299
Epoch 104/3000: 100%|██████████████| 32/32 [00:35<00:00,  1.11s/it, loss=0.2107]
Epoch 104/3000 | Loss: 0.2198 | Best: 0.1741 | 35.7s | Elapsed: 1.2h | ETA: 1769m | LR: 0.000299
Epoch 105/3000: 100%|██████████████| 32/32 [00:35<00:00,  1.12s/it, loss=0.2288]
Epoch 105/3000 | Loss: 0.2128 | Best: 0.1741 | 35.7s | Elapsed: 1.2h | ETA: 1768m | LR: 0.000299
Epoch 106/3000: 100%|██████████████| 32/32 [00:35<00:00,  1.11s/it, loss=0.2716]
Epoch 106/3000 | Loss: 0.1947 | Best: 0.1741 | 35.5s | Elapsed: 1.2h | ETA: 1767m | LR: 0.000299
Epoch 107/3000: 100%|██████████████| 32/32 [00:35<00:00,  1.10s/it, loss=0.1456]
Epoch 107/3000 | Loss: 0.2028 | Best: 0.1741 | 35.1s | Elapsed: 1.2h | ETA: 1765m | LR: 0.000299
Epoch 108/3000: 100%|██████████████| 32/32 [00:34<00:00,  1.09s/it, loss=0.1440]
Epoch 108/3000 | Loss: 0.1713 | Best: 0.1741 | 35.0s | Elapsed: 1.3h | ETA: 1764m | LR: 0.000299
  ★ Saved best model (loss=0.1713)
Epoch 109/3000: 100%|██████████████| 32/32 [00:34<00:00,  1.09s/it, loss=0.1527]
Epoch 109/3000 | Loss: 0.2285 | Best: 0.1713 | 35.0s | Elapsed: 1.3h | ETA: 1763m | LR: 0.000299
Epoch 110/3000: 100%|██████████████| 32/32 [00:34<00:00,  1.09s/it, loss=0.0598]
Epoch 110/3000 | Loss: 0.1883 | Best: 0.1713 | 34.9s | Elapsed: 1.3h | ETA: 1761m | LR: 0.000299
Epoch 111/3000: 100%|██████████████| 32/32 [00:34<00:00,  1.08s/it, loss=0.1589]
Epoch 111/3000 | Loss: 0.2058 | Best: 0.1713 | 34.7s | Elapsed: 1.3h | ETA: 1760m | LR: 0.000299
Epoch 112/3000: 100%|██████████████| 32/32 [00:34<00:00,  1.09s/it, loss=0.2192]
Epoch 112/3000 | Loss: 0.1753 | Best: 0.1713 | 34.7s | Elapsed: 1.3h | ETA: 1759m | LR: 0.000299
Epoch 113/3000: 100%|██████████████| 32/32 [00:34<00:00,  1.09s/it, loss=0.3507]
Epoch 113/3000 | Loss: 0.2108 | Best: 0.1713 | 34.8s | Elapsed: 1.3h | ETA: 1757m | LR: 0.000299
Epoch 114/3000: 100%|██████████████| 32/32 [00:34<00:00,  1.09s/it, loss=0.1459]
Epoch 114/3000 | Loss: 0.1988 | Best: 0.1713 | 34.8s | Elapsed: 1.3h | ETA: 1756m | LR: 0.000299
Epoch 115/3000: 100%|██████████████| 32/32 [00:34<00:00,  1.09s/it, loss=0.1300]
Epoch 115/3000 | Loss: 0.2366 | Best: 0.1713 | 34.7s | Elapsed: 1.3h | ETA: 1755m | LR: 0.000299
Epoch 116/3000: 100%|██████████████| 32/32 [00:34<00:00,  1.08s/it, loss=0.3839]
Epoch 116/3000 | Loss: 0.2404 | Best: 0.1713 | 34.7s | Elapsed: 1.3h | ETA: 1753m | LR: 0.000299
Epoch 117/3000: 100%|██████████████| 32/32 [00:34<00:00,  1.09s/it, loss=0.0928]
Epoch 117/3000 | Loss: 0.2277 | Best: 0.1713 | 34.7s | Elapsed: 1.3h | ETA: 1752m | LR: 0.000299
Epoch 118/3000: 100%|██████████████| 32/32 [00:34<00:00,  1.09s/it, loss=0.2522]
Epoch 118/3000 | Loss: 0.2699 | Best: 0.1713 | 34.8s | Elapsed: 1.4h | ETA: 1751m | LR: 0.000299
Epoch 119/3000: 100%|██████████████| 32/32 [00:34<00:00,  1.09s/it, loss=0.2371]
Epoch 119/3000 | Loss: 0.2044 | Best: 0.1713 | 34.7s | Elapsed: 1.4h | ETA: 1749m | LR: 0.000299
Epoch 120/3000: 100%|██████████████| 32/32 [00:34<00:00,  1.08s/it, loss=0.2043]
Epoch 120/3000 | Loss: 0.2436 | Best: 0.1713 | 34.7s | Elapsed: 1.4h | ETA: 1748m | LR: 0.000299
  💾 Checkpoint saved (overwrite): epoch 120
Epoch 121/3000: 100%|██████████████| 32/32 [00:34<00:00,  1.08s/it, loss=0.1990]
Epoch 121/3000 | Loss: 0.2026 | Best: 0.1713 | 34.6s | Elapsed: 1.4h | ETA: 1747m | LR: 0.000299
Epoch 122/3000: 100%|██████████████| 32/32 [00:34<00:00,  1.08s/it, loss=0.4213]
Epoch 122/3000 | Loss: 0.2147 | Best: 0.1713 | 34.6s | Elapsed: 1.4h | ETA: 1745m | LR: 0.000299
Epoch 123/3000: 100%|██████████████| 32/32 [00:34<00:00,  1.08s/it, loss=0.2118]
Epoch 123/3000 | Loss: 0.1947 | Best: 0.1713 | 34.5s | Elapsed: 1.4h | ETA: 1744m | LR: 0.000299
Epoch 124/3000: 100%|██████████████| 32/32 [00:34<00:00,  1.08s/it, loss=0.3012]
Epoch 124/3000 | Loss: 0.1952 | Best: 0.1713 | 34.5s | Elapsed: 1.4h | ETA: 1743m | LR: 0.000299
Epoch 125/3000: 100%|██████████████| 32/32 [00:34<00:00,  1.08s/it, loss=0.1841]
Epoch 125/3000 | Loss: 0.1660 | Best: 0.1713 | 34.7s | Elapsed: 1.4h | ETA: 1741m | LR: 0.000299
  ★ Saved best model (loss=0.1660)
RF Euler Sampling: 100%|████████████████████████| 50/50 [00:38<00:00,  1.31it/s]
RF Euler Sampling: 100%|████████████████████████| 50/50 [00:38<00:00,  1.31it/s]
RF Euler Sampling: 100%|████████████████████████| 50/50 [00:38<00:00,  1.31it/s]
Epoch 126/3000: 100%|██████████████| 32/32 [00:35<00:00,  1.12s/it, loss=0.1489]
Epoch 126/3000 | Loss: 0.1976 | Best: 0.1660 | 35.8s | Elapsed: 1.5h | ETA: 1741m | LR: 0.000299
Epoch 127/3000: 100%|██████████████| 32/32 [00:35<00:00,  1.11s/it, loss=0.1786]
Epoch 127/3000 | Loss: 0.1728 | Best: 0.1660 | 35.6s | Elapsed: 1.5h | ETA: 1740m | LR: 0.000299
Epoch 128/3000: 100%|██████████████| 32/32 [00:35<00:00,  1.12s/it, loss=0.2659]
Epoch 128/3000 | Loss: 0.1786 | Best: 0.1660 | 35.8s | Elapsed: 1.5h | ETA: 1739m | LR: 0.000299
Epoch 129/3000: 100%|██████████████| 32/32 [00:35<00:00,  1.12s/it, loss=0.0777]
Epoch 129/3000 | Loss: 0.2259 | Best: 0.1660 | 35.8s | Elapsed: 1.5h | ETA: 1738m | LR: 0.000299
Epoch 130/3000: 100%|██████████████| 32/32 [00:35<00:00,  1.11s/it, loss=0.2199]
Epoch 130/3000 | Loss: 0.2064 | Best: 0.1660 | 35.5s | Elapsed: 1.5h | ETA: 1737m | LR: 0.000299
Epoch 131/3000: 100%|██████████████| 32/32 [00:35<00:00,  1.11s/it, loss=0.1360]
Epoch 131/3000 | Loss: 0.2312 | Best: 0.1660 | 35.5s | Elapsed: 1.5h | ETA: 1736m | LR: 0.000299
Epoch 132/3000: 100%|██████████████| 32/32 [00:35<00:00,  1.11s/it, loss=0.4116]
Epoch 132/3000 | Loss: 0.2157 | Best: 0.1660 | 35.4s | Elapsed: 1.5h | ETA: 1735m | LR: 0.000299
Epoch 133/3000: 100%|██████████████| 32/32 [00:35<00:00,  1.10s/it, loss=0.1830]
Epoch 133/3000 | Loss: 0.1987 | Best: 0.1660 | 35.1s | Elapsed: 1.5h | ETA: 1734m | LR: 0.000299
Epoch 134/3000: 100%|██████████████| 32/32 [00:34<00:00,  1.09s/it, loss=0.1116]
Epoch 134/3000 | Loss: 0.2330 | Best: 0.1660 | 34.9s | Elapsed: 1.5h | ETA: 1733m | LR: 0.000299
Epoch 135/3000: 100%|██████████████| 32/32 [00:34<00:00,  1.09s/it, loss=0.2766]
Epoch 135/3000 | Loss: 0.2335 | Best: 0.1660 | 34.9s | Elapsed: 1.6h | ETA: 1732m | LR: 0.000299
Epoch 136/3000: 100%|██████████████| 32/32 [00:34<00:00,  1.09s/it, loss=0.2546]
Epoch 136/3000 | Loss: 0.2406 | Best: 0.1660 | 34.9s | Elapsed: 1.6h | ETA: 1731m | LR: 0.000298
Epoch 137/3000: 100%|██████████████| 32/32 [00:34<00:00,  1.09s/it, loss=0.2236]
Epoch 137/3000 | Loss: 0.2037 | Best: 0.1660 | 34.9s | Elapsed: 1.6h | ETA: 1730m | LR: 0.000298
Epoch 138/3000: 100%|██████████████| 32/32 [00:34<00:00,  1.09s/it, loss=0.3121]
Epoch 138/3000 | Loss: 0.1965 | Best: 0.1660 | 34.8s | Elapsed: 1.6h | ETA: 1729m | LR: 0.000298
Epoch 139/3000: 100%|██████████████| 32/32 [00:34<00:00,  1.09s/it, loss=0.2463]
Epoch 139/3000 | Loss: 0.2595 | Best: 0.1660 | 34.8s | Elapsed: 1.6h | ETA: 1728m | LR: 0.000298
Epoch 140/3000: 100%|██████████████| 32/32 [00:34<00:00,  1.08s/it, loss=0.2615]
Epoch 140/3000 | Loss: 0.2234 | Best: 0.1660 | 34.7s | Elapsed: 1.6h | ETA: 1727m | LR: 0.000298
  💾 Checkpoint saved (overwrite): epoch 140
Epoch 141/3000: 100%|██████████████| 32/32 [00:34<00:00,  1.08s/it, loss=0.3105]
Epoch 141/3000 | Loss: 0.1922 | Best: 0.1660 | 34.6s | Elapsed: 1.6h | ETA: 1726m | LR: 0.000298
Epoch 142/3000: 100%|██████████████| 32/32 [00:34<00:00,  1.09s/it, loss=0.1039]
Epoch 142/3000 | Loss: 0.2033 | Best: 0.1660 | 34.7s | Elapsed: 1.6h | ETA: 1724m | LR: 0.000298
Epoch 143/3000: 100%|██████████████| 32/32 [00:34<00:00,  1.08s/it, loss=0.1598]
Epoch 143/3000 | Loss: 0.2138 | Best: 0.1660 | 34.6s | Elapsed: 1.6h | ETA: 1723m | LR: 0.000298
Epoch 144/3000: 100%|██████████████| 32/32 [00:34<00:00,  1.08s/it, loss=0.2979]
Epoch 144/3000 | Loss: 0.2072 | Best: 0.1660 | 34.7s | Elapsed: 1.6h | ETA: 1722m | LR: 0.000298
Epoch 145/3000: 100%|██████████████| 32/32 [00:34<00:00,  1.09s/it, loss=0.0784]
Epoch 145/3000 | Loss: 0.2073 | Best: 0.1660 | 34.8s | Elapsed: 1.6h | ETA: 1721m | LR: 0.000298
Epoch 146/3000: 100%|██████████████| 32/32 [00:34<00:00,  1.09s/it, loss=0.2320]
Epoch 146/3000 | Loss: 0.2075 | Best: 0.1660 | 34.9s | Elapsed: 1.7h | ETA: 1720m | LR: 0.000298
Epoch 147/3000: 100%|██████████████| 32/32 [00:34<00:00,  1.09s/it, loss=0.2754]
Epoch 147/3000 | Loss: 0.1980 | Best: 0.1660 | 34.8s | Elapsed: 1.7h | ETA: 1719m | LR: 0.000298
Epoch 148/3000: 100%|██████████████| 32/32 [00:34<00:00,  1.08s/it, loss=0.2213]
Epoch 148/3000 | Loss: 0.2321 | Best: 0.1660 | 34.7s | Elapsed: 1.7h | ETA: 1718m | LR: 0.000298
Epoch 149/3000: 100%|██████████████| 32/32 [00:34<00:00,  1.09s/it, loss=0.0922]
Epoch 149/3000 | Loss: 0.2256 | Best: 0.1660 | 34.7s | Elapsed: 1.7h | ETA: 1717m | LR: 0.000298
Epoch 150/3000: 100%|██████████████| 32/32 [00:34<00:00,  1.09s/it, loss=0.0632]
Epoch 150/3000 | Loss: 0.1980 | Best: 0.1660 | 34.8s | Elapsed: 1.7h | ETA: 1716m | LR: 0.000298
RF Euler Sampling: 100%|████████████████████████| 50/50 [00:38<00:00,  1.31it/s]
RF Euler Sampling: 100%|████████████████████████| 50/50 [00:38<00:00,  1.31it/s]
RF Euler Sampling: 100%|████████████████████████| 50/50 [00:38<00:00,  1.31it/s]
Epoch 151/3000: 100%|██████████████| 32/32 [00:35<00:00,  1.12s/it, loss=0.1199]
Epoch 151/3000 | Loss: 0.2530 | Best: 0.1660 | 35.8s | Elapsed: 1.7h | ETA: 1715m | LR: 0.000298
Epoch 152/3000: 100%|██████████████| 32/32 [00:35<00:00,  1.12s/it, loss=0.3005]
Epoch 152/3000 | Loss: 0.1913 | Best: 0.1660 | 35.7s | Elapsed: 1.8h | ETA: 1714m | LR: 0.000298
Epoch 153/3000: 100%|██████████████| 32/32 [00:35<00:00,  1.11s/it, loss=0.2568]
Epoch 153/3000 | Loss: 0.1853 | Best: 0.1660 | 35.7s | Elapsed: 1.8h | ETA: 1714m | LR: 0.000298
Epoch 154/3000: 100%|██████████████| 32/32 [00:35<00:00,  1.11s/it, loss=0.1556]
Epoch 154/3000 | Loss: 0.2058 | Best: 0.1660 | 35.6s | Elapsed: 1.8h | ETA: 1713m | LR: 0.000298
Epoch 155/3000: 100%|██████████████| 32/32 [00:35<00:00,  1.12s/it, loss=0.1618]
Epoch 155/3000 | Loss: 0.1908 | Best: 0.1660 | 35.7s | Elapsed: 1.8h | ETA: 1712m | LR: 0.000298
Epoch 156/3000: 100%|██████████████| 32/32 [00:35<00:00,  1.11s/it, loss=0.1766]
Epoch 156/3000 | Loss: 0.2189 | Best: 0.1660 | 35.5s | Elapsed: 1.8h | ETA: 1711m | LR: 0.000298
Epoch 157/3000: 100%|██████████████| 32/32 [00:35<00:00,  1.10s/it, loss=0.3347]
Epoch 157/3000 | Loss: 0.2216 | Best: 0.1660 | 35.2s | Elapsed: 1.8h | ETA: 1711m | LR: 0.000298
Epoch 158/3000: 100%|██████████████| 32/32 [00:35<00:00,  1.09s/it, loss=0.2555]
Epoch 158/3000 | Loss: 0.2243 | Best: 0.1660 | 35.0s | Elapsed: 1.8h | ETA: 1710m | LR: 0.000298
Epoch 159/3000: 100%|██████████████| 32/32 [00:34<00:00,  1.09s/it, loss=0.1703]
Epoch 159/3000 | Loss: 0.2125 | Best: 0.1660 | 35.0s | Elapsed: 1.8h | ETA: 1709m | LR: 0.000298
Epoch 160/3000: 100%|██████████████| 32/32 [00:34<00:00,  1.09s/it, loss=0.2378]
Epoch 160/3000 | Loss: 0.1870 | Best: 0.1660 | 34.9s | Elapsed: 1.8h | ETA: 1708m | LR: 0.000298
  💾 Checkpoint saved (overwrite): epoch 160
Epoch 161/3000: 100%|██████████████| 32/32 [00:34<00:00,  1.09s/it, loss=0.2166]
Epoch 161/3000 | Loss: 0.1778 | Best: 0.1660 | 34.9s | Elapsed: 1.8h | ETA: 1707m | LR: 0.000298
Epoch 162/3000: 100%|██████████████| 32/32 [00:34<00:00,  1.09s/it, loss=0.2497]
Epoch 162/3000 | Loss: 0.1956 | Best: 0.1660 | 34.8s | Elapsed: 1.8h | ETA: 1706m | LR: 0.000298
Epoch 163/3000: 100%|██████████████| 32/32 [00:34<00:00,  1.09s/it, loss=0.2342]
Epoch 163/3000 | Loss: 0.1899 | Best: 0.1660 | 34.7s | Elapsed: 1.9h | ETA: 1705m | LR: 0.000298
Epoch 164/3000: 100%|██████████████| 32/32 [00:34<00:00,  1.08s/it, loss=0.2076]
Epoch 164/3000 | Loss: 0.2046 | Best: 0.1660 | 34.7s | Elapsed: 1.9h | ETA: 1704m | LR: 0.000298
Epoch 165/3000: 100%|██████████████| 32/32 [00:34<00:00,  1.08s/it, loss=0.3039]
Epoch 165/3000 | Loss: 0.2058 | Best: 0.1660 | 34.7s | Elapsed: 1.9h | ETA: 1703m | LR: 0.000298
Epoch 166/3000: 100%|██████████████| 32/32 [00:34<00:00,  1.08s/it, loss=0.1925]
Epoch 166/3000 | Loss: 0.2220 | Best: 0.1660 | 34.7s | Elapsed: 1.9h | ETA: 1702m | LR: 0.000298
Epoch 167/3000: 100%|██████████████| 32/32 [00:34<00:00,  1.09s/it, loss=0.4376]
Epoch 167/3000 | Loss: 0.2275 | Best: 0.1660 | 34.7s | Elapsed: 1.9h | ETA: 1701m | LR: 0.000298
Epoch 168/3000: 100%|██████████████| 32/32 [00:34<00:00,  1.09s/it, loss=0.1350]
Epoch 168/3000 | Loss: 0.2262 | Best: 0.1660 | 34.8s | Elapsed: 1.9h | ETA: 1700m | LR: 0.000298
Epoch 169/3000: 100%|██████████████| 32/32 [00:34<00:00,  1.09s/it, loss=0.0788]
Epoch 169/3000 | Loss: 0.2067 | Best: 0.1660 | 34.8s | Elapsed: 1.9h | ETA: 1699m | LR: 0.000298
Epoch 170/3000: 100%|██████████████| 32/32 [00:34<00:00,  1.09s/it, loss=0.1991]
Epoch 170/3000 | Loss: 0.1661 | Best: 0.1660 | 34.8s | Elapsed: 1.9h | ETA: 1698m | LR: 0.000298
Epoch 171/3000: 100%|██████████████| 32/32 [00:34<00:00,  1.09s/it, loss=0.1152]
Epoch 171/3000 | Loss: 0.1970 | Best: 0.1660 | 34.7s | Elapsed: 1.9h | ETA: 1697m | LR: 0.000298
Epoch 172/3000: 100%|██████████████| 32/32 [00:34<00:00,  1.09s/it, loss=0.3221]
Epoch 172/3000 | Loss: 0.2628 | Best: 0.1660 | 34.9s | Elapsed: 1.9h | ETA: 1696m | LR: 0.000298
Epoch 173/3000: 100%|██████████████| 32/32 [00:34<00:00,  1.08s/it, loss=0.1773]
Epoch 173/3000 | Loss: 0.1788 | Best: 0.1660 | 34.6s | Elapsed: 2.0h | ETA: 1695m | LR: 0.000298
Epoch 174/3000: 100%|██████████████| 32/32 [00:34<00:00,  1.09s/it, loss=0.1788]
Epoch 174/3000 | Loss: 0.1632 | Best: 0.1660 | 34.8s | Elapsed: 2.0h | ETA: 1694m | LR: 0.000298
  ★ Saved best model (loss=0.1632)
Epoch 175/3000: 100%|██████████████| 32/32 [00:34<00:00,  1.08s/it, loss=0.1839]
Epoch 175/3000 | Loss: 0.1601 | Best: 0.1632 | 34.6s | Elapsed: 2.0h | ETA: 1693m | LR: 0.000297
  ★ Saved best model (loss=0.1601)
RF Euler Sampling: 100%|████████████████████████| 50/50 [00:38<00:00,  1.31it/s]
RF Euler Sampling: 100%|████████████████████████| 50/50 [00:38<00:00,  1.31it/s]
RF Euler Sampling: 100%|████████████████████████| 50/50 [00:38<00:00,  1.31it/s]
Epoch 176/3000: 100%|██████████████| 32/32 [00:35<00:00,  1.12s/it, loss=0.2293]
Epoch 176/3000 | Loss: 0.1932 | Best: 0.1601 | 35.8s | Elapsed: 2.0h | ETA: 1693m | LR: 0.000297
Epoch 177/3000: 100%|██████████████| 32/32 [00:35<00:00,  1.11s/it, loss=0.2025]
Epoch 177/3000 | Loss: 0.2118 | Best: 0.1601 | 35.6s | Elapsed: 2.0h | ETA: 1692m | LR: 0.000297
Epoch 178/3000: 100%|██████████████| 32/32 [00:35<00:00,  1.12s/it, loss=0.1626]
Epoch 178/3000 | Loss: 0.2023 | Best: 0.1601 | 35.7s | Elapsed: 2.0h | ETA: 1691m | LR: 0.000297
Epoch 179/3000: 100%|██████████████| 32/32 [00:35<00:00,  1.12s/it, loss=0.2060]
Epoch 179/3000 | Loss: 0.2049 | Best: 0.1601 | 35.7s | Elapsed: 2.0h | ETA: 1691m | LR: 0.000297
Epoch 180/3000: 100%|██████████████| 32/32 [00:35<00:00,  1.11s/it, loss=0.2424]
Epoch 180/3000 | Loss: 0.2034 | Best: 0.1601 | 35.6s | Elapsed: 2.1h | ETA: 1690m | LR: 0.000297
  💾 Checkpoint saved (overwrite): epoch 180
Epoch 181/3000: 100%|██████████████| 32/32 [00:35<00:00,  1.10s/it, loss=0.1537]
Epoch 181/3000 | Loss: 0.1756 | Best: 0.1601 | 35.4s | Elapsed: 2.1h | ETA: 1689m | LR: 0.000297
Epoch 182/3000: 100%|██████████████| 32/32 [00:35<00:00,  1.10s/it, loss=0.3275]
Epoch 182/3000 | Loss: 0.2214 | Best: 0.1601 | 35.1s | Elapsed: 2.1h | ETA: 1688m | LR: 0.000297
Epoch 183/3000: 100%|██████████████| 32/32 [00:35<00:00,  1.09s/it, loss=0.1444]
Epoch 183/3000 | Loss: 0.1930 | Best: 0.1601 | 35.0s | Elapsed: 2.1h | ETA: 1688m | LR: 0.000297
Epoch 184/3000: 100%|██████████████| 32/32 [00:34<00:00,  1.09s/it, loss=0.2560]
Epoch 184/3000 | Loss: 0.2064 | Best: 0.1601 | 35.0s | Elapsed: 2.1h | ETA: 1687m | LR: 0.000297
Epoch 185/3000: 100%|██████████████| 32/32 [00:34<00:00,  1.09s/it, loss=0.1962]
Epoch 185/3000 | Loss: 0.1974 | Best: 0.1601 | 35.0s | Elapsed: 2.1h | ETA: 1686m | LR: 0.000297
Epoch 186/3000: 100%|██████████████| 32/32 [00:34<00:00,  1.09s/it, loss=0.2076]
Epoch 186/3000 | Loss: 0.2135 | Best: 0.1601 | 34.9s | Elapsed: 2.1h | ETA: 1685m | LR: 0.000297
Epoch 187/3000: 100%|██████████████| 32/32 [00:34<00:00,  1.09s/it, loss=0.1756]
Epoch 187/3000 | Loss: 0.2182 | Best: 0.1601 | 34.8s | Elapsed: 2.1h | ETA: 1684m | LR: 0.000297
Epoch 188/3000: 100%|██████████████| 32/32 [00:34<00:00,  1.08s/it, loss=0.1581]
Epoch 188/3000 | Loss: 0.2279 | Best: 0.1601 | 34.7s | Elapsed: 2.1h | ETA: 1683m | LR: 0.000297
Epoch 189/3000: 100%|██████████████| 32/32 [00:34<00:00,  1.09s/it, loss=0.2258]
Epoch 189/3000 | Loss: 0.2083 | Best: 0.1601 | 34.7s | Elapsed: 2.1h | ETA: 1682m | LR: 0.000297
Epoch 190/3000: 100%|██████████████| 32/32 [00:34<00:00,  1.09s/it, loss=0.2590]
Epoch 190/3000 | Loss: 0.2291 | Best: 0.1601 | 34.7s | Elapsed: 2.2h | ETA: 1681m | LR: 0.000297
Epoch 191/3000: 100%|██████████████| 32/32 [00:34<00:00,  1.09s/it, loss=0.1880]
Epoch 191/3000 | Loss: 0.2271 | Best: 0.1601 | 34.8s | Elapsed: 2.2h | ETA: 1681m | LR: 0.000297
Epoch 192/3000: 100%|██████████████| 32/32 [00:34<00:00,  1.08s/it, loss=0.2895]
Epoch 192/3000 | Loss: 0.2476 | Best: 0.1601 | 34.7s | Elapsed: 2.2h | ETA: 1680m | LR: 0.000297
Epoch 193/3000: 100%|██████████████| 32/32 [00:34<00:00,  1.08s/it, loss=0.2101]
Epoch 193/3000 | Loss: 0.1776 | Best: 0.1601 | 34.7s | Elapsed: 2.2h | ETA: 1679m | LR: 0.000297
Epoch 194/3000: 100%|██████████████| 32/32 [00:34<00:00,  1.09s/it, loss=0.1659]
Epoch 194/3000 | Loss: 0.1795 | Best: 0.1601 | 34.7s | Elapsed: 2.2h | ETA: 1678m | LR: 0.000297
Epoch 195/3000: 100%|██████████████| 32/32 [00:34<00:00,  1.09s/it, loss=0.2306]
Epoch 195/3000 | Loss: 0.2305 | Best: 0.1601 | 34.8s | Elapsed: 2.2h | ETA: 1677m | LR: 0.000297
Epoch 196/3000: 100%|██████████████| 32/32 [00:34<00:00,  1.08s/it, loss=0.1476]
Epoch 196/3000 | Loss: 0.1845 | Best: 0.1601 | 34.5s | Elapsed: 2.2h | ETA: 1676m | LR: 0.000297
Epoch 197/3000: 100%|██████████████| 32/32 [00:34<00:00,  1.08s/it, loss=0.2641]
Epoch 197/3000 | Loss: 0.2443 | Best: 0.1601 | 34.6s | Elapsed: 2.2h | ETA: 1675m | LR: 0.000297
Epoch 198/3000: 100%|██████████████| 32/32 [00:34<00:00,  1.08s/it, loss=0.2706]
Epoch 198/3000 | Loss: 0.2290 | Best: 0.1601 | 34.5s | Elapsed: 2.2h | ETA: 1674m | LR: 0.000297
Epoch 199/3000: 100%|██████████████| 32/32 [00:34<00:00,  1.08s/it, loss=0.1892]
Epoch 199/3000 | Loss: 0.2241 | Best: 0.1601 | 34.6s | Elapsed: 2.2h | ETA: 1673m | LR: 0.000297
Epoch 200/3000: 100%|██████████████| 32/32 [00:34<00:00,  1.08s/it, loss=0.1379]
Epoch 200/3000 | Loss: 0.2030 | Best: 0.1601 | 34.6s | Elapsed: 2.3h | ETA: 1673m | LR: 0.000297
  💾 Checkpoint saved (overwrite): epoch 200
RF Euler Sampling: 100%|████████████████████████| 50/50 [00:38<00:00,  1.31it/s]
RF Euler Sampling: 100%|████████████████████████| 50/50 [00:38<00:00,  1.30it/s]
RF Euler Sampling: 100%|████████████████████████| 50/50 [00:38<00:00,  1.31it/s]
Epoch 201/3000: 100%|██████████████| 32/32 [00:35<00:00,  1.12s/it, loss=0.2512]
Epoch 201/3000 | Loss: 0.2036 | Best: 0.1601 | 35.7s | Elapsed: 2.3h | ETA: 1672m | LR: 0.000297
Epoch 202/3000: 100%|██████████████| 32/32 [00:35<00:00,  1.11s/it, loss=0.3070]
Epoch 202/3000 | Loss: 0.2181 | Best: 0.1601 | 35.5s | Elapsed: 2.3h | ETA: 1671m | LR: 0.000297
Epoch 203/3000: 100%|██████████████| 32/32 [00:35<00:00,  1.10s/it, loss=0.1680]
Epoch 203/3000 | Loss: 0.1825 | Best: 0.1601 | 35.3s | Elapsed: 2.3h | ETA: 1671m | LR: 0.000297
Epoch 204/3000: 100%|██████████████| 32/32 [00:35<00:00,  1.11s/it, loss=0.1501]
Epoch 204/3000 | Loss: 0.2099 | Best: 0.1601 | 35.4s | Elapsed: 2.3h | ETA: 1670m | LR: 0.000297
Epoch 205/3000: 100%|██████████████| 32/32 [00:35<00:00,  1.11s/it, loss=0.2798]
Epoch 205/3000 | Loss: 0.2677 | Best: 0.1601 | 35.6s | Elapsed: 2.3h | ETA: 1669m | LR: 0.000297
Epoch 206/3000: 100%|██████████████| 32/32 [00:35<00:00,  1.10s/it, loss=0.1935]
Epoch 206/3000 | Loss: 0.1813 | Best: 0.1601 | 35.2s | Elapsed: 2.3h | ETA: 1668m | LR: 0.000297
Epoch 207/3000: 100%|██████████████| 32/32 [00:35<00:00,  1.10s/it, loss=0.1514]
Epoch 207/3000 | Loss: 0.2155 | Best: 0.1601 | 35.1s | Elapsed: 2.4h | ETA: 1668m | LR: 0.000296
Epoch 208/3000: 100%|██████████████| 32/32 [00:34<00:00,  1.09s/it, loss=0.2244]
Epoch 208/3000 | Loss: 0.2256 | Best: 0.1601 | 35.0s | Elapsed: 2.4h | ETA: 1667m | LR: 0.000296
Epoch 209/3000: 100%|██████████████| 32/32 [00:34<00:00,  1.09s/it, loss=0.2043]
Epoch 209/3000 | Loss: 0.2390 | Best: 0.1601 | 34.8s | Elapsed: 2.4h | ETA: 1666m | LR: 0.000296
Epoch 210/3000: 100%|██████████████| 32/32 [00:34<00:00,  1.08s/it, loss=0.2043]
Epoch 210/3000 | Loss: 0.1915 | Best: 0.1601 | 34.6s | Elapsed: 2.4h | ETA: 1665m | LR: 0.000296
Epoch 211/3000: 100%|██████████████| 32/32 [00:34<00:00,  1.08s/it, loss=0.3575]
Epoch 211/3000 | Loss: 0.1780 | Best: 0.1601 | 34.5s | Elapsed: 2.4h | ETA: 1664m | LR: 0.000296
Epoch 212/3000: 100%|██████████████| 32/32 [00:34<00:00,  1.08s/it, loss=0.1364]
Epoch 212/3000 | Loss: 0.2297 | Best: 0.1601 | 34.5s | Elapsed: 2.4h | ETA: 1663m | LR: 0.000296
Epoch 213/3000: 100%|██████████████| 32/32 [00:34<00:00,  1.08s/it, loss=0.1899]
Epoch 213/3000 | Loss: 0.2403 | Best: 0.1601 | 34.6s | Elapsed: 2.4h | ETA: 1663m | LR: 0.000296
Epoch 214/3000: 100%|██████████████| 32/32 [00:34<00:00,  1.08s/it, loss=0.2703]
Epoch 214/3000 | Loss: 0.2188 | Best: 0.1601 | 34.6s | Elapsed: 2.4h | ETA: 1662m | LR: 0.000296
Epoch 215/3000: 100%|██████████████| 32/32 [00:34<00:00,  1.08s/it, loss=0.2182]
Epoch 215/3000 | Loss: 0.2147 | Best: 0.1601 | 34.5s | Elapsed: 2.4h | ETA: 1661m | LR: 0.000296
Epoch 216/3000: 100%|██████████████| 32/32 [00:34<00:00,  1.08s/it, loss=0.2466]
Epoch 216/3000 | Loss: 0.2174 | Best: 0.1601 | 34.4s | Elapsed: 2.4h | ETA: 1660m | LR: 0.000296
Epoch 217/3000: 100%|██████████████| 32/32 [00:34<00:00,  1.08s/it, loss=0.2433]
Epoch 217/3000 | Loss: 0.2237 | Best: 0.1601 | 34.5s | Elapsed: 2.5h | ETA: 1659m | LR: 0.000296
Epoch 218/3000: 100%|██████████████| 32/32 [00:34<00:00,  1.08s/it, loss=0.1414]
Epoch 218/3000 | Loss: 0.1728 | Best: 0.1601 | 34.5s | Elapsed: 2.5h | ETA: 1658m | LR: 0.000296
Epoch 219/3000: 100%|██████████████| 32/32 [00:34<00:00,  1.08s/it, loss=0.3276]
Epoch 219/3000 | Loss: 0.2054 | Best: 0.1601 | 34.4s | Elapsed: 2.5h | ETA: 1657m | LR: 0.000296
Epoch 220/3000: 100%|██████████████| 32/32 [00:34<00:00,  1.07s/it, loss=0.1649]
Epoch 220/3000 | Loss: 0.2048 | Best: 0.1601 | 34.4s | Elapsed: 2.5h | ETA: 1656m | LR: 0.000296
  💾 Checkpoint saved (overwrite): epoch 220
Epoch 221/3000: 100%|██████████████| 32/32 [00:34<00:00,  1.07s/it, loss=0.1634]
Epoch 221/3000 | Loss: 0.1874 | Best: 0.1601 | 34.4s | Elapsed: 2.5h | ETA: 1656m | LR: 0.000296
Epoch 222/3000: 100%|██████████████| 32/32 [00:34<00:00,  1.07s/it, loss=0.4226]
Epoch 222/3000 | Loss: 0.2212 | Best: 0.1601 | 34.4s | Elapsed: 2.5h | ETA: 1655m | LR: 0.000296
Epoch 223/3000: 100%|██████████████| 32/32 [00:34<00:00,  1.07s/it, loss=0.4203]
Epoch 223/3000 | Loss: 0.2330 | Best: 0.1601 | 34.3s | Elapsed: 2.5h | ETA: 1654m | LR: 0.000296
Epoch 224/3000: 100%|██████████████| 32/32 [00:34<00:00,  1.07s/it, loss=0.1913]
Epoch 224/3000 | Loss: 0.2268 | Best: 0.1601 | 34.2s | Elapsed: 2.5h | ETA: 1653m | LR: 0.000296
Epoch 225/3000: 100%|██████████████| 32/32 [00:34<00:00,  1.08s/it, loss=0.2600]
Epoch 225/3000 | Loss: 0.2300 | Best: 0.1601 | 34.5s | Elapsed: 2.5h | ETA: 1652m | LR: 0.000296
RF Euler Sampling: 100%|████████████████████████| 50/50 [00:38<00:00,  1.31it/s]
RF Euler Sampling: 100%|████████████████████████| 50/50 [00:38<00:00,  1.31it/s]
RF Euler Sampling: 100%|████████████████████████| 50/50 [00:38<00:00,  1.31it/s]
Epoch 226/3000: 100%|██████████████| 32/32 [00:35<00:00,  1.11s/it, loss=0.0462]
Epoch 226/3000 | Loss: 0.1844 | Best: 0.1601 | 35.5s | Elapsed: 2.6h | ETA: 1651m | LR: 0.000296
Epoch 227/3000: 100%|██████████████| 32/32 [00:35<00:00,  1.11s/it, loss=0.2305]
Epoch 227/3000 | Loss: 0.2262 | Best: 0.1601 | 35.4s | Elapsed: 2.6h | ETA: 1651m | LR: 0.000296
Epoch 228/3000: 100%|██████████████| 32/32 [00:35<00:00,  1.10s/it, loss=0.3106]
Epoch 228/3000 | Loss: 0.2537 | Best: 0.1601 | 35.2s | Elapsed: 2.6h | ETA: 1650m | LR: 0.000296
Epoch 229/3000: 100%|██████████████| 32/32 [00:35<00:00,  1.10s/it, loss=0.2103]
Epoch 229/3000 | Loss: 0.1750 | Best: 0.1601 | 35.3s | Elapsed: 2.6h | ETA: 1649m | LR: 0.000296
Epoch 230/3000: 100%|██████████████| 32/32 [00:35<00:00,  1.10s/it, loss=0.1620]
Epoch 230/3000 | Loss: 0.2149 | Best: 0.1601 | 35.3s | Elapsed: 2.6h | ETA: 1649m | LR: 0.000296
Epoch 231/3000: 100%|██████████████| 32/32 [00:35<00:00,  1.10s/it, loss=0.2802]
Epoch 231/3000 | Loss: 0.2084 | Best: 0.1601 | 35.2s | Elapsed: 2.6h | ETA: 1648m | LR: 0.000296
Epoch 232/3000: 100%|██████████████| 32/32 [00:34<00:00,  1.09s/it, loss=0.0786]
Epoch 232/3000 | Loss: 0.1977 | Best: 0.1601 | 34.9s | Elapsed: 2.6h | ETA: 1647m | LR: 0.000296
Epoch 233/3000: 100%|██████████████| 32/32 [00:34<00:00,  1.08s/it, loss=0.2240]
Epoch 233/3000 | Loss: 0.2118 | Best: 0.1601 | 34.6s | Elapsed: 2.6h | ETA: 1646m | LR: 0.000296
Epoch 234/3000: 100%|██████████████| 32/32 [00:34<00:00,  1.08s/it, loss=0.1434]
Epoch 234/3000 | Loss: 0.2128 | Best: 0.1601 | 34.6s | Elapsed: 2.6h | ETA: 1646m | LR: 0.000296
Epoch 235/3000: 100%|██████████████| 32/32 [00:34<00:00,  1.09s/it, loss=0.1330]
Epoch 235/3000 | Loss: 0.2187 | Best: 0.1601 | 34.7s | Elapsed: 2.7h | ETA: 1645m | LR: 0.000295
Epoch 236/3000: 100%|██████████████| 32/32 [00:34<00:00,  1.08s/it, loss=0.1297]
Epoch 236/3000 | Loss: 0.2027 | Best: 0.1601 | 34.7s | Elapsed: 2.7h | ETA: 1644m | LR: 0.000295
Epoch 237/3000: 100%|██████████████| 32/32 [00:34<00:00,  1.08s/it, loss=0.2337]
Epoch 237/3000 | Loss: 0.2166 | Best: 0.1601 | 34.5s | Elapsed: 2.7h | ETA: 1643m | LR: 0.000295
Epoch 238/3000: 100%|██████████████| 32/32 [00:34<00:00,  1.08s/it, loss=0.0784]
Epoch 238/3000 | Loss: 0.1795 | Best: 0.1601 | 34.5s | Elapsed: 2.7h | ETA: 1642m | LR: 0.000295
Epoch 239/3000: 100%|██████████████| 32/32 [00:34<00:00,  1.08s/it, loss=0.1418]
Epoch 239/3000 | Loss: 0.1714 | Best: 0.1601 | 34.5s | Elapsed: 2.7h | ETA: 1642m | LR: 0.000295
Epoch 240/3000: 100%|██████████████| 32/32 [00:34<00:00,  1.08s/it, loss=0.1571]
Epoch 240/3000 | Loss: 0.2249 | Best: 0.1601 | 34.6s | Elapsed: 2.7h | ETA: 1641m | LR: 0.000295
  💾 Checkpoint saved (overwrite): epoch 240
Epoch 241/3000: 100%|██████████████| 32/32 [00:34<00:00,  1.07s/it, loss=0.1374]
Epoch 241/3000 | Loss: 0.2248 | Best: 0.1601 | 34.2s | Elapsed: 2.7h | ETA: 1640m | LR: 0.000295
Epoch 242/3000: 100%|██████████████| 32/32 [00:34<00:00,  1.07s/it, loss=0.0694]
Epoch 242/3000 | Loss: 0.1650 | Best: 0.1601 | 34.3s | Elapsed: 2.7h | ETA: 1639m | LR: 0.000295
Epoch 243/3000: 100%|██████████████| 32/32 [00:34<00:00,  1.08s/it, loss=0.1431]
Epoch 243/3000 | Loss: 0.1945 | Best: 0.1601 | 34.5s | Elapsed: 2.7h | ETA: 1638m | LR: 0.000295
Epoch 244/3000: 100%|██████████████| 32/32 [00:34<00:00,  1.08s/it, loss=0.1678]
Epoch 244/3000 | Loss: 0.1999 | Best: 0.1601 | 34.5s | Elapsed: 2.7h | ETA: 1637m | LR: 0.000295
Epoch 245/3000: 100%|██████████████| 32/32 [00:34<00:00,  1.07s/it, loss=0.1870]
Epoch 245/3000 | Loss: 0.2152 | Best: 0.1601 | 34.4s | Elapsed: 2.8h | ETA: 1637m | LR: 0.000295
Epoch 246/3000: 100%|██████████████| 32/32 [00:34<00:00,  1.08s/it, loss=0.2184]
Epoch 246/3000 | Loss: 0.2061 | Best: 0.1601 | 34.5s | Elapsed: 2.8h | ETA: 1636m | LR: 0.000295
Epoch 247/3000: 100%|██████████████| 32/32 [00:34<00:00,  1.08s/it, loss=0.1338]
Epoch 247/3000 | Loss: 0.1953 | Best: 0.1601 | 34.5s | Elapsed: 2.8h | ETA: 1635m | LR: 0.000295
Epoch 248/3000: 100%|██████████████| 32/32 [00:34<00:00,  1.08s/it, loss=0.2530]
Epoch 248/3000 | Loss: 0.2174 | Best: 0.1601 | 34.6s | Elapsed: 2.8h | ETA: 1634m | LR: 0.000295
Epoch 249/3000: 100%|██████████████| 32/32 [00:34<00:00,  1.07s/it, loss=0.1944]
Epoch 249/3000 | Loss: 0.1848 | Best: 0.1601 | 34.2s | Elapsed: 2.8h | ETA: 1633m | LR: 0.000295
Epoch 250/3000: 100%|██████████████| 32/32 [00:34<00:00,  1.06s/it, loss=0.2124]
Epoch 250/3000 | Loss: 0.1797 | Best: 0.1601 | 34.1s | Elapsed: 2.8h | ETA: 1632m | LR: 0.000295
RF Euler Sampling: 100%|████████████████████████| 50/50 [00:37<00:00,  1.32it/s]
RF Euler Sampling: 100%|████████████████████████| 50/50 [00:38<00:00,  1.29it/s]
RF Euler Sampling: 100%|████████████████████████| 50/50 [00:37<00:00,  1.32it/s]
Epoch 251/3000: 100%|██████████████| 32/32 [00:35<00:00,  1.11s/it, loss=0.3078]
Epoch 251/3000 | Loss: 0.1879 | Best: 0.1601 | 35.4s | Elapsed: 2.8h | ETA: 1632m | LR: 0.000295
Epoch 252/3000: 100%|██████████████| 32/32 [00:35<00:00,  1.11s/it, loss=0.2035]
Epoch 252/3000 | Loss: 0.2133 | Best: 0.1601 | 35.5s | Elapsed: 2.9h | ETA: 1631m | LR: 0.000295
Epoch 253/3000: 100%|██████████████| 32/32 [00:35<00:00,  1.10s/it, loss=0.0776]
Epoch 253/3000 | Loss: 0.2077 | Best: 0.1601 | 35.3s | Elapsed: 2.9h | ETA: 1631m | LR: 0.000295
Epoch 254/3000: 100%|██████████████| 32/32 [00:35<00:00,  1.10s/it, loss=0.1999]
Epoch 254/3000 | Loss: 0.2018 | Best: 0.1601 | 35.2s | Elapsed: 2.9h | ETA: 1630m | LR: 0.000295
Epoch 255/3000: 100%|██████████████| 32/32 [00:35<00:00,  1.10s/it, loss=0.2002]
Epoch 255/3000 | Loss: 0.2392 | Best: 0.1601 | 35.2s | Elapsed: 2.9h | ETA: 1629m | LR: 0.000295
Epoch 256/3000: 100%|██████████████| 32/32 [00:35<00:00,  1.10s/it, loss=0.1639]
Epoch 256/3000 | Loss: 0.1753 | Best: 0.1601 | 35.1s | Elapsed: 2.9h | ETA: 1629m | LR: 0.000295
Epoch 257/3000: 100%|██████████████| 32/32 [00:34<00:00,  1.09s/it, loss=0.0855]
Epoch 257/3000 | Loss: 0.2178 | Best: 0.1601 | 34.8s | Elapsed: 2.9h | ETA: 1628m | LR: 0.000295
Epoch 258/3000: 100%|██████████████| 32/32 [00:34<00:00,  1.08s/it, loss=0.1192]
Epoch 258/3000 | Loss: 0.2260 | Best: 0.1601 | 34.6s | Elapsed: 2.9h | ETA: 1627m | LR: 0.000295
Epoch 259/3000: 100%|██████████████| 32/32 [00:34<00:00,  1.08s/it, loss=0.3306]
Epoch 259/3000 | Loss: 0.2159 | Best: 0.1601 | 34.5s | Elapsed: 2.9h | ETA: 1626m | LR: 0.000295
Epoch 260/3000: 100%|██████████████| 32/32 [00:34<00:00,  1.08s/it, loss=0.3393]
Epoch 260/3000 | Loss: 0.2130 | Best: 0.1601 | 34.4s | Elapsed: 2.9h | ETA: 1625m | LR: 0.000294
  💾 Checkpoint saved (overwrite): epoch 260
Epoch 261/3000: 100%|██████████████| 32/32 [00:34<00:00,  1.07s/it, loss=0.2481]
Epoch 261/3000 | Loss: 0.2112 | Best: 0.1601 | 34.3s | Elapsed: 2.9h | ETA: 1625m | LR: 0.000294
Epoch 262/3000: 100%|██████████████| 32/32 [00:34<00:00,  1.07s/it, loss=0.1315]
Epoch 262/3000 | Loss: 0.1821 | Best: 0.1601 | 34.4s | Elapsed: 3.0h | ETA: 1624m | LR: 0.000294
Epoch 263/3000: 100%|██████████████| 32/32 [00:34<00:00,  1.07s/it, loss=0.3346]
Epoch 263/3000 | Loss: 0.2274 | Best: 0.1601 | 34.4s | Elapsed: 3.0h | ETA: 1623m | LR: 0.000294
Epoch 264/3000: 100%|██████████████| 32/32 [00:34<00:00,  1.07s/it, loss=0.2896]
Epoch 264/3000 | Loss: 0.2095 | Best: 0.1601 | 34.2s | Elapsed: 3.0h | ETA: 1622m | LR: 0.000294
Epoch 265/3000: 100%|██████████████| 32/32 [00:34<00:00,  1.07s/it, loss=0.2790]
Epoch 265/3000 | Loss: 0.1577 | Best: 0.1601 | 34.3s | Elapsed: 3.0h | ETA: 1621m | LR: 0.000294
  ★ Saved best model (loss=0.1577)
Epoch 266/3000: 100%|██████████████| 32/32 [00:34<00:00,  1.06s/it, loss=0.1819]
Epoch 266/3000 | Loss: 0.2377 | Best: 0.1577 | 34.0s | Elapsed: 3.0h | ETA: 1620m | LR: 0.000294
Epoch 267/3000: 100%|██████████████| 32/32 [00:34<00:00,  1.07s/it, loss=0.4009]
Epoch 267/3000 | Loss: 0.1781 | Best: 0.1577 | 34.2s | Elapsed: 3.0h | ETA: 1620m | LR: 0.000294
Epoch 268/3000: 100%|██████████████| 32/32 [00:34<00:00,  1.06s/it, loss=0.2890]
Epoch 268/3000 | Loss: 0.1773 | Best: 0.1577 | 34.1s | Elapsed: 3.0h | ETA: 1619m | LR: 0.000294
Epoch 269/3000: 100%|██████████████| 32/32 [00:33<00:00,  1.06s/it, loss=0.0956]
Epoch 269/3000 | Loss: 0.2338 | Best: 0.1577 | 33.9s | Elapsed: 3.0h | ETA: 1618m | LR: 0.000294
Epoch 270/3000: 100%|██████████████| 32/32 [00:33<00:00,  1.06s/it, loss=0.4214]
Epoch 270/3000 | Loss: 0.2213 | Best: 0.1577 | 33.9s | Elapsed: 3.0h | ETA: 1617m | LR: 0.000294
Epoch 271/3000: 100%|██████████████| 32/32 [00:33<00:00,  1.06s/it, loss=0.3100]
Epoch 271/3000 | Loss: 0.2010 | Best: 0.1577 | 34.0s | Elapsed: 3.0h | ETA: 1616m | LR: 0.000294
Epoch 272/3000: 100%|██████████████| 32/32 [00:34<00:00,  1.06s/it, loss=0.1162]
Epoch 272/3000 | Loss: 0.1728 | Best: 0.1577 | 34.0s | Elapsed: 3.0h | ETA: 1615m | LR: 0.000294
Epoch 273/3000: 100%|██████████████| 32/32 [00:34<00:00,  1.06s/it, loss=0.1136]
Epoch 273/3000 | Loss: 0.1701 | Best: 0.1577 | 34.1s | Elapsed: 3.1h | ETA: 1615m | LR: 0.000294
Epoch 274/3000: 100%|██████████████| 32/32 [00:34<00:00,  1.06s/it, loss=0.2434]
Epoch 274/3000 | Loss: 0.1633 | Best: 0.1577 | 34.1s | Elapsed: 3.1h | ETA: 1614m | LR: 0.000294
Epoch 275/3000: 100%|██████████████| 32/32 [00:33<00:00,  1.06s/it, loss=0.1533]
Epoch 275/3000 | Loss: 0.2198 | Best: 0.1577 | 34.0s | Elapsed: 3.1h | ETA: 1613m | LR: 0.000294
RF Euler Sampling: 100%|████████████████████████| 50/50 [00:37<00:00,  1.33it/s]
RF Euler Sampling: 100%|████████████████████████| 50/50 [00:38<00:00,  1.29it/s]
RF Euler Sampling: 100%|████████████████████████| 50/50 [00:37<00:00,  1.32it/s]
Epoch 276/3000: 100%|██████████████| 32/32 [00:35<00:00,  1.10s/it, loss=0.1477]
Epoch 276/3000 | Loss: 0.2095 | Best: 0.1577 | 35.3s | Elapsed: 3.1h | ETA: 1612m | LR: 0.000294
Epoch 277/3000: 100%|██████████████| 32/32 [00:35<00:00,  1.10s/it, loss=0.1384]
Epoch 277/3000 | Loss: 0.2142 | Best: 0.1577 | 35.1s | Elapsed: 3.1h | ETA: 1612m | LR: 0.000294
Epoch 278/3000: 100%|██████████████| 32/32 [00:35<00:00,  1.10s/it, loss=0.1218]
Epoch 278/3000 | Loss: 0.2376 | Best: 0.1577 | 35.1s | Elapsed: 3.1h | ETA: 1611m | LR: 0.000294
Epoch 279/3000: 100%|██████████████| 32/32 [00:35<00:00,  1.10s/it, loss=0.1888]
Epoch 279/3000 | Loss: 0.2014 | Best: 0.1577 | 35.1s | Elapsed: 3.1h | ETA: 1610m | LR: 0.000294
Epoch 280/3000: 100%|██████████████| 32/32 [00:35<00:00,  1.10s/it, loss=0.2656]
Epoch 280/3000 | Loss: 0.2287 | Best: 0.1577 | 35.2s | Elapsed: 3.2h | ETA: 1610m | LR: 0.000294
  💾 Checkpoint saved (overwrite): epoch 280
Epoch 281/3000: 100%|██████████████| 32/32 [00:34<00:00,  1.09s/it, loss=0.3037]
Epoch 281/3000 | Loss: 0.2262 | Best: 0.1577 | 34.8s | Elapsed: 3.2h | ETA: 1609m | LR: 0.000294
Epoch 282/3000: 100%|██████████████| 32/32 [00:34<00:00,  1.08s/it, loss=0.1510]
Epoch 282/3000 | Loss: 0.2628 | Best: 0.1577 | 34.6s | Elapsed: 3.2h | ETA: 1608m | LR: 0.000294
Epoch 283/3000: 100%|██████████████| 32/32 [00:34<00:00,  1.08s/it, loss=0.1406]
Epoch 283/3000 | Loss: 0.1775 | Best: 0.1577 | 34.5s | Elapsed: 3.2h | ETA: 1607m | LR: 0.000293
Epoch 284/3000: 100%|██████████████| 32/32 [00:34<00:00,  1.07s/it, loss=0.1683]
Epoch 284/3000 | Loss: 0.1561 | Best: 0.1577 | 34.4s | Elapsed: 3.2h | ETA: 1607m | LR: 0.000293
  ★ Saved best model (loss=0.1561)
Epoch 285/3000: 100%|██████████████| 32/32 [00:34<00:00,  1.06s/it, loss=0.4197]
Epoch 285/3000 | Loss: 0.2167 | Best: 0.1561 | 34.1s | Elapsed: 3.2h | ETA: 1606m | LR: 0.000293
Epoch 286/3000: 100%|██████████████| 32/32 [00:34<00:00,  1.07s/it, loss=0.1581]
Epoch 286/3000 | Loss: 0.2438 | Best: 0.1561 | 34.1s | Elapsed: 3.2h | ETA: 1605m | LR: 0.000293
Epoch 287/3000: 100%|██████████████| 32/32 [00:34<00:00,  1.07s/it, loss=0.2494]
Epoch 287/3000 | Loss: 0.2356 | Best: 0.1561 | 34.1s | Elapsed: 3.2h | ETA: 1604m | LR: 0.000293
Epoch 288/3000: 100%|██████████████| 32/32 [00:33<00:00,  1.06s/it, loss=0.1342]
Epoch 288/3000 | Loss: 0.2262 | Best: 0.1561 | 33.9s | Elapsed: 3.2h | ETA: 1603m | LR: 0.000293
Epoch 289/3000: 100%|██████████████| 32/32 [00:34<00:00,  1.06s/it, loss=0.1104]
Epoch 289/3000 | Loss: 0.2208 | Best: 0.1561 | 34.0s | Elapsed: 3.2h | ETA: 1603m | LR: 0.000293
Epoch 290/3000: 100%|██████████████| 32/32 [00:33<00:00,  1.06s/it, loss=0.2998]
Epoch 290/3000 | Loss: 0.2350 | Best: 0.1561 | 33.9s | Elapsed: 3.3h | ETA: 1602m | LR: 0.000293
Epoch 291/3000: 100%|██████████████| 32/32 [00:33<00:00,  1.06s/it, loss=0.1374]
Epoch 291/3000 | Loss: 0.1656 | Best: 0.1561 | 33.9s | Elapsed: 3.3h | ETA: 1601m | LR: 0.000293
Epoch 292/3000: 100%|██████████████| 32/32 [00:33<00:00,  1.06s/it, loss=0.1577]
Epoch 292/3000 | Loss: 0.2014 | Best: 0.1561 | 33.9s | Elapsed: 3.3h | ETA: 1600m | LR: 0.000293
Epoch 293/3000: 100%|██████████████| 32/32 [00:33<00:00,  1.06s/it, loss=0.3212]
Epoch 293/3000 | Loss: 0.2211 | Best: 0.1561 | 33.9s | Elapsed: 3.3h | ETA: 1599m | LR: 0.000293
Epoch 294/3000: 100%|██████████████| 32/32 [00:33<00:00,  1.06s/it, loss=0.2724]
Epoch 294/3000 | Loss: 0.2139 | Best: 0.1561 | 33.9s | Elapsed: 3.3h | ETA: 1598m | LR: 0.000293
Epoch 295/3000: 100%|██████████████| 32/32 [00:33<00:00,  1.06s/it, loss=0.2546]
Epoch 295/3000 | Loss: 0.2047 | Best: 0.1561 | 34.0s | Elapsed: 3.3h | ETA: 1598m | LR: 0.000293
Epoch 296/3000: 100%|██████████████| 32/32 [00:34<00:00,  1.06s/it, loss=0.3882]
Epoch 296/3000 | Loss: 0.1868 | Best: 0.1561 | 34.0s | Elapsed: 3.3h | ETA: 1597m | LR: 0.000293
Epoch 297/3000: 100%|██████████████| 32/32 [00:33<00:00,  1.06s/it, loss=0.2026]
Epoch 297/3000 | Loss: 0.1899 | Best: 0.1561 | 33.9s | Elapsed: 3.3h | ETA: 1596m | LR: 0.000293
Epoch 298/3000: 100%|██████████████| 32/32 [00:33<00:00,  1.06s/it, loss=0.2231]
Epoch 298/3000 | Loss: 0.1937 | Best: 0.1561 | 34.0s | Elapsed: 3.3h | ETA: 1595m | LR: 0.000293
Epoch 299/3000: 100%|██████████████| 32/32 [00:34<00:00,  1.07s/it, loss=0.2888]
Epoch 299/3000 | Loss: 0.2034 | Best: 0.1561 | 34.1s | Elapsed: 3.3h | ETA: 1594m | LR: 0.000293
Epoch 300/3000: 100%|██████████████| 32/32 [00:33<00:00,  1.06s/it, loss=0.1419]
Epoch 300/3000 | Loss: 0.2057 | Best: 0.1561 | 34.0s | Elapsed: 3.3h | ETA: 1594m | LR: 0.000293
  💾 Checkpoint saved (overwrite): epoch 300
RF Euler Sampling: 100%|████████████████████████| 50/50 [00:37<00:00,  1.32it/s]
RF Euler Sampling: 100%|████████████████████████| 50/50 [00:38<00:00,  1.29it/s]
RF Euler Sampling: 100%|████████████████████████| 50/50 [00:37<00:00,  1.32it/s]
Epoch 301/3000: 100%|██████████████| 32/32 [00:35<00:00,  1.10s/it, loss=0.3071]
Epoch 301/3000 | Loss: 0.2333 | Best: 0.1561 | 35.2s | Elapsed: 3.4h | ETA: 1593m | LR: 0.000293
Epoch 302/3000: 100%|██████████████| 32/32 [00:35<00:00,  1.10s/it, loss=0.1543]
Epoch 302/3000 | Loss: 0.2189 | Best: 0.1561 | 35.2s | Elapsed: 3.4h | ETA: 1592m | LR: 0.000293
Epoch 303/3000: 100%|██████████████| 32/32 [00:35<00:00,  1.10s/it, loss=0.4881]
Epoch 303/3000 | Loss: 0.2122 | Best: 0.1561 | 35.2s | Elapsed: 3.4h | ETA: 1592m | LR: 0.000293
Epoch 304/3000: 100%|██████████████| 32/32 [00:35<00:00,  1.10s/it, loss=0.1422]
Epoch 304/3000 | Loss: 0.2175 | Best: 0.1561 | 35.2s | Elapsed: 3.4h | ETA: 1591m | LR: 0.000292
Epoch 305/3000: 100%|██████████████| 32/32 [00:35<00:00,  1.10s/it, loss=0.2691]
Epoch 305/3000 | Loss: 0.2312 | Best: 0.1561 | 35.1s | Elapsed: 3.4h | ETA: 1590m | LR: 0.000292
Epoch 306/3000: 100%|██████████████| 32/32 [00:35<00:00,  1.10s/it, loss=0.1986]
Epoch 306/3000 | Loss: 0.2350 | Best: 0.1561 | 35.1s | Elapsed: 3.4h | ETA: 1590m | LR: 0.000292
Epoch 307/3000: 100%|██████████████| 32/32 [00:34<00:00,  1.08s/it, loss=0.2042]
Epoch 307/3000 | Loss: 0.2065 | Best: 0.1561 | 34.7s | Elapsed: 3.4h | ETA: 1589m | LR: 0.000292
Epoch 308/3000: 100%|██████████████| 32/32 [00:34<00:00,  1.08s/it, loss=0.2174]
Epoch 308/3000 | Loss: 0.4489 | Best: 0.1561 | 34.4s | Elapsed: 3.5h | ETA: 1588m | LR: 0.000292
Epoch 309/3000: 100%|██████████████| 32/32 [00:34<00:00,  1.07s/it, loss=0.3638]
Epoch 309/3000 | Loss: 0.5356 | Best: 0.1561 | 34.1s | Elapsed: 3.5h | ETA: 1588m | LR: 0.000292
Epoch 310/3000: 100%|██████████████| 32/32 [00:33<00:00,  1.06s/it, loss=0.3983]
Epoch 310/3000 | Loss: 0.2705 | Best: 0.1561 | 33.9s | Elapsed: 3.5h | ETA: 1587m | LR: 0.000292
Epoch 311/3000: 100%|██████████████| 32/32 [00:33<00:00,  1.06s/it, loss=0.2809]
Epoch 311/3000 | Loss: 0.2522 | Best: 0.1561 | 33.9s | Elapsed: 3.5h | ETA: 1586m | LR: 0.000292
Epoch 312/3000: 100%|██████████████| 32/32 [00:33<00:00,  1.06s/it, loss=0.2852]
Epoch 312/3000 | Loss: 0.1830 | Best: 0.1561 | 33.9s | Elapsed: 3.5h | ETA: 1585m | LR: 0.000292
Epoch 313/3000: 100%|██████████████| 32/32 [00:33<00:00,  1.06s/it, loss=0.2464]
Epoch 313/3000 | Loss: 0.1770 | Best: 0.1561 | 33.8s | Elapsed: 3.5h | ETA: 1584m | LR: 0.000292
Epoch 314/3000: 100%|██████████████| 32/32 [00:33<00:00,  1.05s/it, loss=0.1339]
Epoch 314/3000 | Loss: 0.1784 | Best: 0.1561 | 33.8s | Elapsed: 3.5h | ETA: 1583m | LR: 0.000292
Epoch 315/3000: 100%|██████████████| 32/32 [00:33<00:00,  1.05s/it, loss=0.2888]
Epoch 315/3000 | Loss: 0.1861 | Best: 0.1561 | 33.7s | Elapsed: 3.5h | ETA: 1583m | LR: 0.000292
Epoch 316/3000: 100%|██████████████| 32/32 [00:33<00:00,  1.05s/it, loss=0.2542]
Epoch 316/3000 | Loss: 0.2380 | Best: 0.1561 | 33.7s | Elapsed: 3.5h | ETA: 1582m | LR: 0.000292
Epoch 317/3000: 100%|██████████████| 32/32 [00:33<00:00,  1.06s/it, loss=0.3629]
Epoch 317/3000 | Loss: 0.2178 | Best: 0.1561 | 33.8s | Elapsed: 3.5h | ETA: 1581m | LR: 0.000292
Epoch 318/3000: 100%|██████████████| 32/32 [00:33<00:00,  1.06s/it, loss=0.0847]
Epoch 318/3000 | Loss: 0.1835 | Best: 0.1561 | 33.9s | Elapsed: 3.6h | ETA: 1580m | LR: 0.000292
Epoch 319/3000: 100%|██████████████| 32/32 [00:33<00:00,  1.05s/it, loss=0.2408]
Epoch 319/3000 | Loss: 0.2074 | Best: 0.1561 | 33.7s | Elapsed: 3.6h | ETA: 1579m | LR: 0.000292
Epoch 320/3000: 100%|██████████████| 32/32 [00:33<00:00,  1.05s/it, loss=0.3030]
Epoch 320/3000 | Loss: 0.2042 | Best: 0.1561 | 33.6s | Elapsed: 3.6h | ETA: 1579m | LR: 0.000292
  💾 Checkpoint saved (overwrite): epoch 320
Epoch 321/3000: 100%|██████████████| 32/32 [00:33<00:00,  1.05s/it, loss=0.1301]
Epoch 321/3000 | Loss: 0.1890 | Best: 0.1561 | 33.6s | Elapsed: 3.6h | ETA: 1578m | LR: 0.000292
Epoch 322/3000: 100%|██████████████| 32/32 [00:33<00:00,  1.05s/it, loss=0.2823]
Epoch 322/3000 | Loss: 0.2266 | Best: 0.1561 | 33.8s | Elapsed: 3.6h | ETA: 1577m | LR: 0.000292
Epoch 323/3000: 100%|██████████████| 32/32 [00:33<00:00,  1.05s/it, loss=0.1837]
Epoch 323/3000 | Loss: 0.2080 | Best: 0.1561 | 33.6s | Elapsed: 3.6h | ETA: 1576m | LR: 0.000292
Epoch 324/3000: 100%|██████████████| 32/32 [00:33<00:00,  1.05s/it, loss=0.1886]
Epoch 324/3000 | Loss: 0.2028 | Best: 0.1561 | 33.6s | Elapsed: 3.6h | ETA: 1575m | LR: 0.000291
Epoch 325/3000: 100%|██████████████| 32/32 [00:33<00:00,  1.05s/it, loss=0.4609]
Epoch 325/3000 | Loss: 0.2082 | Best: 0.1561 | 33.7s | Elapsed: 3.6h | ETA: 1574m | LR: 0.000291
RF Euler Sampling: 100%|████████████████████████| 50/50 [00:37<00:00,  1.32it/s]
RF Euler Sampling: 100%|████████████████████████| 50/50 [00:38<00:00,  1.29it/s]
RF Euler Sampling: 100%|████████████████████████| 50/50 [00:37<00:00,  1.32it/s]
Epoch 326/3000: 100%|██████████████| 32/32 [00:34<00:00,  1.08s/it, loss=0.2727]
Epoch 326/3000 | Loss: 0.2220 | Best: 0.1561 | 34.7s | Elapsed: 3.7h | ETA: 1574m | LR: 0.000291
Epoch 327/3000: 100%|██████████████| 32/32 [00:34<00:00,  1.09s/it, loss=0.2197]
Epoch 327/3000 | Loss: 0.2478 | Best: 0.1561 | 34.7s | Elapsed: 3.7h | ETA: 1573m | LR: 0.000291
Epoch 328/3000: 100%|██████████████| 32/32 [00:34<00:00,  1.08s/it, loss=0.1540]
Epoch 328/3000 | Loss: 0.2264 | Best: 0.1561 | 34.7s | Elapsed: 3.7h | ETA: 1572m | LR: 0.000291
Epoch 329/3000: 100%|██████████████| 32/32 [00:34<00:00,  1.08s/it, loss=0.3025]
Epoch 329/3000 | Loss: 0.2189 | Best: 0.1561 | 34.7s | Elapsed: 3.7h | ETA: 1572m | LR: 0.000291
Epoch 330/3000: 100%|██████████████| 32/32 [00:34<00:00,  1.08s/it, loss=0.1779]
Epoch 330/3000 | Loss: 0.1845 | Best: 0.1561 | 34.7s | Elapsed: 3.7h | ETA: 1571m | LR: 0.000291
Epoch 331/3000: 100%|██████████████| 32/32 [00:34<00:00,  1.08s/it, loss=0.1779]
Epoch 331/3000 | Loss: 0.2131 | Best: 0.1561 | 34.6s | Elapsed: 3.7h | ETA: 1570m | LR: 0.000291
Epoch 332/3000: 100%|██████████████| 32/32 [00:34<00:00,  1.07s/it, loss=0.3484]
Epoch 332/3000 | Loss: 0.2140 | Best: 0.1561 | 34.3s | Elapsed: 3.7h | ETA: 1570m | LR: 0.000291
Epoch 333/3000: 100%|██████████████| 32/32 [00:33<00:00,  1.06s/it, loss=0.2442]
Epoch 333/3000 | Loss: 0.2101 | Best: 0.1561 | 34.0s | Elapsed: 3.7h | ETA: 1569m | LR: 0.000291
Epoch 334/3000: 100%|██████████████| 32/32 [00:33<00:00,  1.06s/it, loss=0.1644]
Epoch 334/3000 | Loss: 0.2521 | Best: 0.1561 | 33.9s | Elapsed: 3.7h | ETA: 1568m | LR: 0.000291
Epoch 335/3000: 100%|██████████████| 32/32 [00:33<00:00,  1.06s/it, loss=0.0691]
Epoch 335/3000 | Loss: 0.2430 | Best: 0.1561 | 33.8s | Elapsed: 3.7h | ETA: 1567m | LR: 0.000291
Epoch 336/3000: 100%|██████████████| 32/32 [00:33<00:00,  1.06s/it, loss=0.1673]
Epoch 336/3000 | Loss: 0.1942 | Best: 0.1561 | 33.8s | Elapsed: 3.8h | ETA: 1567m | LR: 0.000291
Epoch 337/3000: 100%|██████████████| 32/32 [00:33<00:00,  1.06s/it, loss=0.1808]
Epoch 337/3000 | Loss: 0.1918 | Best: 0.1561 | 33.8s | Elapsed: 3.8h | ETA: 1566m | LR: 0.000291
Epoch 338/3000: 100%|██████████████| 32/32 [00:33<00:00,  1.06s/it, loss=0.1046]
Epoch 338/3000 | Loss: 0.1917 | Best: 0.1561 | 33.8s | Elapsed: 3.8h | ETA: 1565m | LR: 0.000291
Epoch 339/3000: 100%|██████████████| 32/32 [00:33<00:00,  1.05s/it, loss=0.2107]
Epoch 339/3000 | Loss: 0.1911 | Best: 0.1561 | 33.7s | Elapsed: 3.8h | ETA: 1564m | LR: 0.000291
Epoch 340/3000: 100%|██████████████| 32/32 [00:33<00:00,  1.05s/it, loss=0.1485]
Epoch 340/3000 | Loss: 0.2128 | Best: 0.1561 | 33.7s | Elapsed: 3.8h | ETA: 1563m | LR: 0.000291
  💾 Checkpoint saved (overwrite): epoch 340
Epoch 341/3000: 100%|██████████████| 32/32 [00:33<00:00,  1.05s/it, loss=0.0956]
Epoch 341/3000 | Loss: 0.1891 | Best: 0.1561 | 33.6s | Elapsed: 3.8h | ETA: 1563m | LR: 0.000291
Epoch 342/3000: 100%|██████████████| 32/32 [00:33<00:00,  1.05s/it, loss=0.2464]
Epoch 342/3000 | Loss: 0.1773 | Best: 0.1561 | 33.7s | Elapsed: 3.8h | ETA: 1562m | LR: 0.000290
Epoch 343/3000: 100%|██████████████| 32/32 [00:33<00:00,  1.05s/it, loss=0.2096]
Epoch 343/3000 | Loss: 0.2050 | Best: 0.1561 | 33.5s | Elapsed: 3.8h | ETA: 1561m | LR: 0.000290
Epoch 344/3000: 100%|██████████████| 32/32 [00:33<00:00,  1.05s/it, loss=0.1225]
Epoch 344/3000 | Loss: 0.1781 | Best: 0.1561 | 33.5s | Elapsed: 3.8h | ETA: 1560m | LR: 0.000290
Epoch 345/3000: 100%|██████████████| 32/32 [00:33<00:00,  1.05s/it, loss=0.1555]
Epoch 345/3000 | Loss: 0.1631 | Best: 0.1561 | 33.7s | Elapsed: 3.8h | ETA: 1559m | LR: 0.000290
Epoch 346/3000: 100%|██████████████| 32/32 [00:33<00:00,  1.06s/it, loss=0.1244]
Epoch 346/3000 | Loss: 0.1875 | Best: 0.1561 | 33.8s | Elapsed: 3.9h | ETA: 1559m | LR: 0.000290
Epoch 347/3000: 100%|██████████████| 32/32 [00:33<00:00,  1.05s/it, loss=0.2991]
Epoch 347/3000 | Loss: 0.2173 | Best: 0.1561 | 33.5s | Elapsed: 3.9h | ETA: 1558m | LR: 0.000290
Epoch 348/3000: 100%|██████████████| 32/32 [00:33<00:00,  1.05s/it, loss=0.2365]
Epoch 348/3000 | Loss: 0.2004 | Best: 0.1561 | 33.4s | Elapsed: 3.9h | ETA: 1557m | LR: 0.000290
Epoch 349/3000: 100%|██████████████| 32/32 [00:33<00:00,  1.05s/it, loss=0.2449]
Epoch 349/3000 | Loss: 0.1854 | Best: 0.1561 | 33.5s | Elapsed: 3.9h | ETA: 1556m | LR: 0.000290
Epoch 350/3000: 100%|██████████████| 32/32 [00:33<00:00,  1.05s/it, loss=0.1478]
Epoch 350/3000 | Loss: 0.1994 | Best: 0.1561 | 33.5s | Elapsed: 3.9h | ETA: 1555m | LR: 0.000290
RF Euler Sampling: 100%|████████████████████████| 50/50 [00:37<00:00,  1.32it/s]
RF Euler Sampling: 100%|████████████████████████| 50/50 [00:38<00:00,  1.30it/s]
RF Euler Sampling: 100%|████████████████████████| 50/50 [00:37<00:00,  1.32it/s]
Epoch 351/3000: 100%|██████████████| 32/32 [00:34<00:00,  1.08s/it, loss=0.4480]
Epoch 351/3000 | Loss: 0.2267 | Best: 0.1561 | 34.5s | Elapsed: 3.9h | ETA: 1555m | LR: 0.000290
Epoch 352/3000: 100%|██████████████| 32/32 [00:34<00:00,  1.08s/it, loss=0.2276]
Epoch 352/3000 | Loss: 0.1810 | Best: 0.1561 | 34.6s | Elapsed: 3.9h | ETA: 1554m | LR: 0.000290
Epoch 353/3000: 100%|██████████████| 32/32 [00:34<00:00,  1.08s/it, loss=0.1481]
Epoch 353/3000 | Loss: 0.2061 | Best: 0.1561 | 34.6s | Elapsed: 3.9h | ETA: 1553m | LR: 0.000290
Epoch 354/3000: 100%|██████████████| 32/32 [00:34<00:00,  1.07s/it, loss=0.1765]
Epoch 354/3000 | Loss: 0.2202 | Best: 0.1561 | 34.4s | Elapsed: 4.0h | ETA: 1553m | LR: 0.000290
Epoch 355/3000: 100%|██████████████| 32/32 [00:34<00:00,  1.08s/it, loss=0.1633]
Epoch 355/3000 | Loss: 0.2114 | Best: 0.1561 | 34.5s | Elapsed: 4.0h | ETA: 1552m | LR: 0.000290
Epoch 356/3000: 100%|██████████████| 32/32 [00:34<00:00,  1.07s/it, loss=0.2670]
Epoch 356/3000 | Loss: 0.2255 | Best: 0.1561 | 34.1s | Elapsed: 4.0h | ETA: 1551m | LR: 0.000290
Epoch 357/3000: 100%|██████████████| 32/32 [00:33<00:00,  1.06s/it, loss=0.1827]
Epoch 357/3000 | Loss: 0.2094 | Best: 0.1561 | 33.8s | Elapsed: 4.0h | ETA: 1551m | LR: 0.000290
Epoch 358/3000: 100%|██████████████| 32/32 [00:33<00:00,  1.06s/it, loss=0.1930]
Epoch 358/3000 | Loss: 0.1949 | Best: 0.1561 | 33.8s | Elapsed: 4.0h | ETA: 1550m | LR: 0.000290
Epoch 359/3000: 100%|██████████████| 32/32 [00:33<00:00,  1.06s/it, loss=0.1525]
Epoch 359/3000 | Loss: 0.2054 | Best: 0.1561 | 33.8s | Elapsed: 4.0h | ETA: 1549m | LR: 0.000290
Epoch 360/3000: 100%|██████████████| 32/32 [00:33<00:00,  1.05s/it, loss=0.1294]
Epoch 360/3000 | Loss: 0.2035 | Best: 0.1561 | 33.7s | Elapsed: 4.0h | ETA: 1548m | LR: 0.000289
  💾 Checkpoint saved (overwrite): epoch 360
Epoch 361/3000: 100%|██████████████| 32/32 [00:33<00:00,  1.04s/it, loss=0.2017]
Epoch 361/3000 | Loss: 0.1986 | Best: 0.1561 | 33.4s | Elapsed: 4.0h | ETA: 1548m | LR: 0.000289
Epoch 362/3000: 100%|██████████████| 32/32 [00:33<00:00,  1.05s/it, loss=0.2453]
Epoch 362/3000 | Loss: 0.2334 | Best: 0.1561 | 33.6s | Elapsed: 4.0h | ETA: 1547m | LR: 0.000289
Epoch 363/3000: 100%|██████████████| 32/32 [00:33<00:00,  1.05s/it, loss=0.3197]
Epoch 363/3000 | Loss: 0.2290 | Best: 0.1561 | 33.6s | Elapsed: 4.0h | ETA: 1546m | LR: 0.000289
Epoch 364/3000: 100%|██████████████| 32/32 [00:33<00:00,  1.05s/it, loss=0.3474]
Epoch 364/3000 | Loss: 0.1974 | Best: 0.1561 | 33.5s | Elapsed: 4.1h | ETA: 1545m | LR: 0.000289
Epoch 365/3000: 100%|██████████████| 32/32 [00:33<00:00,  1.04s/it, loss=0.1959]
Epoch 365/3000 | Loss: 0.1809 | Best: 0.1561 | 33.4s | Elapsed: 4.1h | ETA: 1544m | LR: 0.000289
Epoch 366/3000: 100%|██████████████| 32/32 [00:33<00:00,  1.04s/it, loss=0.2571]
Epoch 366/3000 | Loss: 0.2248 | Best: 0.1561 | 33.4s | Elapsed: 4.1h | ETA: 1544m | LR: 0.000289
Epoch 367/3000: 100%|██████████████| 32/32 [00:33<00:00,  1.04s/it, loss=0.0799]
Epoch 367/3000 | Loss: 0.2136 | Best: 0.1561 | 33.4s | Elapsed: 4.1h | ETA: 1543m | LR: 0.000289
Epoch 368/3000: 100%|██████████████| 32/32 [00:33<00:00,  1.05s/it, loss=0.0941]
Epoch 368/3000 | Loss: 0.1977 | Best: 0.1561 | 33.5s | Elapsed: 4.1h | ETA: 1542m | LR: 0.000289
Epoch 369/3000: 100%|██████████████| 32/32 [00:33<00:00,  1.05s/it, loss=0.1594]
Epoch 369/3000 | Loss: 0.1783 | Best: 0.1561 | 33.6s | Elapsed: 4.1h | ETA: 1541m | LR: 0.000289
Epoch 370/3000: 100%|██████████████| 32/32 [00:33<00:00,  1.05s/it, loss=0.1923]
Epoch 370/3000 | Loss: 0.2267 | Best: 0.1561 | 33.6s | Elapsed: 4.1h | ETA: 1540m | LR: 0.000289
Epoch 371/3000: 100%|██████████████| 32/32 [00:33<00:00,  1.05s/it, loss=0.1619]
Epoch 371/3000 | Loss: 0.2499 | Best: 0.1561 | 33.6s | Elapsed: 4.1h | ETA: 1540m | LR: 0.000289
Epoch 372/3000: 100%|██████████████| 32/32 [00:33<00:00,  1.05s/it, loss=0.1314]
Epoch 372/3000 | Loss: 0.1685 | Best: 0.1561 | 33.7s | Elapsed: 4.1h | ETA: 1539m | LR: 0.000289
Epoch 373/3000: 100%|██████████████| 32/32 [00:33<00:00,  1.06s/it, loss=0.1408]
Epoch 373/3000 | Loss: 0.2048 | Best: 0.1561 | 33.8s | Elapsed: 4.1h | ETA: 1538m | LR: 0.000289
Epoch 374/3000: 100%|██████████████| 32/32 [00:33<00:00,  1.05s/it, loss=0.1586]
Epoch 374/3000 | Loss: 0.2354 | Best: 0.1561 | 33.7s | Elapsed: 4.1h | ETA: 1537m | LR: 0.000289
Epoch 375/3000: 100%|██████████████| 32/32 [00:33<00:00,  1.05s/it, loss=0.1036]
Epoch 375/3000 | Loss: 0.1914 | Best: 0.1561 | 33.7s | Elapsed: 4.2h | ETA: 1537m | LR: 0.000289
RF Euler Sampling: 100%|████████████████████████| 50/50 [00:37<00:00,  1.33it/s]
RF Euler Sampling: 100%|████████████████████████| 50/50 [00:38<00:00,  1.29it/s]
RF Euler Sampling: 100%|████████████████████████| 50/50 [00:37<00:00,  1.32it/s]
Epoch 376/3000: 100%|██████████████| 32/32 [00:35<00:00,  1.09s/it, loss=0.2680]
Epoch 376/3000 | Loss: 0.2362 | Best: 0.1561 | 35.0s | Elapsed: 4.2h | ETA: 1536m | LR: 0.000289
Epoch 377/3000: 100%|██████████████| 32/32 [00:34<00:00,  1.08s/it, loss=0.2563]
Epoch 377/3000 | Loss: 0.2898 | Best: 0.1561 | 34.7s | Elapsed: 4.2h | ETA: 1535m | LR: 0.000288
Epoch 378/3000: 100%|██████████████| 32/32 [00:34<00:00,  1.08s/it, loss=0.1304]
Epoch 378/3000 | Loss: 0.2148 | Best: 0.1561 | 34.7s | Elapsed: 4.2h | ETA: 1535m | LR: 0.000288
Epoch 379/3000: 100%|██████████████| 32/32 [00:34<00:00,  1.09s/it, loss=0.0645]
Epoch 379/3000 | Loss: 0.1894 | Best: 0.1561 | 34.9s | Elapsed: 4.2h | ETA: 1534m | LR: 0.000288
Epoch 380/3000: 100%|██████████████| 32/32 [00:34<00:00,  1.09s/it, loss=0.2594]
Epoch 380/3000 | Loss: 0.2002 | Best: 0.1561 | 34.9s | Elapsed: 4.2h | ETA: 1534m | LR: 0.000288
  💾 Checkpoint saved (overwrite): epoch 380
Epoch 381/3000: 100%|██████████████| 32/32 [00:34<00:00,  1.07s/it, loss=0.1854]
Epoch 381/3000 | Loss: 0.2049 | Best: 0.1561 | 34.3s | Elapsed: 4.2h | ETA: 1533m | LR: 0.000288
Epoch 382/3000: 100%|██████████████| 32/32 [00:34<00:00,  1.07s/it, loss=0.2028]
Epoch 382/3000 | Loss: 0.2074 | Best: 0.1561 | 34.1s | Elapsed: 4.3h | ETA: 1532m | LR: 0.000288
Epoch 383/3000: 100%|██████████████| 32/32 [00:34<00:00,  1.07s/it, loss=0.2484]
Epoch 383/3000 | Loss: 0.2117 | Best: 0.1561 | 34.1s | Elapsed: 4.3h | ETA: 1531m | LR: 0.000288
Epoch 384/3000: 100%|██████████████| 32/32 [00:33<00:00,  1.06s/it, loss=0.2690]
Epoch 384/3000 | Loss: 0.1979 | Best: 0.1561 | 34.0s | Elapsed: 4.3h | ETA: 1531m | LR: 0.000288
Epoch 385/3000: 100%|██████████████| 32/32 [00:33<00:00,  1.06s/it, loss=0.1654]
Epoch 385/3000 | Loss: 0.2283 | Best: 0.1561 | 33.9s | Elapsed: 4.3h | ETA: 1530m | LR: 0.000288
Epoch 386/3000: 100%|██████████████| 32/32 [00:33<00:00,  1.06s/it, loss=0.1543]
Epoch 386/3000 | Loss: 0.2157 | Best: 0.1561 | 33.8s | Elapsed: 4.3h | ETA: 1529m | LR: 0.000288
Epoch 387/3000: 100%|██████████████| 32/32 [00:33<00:00,  1.05s/it, loss=0.3056]
Epoch 387/3000 | Loss: 0.1837 | Best: 0.1561 | 33.6s | Elapsed: 4.3h | ETA: 1529m | LR: 0.000288
Epoch 388/3000: 100%|██████████████| 32/32 [00:33<00:00,  1.05s/it, loss=0.1875]
Epoch 388/3000 | Loss: 0.1817 | Best: 0.1561 | 33.7s | Elapsed: 4.3h | ETA: 1528m | LR: 0.000288
Epoch 389/3000: 100%|██████████████| 32/32 [00:33<00:00,  1.05s/it, loss=0.1001]
Epoch 389/3000 | Loss: 0.1934 | Best: 0.1561 | 33.7s | Elapsed: 4.3h | ETA: 1527m | LR: 0.000288
Epoch 390/3000: 100%|██████████████| 32/32 [00:33<00:00,  1.05s/it, loss=0.2210]
Epoch 390/3000 | Loss: 0.1832 | Best: 0.1561 | 33.7s | Elapsed: 4.3h | ETA: 1526m | LR: 0.000288
Epoch 391/3000: 100%|██████████████| 32/32 [00:33<00:00,  1.06s/it, loss=0.1964]
Epoch 391/3000 | Loss: 0.2460 | Best: 0.1561 | 33.8s | Elapsed: 4.3h | ETA: 1526m | LR: 0.000288
Epoch 392/3000: 100%|██████████████| 32/32 [00:33<00:00,  1.05s/it, loss=0.2752]
Epoch 392/3000 | Loss: 0.2422 | Best: 0.1561 | 33.7s | Elapsed: 4.4h | ETA: 1525m | LR: 0.000288
Epoch 393/3000: 100%|██████████████| 32/32 [00:33<00:00,  1.05s/it, loss=0.4197]
Epoch 393/3000 | Loss: 0.2316 | Best: 0.1561 | 33.7s | Elapsed: 4.4h | ETA: 1524m | LR: 0.000287
Epoch 394/3000: 100%|██████████████| 32/32 [00:33<00:00,  1.05s/it, loss=0.2893]
Epoch 394/3000 | Loss: 0.2068 | Best: 0.1561 | 33.7s | Elapsed: 4.4h | ETA: 1523m | LR: 0.000287
Epoch 395/3000: 100%|██████████████| 32/32 [00:33<00:00,  1.05s/it, loss=0.1503]
Epoch 395/3000 | Loss: 0.1910 | Best: 0.1561 | 33.6s | Elapsed: 4.4h | ETA: 1523m | LR: 0.000287
Epoch 396/3000: 100%|██████████████| 32/32 [00:33<00:00,  1.05s/it, loss=0.3285]
Epoch 396/3000 | Loss: 0.2198 | Best: 0.1561 | 33.6s | Elapsed: 4.4h | ETA: 1522m | LR: 0.000287
Epoch 397/3000: 100%|██████████████| 32/32 [00:33<00:00,  1.05s/it, loss=0.1036]
Epoch 397/3000 | Loss: 0.1659 | Best: 0.1561 | 33.7s | Elapsed: 4.4h | ETA: 1521m | LR: 0.000287
Epoch 398/3000: 100%|██████████████| 32/32 [00:33<00:00,  1.05s/it, loss=0.3069]
Epoch 398/3000 | Loss: 0.2159 | Best: 0.1561 | 33.7s | Elapsed: 4.4h | ETA: 1520m | LR: 0.000287
Epoch 399/3000: 100%|██████████████| 32/32 [00:33<00:00,  1.05s/it, loss=0.1461]
Epoch 399/3000 | Loss: 0.2112 | Best: 0.1561 | 33.7s | Elapsed: 4.4h | ETA: 1520m | LR: 0.000287
Epoch 400/3000: 100%|██████████████| 32/32 [00:33<00:00,  1.05s/it, loss=0.0488]
Epoch 400/3000 | Loss: 0.1694 | Best: 0.1561 | 33.7s | Elapsed: 4.4h | ETA: 1519m | LR: 0.000287
  💾 Checkpoint saved (overwrite): epoch 400
RF Euler Sampling: 100%|████████████████████████| 50/50 [00:37<00:00,  1.33it/s]
RF Euler Sampling: 100%|████████████████████████| 50/50 [00:38<00:00,  1.29it/s]
RF Euler Sampling: 100%|████████████████████████| 50/50 [00:37<00:00,  1.32it/s]
Epoch 401/3000: 100%|██████████████| 32/32 [00:34<00:00,  1.09s/it, loss=0.1486]
Epoch 401/3000 | Loss: 0.1929 | Best: 0.1561 | 35.0s | Elapsed: 4.5h | ETA: 1518m | LR: 0.000287
Epoch 402/3000: 100%|██████████████| 32/32 [00:34<00:00,  1.09s/it, loss=0.1454]
Epoch 402/3000 | Loss: 0.1655 | Best: 0.1561 | 34.9s | Elapsed: 4.5h | ETA: 1518m | LR: 0.000287
Epoch 403/3000: 100%|██████████████| 32/32 [00:34<00:00,  1.09s/it, loss=0.3233]
Epoch 403/3000 | Loss: 0.2204 | Best: 0.1561 | 34.7s | Elapsed: 4.5h | ETA: 1517m | LR: 0.000287
Epoch 404/3000: 100%|██████████████| 32/32 [00:34<00:00,  1.08s/it, loss=0.0777]
Epoch 404/3000 | Loss: 0.1718 | Best: 0.1561 | 34.7s | Elapsed: 4.5h | ETA: 1517m | LR: 0.000287
Epoch 405/3000: 100%|██████████████| 32/32 [00:34<00:00,  1.09s/it, loss=0.1366]
Epoch 405/3000 | Loss: 0.1653 | Best: 0.1561 | 34.8s | Elapsed: 4.5h | ETA: 1516m | LR: 0.000287
Epoch 406/3000: 100%|██████████████| 32/32 [00:34<00:00,  1.08s/it, loss=0.2803]
Epoch 406/3000 | Loss: 0.1939 | Best: 0.1561 | 34.5s | Elapsed: 4.5h | ETA: 1515m | LR: 0.000287
Epoch 407/3000: 100%|██████████████| 32/32 [00:34<00:00,  1.07s/it, loss=0.2355]
Epoch 407/3000 | Loss: 0.2129 | Best: 0.1561 | 34.2s | Elapsed: 4.5h | ETA: 1515m | LR: 0.000287
Epoch 408/3000: 100%|██████████████| 32/32 [00:34<00:00,  1.06s/it, loss=0.0982]
Epoch 408/3000 | Loss: 0.1952 | Best: 0.1561 | 34.0s | Elapsed: 4.5h | ETA: 1514m | LR: 0.000287
Epoch 409/3000: 100%|██████████████| 32/32 [00:33<00:00,  1.06s/it, loss=0.3147]
Epoch 409/3000 | Loss: 0.2306 | Best: 0.1561 | 33.9s | Elapsed: 4.5h | ETA: 1513m | LR: 0.000286
Epoch 410/3000: 100%|██████████████| 32/32 [00:33<00:00,  1.06s/it, loss=0.3702]
Epoch 410/3000 | Loss: 0.2247 | Best: 0.1561 | 33.8s | Elapsed: 4.6h | ETA: 1513m | LR: 0.000286
Epoch 411/3000: 100%|██████████████| 32/32 [00:33<00:00,  1.05s/it, loss=0.1491]
Epoch 411/3000 | Loss: 0.1882 | Best: 0.1561 | 33.8s | Elapsed: 4.6h | ETA: 1512m | LR: 0.000286
Epoch 412/3000: 100%|██████████████| 32/32 [00:33<00:00,  1.06s/it, loss=0.1045]
Epoch 412/3000 | Loss: 0.2163 | Best: 0.1561 | 33.8s | Elapsed: 4.6h | ETA: 1511m | LR: 0.000286
Epoch 413/3000: 100%|██████████████| 32/32 [00:33<00:00,  1.05s/it, loss=0.3298]
Epoch 413/3000 | Loss: 0.1893 | Best: 0.1561 | 33.7s | Elapsed: 4.6h | ETA: 1510m | LR: 0.000286
Epoch 414/3000: 100%|██████████████| 32/32 [00:33<00:00,  1.05s/it, loss=0.1897]
Epoch 414/3000 | Loss: 0.1937 | Best: 0.1561 | 33.6s | Elapsed: 4.6h | ETA: 1510m | LR: 0.000286
Epoch 415/3000: 100%|██████████████| 32/32 [00:33<00:00,  1.05s/it, loss=0.1387]
Epoch 415/3000 | Loss: 0.1959 | Best: 0.1561 | 33.5s | Elapsed: 4.6h | ETA: 1509m | LR: 0.000286
Epoch 416/3000: 100%|██████████████| 32/32 [00:33<00:00,  1.05s/it, loss=0.2181]
Epoch 416/3000 | Loss: 0.2105 | Best: 0.1561 | 33.5s | Elapsed: 4.6h | ETA: 1508m | LR: 0.000286
Epoch 417/3000: 100%|██████████████| 32/32 [00:33<00:00,  1.05s/it, loss=0.1180]
Epoch 417/3000 | Loss: 0.2615 | Best: 0.1561 | 33.7s | Elapsed: 4.6h | ETA: 1507m | LR: 0.000286
Epoch 418/3000: 100%|██████████████| 32/32 [00:33<00:00,  1.05s/it, loss=0.3422]
Epoch 418/3000 | Loss: 0.2347 | Best: 0.1561 | 33.7s | Elapsed: 4.6h | ETA: 1507m | LR: 0.000286
Epoch 419/3000: 100%|██████████████| 32/32 [00:33<00:00,  1.05s/it, loss=0.0794]
Epoch 419/3000 | Loss: 0.1984 | Best: 0.1561 | 33.6s | Elapsed: 4.6h | ETA: 1506m | LR: 0.000286
Epoch 420/3000: 100%|██████████████| 32/32 [00:33<00:00,  1.05s/it, loss=0.3166]
Epoch 420/3000 | Loss: 0.2354 | Best: 0.1561 | 33.5s | Elapsed: 4.6h | ETA: 1505m | LR: 0.000286
  💾 Checkpoint saved (overwrite): epoch 420
Epoch 421/3000: 100%|██████████████| 32/32 [00:33<00:00,  1.05s/it, loss=0.2523]
Epoch 421/3000 | Loss: 0.2430 | Best: 0.1561 | 33.6s | Elapsed: 4.7h | ETA: 1505m | LR: 0.000286
Epoch 422/3000: 100%|██████████████| 32/32 [00:33<00:00,  1.05s/it, loss=0.1759]
Epoch 422/3000 | Loss: 0.2209 | Best: 0.1561 | 33.6s | Elapsed: 4.7h | ETA: 1504m | LR: 0.000286
Epoch 423/3000: 100%|██████████████| 32/32 [00:33<00:00,  1.04s/it, loss=0.1076]
Epoch 423/3000 | Loss: 0.2321 | Best: 0.1561 | 33.4s | Elapsed: 4.7h | ETA: 1503m | LR: 0.000286
Epoch 424/3000: 100%|██████████████| 32/32 [00:33<00:00,  1.05s/it, loss=0.0770]
Epoch 424/3000 | Loss: 0.1683 | Best: 0.1561 | 33.7s | Elapsed: 4.7h | ETA: 1502m | LR: 0.000285
Epoch 425/3000: 100%|██████████████| 32/32 [00:33<00:00,  1.05s/it, loss=0.1360]
Epoch 425/3000 | Loss: 0.2436 | Best: 0.1561 | 33.6s | Elapsed: 4.7h | ETA: 1502m | LR: 0.000285
RF Euler Sampling: 100%|████████████████████████| 50/50 [00:37<00:00,  1.33it/s]
RF Euler Sampling: 100%|████████████████████████| 50/50 [00:38<00:00,  1.29it/s]
RF Euler Sampling: 100%|████████████████████████| 50/50 [00:37<00:00,  1.32it/s]
Epoch 426/3000: 100%|██████████████| 32/32 [00:34<00:00,  1.09s/it, loss=0.2908]
Epoch 426/3000 | Loss: 0.2052 | Best: 0.1561 | 35.0s | Elapsed: 4.7h | ETA: 1501m | LR: 0.000285
Epoch 427/3000: 100%|██████████████| 32/32 [00:34<00:00,  1.09s/it, loss=0.1498]
Epoch 427/3000 | Loss: 0.1659 | Best: 0.1561 | 34.7s | Elapsed: 4.7h | ETA: 1500m | LR: 0.000285
Epoch 428/3000: 100%|██████████████| 32/32 [00:34<00:00,  1.08s/it, loss=0.1776]
Epoch 428/3000 | Loss: 0.2373 | Best: 0.1561 | 34.7s | Elapsed: 4.8h | ETA: 1500m | LR: 0.000285
Epoch 429/3000: 100%|██████████████| 32/32 [00:34<00:00,  1.09s/it, loss=0.1717]
Epoch 429/3000 | Loss: 0.2321 | Best: 0.1561 | 34.9s | Elapsed: 4.8h | ETA: 1499m | LR: 0.000285
Epoch 430/3000: 100%|██████████████| 32/32 [00:34<00:00,  1.08s/it, loss=0.2344]
Epoch 430/3000 | Loss: 0.1856 | Best: 0.1561 | 34.7s | Elapsed: 4.8h | ETA: 1499m | LR: 0.000285
Epoch 431/3000: 100%|██████████████| 32/32 [00:34<00:00,  1.07s/it, loss=0.2220]
Epoch 431/3000 | Loss: 0.1812 | Best: 0.1561 | 34.1s | Elapsed: 4.8h | ETA: 1498m | LR: 0.000285
Epoch 432/3000: 100%|██████████████| 32/32 [00:33<00:00,  1.06s/it, loss=0.0971]
Epoch 432/3000 | Loss: 0.1915 | Best: 0.1561 | 33.9s | Elapsed: 4.8h | ETA: 1497m | LR: 0.000285
Epoch 433/3000: 100%|██████████████| 32/32 [00:33<00:00,  1.06s/it, loss=0.2749]
Epoch 433/3000 | Loss: 0.2164 | Best: 0.1561 | 33.8s | Elapsed: 4.8h | ETA: 1497m | LR: 0.000285
Epoch 434/3000: 100%|██████████████| 32/32 [00:33<00:00,  1.06s/it, loss=0.0747]
Epoch 434/3000 | Loss: 0.1967 | Best: 0.1561 | 33.8s | Elapsed: 4.8h | ETA: 1496m | LR: 0.000285
Epoch 435/3000: 100%|██████████████| 32/32 [00:33<00:00,  1.06s/it, loss=0.2380]
Epoch 435/3000 | Loss: 0.2778 | Best: 0.1561 | 34.0s | Elapsed: 4.8h | ETA: 1495m | LR: 0.000285
Epoch 436/3000: 100%|██████████████| 32/32 [00:33<00:00,  1.06s/it, loss=0.2832]
Epoch 436/3000 | Loss: 0.2782 | Best: 0.1561 | 33.8s | Elapsed: 4.8h | ETA: 1494m | LR: 0.000285
Epoch 437/3000: 100%|██████████████| 32/32 [00:33<00:00,  1.06s/it, loss=0.1489]
Epoch 437/3000 | Loss: 0.2135 | Best: 0.1561 | 33.8s | Elapsed: 4.8h | ETA: 1494m | LR: 0.000285
Epoch 438/3000: 100%|██████████████| 32/32 [00:33<00:00,  1.06s/it, loss=0.2178]
Epoch 438/3000 | Loss: 0.2151 | Best: 0.1561 | 33.8s | Elapsed: 4.9h | ETA: 1493m | LR: 0.000284
Epoch 439/3000: 100%|██████████████| 32/32 [00:33<00:00,  1.06s/it, loss=0.0618]
Epoch 439/3000 | Loss: 0.1839 | Best: 0.1561 | 33.8s | Elapsed: 4.9h | ETA: 1492m | LR: 0.000284
Epoch 440/3000: 100%|██████████████| 32/32 [00:33<00:00,  1.06s/it, loss=0.1966]
Epoch 440/3000 | Loss: 0.1978 | Best: 0.1561 | 33.8s | Elapsed: 4.9h | ETA: 1492m | LR: 0.000284
  💾 Checkpoint saved (overwrite): epoch 440
Epoch 441/3000: 100%|██████████████| 32/32 [00:33<00:00,  1.05s/it, loss=0.4992]
Epoch 441/3000 | Loss: 0.2165 | Best: 0.1561 | 33.6s | Elapsed: 4.9h | ETA: 1491m | LR: 0.000284
Epoch 442/3000: 100%|██████████████| 32/32 [00:33<00:00,  1.06s/it, loss=0.1680]
Epoch 442/3000 | Loss: 0.1951 | Best: 0.1561 | 33.8s | Elapsed: 4.9h | ETA: 1490m | LR: 0.000284
Epoch 443/3000: 100%|██████████████| 32/32 [00:33<00:00,  1.06s/it, loss=0.1797]
Epoch 443/3000 | Loss: 0.2138 | Best: 0.1561 | 33.8s | Elapsed: 4.9h | ETA: 1490m | LR: 0.000284
Epoch 444/3000: 100%|██████████████| 32/32 [00:33<00:00,  1.05s/it, loss=0.1987]
Epoch 444/3000 | Loss: 0.2199 | Best: 0.1561 | 33.8s | Elapsed: 4.9h | ETA: 1489m | LR: 0.000284
Epoch 445/3000: 100%|██████████████| 32/32 [00:33<00:00,  1.05s/it, loss=0.3329]
Epoch 445/3000 | Loss: 0.2288 | Best: 0.1561 | 33.7s | Elapsed: 4.9h | ETA: 1488m | LR: 0.000284
Epoch 446/3000: 100%|██████████████| 32/32 [00:33<00:00,  1.05s/it, loss=0.2813]
Epoch 446/3000 | Loss: 0.2299 | Best: 0.1561 | 33.8s | Elapsed: 4.9h | ETA: 1488m | LR: 0.000284
Epoch 447/3000: 100%|██████████████| 32/32 [00:33<00:00,  1.06s/it, loss=0.3307]
Epoch 447/3000 | Loss: 0.2147 | Best: 0.1561 | 33.8s | Elapsed: 4.9h | ETA: 1487m | LR: 0.000284
Epoch 448/3000: 100%|██████████████| 32/32 [00:33<00:00,  1.06s/it, loss=0.2791]
Epoch 448/3000 | Loss: 0.2406 | Best: 0.1561 | 33.8s | Elapsed: 4.9h | ETA: 1486m | LR: 0.000284
Epoch 449/3000: 100%|██████████████| 32/32 [00:33<00:00,  1.06s/it, loss=0.2120]
Epoch 449/3000 | Loss: 0.1905 | Best: 0.1561 | 33.8s | Elapsed: 5.0h | ETA: 1485m | LR: 0.000284
Epoch 450/3000: 100%|██████████████| 32/32 [00:33<00:00,  1.06s/it, loss=0.2154]
Epoch 450/3000 | Loss: 0.1991 | Best: 0.1561 | 33.8s | Elapsed: 5.0h | ETA: 1485m | LR: 0.000284
RF Euler Sampling: 100%|████████████████████████| 50/50 [00:37<00:00,  1.33it/s]
RF Euler Sampling: 100%|████████████████████████| 50/50 [00:38<00:00,  1.29it/s]
RF Euler Sampling: 100%|████████████████████████| 50/50 [00:37<00:00,  1.32it/s]
Epoch 451/3000: 100%|██████████████| 32/32 [00:35<00:00,  1.10s/it, loss=0.3118]
Epoch 451/3000 | Loss: 0.2429 | Best: 0.1561 | 35.2s | Elapsed: 5.0h | ETA: 1484m | LR: 0.000284
Epoch 452/3000: 100%|██████████████| 32/32 [00:35<00:00,  1.09s/it, loss=0.1481]
Epoch 452/3000 | Loss: 0.1767 | Best: 0.1561 | 35.0s | Elapsed: 5.0h | ETA: 1484m | LR: 0.000284
Epoch 453/3000: 100%|██████████████| 32/32 [00:34<00:00,  1.09s/it, loss=0.2188]
Epoch 453/3000 | Loss: 0.1700 | Best: 0.1561 | 34.9s | Elapsed: 5.0h | ETA: 1483m | LR: 0.000283
Epoch 454/3000: 100%|██████████████| 32/32 [00:34<00:00,  1.09s/it, loss=0.0766]
Epoch 454/3000 | Loss: 0.1724 | Best: 0.1561 | 34.9s | Elapsed: 5.0h | ETA: 1482m | LR: 0.000283
Epoch 455/3000: 100%|██████████████| 32/32 [00:34<00:00,  1.09s/it, loss=0.2379]
Epoch 455/3000 | Loss: 0.2139 | Best: 0.1561 | 34.8s | Elapsed: 5.0h | ETA: 1482m | LR: 0.000283
Epoch 456/3000: 100%|██████████████| 32/32 [00:34<00:00,  1.09s/it, loss=0.3474]
Epoch 456/3000 | Loss: 0.2095 | Best: 0.1561 | 34.7s | Elapsed: 5.1h | ETA: 1481m | LR: 0.000283
Epoch 457/3000: 100%|██████████████| 32/32 [00:34<00:00,  1.07s/it, loss=0.1207]
Epoch 457/3000 | Loss: 0.2053 | Best: 0.1561 | 34.4s | Elapsed: 5.1h | ETA: 1481m | LR: 0.000283
Epoch 458/3000: 100%|██████████████| 32/32 [00:34<00:00,  1.07s/it, loss=0.0662]
Epoch 458/3000 | Loss: 0.1822 | Best: 0.1561 | 34.2s | Elapsed: 5.1h | ETA: 1480m | LR: 0.000283
Epoch 459/3000: 100%|██████████████| 32/32 [00:34<00:00,  1.06s/it, loss=0.2015]
Epoch 459/3000 | Loss: 0.1785 | Best: 0.1561 | 34.1s | Elapsed: 5.1h | ETA: 1479m | LR: 0.000283
Epoch 460/3000: 100%|██████████████| 32/32 [00:34<00:00,  1.07s/it, loss=0.2915]
Epoch 460/3000 | Loss: 0.2141 | Best: 0.1561 | 34.1s | Elapsed: 5.1h | ETA: 1479m | LR: 0.000283
  💾 Checkpoint saved (overwrite): epoch 460
Epoch 461/3000: 100%|██████████████| 32/32 [00:33<00:00,  1.06s/it, loss=0.1977]
Epoch 461/3000 | Loss: 0.2226 | Best: 0.1561 | 33.9s | Elapsed: 5.1h | ETA: 1478m | LR: 0.000283
Epoch 462/3000: 100%|██████████████| 32/32 [00:33<00:00,  1.06s/it, loss=0.1322]
Epoch 462/3000 | Loss: 0.2304 | Best: 0.1561 | 33.9s | Elapsed: 5.1h | ETA: 1477m | LR: 0.000283
Epoch 463/3000: 100%|██████████████| 32/32 [00:33<00:00,  1.06s/it, loss=0.4446]
Epoch 463/3000 | Loss: 0.2087 | Best: 0.1561 | 33.9s | Elapsed: 5.1h | ETA: 1477m | LR: 0.000283
Epoch 464/3000: 100%|██████████████| 32/32 [00:33<00:00,  1.06s/it, loss=0.3084]
Epoch 464/3000 | Loss: 0.2040 | Best: 0.1561 | 33.8s | Elapsed: 5.1h | ETA: 1476m | LR: 0.000283
Epoch 465/3000: 100%|██████████████| 32/32 [00:33<00:00,  1.05s/it, loss=0.0968]
Epoch 465/3000 | Loss: 0.1604 | Best: 0.1561 | 33.7s | Elapsed: 5.1h | ETA: 1475m | LR: 0.000283
Epoch 466/3000: 100%|██████████████| 32/32 [00:33<00:00,  1.06s/it, loss=0.0838]
Epoch 466/3000 | Loss: 0.2032 | Best: 0.1561 | 33.8s | Elapsed: 5.2h | ETA: 1475m | LR: 0.000282
Epoch 467/3000: 100%|██████████████| 32/32 [00:33<00:00,  1.06s/it, loss=0.2348]
Epoch 467/3000 | Loss: 0.2076 | Best: 0.1561 | 33.8s | Elapsed: 5.2h | ETA: 1474m | LR: 0.000282
Epoch 468/3000: 100%|██████████████| 32/32 [00:33<00:00,  1.06s/it, loss=0.1301]
Epoch 468/3000 | Loss: 0.2135 | Best: 0.1561 | 33.8s | Elapsed: 5.2h | ETA: 1473m | LR: 0.000282
Epoch 469/3000: 100%|██████████████| 32/32 [00:33<00:00,  1.06s/it, loss=0.1458]
Epoch 469/3000 | Loss: 0.2133 | Best: 0.1561 | 33.9s | Elapsed: 5.2h | ETA: 1473m | LR: 0.000282
Epoch 470/3000: 100%|██████████████| 32/32 [00:33<00:00,  1.06s/it, loss=0.3289]
Epoch 470/3000 | Loss: 0.2383 | Best: 0.1561 | 33.8s | Elapsed: 5.2h | ETA: 1472m | LR: 0.000282
Epoch 471/3000: 100%|██████████████| 32/32 [00:33<00:00,  1.06s/it, loss=0.2962]
Epoch 471/3000 | Loss: 0.2347 | Best: 0.1561 | 33.8s | Elapsed: 5.2h | ETA: 1471m | LR: 0.000282
Epoch 472/3000: 100%|██████████████| 32/32 [00:33<00:00,  1.06s/it, loss=0.1900]
Epoch 472/3000 | Loss: 0.1887 | Best: 0.1561 | 33.9s | Elapsed: 5.2h | ETA: 1470m | LR: 0.000282
Epoch 473/3000: 100%|██████████████| 32/32 [00:33<00:00,  1.06s/it, loss=0.3225]
Epoch 473/3000 | Loss: 0.1929 | Best: 0.1561 | 33.8s | Elapsed: 5.2h | ETA: 1470m | LR: 0.000282
Epoch 474/3000: 100%|██████████████| 32/32 [00:33<00:00,  1.06s/it, loss=0.1702]
Epoch 474/3000 | Loss: 0.2276 | Best: 0.1561 | 33.8s | Elapsed: 5.2h | ETA: 1469m | LR: 0.000282
Epoch 475/3000: 100%|██████████████| 32/32 [00:33<00:00,  1.05s/it, loss=0.1683]
Epoch 475/3000 | Loss: 0.1724 | Best: 0.1561 | 33.7s | Elapsed: 5.2h | ETA: 1468m | LR: 0.000282
RF Euler Sampling: 100%|████████████████████████| 50/50 [00:37<00:00,  1.33it/s]
RF Euler Sampling: 100%|████████████████████████| 50/50 [00:38<00:00,  1.30it/s]
RF Euler Sampling: 100%|████████████████████████| 50/50 [00:37<00:00,  1.32it/s]
Epoch 476/3000: 100%|██████████████| 32/32 [00:35<00:00,  1.09s/it, loss=0.2230]
Epoch 476/3000 | Loss: 0.2281 | Best: 0.1561 | 35.0s | Elapsed: 5.3h | ETA: 1468m | LR: 0.000282
Epoch 477/3000: 100%|██████████████| 32/32 [00:34<00:00,  1.09s/it, loss=0.1959]
Epoch 477/3000 | Loss: 0.1933 | Best: 0.1561 | 34.8s | Elapsed: 5.3h | ETA: 1467m | LR: 0.000282
Epoch 478/3000: 100%|██████████████| 32/32 [00:34<00:00,  1.08s/it, loss=0.2903]
Epoch 478/3000 | Loss: 0.2273 | Best: 0.1561 | 34.7s | Elapsed: 5.3h | ETA: 1467m | LR: 0.000282
Epoch 479/3000: 100%|██████████████| 32/32 [00:34<00:00,  1.09s/it, loss=0.2468]
Epoch 479/3000 | Loss: 0.2672 | Best: 0.1561 | 34.8s | Elapsed: 5.3h | ETA: 1466m | LR: 0.000282
Epoch 480/3000: 100%|██████████████| 32/32 [00:34<00:00,  1.09s/it, loss=0.3987]
Epoch 480/3000 | Loss: 0.1979 | Best: 0.1561 | 34.8s | Elapsed: 5.3h | ETA: 1465m | LR: 0.000281
  💾 Checkpoint saved (overwrite): epoch 480
Epoch 481/3000: 100%|██████████████| 32/32 [00:34<00:00,  1.08s/it, loss=0.2269]
Epoch 481/3000 | Loss: 0.2368 | Best: 0.1561 | 34.5s | Elapsed: 5.3h | ETA: 1465m | LR: 0.000281
Epoch 482/3000: 100%|██████████████| 32/32 [00:34<00:00,  1.07s/it, loss=0.1853]
Epoch 482/3000 | Loss: 0.2578 | Best: 0.1561 | 34.3s | Elapsed: 5.3h | ETA: 1464m | LR: 0.000281
Epoch 483/3000: 100%|██████████████| 32/32 [00:34<00:00,  1.07s/it, loss=0.1885]
Epoch 483/3000 | Loss: 0.1954 | Best: 0.1561 | 34.1s | Elapsed: 5.3h | ETA: 1464m | LR: 0.000281
Epoch 484/3000: 100%|██████████████| 32/32 [00:33<00:00,  1.06s/it, loss=0.2909]
Epoch 484/3000 | Loss: 0.2089 | Best: 0.1561 | 34.0s | Elapsed: 5.4h | ETA: 1463m | LR: 0.000281
Epoch 485/3000: 100%|██████████████| 32/32 [00:33<00:00,  1.06s/it, loss=0.1677]
Epoch 485/3000 | Loss: 0.1763 | Best: 0.1561 | 33.8s | Elapsed: 5.4h | ETA: 1462m | LR: 0.000281
Epoch 486/3000: 100%|██████████████| 32/32 [00:33<00:00,  1.06s/it, loss=0.2656]
Epoch 486/3000 | Loss: 0.2328 | Best: 0.1561 | 33.8s | Elapsed: 5.4h | ETA: 1462m | LR: 0.000281
Epoch 487/3000: 100%|██████████████| 32/32 [00:33<00:00,  1.05s/it, loss=0.2459]
Epoch 487/3000 | Loss: 0.2232 | Best: 0.1561 | 33.7s | Elapsed: 5.4h | ETA: 1461m | LR: 0.000281
Epoch 488/3000: 100%|██████████████| 32/32 [00:33<00:00,  1.05s/it, loss=0.1509]
Epoch 488/3000 | Loss: 0.2164 | Best: 0.1561 | 33.7s | Elapsed: 5.4h | ETA: 1460m | LR: 0.000281
Epoch 489/3000: 100%|██████████████| 32/32 [00:33<00:00,  1.05s/it, loss=0.1843]
Epoch 489/3000 | Loss: 0.2109 | Best: 0.1561 | 33.6s | Elapsed: 5.4h | ETA: 1460m | LR: 0.000281
Epoch 490/3000: 100%|██████████████| 32/32 [00:33<00:00,  1.05s/it, loss=0.2042]
Epoch 490/3000 | Loss: 0.2025 | Best: 0.1561 | 33.6s | Elapsed: 5.4h | ETA: 1459m | LR: 0.000281
Epoch 491/3000: 100%|██████████████| 32/32 [00:33<00:00,  1.05s/it, loss=0.0812]
Epoch 491/3000 | Loss: 0.2213 | Best: 0.1561 | 33.5s | Elapsed: 5.4h | ETA: 1458m | LR: 0.000281
Epoch 492/3000: 100%|██████████████| 32/32 [00:33<00:00,  1.05s/it, loss=0.2287]
Epoch 492/3000 | Loss: 0.1857 | Best: 0.1561 | 33.6s | Elapsed: 5.4h | ETA: 1457m | LR: 0.000281
Epoch 493/3000: 100%|██████████████| 32/32 [00:33<00:00,  1.05s/it, loss=0.1588]
Epoch 493/3000 | Loss: 0.2080 | Best: 0.1561 | 33.7s | Elapsed: 5.4h | ETA: 1457m | LR: 0.000280
Epoch 494/3000: 100%|██████████████| 32/32 [00:33<00:00,  1.05s/it, loss=0.2496]
Epoch 494/3000 | Loss: 0.2402 | Best: 0.1561 | 33.5s | Elapsed: 5.4h | ETA: 1456m | LR: 0.000280
Epoch 495/3000: 100%|██████████████| 32/32 [00:33<00:00,  1.05s/it, loss=0.3115]
Epoch 495/3000 | Loss: 0.2473 | Best: 0.1561 | 33.7s | Elapsed: 5.5h | ETA: 1455m | LR: 0.000280
Epoch 496/3000: 100%|██████████████| 32/32 [00:33<00:00,  1.05s/it, loss=0.3723]
Epoch 496/3000 | Loss: 0.2593 | Best: 0.1561 | 33.6s | Elapsed: 5.5h | ETA: 1455m | LR: 0.000280
Epoch 497/3000: 100%|██████████████| 32/32 [00:33<00:00,  1.05s/it, loss=0.1393]
Epoch 497/3000 | Loss: 0.2428 | Best: 0.1561 | 33.7s | Elapsed: 5.5h | ETA: 1454m | LR: 0.000280
Epoch 498/3000: 100%|██████████████| 32/32 [00:33<00:00,  1.05s/it, loss=0.1786]
Epoch 498/3000 | Loss: 0.1837 | Best: 0.1561 | 33.6s | Elapsed: 5.5h | ETA: 1453m | LR: 0.000280
Epoch 499/3000: 100%|██████████████| 32/32 [00:33<00:00,  1.05s/it, loss=0.3208]
Epoch 499/3000 | Loss: 0.1929 | Best: 0.1561 | 33.7s | Elapsed: 5.5h | ETA: 1453m | LR: 0.000280
Epoch 500/3000: 100%|██████████████| 32/32 [00:33<00:00,  1.05s/it, loss=0.2427]
Epoch 500/3000 | Loss: 0.2243 | Best: 0.1561 | 33.7s | Elapsed: 5.5h | ETA: 1452m | LR: 0.000280
  💾 Checkpoint saved (overwrite): epoch 500
RF Euler Sampling: 100%|████████████████████████| 50/50 [00:37<00:00,  1.33it/s]
RF Euler Sampling: 100%|████████████████████████| 50/50 [00:38<00:00,  1.29it/s]
RF Euler Sampling: 100%|████████████████████████| 50/50 [00:37<00:00,  1.32it/s]
Epoch 501/3000: 100%|██████████████| 32/32 [00:35<00:00,  1.10s/it, loss=0.2774]
Epoch 501/3000 | Loss: 0.1990 | Best: 0.1561 | 35.1s | Elapsed: 5.5h | ETA: 1451m | LR: 0.000280
Epoch 502/3000: 100%|██████████████| 32/32 [00:34<00:00,  1.08s/it, loss=0.1455]
Epoch 502/3000 | Loss: 0.2372 | Best: 0.1561 | 34.7s | Elapsed: 5.6h | ETA: 1451m | LR: 0.000280
Epoch 503/3000: 100%|██████████████| 32/32 [00:34<00:00,  1.08s/it, loss=0.2999]
Epoch 503/3000 | Loss: 0.2205 | Best: 0.1561 | 34.7s | Elapsed: 5.6h | ETA: 1450m | LR: 0.000280
Epoch 504/3000: 100%|██████████████| 32/32 [00:35<00:00,  1.09s/it, loss=0.3032]
Epoch 504/3000 | Loss: 0.2318 | Best: 0.1561 | 35.0s | Elapsed: 5.6h | ETA: 1450m | LR: 0.000280
Epoch 505/3000: 100%|██████████████| 32/32 [00:34<00:00,  1.09s/it, loss=0.1522]
Epoch 505/3000 | Loss: 0.1927 | Best: 0.1561 | 34.8s | Elapsed: 5.6h | ETA: 1449m | LR: 0.000280
Epoch 506/3000: 100%|██████████████| 32/32 [00:34<00:00,  1.08s/it, loss=0.3123]
Epoch 506/3000 | Loss: 0.2333 | Best: 0.1561 | 34.5s | Elapsed: 5.6h | ETA: 1448m | LR: 0.000279
Epoch 507/3000: 100%|██████████████| 32/32 [00:34<00:00,  1.07s/it, loss=0.1332]
Epoch 507/3000 | Loss: 0.1915 | Best: 0.1561 | 34.1s | Elapsed: 5.6h | ETA: 1448m | LR: 0.000279
Epoch 508/3000: 100%|██████████████| 32/32 [00:33<00:00,  1.06s/it, loss=0.1099]
Epoch 508/3000 | Loss: 0.2337 | Best: 0.1561 | 33.8s | Elapsed: 5.6h | ETA: 1447m | LR: 0.000279
Epoch 509/3000: 100%|██████████████| 32/32 [00:33<00:00,  1.06s/it, loss=0.2902]
Epoch 509/3000 | Loss: 0.2294 | Best: 0.1561 | 33.8s | Elapsed: 5.6h | ETA: 1447m | LR: 0.000279
Epoch 510/3000: 100%|██████████████| 32/32 [00:33<00:00,  1.06s/it, loss=0.0807]
Epoch 510/3000 | Loss: 0.2006 | Best: 0.1561 | 33.9s | Elapsed: 5.6h | ETA: 1446m | LR: 0.000279
Epoch 511/3000: 100%|██████████████| 32/32 [00:33<00:00,  1.06s/it, loss=0.4010]
Epoch 511/3000 | Loss: 0.1955 | Best: 0.1561 | 33.9s | Elapsed: 5.6h | ETA: 1445m | LR: 0.000279
Epoch 512/3000: 100%|██████████████| 32/32 [00:33<00:00,  1.06s/it, loss=0.0474]
Epoch 512/3000 | Loss: 0.2256 | Best: 0.1561 | 33.8s | Elapsed: 5.7h | ETA: 1445m | LR: 0.000279
Epoch 513/3000: 100%|██████████████| 32/32 [00:33<00:00,  1.06s/it, loss=0.1514]
Epoch 513/3000 | Loss: 0.2183 | Best: 0.1561 | 33.8s | Elapsed: 5.7h | ETA: 1444m | LR: 0.000279
Epoch 514/3000: 100%|██████████████| 32/32 [00:33<00:00,  1.05s/it, loss=0.1619]
Epoch 514/3000 | Loss: 0.2042 | Best: 0.1561 | 33.6s | Elapsed: 5.7h | ETA: 1443m | LR: 0.000279
Epoch 515/3000: 100%|██████████████| 32/32 [00:33<00:00,  1.05s/it, loss=0.3165]
Epoch 515/3000 | Loss: 0.1596 | Best: 0.1561 | 33.6s | Elapsed: 5.7h | ETA: 1443m | LR: 0.000279
Epoch 516/3000: 100%|██████████████| 32/32 [00:33<00:00,  1.05s/it, loss=0.1531]
Epoch 516/3000 | Loss: 0.1974 | Best: 0.1561 | 33.7s | Elapsed: 5.7h | ETA: 1442m | LR: 0.000279
Epoch 517/3000: 100%|██████████████| 32/32 [00:33<00:00,  1.05s/it, loss=0.2231]
Epoch 517/3000 | Loss: 0.2281 | Best: 0.1561 | 33.7s | Elapsed: 5.7h | ETA: 1441m | LR: 0.000279
Epoch 518/3000: 100%|██████████████| 32/32 [00:33<00:00,  1.05s/it, loss=0.1362]
Epoch 518/3000 | Loss: 0.2259 | Best: 0.1561 | 33.7s | Elapsed: 5.7h | ETA: 1440m | LR: 0.000278
Epoch 519/3000: 100%|██████████████| 32/32 [00:33<00:00,  1.05s/it, loss=0.2442]
Epoch 519/3000 | Loss: 0.2386 | Best: 0.1561 | 33.7s | Elapsed: 5.7h | ETA: 1440m | LR: 0.000278
Epoch 520/3000: 100%|██████████████| 32/32 [00:33<00:00,  1.05s/it, loss=0.2520]
Epoch 520/3000 | Loss: 0.1996 | Best: 0.1561 | 33.5s | Elapsed: 5.7h | ETA: 1439m | LR: 0.000278
  💾 Checkpoint saved (overwrite): epoch 520
Epoch 521/3000: 100%|██████████████| 32/32 [00:33<00:00,  1.05s/it, loss=0.1517]
Epoch 521/3000 | Loss: 0.2089 | Best: 0.1561 | 33.6s | Elapsed: 5.7h | ETA: 1438m | LR: 0.000278
Epoch 522/3000: 100%|██████████████| 32/32 [00:33<00:00,  1.05s/it, loss=0.3101]
Epoch 522/3000 | Loss: 0.2168 | Best: 0.1561 | 33.6s | Elapsed: 5.7h | ETA: 1438m | LR: 0.000278
Epoch 523/3000: 100%|██████████████| 32/32 [00:33<00:00,  1.05s/it, loss=0.0747]
Epoch 523/3000 | Loss: 0.1621 | Best: 0.1561 | 33.6s | Elapsed: 5.8h | ETA: 1437m | LR: 0.000278
Epoch 524/3000: 100%|██████████████| 32/32 [00:33<00:00,  1.05s/it, loss=0.3528]
Epoch 524/3000 | Loss: 0.1962 | Best: 0.1561 | 33.6s | Elapsed: 5.8h | ETA: 1436m | LR: 0.000278
Epoch 525/3000: 100%|██████████████| 32/32 [00:33<00:00,  1.05s/it, loss=0.2583]
Epoch 525/3000 | Loss: 0.2002 | Best: 0.1561 | 33.5s | Elapsed: 5.8h | ETA: 1436m | LR: 0.000278
RF Euler Sampling: 100%|████████████████████████| 50/50 [00:37<00:00,  1.33it/s]
RF Euler Sampling: 100%|████████████████████████| 50/50 [00:38<00:00,  1.29it/s]
RF Euler Sampling: 100%|████████████████████████| 50/50 [00:37<00:00,  1.32it/s]
Epoch 526/3000: 100%|██████████████| 32/32 [00:34<00:00,  1.08s/it, loss=0.1864]
Epoch 526/3000 | Loss: 0.2281 | Best: 0.1561 | 34.5s | Elapsed: 5.8h | ETA: 1435m | LR: 0.000278
Epoch 527/3000: 100%|██████████████| 32/32 [00:34<00:00,  1.09s/it, loss=0.1770]
Epoch 527/3000 | Loss: 0.2120 | Best: 0.1561 | 34.8s | Elapsed: 5.8h | ETA: 1435m | LR: 0.000278
Epoch 528/3000: 100%|██████████████| 32/32 [00:34<00:00,  1.08s/it, loss=0.2175]
Epoch 528/3000 | Loss: 0.2240 | Best: 0.1561 | 34.7s | Elapsed: 5.8h | ETA: 1434m | LR: 0.000278
Epoch 529/3000: 100%|██████████████| 32/32 [00:34<00:00,  1.08s/it, loss=0.0959]
Epoch 529/3000 | Loss: 0.2035 | Best: 0.1561 | 34.7s | Elapsed: 5.8h | ETA: 1433m | LR: 0.000278
Epoch 530/3000: 100%|██████████████| 32/32 [00:34<00:00,  1.08s/it, loss=0.1847]
Epoch 530/3000 | Loss: 0.2237 | Best: 0.1561 | 34.6s | Elapsed: 5.9h | ETA: 1433m | LR: 0.000277
Epoch 531/3000: 100%|██████████████| 32/32 [00:34<00:00,  1.07s/it, loss=0.2833]
Epoch 531/3000 | Loss: 0.2183 | Best: 0.1561 | 34.2s | Elapsed: 5.9h | ETA: 1432m | LR: 0.000277
Epoch 532/3000: 100%|██████████████| 32/32 [00:33<00:00,  1.06s/it, loss=0.2479]
Epoch 532/3000 | Loss: 0.1956 | Best: 0.1561 | 33.9s | Elapsed: 5.9h | ETA: 1432m | LR: 0.000277
Epoch 533/3000: 100%|██████████████| 32/32 [00:33<00:00,  1.06s/it, loss=0.1289]
Epoch 533/3000 | Loss: 0.1994 | Best: 0.1561 | 33.9s | Elapsed: 5.9h | ETA: 1431m | LR: 0.000277
Epoch 534/3000: 100%|██████████████| 32/32 [00:33<00:00,  1.06s/it, loss=0.3890]
Epoch 534/3000 | Loss: 0.2197 | Best: 0.1561 | 33.9s | Elapsed: 5.9h | ETA: 1430m | LR: 0.000277
Epoch 535/3000: 100%|██████████████| 32/32 [00:33<00:00,  1.06s/it, loss=0.1135]
Epoch 535/3000 | Loss: 0.1828 | Best: 0.1561 | 33.8s | Elapsed: 5.9h | ETA: 1430m | LR: 0.000277
Epoch 536/3000: 100%|██████████████| 32/32 [00:33<00:00,  1.05s/it, loss=0.4115]
Epoch 536/3000 | Loss: 0.2222 | Best: 0.1561 | 33.7s | Elapsed: 5.9h | ETA: 1429m | LR: 0.000277
Epoch 537/3000: 100%|██████████████| 32/32 [00:33<00:00,  1.05s/it, loss=0.3139]
Epoch 537/3000 | Loss: 0.2479 | Best: 0.1561 | 33.7s | Elapsed: 5.9h | ETA: 1428m | LR: 0.000277
Epoch 538/3000: 100%|██████████████| 32/32 [00:33<00:00,  1.05s/it, loss=0.2546]
Epoch 538/3000 | Loss: 0.1935 | Best: 0.1561 | 33.6s | Elapsed: 5.9h | ETA: 1428m | LR: 0.000277
Epoch 539/3000: 100%|██████████████| 32/32 [00:33<00:00,  1.05s/it, loss=0.1231]
Epoch 539/3000 | Loss: 0.2192 | Best: 0.1561 | 33.6s | Elapsed: 5.9h | ETA: 1427m | LR: 0.000277
Epoch 540/3000: 100%|██████████████| 32/32 [00:33<00:00,  1.05s/it, loss=0.2478]
Epoch 540/3000 | Loss: 0.1959 | Best: 0.1561 | 33.6s | Elapsed: 5.9h | ETA: 1426m | LR: 0.000277
  💾 Checkpoint saved (overwrite): epoch 540
Epoch 541/3000: 100%|██████████████| 32/32 [00:33<00:00,  1.05s/it, loss=0.2153]
Epoch 541/3000 | Loss: 0.2377 | Best: 0.1561 | 33.5s | Elapsed: 6.0h | ETA: 1426m | LR: 0.000277
Epoch 542/3000: 100%|██████████████| 32/32 [00:33<00:00,  1.05s/it, loss=0.0770]
Epoch 542/3000 | Loss: 0.2236 | Best: 0.1561 | 33.6s | Elapsed: 6.0h | ETA: 1425m | LR: 0.000276
Epoch 543/3000: 100%|██████████████| 32/32 [00:33<00:00,  1.05s/it, loss=0.1130]
Epoch 543/3000 | Loss: 0.1858 | Best: 0.1561 | 33.7s | Elapsed: 6.0h | ETA: 1424m | LR: 0.000276
Epoch 544/3000: 100%|██████████████| 32/32 [00:33<00:00,  1.05s/it, loss=0.0552]
Epoch 544/3000 | Loss: 0.2393 | Best: 0.1561 | 33.7s | Elapsed: 6.0h | ETA: 1424m | LR: 0.000276
Epoch 545/3000: 100%|██████████████| 32/32 [00:33<00:00,  1.05s/it, loss=0.3291]
Epoch 545/3000 | Loss: 0.2036 | Best: 0.1561 | 33.7s | Elapsed: 6.0h | ETA: 1423m | LR: 0.000276
Epoch 546/3000: 100%|██████████████| 32/32 [00:33<00:00,  1.05s/it, loss=0.2934]
Epoch 546/3000 | Loss: 0.2127 | Best: 0.1561 | 33.6s | Elapsed: 6.0h | ETA: 1422m | LR: 0.000276
Epoch 547/3000: 100%|██████████████| 32/32 [00:33<00:00,  1.05s/it, loss=0.0959]
Epoch 547/3000 | Loss: 0.2435 | Best: 0.1561 | 33.7s | Elapsed: 6.0h | ETA: 1422m | LR: 0.000276
Epoch 548/3000: 100%|██████████████| 32/32 [00:33<00:00,  1.05s/it, loss=0.1886]
Epoch 548/3000 | Loss: 0.2498 | Best: 0.1561 | 33.7s | Elapsed: 6.0h | ETA: 1421m | LR: 0.000276
Epoch 549/3000: 100%|██████████████| 32/32 [00:33<00:00,  1.06s/it, loss=0.2495]
Epoch 549/3000 | Loss: 0.2097 | Best: 0.1561 | 33.8s | Elapsed: 6.0h | ETA: 1420m | LR: 0.000276
Epoch 550/3000: 100%|██████████████| 32/32 [00:33<00:00,  1.05s/it, loss=0.1069]
Epoch 550/3000 | Loss: 0.1781 | Best: 0.1561 | 33.6s | Elapsed: 6.0h | ETA: 1420m | LR: 0.000276
RF Euler Sampling: 100%|████████████████████████| 50/50 [00:37<00:00,  1.33it/s]
RF Euler Sampling: 100%|████████████████████████| 50/50 [00:38<00:00,  1.29it/s]
RF Euler Sampling: 100%|████████████████████████| 50/50 [00:37<00:00,  1.32it/s]
Epoch 551/3000: 100%|██████████████| 32/32 [00:34<00:00,  1.09s/it, loss=0.2350]
Epoch 551/3000 | Loss: 0.2064 | Best: 0.1561 | 34.7s | Elapsed: 6.1h | ETA: 1419m | LR: 0.000276
Epoch 552/3000: 100%|██████████████| 32/32 [00:34<00:00,  1.09s/it, loss=0.3243]
Epoch 552/3000 | Loss: 0.2132 | Best: 0.1561 | 34.8s | Elapsed: 6.1h | ETA: 1418m | LR: 0.000276
Epoch 553/3000: 100%|██████████████| 32/32 [00:34<00:00,  1.09s/it, loss=0.3304]
Epoch 553/3000 | Loss: 0.2184 | Best: 0.1561 | 34.8s | Elapsed: 6.1h | ETA: 1418m | LR: 0.000276
Epoch 554/3000: 100%|██████████████| 32/32 [00:34<00:00,  1.09s/it, loss=0.2089]
Epoch 554/3000 | Loss: 0.1932 | Best: 0.1561 | 34.8s | Elapsed: 6.1h | ETA: 1417m | LR: 0.000275
Epoch 555/3000: 100%|██████████████| 32/32 [00:34<00:00,  1.08s/it, loss=0.0707]
Epoch 555/3000 | Loss: 0.1756 | Best: 0.1561 | 34.7s | Elapsed: 6.1h | ETA: 1417m | LR: 0.000275
Epoch 556/3000: 100%|██████████████| 32/32 [00:34<00:00,  1.08s/it, loss=0.1773]
Epoch 556/3000 | Loss: 0.2081 | Best: 0.1561 | 34.4s | Elapsed: 6.1h | ETA: 1416m | LR: 0.000275
Epoch 557/3000: 100%|██████████████| 32/32 [00:33<00:00,  1.06s/it, loss=0.2241]
Epoch 557/3000 | Loss: 0.2106 | Best: 0.1561 | 33.9s | Elapsed: 6.1h | ETA: 1415m | LR: 0.000275
Epoch 558/3000: 100%|██████████████| 32/32 [00:34<00:00,  1.06s/it, loss=0.0631]
Epoch 558/3000 | Loss: 0.1875 | Best: 0.1561 | 34.0s | Elapsed: 6.2h | ETA: 1415m | LR: 0.000275
Epoch 559/3000: 100%|██████████████| 32/32 [00:33<00:00,  1.06s/it, loss=0.1942]
Epoch 559/3000 | Loss: 0.1709 | Best: 0.1561 | 33.9s | Elapsed: 6.2h | ETA: 1414m | LR: 0.000275
Epoch 560/3000: 100%|██████████████| 32/32 [00:33<00:00,  1.06s/it, loss=0.1666]
Epoch 560/3000 | Loss: 0.2204 | Best: 0.1561 | 33.9s | Elapsed: 6.2h | ETA: 1414m | LR: 0.000275
  💾 Checkpoint saved (overwrite): epoch 560
Epoch 561/3000: 100%|██████████████| 32/32 [00:33<00:00,  1.06s/it, loss=0.1869]
Epoch 561/3000 | Loss: 0.1993 | Best: 0.1561 | 33.8s | Elapsed: 6.2h | ETA: 1413m | LR: 0.000275
Epoch 562/3000: 100%|██████████████| 32/32 [00:33<00:00,  1.06s/it, loss=0.2461]
Epoch 562/3000 | Loss: 0.1932 | Best: 0.1561 | 33.9s | Elapsed: 6.2h | ETA: 1412m | LR: 0.000275
Epoch 563/3000: 100%|██████████████| 32/32 [00:33<00:00,  1.06s/it, loss=0.0973]
Epoch 563/3000 | Loss: 0.2044 | Best: 0.1561 | 33.8s | Elapsed: 6.2h | ETA: 1412m | LR: 0.000275
Epoch 564/3000: 100%|██████████████| 32/32 [00:33<00:00,  1.05s/it, loss=0.3921]
Epoch 564/3000 | Loss: 0.2221 | Best: 0.1561 | 33.7s | Elapsed: 6.2h | ETA: 1411m | LR: 0.000275
Epoch 565/3000: 100%|██████████████| 32/32 [00:33<00:00,  1.05s/it, loss=0.1549]
Epoch 565/3000 | Loss: 0.1767 | Best: 0.1561 | 33.7s | Elapsed: 6.2h | ETA: 1410m | LR: 0.000275
Epoch 566/3000: 100%|██████████████| 32/32 [00:33<00:00,  1.05s/it, loss=0.1922]
Epoch 566/3000 | Loss: 0.1934 | Best: 0.1561 | 33.8s | Elapsed: 6.2h | ETA: 1410m | LR: 0.000274
Epoch 567/3000: 100%|██████████████| 32/32 [00:33<00:00,  1.06s/it, loss=0.0635]
Epoch 567/3000 | Loss: 0.1856 | Best: 0.1561 | 33.8s | Elapsed: 6.2h | ETA: 1409m | LR: 0.000274
Epoch 568/3000: 100%|██████████████| 32/32 [00:33<00:00,  1.06s/it, loss=0.2575]
Epoch 568/3000 | Loss: 0.1893 | Best: 0.1561 | 33.9s | Elapsed: 6.2h | ETA: 1408m | LR: 0.000274
Epoch 569/3000: 100%|██████████████| 32/32 [00:33<00:00,  1.06s/it, loss=0.0522]
Epoch 569/3000 | Loss: 0.2144 | Best: 0.1561 | 33.8s | Elapsed: 6.3h | ETA: 1408m | LR: 0.000274
Epoch 570/3000: 100%|██████████████| 32/32 [00:33<00:00,  1.05s/it, loss=0.2005]
Epoch 570/3000 | Loss: 0.2065 | Best: 0.1561 | 33.7s | Elapsed: 6.3h | ETA: 1407m | LR: 0.000274
Epoch 571/3000: 100%|██████████████| 32/32 [00:33<00:00,  1.05s/it, loss=0.1367]
Epoch 571/3000 | Loss: 0.2113 | Best: 0.1561 | 33.8s | Elapsed: 6.3h | ETA: 1406m | LR: 0.000274
Epoch 572/3000: 100%|██████████████| 32/32 [00:33<00:00,  1.05s/it, loss=0.2010]
Epoch 572/3000 | Loss: 0.1616 | Best: 0.1561 | 33.8s | Elapsed: 6.3h | ETA: 1406m | LR: 0.000274
Epoch 573/3000: 100%|██████████████| 32/32 [00:33<00:00,  1.06s/it, loss=0.1987]
Epoch 573/3000 | Loss: 0.2237 | Best: 0.1561 | 33.8s | Elapsed: 6.3h | ETA: 1405m | LR: 0.000274
Epoch 574/3000: 100%|██████████████| 32/32 [00:33<00:00,  1.06s/it, loss=0.1502]
Epoch 574/3000 | Loss: 0.2203 | Best: 0.1561 | 33.9s | Elapsed: 6.3h | ETA: 1404m | LR: 0.000274
Epoch 575/3000: 100%|██████████████| 32/32 [00:33<00:00,  1.05s/it, loss=0.1382]
Epoch 575/3000 | Loss: 0.2076 | Best: 0.1561 | 33.7s | Elapsed: 6.3h | ETA: 1404m | LR: 0.000274
RF Euler Sampling: 100%|████████████████████████| 50/50 [00:37<00:00,  1.33it/s]
RF Euler Sampling: 100%|████████████████████████| 50/50 [00:38<00:00,  1.29it/s]
RF Euler Sampling: 100%|████████████████████████| 50/50 [00:37<00:00,  1.32it/s]
Epoch 576/3000: 100%|██████████████| 32/32 [00:34<00:00,  1.08s/it, loss=0.1962]
Epoch 576/3000 | Loss: 0.2492 | Best: 0.1561 | 34.6s | Elapsed: 6.4h | ETA: 1403m | LR: 0.000274
Epoch 577/3000: 100%|██████████████| 32/32 [00:34<00:00,  1.09s/it, loss=0.2326]
Epoch 577/3000 | Loss: 0.2047 | Best: 0.1561 | 34.8s | Elapsed: 6.4h | ETA: 1403m | LR: 0.000273
Epoch 578/3000: 100%|██████████████| 32/32 [00:34<00:00,  1.09s/it, loss=0.2926]
Epoch 578/3000 | Loss: 0.2293 | Best: 0.1561 | 34.9s | Elapsed: 6.4h | ETA: 1402m | LR: 0.000273
Epoch 579/3000: 100%|██████████████| 32/32 [00:34<00:00,  1.09s/it, loss=0.2469]
Epoch 579/3000 | Loss: 0.2193 | Best: 0.1561 | 34.8s | Elapsed: 6.4h | ETA: 1402m | LR: 0.000273
Epoch 580/3000: 100%|██████████████| 32/32 [00:34<00:00,  1.09s/it, loss=0.1061]
Epoch 580/3000 | Loss: 0.1520 | Best: 0.1561 | 34.8s | Elapsed: 6.4h | ETA: 1401m | LR: 0.000273
  ★ Saved best model (loss=0.1520)
  💾 Checkpoint saved (overwrite): epoch 580
Epoch 581/3000: 100%|██████████████| 32/32 [00:33<00:00,  1.06s/it, loss=0.2040]
Epoch 581/3000 | Loss: 0.2328 | Best: 0.1520 | 33.9s | Elapsed: 6.4h | ETA: 1400m | LR: 0.000273
Epoch 582/3000: 100%|██████████████| 32/32 [00:33<00:00,  1.06s/it, loss=0.1849]
Epoch 582/3000 | Loss: 0.1950 | Best: 0.1520 | 33.9s | Elapsed: 6.4h | ETA: 1400m | LR: 0.000273
Epoch 583/3000: 100%|██████████████| 32/32 [00:33<00:00,  1.05s/it, loss=0.1417]
Epoch 583/3000 | Loss: 0.2115 | Best: 0.1520 | 33.6s | Elapsed: 6.4h | ETA: 1399m | LR: 0.000273
Epoch 584/3000: 100%|██████████████| 32/32 [00:33<00:00,  1.05s/it, loss=0.1573]
Epoch 584/3000 | Loss: 0.2096 | Best: 0.1520 | 33.8s | Elapsed: 6.4h | ETA: 1398m | LR: 0.000273
Epoch 585/3000: 100%|██████████████| 32/32 [00:33<00:00,  1.05s/it, loss=0.2200]
Epoch 585/3000 | Loss: 0.2231 | Best: 0.1520 | 33.7s | Elapsed: 6.4h | ETA: 1398m | LR: 0.000273
Epoch 586/3000: 100%|██████████████| 32/32 [00:33<00:00,  1.05s/it, loss=0.2349]
Epoch 586/3000 | Loss: 0.2418 | Best: 0.1520 | 33.7s | Elapsed: 6.5h | ETA: 1397m | LR: 0.000273
Epoch 587/3000: 100%|██████████████| 32/32 [00:33<00:00,  1.05s/it, loss=0.1393]
Epoch 587/3000 | Loss: 0.2072 | Best: 0.1520 | 33.7s | Elapsed: 6.5h | ETA: 1396m | LR: 0.000273
Epoch 588/3000: 100%|██████████████| 32/32 [00:33<00:00,  1.05s/it, loss=0.3032]
Epoch 588/3000 | Loss: 0.2474 | Best: 0.1520 | 33.6s | Elapsed: 6.5h | ETA: 1396m | LR: 0.000272
Epoch 589/3000: 100%|██████████████| 32/32 [00:33<00:00,  1.05s/it, loss=0.0808]
Epoch 589/3000 | Loss: 0.1803 | Best: 0.1520 | 33.5s | Elapsed: 6.5h | ETA: 1395m | LR: 0.000272
Epoch 590/3000: 100%|██████████████| 32/32 [00:33<00:00,  1.05s/it, loss=0.2321]
Epoch 590/3000 | Loss: 0.1720 | Best: 0.1520 | 33.6s | Elapsed: 6.5h | ETA: 1394m | LR: 0.000272
Epoch 591/3000: 100%|██████████████| 32/32 [00:33<00:00,  1.05s/it, loss=0.0668]
Epoch 591/3000 | Loss: 0.1947 | Best: 0.1520 | 33.7s | Elapsed: 6.5h | ETA: 1394m | LR: 0.000272
Epoch 592/3000: 100%|██████████████| 32/32 [00:33<00:00,  1.05s/it, loss=0.2567]
Epoch 592/3000 | Loss: 0.2163 | Best: 0.1520 | 33.7s | Elapsed: 6.5h | ETA: 1393m | LR: 0.000272
Epoch 593/3000: 100%|██████████████| 32/32 [00:33<00:00,  1.05s/it, loss=0.2950]
Epoch 593/3000 | Loss: 0.2352 | Best: 0.1520 | 33.6s | Elapsed: 6.5h | ETA: 1392m | LR: 0.000272
Epoch 594/3000: 100%|██████████████| 32/32 [00:33<00:00,  1.05s/it, loss=0.1283]
Epoch 594/3000 | Loss: 0.2005 | Best: 0.1520 | 33.6s | Elapsed: 6.5h | ETA: 1392m | LR: 0.000272
Epoch 595/3000: 100%|██████████████| 32/32 [00:33<00:00,  1.05s/it, loss=0.2486]
Epoch 595/3000 | Loss: 0.2025 | Best: 0.1520 | 33.7s | Elapsed: 6.5h | ETA: 1391m | LR: 0.000272
Epoch 596/3000: 100%|██████████████| 32/32 [00:33<00:00,  1.06s/it, loss=0.3435]
Epoch 596/3000 | Loss: 0.2821 | Best: 0.1520 | 33.8s | Elapsed: 6.5h | ETA: 1391m | LR: 0.000272
Epoch 597/3000: 100%|██████████████| 32/32 [00:33<00:00,  1.05s/it, loss=0.1944]
Epoch 597/3000 | Loss: 0.2128 | Best: 0.1520 | 33.7s | Elapsed: 6.6h | ETA: 1390m | LR: 0.000272
Epoch 598/3000: 100%|██████████████| 32/32 [00:33<00:00,  1.05s/it, loss=0.2381]
Epoch 598/3000 | Loss: 0.2267 | Best: 0.1520 | 33.7s | Elapsed: 6.6h | ETA: 1389m | LR: 0.000272
Epoch 599/3000: 100%|██████████████| 32/32 [00:33<00:00,  1.05s/it, loss=0.1669]
Epoch 599/3000 | Loss: 0.1949 | Best: 0.1520 | 33.7s | Elapsed: 6.6h | ETA: 1389m | LR: 0.000271
Epoch 600/3000: 100%|██████████████| 32/32 [00:33<00:00,  1.05s/it, loss=0.2493]
Epoch 600/3000 | Loss: 0.2744 | Best: 0.1520 | 33.6s | Elapsed: 6.6h | ETA: 1388m | LR: 0.000271
  💾 Checkpoint saved (overwrite): epoch 600
RF Euler Sampling: 100%|████████████████████████| 50/50 [00:37<00:00,  1.33it/s]
RF Euler Sampling: 100%|████████████████████████| 50/50 [00:38<00:00,  1.30it/s]
RF Euler Sampling: 100%|████████████████████████| 50/50 [00:37<00:00,  1.32it/s]
Epoch 601/3000: 100%|██████████████| 32/32 [00:34<00:00,  1.09s/it, loss=0.2393]
Epoch 601/3000 | Loss: 0.1926 | Best: 0.1520 | 34.8s | Elapsed: 6.6h | ETA: 1387m | LR: 0.000271
Epoch 602/3000: 100%|██████████████| 32/32 [00:34<00:00,  1.08s/it, loss=0.1782]
Epoch 602/3000 | Loss: 0.2091 | Best: 0.1520 | 34.6s | Elapsed: 6.6h | ETA: 1387m | LR: 0.000271
Epoch 603/3000: 100%|██████████████| 32/32 [00:34<00:00,  1.08s/it, loss=0.2751]
Epoch 603/3000 | Loss: 0.2019 | Best: 0.1520 | 34.5s | Elapsed: 6.6h | ETA: 1386m | LR: 0.000271
Epoch 604/3000: 100%|██████████████| 32/32 [00:34<00:00,  1.08s/it, loss=0.3070]
Epoch 604/3000 | Loss: 0.2473 | Best: 0.1520 | 34.6s | Elapsed: 6.7h | ETA: 1386m | LR: 0.000271
Epoch 605/3000: 100%|██████████████| 32/32 [00:34<00:00,  1.08s/it, loss=0.3563]
Epoch 605/3000 | Loss: 0.2042 | Best: 0.1520 | 34.6s | Elapsed: 6.7h | ETA: 1385m | LR: 0.000271
Epoch 606/3000: 100%|██████████████| 32/32 [00:34<00:00,  1.07s/it, loss=0.2664]
Epoch 606/3000 | Loss: 0.2126 | Best: 0.1520 | 34.4s | Elapsed: 6.7h | ETA: 1384m | LR: 0.000271
Epoch 607/3000: 100%|██████████████| 32/32 [00:34<00:00,  1.06s/it, loss=0.1192]
Epoch 607/3000 | Loss: 0.1860 | Best: 0.1520 | 34.0s | Elapsed: 6.7h | ETA: 1384m | LR: 0.000271
Epoch 608/3000: 100%|██████████████| 32/32 [00:33<00:00,  1.06s/it, loss=0.1880]
Epoch 608/3000 | Loss: 0.1925 | Best: 0.1520 | 33.8s | Elapsed: 6.7h | ETA: 1383m | LR: 0.000271
Epoch 609/3000: 100%|██████████████| 32/32 [00:33<00:00,  1.06s/it, loss=0.0724]
Epoch 609/3000 | Loss: 0.1964 | Best: 0.1520 | 33.8s | Elapsed: 6.7h | ETA: 1383m | LR: 0.000271
Epoch 610/3000: 100%|██████████████| 32/32 [00:33<00:00,  1.05s/it, loss=0.2963]
Epoch 610/3000 | Loss: 0.1910 | Best: 0.1520 | 33.7s | Elapsed: 6.7h | ETA: 1382m | LR: 0.000270
Epoch 611/3000: 100%|██████████████| 32/32 [00:33<00:00,  1.05s/it, loss=0.1670]
Epoch 611/3000 | Loss: 0.2588 | Best: 0.1520 | 33.5s | Elapsed: 6.7h | ETA: 1381m | LR: 0.000270
Epoch 612/3000: 100%|██████████████| 32/32 [00:33<00:00,  1.05s/it, loss=0.2241]
Epoch 612/3000 | Loss: 0.1885 | Best: 0.1520 | 33.5s | Elapsed: 6.7h | ETA: 1381m | LR: 0.000270
Epoch 613/3000: 100%|██████████████| 32/32 [00:33<00:00,  1.05s/it, loss=0.2267]
Epoch 613/3000 | Loss: 0.2011 | Best: 0.1520 | 33.5s | Elapsed: 6.7h | ETA: 1380m | LR: 0.000270
Epoch 614/3000: 100%|██████████████| 32/32 [00:33<00:00,  1.05s/it, loss=0.1153]
Epoch 614/3000 | Loss: 0.1553 | Best: 0.1520 | 33.6s | Elapsed: 6.7h | ETA: 1379m | LR: 0.000270
Epoch 615/3000: 100%|██████████████| 32/32 [00:33<00:00,  1.05s/it, loss=0.1209]
Epoch 615/3000 | Loss: 0.2152 | Best: 0.1520 | 33.5s | Elapsed: 6.8h | ETA: 1379m | LR: 0.000270
Epoch 616/3000: 100%|██████████████| 32/32 [00:33<00:00,  1.04s/it, loss=0.3364]
Epoch 616/3000 | Loss: 0.1900 | Best: 0.1520 | 33.4s | Elapsed: 6.8h | ETA: 1378m | LR: 0.000270
Epoch 617/3000: 100%|██████████████| 32/32 [00:33<00:00,  1.05s/it, loss=0.1884]
Epoch 617/3000 | Loss: 0.2069 | Best: 0.1520 | 33.5s | Elapsed: 6.8h | ETA: 1377m | LR: 0.000270
Epoch 618/3000: 100%|██████████████| 32/32 [00:33<00:00,  1.05s/it, loss=0.2432]
Epoch 618/3000 | Loss: 0.2253 | Best: 0.1520 | 33.6s | Elapsed: 6.8h | ETA: 1377m | LR: 0.000270
Epoch 619/3000: 100%|██████████████| 32/32 [00:33<00:00,  1.05s/it, loss=0.1372]
Epoch 619/3000 | Loss: 0.1926 | Best: 0.1520 | 33.5s | Elapsed: 6.8h | ETA: 1376m | LR: 0.000270
Epoch 620/3000: 100%|██████████████| 32/32 [00:33<00:00,  1.05s/it, loss=0.3643]
Epoch 620/3000 | Loss: 0.2117 | Best: 0.1520 | 33.5s | Elapsed: 6.8h | ETA: 1375m | LR: 0.000269
  💾 Checkpoint saved (overwrite): epoch 620
Epoch 621/3000: 100%|██████████████| 32/32 [00:33<00:00,  1.05s/it, loss=0.1492]
Epoch 621/3000 | Loss: 0.2159 | Best: 0.1520 | 33.5s | Elapsed: 6.8h | ETA: 1375m | LR: 0.000269
Epoch 622/3000: 100%|██████████████| 32/32 [00:33<00:00,  1.05s/it, loss=0.3695]
Epoch 622/3000 | Loss: 0.1999 | Best: 0.1520 | 33.7s | Elapsed: 6.8h | ETA: 1374m | LR: 0.000269
Epoch 623/3000: 100%|██████████████| 32/32 [00:33<00:00,  1.05s/it, loss=0.2906]
Epoch 623/3000 | Loss: 0.2205 | Best: 0.1520 | 33.7s | Elapsed: 6.8h | ETA: 1373m | LR: 0.000269
Epoch 624/3000: 100%|██████████████| 32/32 [00:33<00:00,  1.05s/it, loss=0.2353]
Epoch 624/3000 | Loss: 0.2153 | Best: 0.1520 | 33.7s | Elapsed: 6.8h | ETA: 1373m | LR: 0.000269
Epoch 625/3000: 100%|██████████████| 32/32 [00:33<00:00,  1.05s/it, loss=0.1364]
Epoch 625/3000 | Loss: 0.2058 | Best: 0.1520 | 33.6s | Elapsed: 6.9h | ETA: 1372m | LR: 0.000269
RF Euler Sampling: 100%|████████████████████████| 50/50 [00:37<00:00,  1.33it/s]
RF Euler Sampling: 100%|████████████████████████| 50/50 [00:38<00:00,  1.30it/s]
RF Euler Sampling: 100%|████████████████████████| 50/50 [00:37<00:00,  1.32it/s]
Epoch 626/3000: 100%|██████████████| 32/32 [00:34<00:00,  1.08s/it, loss=0.2284]
Epoch 626/3000 | Loss: 0.2033 | Best: 0.1520 | 34.7s | Elapsed: 6.9h | ETA: 1372m | LR: 0.000269
Epoch 627/3000: 100%|██████████████| 32/32 [00:34<00:00,  1.09s/it, loss=0.2138]
Epoch 627/3000 | Loss: 0.2054 | Best: 0.1520 | 34.8s | Elapsed: 6.9h | ETA: 1371m | LR: 0.000269
Epoch 628/3000: 100%|██████████████| 32/32 [00:34<00:00,  1.08s/it, loss=0.1194]
Epoch 628/3000 | Loss: 0.2013 | Best: 0.1520 | 34.6s | Elapsed: 6.9h | ETA: 1370m | LR: 0.000269
Epoch 629/3000: 100%|██████████████| 32/32 [00:34<00:00,  1.08s/it, loss=0.3994]
Epoch 629/3000 | Loss: 0.2314 | Best: 0.1520 | 34.7s | Elapsed: 6.9h | ETA: 1370m | LR: 0.000269
Epoch 630/3000: 100%|██████████████| 32/32 [00:34<00:00,  1.09s/it, loss=0.3068]
Epoch 630/3000 | Loss: 0.2469 | Best: 0.1520 | 34.7s | Elapsed: 6.9h | ETA: 1369m | LR: 0.000269
Epoch 631/3000: 100%|██████████████| 32/32 [00:34<00:00,  1.08s/it, loss=0.1784]
Epoch 631/3000 | Loss: 0.2425 | Best: 0.1520 | 34.6s | Elapsed: 6.9h | ETA: 1369m | LR: 0.000268
Epoch 632/3000: 100%|██████████████| 32/32 [00:34<00:00,  1.07s/it, loss=0.1453]
Epoch 632/3000 | Loss: 0.2369 | Best: 0.1520 | 34.2s | Elapsed: 7.0h | ETA: 1368m | LR: 0.000268
Epoch 633/3000: 100%|██████████████| 32/32 [00:34<00:00,  1.06s/it, loss=0.3700]
Epoch 633/3000 | Loss: 0.1898 | Best: 0.1520 | 34.0s | Elapsed: 7.0h | ETA: 1367m | LR: 0.000268
Epoch 634/3000: 100%|██████████████| 32/32 [00:33<00:00,  1.06s/it, loss=0.2629]
Epoch 634/3000 | Loss: 0.2182 | Best: 0.1520 | 34.0s | Elapsed: 7.0h | ETA: 1367m | LR: 0.000268
Epoch 635/3000: 100%|██████████████| 32/32 [00:33<00:00,  1.06s/it, loss=0.1526]
Epoch 635/3000 | Loss: 0.1926 | Best: 0.1520 | 33.9s | Elapsed: 7.0h | ETA: 1366m | LR: 0.000268
Epoch 636/3000: 100%|██████████████| 32/32 [00:33<00:00,  1.06s/it, loss=0.2189]
Epoch 636/3000 | Loss: 0.2369 | Best: 0.1520 | 33.9s | Elapsed: 7.0h | ETA: 1366m | LR: 0.000268
Epoch 637/3000: 100%|██████████████| 32/32 [00:33<00:00,  1.06s/it, loss=0.2400]
Epoch 637/3000 | Loss: 0.2259 | Best: 0.1520 | 33.8s | Elapsed: 7.0h | ETA: 1365m | LR: 0.000268
Epoch 638/3000: 100%|██████████████| 32/32 [00:33<00:00,  1.06s/it, loss=0.3032]
Epoch 638/3000 | Loss: 0.1780 | Best: 0.1520 | 33.8s | Elapsed: 7.0h | ETA: 1364m | LR: 0.000268
Epoch 639/3000: 100%|██████████████| 32/32 [00:33<00:00,  1.06s/it, loss=0.2609]
Epoch 639/3000 | Loss: 0.2499 | Best: 0.1520 | 33.8s | Elapsed: 7.0h | ETA: 1364m | LR: 0.000268
Epoch 640/3000: 100%|██████████████| 32/32 [00:33<00:00,  1.06s/it, loss=0.1963]
Epoch 640/3000 | Loss: 0.2258 | Best: 0.1520 | 33.8s | Elapsed: 7.0h | ETA: 1363m | LR: 0.000268
  💾 Checkpoint saved (overwrite): epoch 640
Epoch 641/3000: 100%|██████████████| 32/32 [00:33<00:00,  1.05s/it, loss=0.1418]
Epoch 641/3000 | Loss: 0.2099 | Best: 0.1520 | 33.7s | Elapsed: 7.0h | ETA: 1362m | LR: 0.000267
Epoch 642/3000: 100%|██████████████| 32/32 [00:33<00:00,  1.06s/it, loss=0.1882]
Epoch 642/3000 | Loss: 0.2006 | Best: 0.1520 | 33.9s | Elapsed: 7.0h | ETA: 1362m | LR: 0.000267
Epoch 643/3000: 100%|██████████████| 32/32 [00:33<00:00,  1.06s/it, loss=0.2280]
Epoch 643/3000 | Loss: 0.2106 | Best: 0.1520 | 33.8s | Elapsed: 7.1h | ETA: 1361m | LR: 0.000267
Epoch 644/3000: 100%|██████████████| 32/32 [00:33<00:00,  1.05s/it, loss=0.1177]
Epoch 644/3000 | Loss: 0.1919 | Best: 0.1520 | 33.8s | Elapsed: 7.1h | ETA: 1361m | LR: 0.000267
Epoch 645/3000: 100%|██████████████| 32/32 [00:33<00:00,  1.06s/it, loss=0.2087]
Epoch 645/3000 | Loss: 0.2388 | Best: 0.1520 | 33.8s | Elapsed: 7.1h | ETA: 1360m | LR: 0.000267
Epoch 646/3000: 100%|██████████████| 32/32 [00:33<00:00,  1.06s/it, loss=0.3420]
Epoch 646/3000 | Loss: 0.2261 | Best: 0.1520 | 33.8s | Elapsed: 7.1h | ETA: 1359m | LR: 0.000267
Epoch 647/3000: 100%|██████████████| 32/32 [00:33<00:00,  1.06s/it, loss=0.1937]
Epoch 647/3000 | Loss: 0.2338 | Best: 0.1520 | 33.8s | Elapsed: 7.1h | ETA: 1359m | LR: 0.000267
Epoch 648/3000: 100%|██████████████| 32/32 [00:33<00:00,  1.06s/it, loss=0.3205]
Epoch 648/3000 | Loss: 0.1979 | Best: 0.1520 | 33.8s | Elapsed: 7.1h | ETA: 1358m | LR: 0.000267
Epoch 649/3000: 100%|██████████████| 32/32 [00:33<00:00,  1.06s/it, loss=0.2076]
Epoch 649/3000 | Loss: 0.1764 | Best: 0.1520 | 33.8s | Elapsed: 7.1h | ETA: 1357m | LR: 0.000267
Epoch 650/3000: 100%|██████████████| 32/32 [00:33<00:00,  1.06s/it, loss=0.2021]
Epoch 650/3000 | Loss: 0.2457 | Best: 0.1520 | 33.8s | Elapsed: 7.1h | ETA: 1357m | LR: 0.000267
RF Euler Sampling: 100%|████████████████████████| 50/50 [00:37<00:00,  1.33it/s]
RF Euler Sampling: 100%|████████████████████████| 50/50 [00:38<00:00,  1.30it/s]
RF Euler Sampling: 100%|████████████████████████| 50/50 [00:37<00:00,  1.32it/s]
Epoch 651/3000: 100%|██████████████| 32/32 [00:35<00:00,  1.09s/it, loss=0.1096]
Epoch 651/3000 | Loss: 0.2013 | Best: 0.1520 | 35.0s | Elapsed: 7.2h | ETA: 1356m | LR: 0.000266
Epoch 652/3000: 100%|██████████████| 32/32 [00:34<00:00,  1.09s/it, loss=0.2831]
Epoch 652/3000 | Loss: 0.2286 | Best: 0.1520 | 34.9s | Elapsed: 7.2h | ETA: 1356m | LR: 0.000266
Epoch 653/3000: 100%|██████████████| 32/32 [00:34<00:00,  1.08s/it, loss=0.3842]
Epoch 653/3000 | Loss: 0.2351 | Best: 0.1520 | 34.7s | Elapsed: 7.2h | ETA: 1355m | LR: 0.000266
Epoch 654/3000: 100%|██████████████| 32/32 [00:34<00:00,  1.09s/it, loss=0.0909]
Epoch 654/3000 | Loss: 0.1705 | Best: 0.1520 | 34.7s | Elapsed: 7.2h | ETA: 1355m | LR: 0.000266
Epoch 655/3000: 100%|██████████████| 32/32 [00:34<00:00,  1.09s/it, loss=0.1632]
Epoch 655/3000 | Loss: 0.1878 | Best: 0.1520 | 34.8s | Elapsed: 7.2h | ETA: 1354m | LR: 0.000266
Epoch 656/3000: 100%|██████████████| 32/32 [00:34<00:00,  1.09s/it, loss=0.3517]
Epoch 656/3000 | Loss: 0.2208 | Best: 0.1520 | 34.9s | Elapsed: 7.2h | ETA: 1353m | LR: 0.000266
Epoch 657/3000: 100%|██████████████| 32/32 [00:34<00:00,  1.08s/it, loss=0.3322]
Epoch 657/3000 | Loss: 0.2122 | Best: 0.1520 | 34.5s | Elapsed: 7.2h | ETA: 1353m | LR: 0.000266
Epoch 658/3000: 100%|██████████████| 32/32 [00:34<00:00,  1.07s/it, loss=0.1661]
Epoch 658/3000 | Loss: 0.2215 | Best: 0.1520 | 34.2s | Elapsed: 7.2h | ETA: 1352m | LR: 0.000266
Epoch 659/3000: 100%|██████████████| 32/32 [00:34<00:00,  1.07s/it, loss=0.3662]
Epoch 659/3000 | Loss: 0.2252 | Best: 0.1520 | 34.2s | Elapsed: 7.2h | ETA: 1352m | LR: 0.000266
Epoch 660/3000: 100%|██████████████| 32/32 [00:34<00:00,  1.07s/it, loss=0.2375]
Epoch 660/3000 | Loss: 0.2370 | Best: 0.1520 | 34.1s | Elapsed: 7.2h | ETA: 1351m | LR: 0.000266
  💾 Checkpoint saved (overwrite): epoch 660
Epoch 661/3000: 100%|██████████████| 32/32 [00:33<00:00,  1.06s/it, loss=0.0825]
Epoch 661/3000 | Loss: 0.2078 | Best: 0.1520 | 33.9s | Elapsed: 7.3h | ETA: 1350m | LR: 0.000265
Epoch 662/3000: 100%|██████████████| 32/32 [00:33<00:00,  1.06s/it, loss=0.1955]
Epoch 662/3000 | Loss: 0.2072 | Best: 0.1520 | 33.9s | Elapsed: 7.3h | ETA: 1350m | LR: 0.000265
Epoch 663/3000: 100%|██████████████| 32/32 [00:33<00:00,  1.06s/it, loss=0.2046]
Epoch 663/3000 | Loss: 0.2274 | Best: 0.1520 | 33.9s | Elapsed: 7.3h | ETA: 1349m | LR: 0.000265
Epoch 664/3000: 100%|██████████████| 32/32 [00:33<00:00,  1.06s/it, loss=0.1073]
Epoch 664/3000 | Loss: 0.2274 | Best: 0.1520 | 33.8s | Elapsed: 7.3h | ETA: 1349m | LR: 0.000265
Epoch 665/3000: 100%|██████████████| 32/32 [00:33<00:00,  1.06s/it, loss=0.0574]
Epoch 665/3000 | Loss: 0.2030 | Best: 0.1520 | 33.8s | Elapsed: 7.3h | ETA: 1348m | LR: 0.000265
Epoch 666/3000: 100%|██████████████| 32/32 [00:33<00:00,  1.05s/it, loss=0.1754]
Epoch 666/3000 | Loss: 0.2083 | Best: 0.1520 | 33.7s | Elapsed: 7.3h | ETA: 1347m | LR: 0.000265
Epoch 667/3000: 100%|██████████████| 32/32 [00:33<00:00,  1.06s/it, loss=0.1266]
Epoch 667/3000 | Loss: 0.2335 | Best: 0.1520 | 33.9s | Elapsed: 7.3h | ETA: 1347m | LR: 0.000265
Epoch 668/3000: 100%|██████████████| 32/32 [00:33<00:00,  1.06s/it, loss=0.1465]
Epoch 668/3000 | Loss: 0.2285 | Best: 0.1520 | 33.8s | Elapsed: 7.3h | ETA: 1346m | LR: 0.000265
Epoch 669/3000: 100%|██████████████| 32/32 [00:33<00:00,  1.06s/it, loss=0.2306]
Epoch 669/3000 | Loss: 0.2071 | Best: 0.1520 | 33.8s | Elapsed: 7.3h | ETA: 1345m | LR: 0.000265
Epoch 670/3000: 100%|██████████████| 32/32 [00:33<00:00,  1.06s/it, loss=0.0595]
Epoch 670/3000 | Loss: 0.2201 | Best: 0.1520 | 33.8s | Elapsed: 7.3h | ETA: 1345m | LR: 0.000265
Epoch 671/3000: 100%|██████████████| 32/32 [00:33<00:00,  1.06s/it, loss=0.1765]
Epoch 671/3000 | Loss: 0.2205 | Best: 0.1520 | 33.8s | Elapsed: 7.4h | ETA: 1344m | LR: 0.000264
Epoch 672/3000: 100%|██████████████| 32/32 [00:33<00:00,  1.05s/it, loss=0.2973]
Epoch 672/3000 | Loss: 0.2332 | Best: 0.1520 | 33.8s | Elapsed: 7.4h | ETA: 1344m | LR: 0.000264
Epoch 673/3000: 100%|██████████████| 32/32 [00:33<00:00,  1.05s/it, loss=0.1940]
Epoch 673/3000 | Loss: 0.2457 | Best: 0.1520 | 33.7s | Elapsed: 7.4h | ETA: 1343m | LR: 0.000264
Epoch 674/3000: 100%|██████████████| 32/32 [00:33<00:00,  1.06s/it, loss=0.2013]
Epoch 674/3000 | Loss: 0.1951 | Best: 0.1520 | 33.8s | Elapsed: 7.4h | ETA: 1342m | LR: 0.000264
Epoch 675/3000: 100%|██████████████| 32/32 [00:33<00:00,  1.05s/it, loss=0.2565]
Epoch 675/3000 | Loss: 0.2029 | Best: 0.1520 | 33.7s | Elapsed: 7.4h | ETA: 1342m | LR: 0.000264
RF Euler Sampling: 100%|████████████████████████| 50/50 [00:37<00:00,  1.32it/s]
RF Euler Sampling: 100%|████████████████████████| 50/50 [00:38<00:00,  1.30it/s]
RF Euler Sampling: 100%|████████████████████████| 50/50 [00:37<00:00,  1.32it/s]
Epoch 676/3000: 100%|██████████████| 32/32 [00:34<00:00,  1.08s/it, loss=0.2589]
Epoch 676/3000 | Loss: 0.2110 | Best: 0.1520 | 34.7s | Elapsed: 7.4h | ETA: 1341m | LR: 0.000264
Epoch 677/3000: 100%|██████████████| 32/32 [00:34<00:00,  1.09s/it, loss=0.2199]
Epoch 677/3000 | Loss: 0.2033 | Best: 0.1520 | 34.8s | Elapsed: 7.4h | ETA: 1340m | LR: 0.000264
Epoch 678/3000: 100%|██████████████| 32/32 [00:34<00:00,  1.09s/it, loss=0.0850]
Epoch 678/3000 | Loss: 0.2076 | Best: 0.1520 | 34.8s | Elapsed: 7.5h | ETA: 1340m | LR: 0.000264
Epoch 679/3000: 100%|██████████████| 32/32 [00:34<00:00,  1.08s/it, loss=0.2237]
Epoch 679/3000 | Loss: 0.1864 | Best: 0.1520 | 34.7s | Elapsed: 7.5h | ETA: 1339m | LR: 0.000264
Epoch 680/3000: 100%|██████████████| 32/32 [00:34<00:00,  1.08s/it, loss=0.2420]
Epoch 680/3000 | Loss: 0.1972 | Best: 0.1520 | 34.7s | Elapsed: 7.5h | ETA: 1339m | LR: 0.000264
  💾 Checkpoint saved (overwrite): epoch 680
Epoch 681/3000: 100%|██████████████| 32/32 [00:34<00:00,  1.07s/it, loss=0.1369]
Epoch 681/3000 | Loss: 0.2213 | Best: 0.1520 | 34.4s | Elapsed: 7.5h | ETA: 1338m | LR: 0.000263
Epoch 682/3000: 100%|██████████████| 32/32 [00:34<00:00,  1.07s/it, loss=0.1775]
Epoch 682/3000 | Loss: 0.2220 | Best: 0.1520 | 34.2s | Elapsed: 7.5h | ETA: 1338m | LR: 0.000263
Epoch 683/3000: 100%|██████████████| 32/32 [00:33<00:00,  1.06s/it, loss=0.1360]
Epoch 683/3000 | Loss: 0.2259 | Best: 0.1520 | 34.0s | Elapsed: 7.5h | ETA: 1337m | LR: 0.000263
Epoch 684/3000: 100%|██████████████| 32/32 [00:33<00:00,  1.06s/it, loss=0.0625]
Epoch 684/3000 | Loss: 0.1904 | Best: 0.1520 | 33.9s | Elapsed: 7.5h | ETA: 1336m | LR: 0.000263
Epoch 685/3000: 100%|██████████████| 32/32 [00:33<00:00,  1.05s/it, loss=0.2057]
Epoch 685/3000 | Loss: 0.2208 | Best: 0.1520 | 33.7s | Elapsed: 7.5h | ETA: 1336m | LR: 0.000263
Epoch 686/3000: 100%|██████████████| 32/32 [00:33<00:00,  1.05s/it, loss=0.1188]
Epoch 686/3000 | Loss: 0.2033 | Best: 0.1520 | 33.7s | Elapsed: 7.5h | ETA: 1335m | LR: 0.000263
Epoch 687/3000: 100%|██████████████| 32/32 [00:33<00:00,  1.05s/it, loss=0.2305]
Epoch 687/3000 | Loss: 0.1723 | Best: 0.1520 | 33.6s | Elapsed: 7.5h | ETA: 1334m | LR: 0.000263
Epoch 688/3000: 100%|██████████████| 32/32 [00:33<00:00,  1.05s/it, loss=0.0471]
Epoch 688/3000 | Loss: 0.1587 | Best: 0.1520 | 33.5s | Elapsed: 7.5h | ETA: 1334m | LR: 0.000263
Epoch 689/3000: 100%|██████████████| 32/32 [00:33<00:00,  1.05s/it, loss=0.1434]
Epoch 689/3000 | Loss: 0.2091 | Best: 0.1520 | 33.6s | Elapsed: 7.6h | ETA: 1333m | LR: 0.000263
Epoch 690/3000: 100%|██████████████| 32/32 [00:33<00:00,  1.05s/it, loss=0.3124]
Epoch 690/3000 | Loss: 0.2270 | Best: 0.1520 | 33.7s | Elapsed: 7.6h | ETA: 1333m | LR: 0.000263
Epoch 691/3000: 100%|██████████████| 32/32 [00:33<00:00,  1.05s/it, loss=0.1153]
Epoch 691/3000 | Loss: 0.2469 | Best: 0.1520 | 33.6s | Elapsed: 7.6h | ETA: 1332m | LR: 0.000262
Epoch 692/3000: 100%|██████████████| 32/32 [00:33<00:00,  1.05s/it, loss=0.0836]
Epoch 692/3000 | Loss: 0.1953 | Best: 0.1520 | 33.5s | Elapsed: 7.6h | ETA: 1331m | LR: 0.000262
Epoch 693/3000: 100%|██████████████| 32/32 [00:33<00:00,  1.05s/it, loss=0.1177]
Epoch 693/3000 | Loss: 0.2166 | Best: 0.1520 | 33.6s | Elapsed: 7.6h | ETA: 1331m | LR: 0.000262
Epoch 694/3000: 100%|██████████████| 32/32 [00:33<00:00,  1.05s/it, loss=0.3379]
Epoch 694/3000 | Loss: 0.2092 | Best: 0.1520 | 33.7s | Elapsed: 7.6h | ETA: 1330m | LR: 0.000262
Epoch 695/3000: 100%|██████████████| 32/32 [00:33<00:00,  1.05s/it, loss=0.1464]
Epoch 695/3000 | Loss: 0.2045 | Best: 0.1520 | 33.7s | Elapsed: 7.6h | ETA: 1329m | LR: 0.000262
Epoch 696/3000: 100%|██████████████| 32/32 [00:33<00:00,  1.05s/it, loss=0.1778]
Epoch 696/3000 | Loss: 0.1932 | Best: 0.1520 | 33.7s | Elapsed: 7.6h | ETA: 1329m | LR: 0.000262
Epoch 697/3000: 100%|██████████████| 32/32 [00:33<00:00,  1.05s/it, loss=0.3855]
Epoch 697/3000 | Loss: 0.2066 | Best: 0.1520 | 33.5s | Elapsed: 7.6h | ETA: 1328m | LR: 0.000262
Epoch 698/3000: 100%|██████████████| 32/32 [00:33<00:00,  1.05s/it, loss=0.2774]
Epoch 698/3000 | Loss: 0.2356 | Best: 0.1520 | 33.5s | Elapsed: 7.6h | ETA: 1327m | LR: 0.000262
Epoch 699/3000: 100%|██████████████| 32/32 [00:33<00:00,  1.05s/it, loss=0.1728]
Epoch 699/3000 | Loss: 0.1875 | Best: 0.1520 | 33.7s | Elapsed: 7.7h | ETA: 1327m | LR: 0.000262
Epoch 700/3000: 100%|██████████████| 32/32 [00:33<00:00,  1.06s/it, loss=0.3746]
Epoch 700/3000 | Loss: 0.1935 | Best: 0.1520 | 33.8s | Elapsed: 7.7h | ETA: 1326m | LR: 0.000261
  💾 Checkpoint saved (overwrite): epoch 700
RF Euler Sampling: 100%|████████████████████████| 50/50 [00:37<00:00,  1.33it/s]
RF Euler Sampling: 100%|████████████████████████| 50/50 [00:38<00:00,  1.29it/s]
RF Euler Sampling: 100%|████████████████████████| 50/50 [00:37<00:00,  1.32it/s]
Epoch 701/3000: 100%|██████████████| 32/32 [00:34<00:00,  1.09s/it, loss=0.2132]
Epoch 701/3000 | Loss: 0.2000 | Best: 0.1520 | 34.9s | Elapsed: 7.7h | ETA: 1326m | LR: 0.000261
Epoch 702/3000: 100%|██████████████| 32/32 [00:34<00:00,  1.09s/it, loss=0.1909]
Epoch 702/3000 | Loss: 0.2474 | Best: 0.1520 | 34.7s | Elapsed: 7.7h | ETA: 1325m | LR: 0.000261
Epoch 703/3000: 100%|██████████████| 32/32 [00:34<00:00,  1.08s/it, loss=0.1661]
Epoch 703/3000 | Loss: 0.1883 | Best: 0.1520 | 34.6s | Elapsed: 7.7h | ETA: 1325m | LR: 0.000261
Epoch 704/3000: 100%|██████████████| 32/32 [00:34<00:00,  1.08s/it, loss=0.3051]
Epoch 704/3000 | Loss: 0.2019 | Best: 0.1520 | 34.7s | Elapsed: 7.7h | ETA: 1324m | LR: 0.000261
Epoch 705/3000: 100%|██████████████| 32/32 [00:34<00:00,  1.09s/it, loss=0.2197]
Epoch 705/3000 | Loss: 0.2067 | Best: 0.1520 | 34.8s | Elapsed: 7.7h | ETA: 1323m | LR: 0.000261
Epoch 706/3000: 100%|██████████████| 32/32 [00:34<00:00,  1.07s/it, loss=0.1884]
Epoch 706/3000 | Loss: 0.1940 | Best: 0.1520 | 34.2s | Elapsed: 7.8h | ETA: 1323m | LR: 0.000261
Epoch 707/3000: 100%|██████████████| 32/32 [00:33<00:00,  1.06s/it, loss=0.3599]
Epoch 707/3000 | Loss: 0.1969 | Best: 0.1520 | 34.0s | Elapsed: 7.8h | ETA: 1322m | LR: 0.000261
Epoch 708/3000: 100%|██████████████| 32/32 [00:33<00:00,  1.06s/it, loss=0.1209]
Epoch 708/3000 | Loss: 0.2385 | Best: 0.1520 | 33.9s | Elapsed: 7.8h | ETA: 1322m | LR: 0.000261
Epoch 709/3000: 100%|██████████████| 32/32 [00:33<00:00,  1.06s/it, loss=0.2486]
Epoch 709/3000 | Loss: 0.2151 | Best: 0.1520 | 33.8s | Elapsed: 7.8h | ETA: 1321m | LR: 0.000261
Epoch 710/3000: 100%|██████████████| 32/32 [00:33<00:00,  1.06s/it, loss=0.1583]
Epoch 710/3000 | Loss: 0.2104 | Best: 0.1520 | 33.8s | Elapsed: 7.8h | ETA: 1320m | LR: 0.000260
Epoch 711/3000: 100%|██████████████| 32/32 [00:33<00:00,  1.06s/it, loss=0.0953]
Epoch 711/3000 | Loss: 0.2145 | Best: 0.1520 | 33.8s | Elapsed: 7.8h | ETA: 1320m | LR: 0.000260
Epoch 712/3000: 100%|██████████████| 32/32 [00:33<00:00,  1.05s/it, loss=0.1815]
Epoch 712/3000 | Loss: 0.2184 | Best: 0.1520 | 33.6s | Elapsed: 7.8h | ETA: 1319m | LR: 0.000260
Epoch 713/3000: 100%|██████████████| 32/32 [00:33<00:00,  1.05s/it, loss=0.1432]
Epoch 713/3000 | Loss: 0.1995 | Best: 0.1520 | 33.6s | Elapsed: 7.8h | ETA: 1318m | LR: 0.000260
Epoch 714/3000: 100%|██████████████| 32/32 [00:33<00:00,  1.05s/it, loss=0.3240]
Epoch 714/3000 | Loss: 0.2295 | Best: 0.1520 | 33.5s | Elapsed: 7.8h | ETA: 1318m | LR: 0.000260
Epoch 715/3000: 100%|██████████████| 32/32 [00:33<00:00,  1.05s/it, loss=0.2571]
Epoch 715/3000 | Loss: 0.2326 | Best: 0.1520 | 33.5s | Elapsed: 7.8h | ETA: 1317m | LR: 0.000260
Epoch 716/3000: 100%|██████████████| 32/32 [00:33<00:00,  1.05s/it, loss=0.1972]
Epoch 716/3000 | Loss: 0.2229 | Best: 0.1520 | 33.5s | Elapsed: 7.8h | ETA: 1317m | LR: 0.000260
Epoch 717/3000: 100%|██████████████| 32/32 [00:33<00:00,  1.05s/it, loss=0.0796]
Epoch 717/3000 | Loss: 0.1957 | Best: 0.1520 | 33.5s | Elapsed: 7.9h | ETA: 1316m | LR: 0.000260
Epoch 718/3000: 100%|██████████████| 32/32 [00:33<00:00,  1.05s/it, loss=0.1333]
Epoch 718/3000 | Loss: 0.2204 | Best: 0.1520 | 33.5s | Elapsed: 7.9h | ETA: 1315m | LR: 0.000260
Epoch 719/3000: 100%|██████████████| 32/32 [00:33<00:00,  1.05s/it, loss=0.3731]
Epoch 719/3000 | Loss: 0.2086 | Best: 0.1520 | 33.5s | Elapsed: 7.9h | ETA: 1315m | LR: 0.000259
Epoch 720/3000: 100%|██████████████| 32/32 [00:33<00:00,  1.05s/it, loss=0.1301]
Epoch 720/3000 | Loss: 0.2274 | Best: 0.1520 | 33.5s | Elapsed: 7.9h | ETA: 1314m | LR: 0.000259
  💾 Checkpoint saved (overwrite): epoch 720
Epoch 721/3000: 100%|██████████████| 32/32 [00:33<00:00,  1.05s/it, loss=0.1346]
Epoch 721/3000 | Loss: 0.2310 | Best: 0.1520 | 33.5s | Elapsed: 7.9h | ETA: 1313m | LR: 0.000259
Epoch 722/3000: 100%|██████████████| 32/32 [00:33<00:00,  1.05s/it, loss=0.2403]
Epoch 722/3000 | Loss: 0.1825 | Best: 0.1520 | 33.6s | Elapsed: 7.9h | ETA: 1313m | LR: 0.000259
Epoch 723/3000: 100%|██████████████| 32/32 [00:33<00:00,  1.05s/it, loss=0.1259]
Epoch 723/3000 | Loss: 0.2181 | Best: 0.1520 | 33.5s | Elapsed: 7.9h | ETA: 1312m | LR: 0.000259
Epoch 724/3000: 100%|██████████████| 32/32 [00:33<00:00,  1.05s/it, loss=0.2380]
Epoch 724/3000 | Loss: 0.2214 | Best: 0.1520 | 33.5s | Elapsed: 7.9h | ETA: 1312m | LR: 0.000259
Epoch 725/3000: 100%|██████████████| 32/32 [00:33<00:00,  1.05s/it, loss=0.1020]
Epoch 725/3000 | Loss: 0.1648 | Best: 0.1520 | 33.5s | Elapsed: 7.9h | ETA: 1311m | LR: 0.000259
RF Euler Sampling: 100%|████████████████████████| 50/50 [00:37<00:00,  1.33it/s]
RF Euler Sampling: 100%|████████████████████████| 50/50 [00:38<00:00,  1.30it/s]
RF Euler Sampling: 100%|████████████████████████| 50/50 [00:37<00:00,  1.32it/s]
Epoch 726/3000: 100%|██████████████| 32/32 [00:34<00:00,  1.08s/it, loss=0.3720]
Epoch 726/3000 | Loss: 0.1825 | Best: 0.1520 | 34.6s | Elapsed: 8.0h | ETA: 1310m | LR: 0.000259
Epoch 727/3000: 100%|██████████████| 32/32 [00:34<00:00,  1.08s/it, loss=0.0976]
Epoch 727/3000 | Loss: 0.1864 | Best: 0.1520 | 34.7s | Elapsed: 8.0h | ETA: 1310m | LR: 0.000259
Epoch 728/3000: 100%|██████████████| 32/32 [00:34<00:00,  1.08s/it, loss=0.3977]
Epoch 728/3000 | Loss: 0.2185 | Best: 0.1520 | 34.5s | Elapsed: 8.0h | ETA: 1309m | LR: 0.000258
Epoch 729/3000: 100%|██████████████| 32/32 [00:34<00:00,  1.08s/it, loss=0.1619]
Epoch 729/3000 | Loss: 0.2204 | Best: 0.1520 | 34.5s | Elapsed: 8.0h | ETA: 1309m | LR: 0.000258
Epoch 730/3000: 100%|██████████████| 32/32 [00:34<00:00,  1.08s/it, loss=0.1948]
Epoch 730/3000 | Loss: 0.1953 | Best: 0.1520 | 34.4s | Elapsed: 8.0h | ETA: 1308m | LR: 0.000258
Epoch 731/3000: 100%|██████████████| 32/32 [00:34<00:00,  1.07s/it, loss=0.3406]
Epoch 731/3000 | Loss: 0.2065 | Best: 0.1520 | 34.3s | Elapsed: 8.0h | ETA: 1307m | LR: 0.000258
Epoch 732/3000: 100%|██████████████| 32/32 [00:33<00:00,  1.06s/it, loss=0.3706]
Epoch 732/3000 | Loss: 0.1845 | Best: 0.1520 | 34.0s | Elapsed: 8.0h | ETA: 1307m | LR: 0.000258
Epoch 733/3000: 100%|██████████████| 32/32 [00:33<00:00,  1.06s/it, loss=0.2549]
Epoch 733/3000 | Loss: 0.2195 | Best: 0.1520 | 33.8s | Elapsed: 8.0h | ETA: 1306m | LR: 0.000258
Epoch 734/3000: 100%|██████████████| 32/32 [00:33<00:00,  1.06s/it, loss=0.2449]
Epoch 734/3000 | Loss: 0.1772 | Best: 0.1520 | 33.8s | Elapsed: 8.0h | ETA: 1306m | LR: 0.000258
Epoch 735/3000: 100%|██████████████| 32/32 [00:33<00:00,  1.05s/it, loss=0.1731]
Epoch 735/3000 | Loss: 0.2120 | Best: 0.1520 | 33.7s | Elapsed: 8.1h | ETA: 1305m | LR: 0.000258
Epoch 736/3000: 100%|██████████████| 32/32 [00:33<00:00,  1.05s/it, loss=0.2736]
Epoch 736/3000 | Loss: 0.2046 | Best: 0.1520 | 33.6s | Elapsed: 8.1h | ETA: 1304m | LR: 0.000258
Epoch 737/3000: 100%|██████████████| 32/32 [00:33<00:00,  1.05s/it, loss=0.2698]
Epoch 737/3000 | Loss: 0.1889 | Best: 0.1520 | 33.6s | Elapsed: 8.1h | ETA: 1304m | LR: 0.000258
Epoch 738/3000: 100%|██████████████| 32/32 [00:33<00:00,  1.05s/it, loss=0.2280]
Epoch 738/3000 | Loss: 0.1782 | Best: 0.1520 | 33.5s | Elapsed: 8.1h | ETA: 1303m | LR: 0.000257
Epoch 739/3000: 100%|██████████████| 32/32 [00:33<00:00,  1.05s/it, loss=0.2005]
Epoch 739/3000 | Loss: 0.1996 | Best: 0.1520 | 33.5s | Elapsed: 8.1h | ETA: 1302m | LR: 0.000257
Epoch 740/3000: 100%|██████████████| 32/32 [00:33<00:00,  1.05s/it, loss=0.0931]
Epoch 740/3000 | Loss: 0.1856 | Best: 0.1520 | 33.6s | Elapsed: 8.1h | ETA: 1302m | LR: 0.000257
  💾 Checkpoint saved (overwrite): epoch 740
Epoch 741/3000: 100%|██████████████| 32/32 [00:33<00:00,  1.05s/it, loss=0.1837]
Epoch 741/3000 | Loss: 0.2059 | Best: 0.1520 | 33.5s | Elapsed: 8.1h | ETA: 1301m | LR: 0.000257
Epoch 742/3000: 100%|██████████████| 32/32 [00:33<00:00,  1.05s/it, loss=0.3474]
Epoch 742/3000 | Loss: 0.1928 | Best: 0.1520 | 33.6s | Elapsed: 8.1h | ETA: 1301m | LR: 0.000257
Epoch 743/3000: 100%|██████████████| 32/32 [00:33<00:00,  1.05s/it, loss=0.1136]
Epoch 743/3000 | Loss: 0.1849 | Best: 0.1520 | 33.5s | Elapsed: 8.1h | ETA: 1300m | LR: 0.000257
Epoch 744/3000: 100%|██████████████| 32/32 [00:33<00:00,  1.05s/it, loss=0.1367]
Epoch 744/3000 | Loss: 0.2010 | Best: 0.1520 | 33.6s | Elapsed: 8.1h | ETA: 1299m | LR: 0.000257
Epoch 745/3000: 100%|██████████████| 32/32 [00:33<00:00,  1.05s/it, loss=0.1869]
Epoch 745/3000 | Loss: 0.1817 | Best: 0.1520 | 33.7s | Elapsed: 8.2h | ETA: 1299m | LR: 0.000257
Epoch 746/3000: 100%|██████████████| 32/32 [00:33<00:00,  1.05s/it, loss=0.4082]
Epoch 746/3000 | Loss: 0.2256 | Best: 0.1520 | 33.7s | Elapsed: 8.2h | ETA: 1298m | LR: 0.000257
Epoch 747/3000: 100%|██████████████| 32/32 [00:33<00:00,  1.05s/it, loss=0.2081]
Epoch 747/3000 | Loss: 0.2200 | Best: 0.1520 | 33.7s | Elapsed: 8.2h | ETA: 1297m | LR: 0.000256
Epoch 748/3000: 100%|██████████████| 32/32 [00:33<00:00,  1.05s/it, loss=0.1676]
Epoch 748/3000 | Loss: 0.2051 | Best: 0.1520 | 33.5s | Elapsed: 8.2h | ETA: 1297m | LR: 0.000256
Epoch 749/3000: 100%|██████████████| 32/32 [00:33<00:00,  1.05s/it, loss=0.3201]
Epoch 749/3000 | Loss: 0.2188 | Best: 0.1520 | 33.6s | Elapsed: 8.2h | ETA: 1296m | LR: 0.000256
Epoch 750/3000: 100%|██████████████| 32/32 [00:33<00:00,  1.05s/it, loss=0.2435]
Epoch 750/3000 | Loss: 0.2118 | Best: 0.1520 | 33.5s | Elapsed: 8.2h | ETA: 1296m | LR: 0.000256
RF Euler Sampling: 100%|████████████████████████| 50/50 [00:37<00:00,  1.33it/s]
RF Euler Sampling: 100%|████████████████████████| 50/50 [00:38<00:00,  1.29it/s]
RF Euler Sampling: 100%|████████████████████████| 50/50 [00:37<00:00,  1.32it/s]
Epoch 751/3000: 100%|██████████████| 32/32 [00:34<00:00,  1.08s/it, loss=0.2118]
Epoch 751/3000 | Loss: 0.1875 | Best: 0.1520 | 34.7s | Elapsed: 8.2h | ETA: 1295m | LR: 0.000256
Epoch 752/3000: 100%|██████████████| 32/32 [00:34<00:00,  1.08s/it, loss=0.4334]
Epoch 752/3000 | Loss: 0.2161 | Best: 0.1520 | 34.6s | Elapsed: 8.2h | ETA: 1294m | LR: 0.000256
Epoch 753/3000: 100%|██████████████| 32/32 [00:34<00:00,  1.08s/it, loss=0.1628]
Epoch 753/3000 | Loss: 0.2492 | Best: 0.1520 | 34.5s | Elapsed: 8.3h | ETA: 1294m | LR: 0.000256
Epoch 754/3000: 100%|██████████████| 32/32 [00:34<00:00,  1.08s/it, loss=0.3088]
Epoch 754/3000 | Loss: 0.2301 | Best: 0.1520 | 34.5s | Elapsed: 8.3h | ETA: 1293m | LR: 0.000256
Epoch 755/3000: 100%|██████████████| 32/32 [00:34<00:00,  1.08s/it, loss=0.4123]
Epoch 755/3000 | Loss: 0.2113 | Best: 0.1520 | 34.4s | Elapsed: 8.3h | ETA: 1293m | LR: 0.000256
Epoch 756/3000: 100%|██████████████| 32/32 [00:34<00:00,  1.07s/it, loss=0.1851]
Epoch 756/3000 | Loss: 0.1848 | Best: 0.1520 | 34.2s | Elapsed: 8.3h | ETA: 1292m | LR: 0.000255
Epoch 757/3000: 100%|██████████████| 32/32 [00:33<00:00,  1.06s/it, loss=0.1012]
Epoch 757/3000 | Loss: 0.2118 | Best: 0.1520 | 33.8s | Elapsed: 8.3h | ETA: 1291m | LR: 0.000255
Epoch 758/3000: 100%|██████████████| 32/32 [00:33<00:00,  1.06s/it, loss=0.0757]
Epoch 758/3000 | Loss: 0.2205 | Best: 0.1520 | 33.8s | Elapsed: 8.3h | ETA: 1291m | LR: 0.000255
Epoch 759/3000: 100%|██████████████| 32/32 [00:33<00:00,  1.05s/it, loss=0.2920]
Epoch 759/3000 | Loss: 0.2062 | Best: 0.1520 | 33.7s | Elapsed: 8.3h | ETA: 1290m | LR: 0.000255
Epoch 760/3000: 100%|██████████████| 32/32 [00:33<00:00,  1.05s/it, loss=0.2203]
Epoch 760/3000 | Loss: 0.2034 | Best: 0.1520 | 33.6s | Elapsed: 8.3h | ETA: 1290m | LR: 0.000255
  💾 Checkpoint saved (overwrite): epoch 760
Epoch 761/3000: 100%|██████████████| 32/32 [00:33<00:00,  1.04s/it, loss=0.2255]
Epoch 761/3000 | Loss: 0.2053 | Best: 0.1520 | 33.4s | Elapsed: 8.3h | ETA: 1289m | LR: 0.000255
Epoch 762/3000: 100%|██████████████| 32/32 [00:33<00:00,  1.05s/it, loss=0.1513]
Epoch 762/3000 | Loss: 0.2205 | Best: 0.1520 | 33.5s | Elapsed: 8.3h | ETA: 1288m | LR: 0.000255
Epoch 763/3000: 100%|██████████████| 32/32 [00:33<00:00,  1.05s/it, loss=0.1431]
Epoch 763/3000 | Loss: 0.2228 | Best: 0.1520 | 33.6s | Elapsed: 8.4h | ETA: 1288m | LR: 0.000255
Epoch 764/3000: 100%|██████████████| 32/32 [00:33<00:00,  1.05s/it, loss=0.2147]
Epoch 764/3000 | Loss: 0.2305 | Best: 0.1520 | 33.6s | Elapsed: 8.4h | ETA: 1287m | LR: 0.000254
Epoch 765/3000: 100%|██████████████| 32/32 [00:33<00:00,  1.05s/it, loss=0.2296]
Epoch 765/3000 | Loss: 0.2005 | Best: 0.1520 | 33.6s | Elapsed: 8.4h | ETA: 1286m | LR: 0.000254
Epoch 766/3000: 100%|██████████████| 32/32 [00:33<00:00,  1.04s/it, loss=0.3165]
Epoch 766/3000 | Loss: 0.2262 | Best: 0.1520 | 33.2s | Elapsed: 8.4h | ETA: 1286m | LR: 0.000254
Epoch 767/3000: 100%|██████████████| 32/32 [00:33<00:00,  1.04s/it, loss=0.1390]
Epoch 767/3000 | Loss: 0.2177 | Best: 0.1520 | 33.2s | Elapsed: 8.4h | ETA: 1285m | LR: 0.000254
Epoch 768/3000: 100%|██████████████| 32/32 [00:33<00:00,  1.04s/it, loss=0.1907]
Epoch 768/3000 | Loss: 0.2202 | Best: 0.1520 | 33.4s | Elapsed: 8.4h | ETA: 1285m | LR: 0.000254
Epoch 769/3000: 100%|██████████████| 32/32 [00:33<00:00,  1.05s/it, loss=0.2511]
Epoch 769/3000 | Loss: 0.3229 | Best: 0.1520 | 33.6s | Elapsed: 8.4h | ETA: 1284m | LR: 0.000254
Epoch 770/3000: 100%|██████████████| 32/32 [00:33<00:00,  1.04s/it, loss=0.1356]
Epoch 770/3000 | Loss: 0.2272 | Best: 0.1520 | 33.3s | Elapsed: 8.4h | ETA: 1283m | LR: 0.000254
Epoch 771/3000: 100%|██████████████| 32/32 [00:33<00:00,  1.04s/it, loss=0.2956]
Epoch 771/3000 | Loss: 0.2198 | Best: 0.1520 | 33.3s | Elapsed: 8.4h | ETA: 1283m | LR: 0.000254
Epoch 772/3000: 100%|██████████████| 32/32 [00:33<00:00,  1.04s/it, loss=0.1038]
Epoch 772/3000 | Loss: 0.2111 | Best: 0.1520 | 33.4s | Elapsed: 8.4h | ETA: 1282m | LR: 0.000254
Epoch 773/3000: 100%|██████████████| 32/32 [00:33<00:00,  1.05s/it, loss=0.1909]
Epoch 773/3000 | Loss: 0.2275 | Best: 0.1520 | 33.5s | Elapsed: 8.4h | ETA: 1281m | LR: 0.000253
Epoch 774/3000: 100%|██████████████| 32/32 [00:33<00:00,  1.04s/it, loss=0.2418]
Epoch 774/3000 | Loss: 0.2027 | Best: 0.1520 | 33.3s | Elapsed: 8.5h | ETA: 1281m | LR: 0.000253
Epoch 775/3000: 100%|██████████████| 32/32 [00:33<00:00,  1.04s/it, loss=0.1819]
Epoch 775/3000 | Loss: 0.2172 | Best: 0.1520 | 33.2s | Elapsed: 8.5h | ETA: 1280m | LR: 0.000253
RF Euler Sampling: 100%|████████████████████████| 50/50 [00:37<00:00,  1.33it/s]
RF Euler Sampling: 100%|████████████████████████| 50/50 [00:38<00:00,  1.29it/s]
RF Euler Sampling: 100%|████████████████████████| 50/50 [00:37<00:00,  1.32it/s]
Epoch 776/3000: 100%|██████████████| 32/32 [00:34<00:00,  1.08s/it, loss=0.2155]
Epoch 776/3000 | Loss: 0.1931 | Best: 0.1520 | 34.5s | Elapsed: 8.5h | ETA: 1280m | LR: 0.000253
Epoch 777/3000: 100%|██████████████| 32/32 [00:34<00:00,  1.07s/it, loss=0.3492]
Epoch 777/3000 | Loss: 0.2340 | Best: 0.1520 | 34.2s | Elapsed: 8.5h | ETA: 1279m | LR: 0.000253
Epoch 778/3000: 100%|██████████████| 32/32 [00:34<00:00,  1.07s/it, loss=0.1236]
Epoch 778/3000 | Loss: 0.1590 | Best: 0.1520 | 34.1s | Elapsed: 8.5h | ETA: 1278m | LR: 0.000253
Epoch 779/3000: 100%|██████████████| 32/32 [00:34<00:00,  1.07s/it, loss=0.2989]
Epoch 779/3000 | Loss: 0.2415 | Best: 0.1520 | 34.3s | Elapsed: 8.5h | ETA: 1278m | LR: 0.000253
Epoch 780/3000: 100%|██████████████| 32/32 [00:34<00:00,  1.07s/it, loss=0.2313]
Epoch 780/3000 | Loss: 0.1795 | Best: 0.1520 | 34.2s | Elapsed: 8.5h | ETA: 1277m | LR: 0.000253
  💾 Checkpoint saved (overwrite): epoch 780
Epoch 781/3000: 100%|██████████████| 32/32 [00:33<00:00,  1.06s/it, loss=0.2124]
Epoch 781/3000 | Loss: 0.1914 | Best: 0.1520 | 33.9s | Elapsed: 8.6h | ETA: 1277m | LR: 0.000253
Epoch 782/3000: 100%|██████████████| 32/32 [00:33<00:00,  1.06s/it, loss=0.1931]
Epoch 782/3000 | Loss: 0.1756 | Best: 0.1520 | 33.8s | Elapsed: 8.6h | ETA: 1276m | LR: 0.000252
Epoch 783/3000: 100%|██████████████| 32/32 [00:33<00:00,  1.05s/it, loss=0.1540]
Epoch 783/3000 | Loss: 0.2296 | Best: 0.1520 | 33.7s | Elapsed: 8.6h | ETA: 1275m | LR: 0.000252
Epoch 784/3000: 100%|██████████████| 32/32 [00:33<00:00,  1.05s/it, loss=0.4033]
Epoch 784/3000 | Loss: 0.1788 | Best: 0.1520 | 33.5s | Elapsed: 8.6h | ETA: 1275m | LR: 0.000252
Epoch 785/3000: 100%|██████████████| 32/32 [00:33<00:00,  1.04s/it, loss=0.1167]
Epoch 785/3000 | Loss: 0.2170 | Best: 0.1520 | 33.4s | Elapsed: 8.6h | ETA: 1274m | LR: 0.000252
Epoch 786/3000: 100%|██████████████| 32/32 [00:33<00:00,  1.04s/it, loss=0.1943]
Epoch 786/3000 | Loss: 0.1854 | Best: 0.1520 | 33.4s | Elapsed: 8.6h | ETA: 1274m | LR: 0.000252
Epoch 787/3000: 100%|██████████████| 32/32 [00:33<00:00,  1.04s/it, loss=0.2617]
Epoch 787/3000 | Loss: 0.1890 | Best: 0.1520 | 33.4s | Elapsed: 8.6h | ETA: 1273m | LR: 0.000252
Epoch 788/3000: 100%|██████████████| 32/32 [00:33<00:00,  1.05s/it, loss=0.1474]
Epoch 788/3000 | Loss: 0.2475 | Best: 0.1520 | 33.5s | Elapsed: 8.6h | ETA: 1272m | LR: 0.000252
Epoch 789/3000: 100%|██████████████| 32/32 [00:33<00:00,  1.04s/it, loss=0.1146]
Epoch 789/3000 | Loss: 0.2027 | Best: 0.1520 | 33.3s | Elapsed: 8.6h | ETA: 1272m | LR: 0.000252
Epoch 790/3000: 100%|██████████████| 32/32 [00:33<00:00,  1.04s/it, loss=0.1309]
Epoch 790/3000 | Loss: 0.2126 | Best: 0.1520 | 33.3s | Elapsed: 8.6h | ETA: 1271m | LR: 0.000252
Epoch 791/3000: 100%|██████████████| 32/32 [00:33<00:00,  1.04s/it, loss=0.1416]
Epoch 791/3000 | Loss: 0.1962 | Best: 0.1520 | 33.4s | Elapsed: 8.6h | ETA: 1270m | LR: 0.000251
Epoch 792/3000: 100%|██████████████| 32/32 [00:33<00:00,  1.04s/it, loss=0.2134]
Epoch 792/3000 | Loss: 0.2098 | Best: 0.1520 | 33.4s | Elapsed: 8.7h | ETA: 1270m | LR: 0.000251
Epoch 793/3000: 100%|██████████████| 32/32 [00:33<00:00,  1.04s/it, loss=0.4157]
Epoch 793/3000 | Loss: 0.2105 | Best: 0.1520 | 33.4s | Elapsed: 8.7h | ETA: 1269m | LR: 0.000251
Epoch 794/3000: 100%|██████████████| 32/32 [00:33<00:00,  1.04s/it, loss=0.0838]
Epoch 794/3000 | Loss: 0.1808 | Best: 0.1520 | 33.4s | Elapsed: 8.7h | ETA: 1268m | LR: 0.000251
Epoch 795/3000: 100%|██████████████| 32/32 [00:33<00:00,  1.05s/it, loss=0.1306]
Epoch 795/3000 | Loss: 0.2057 | Best: 0.1520 | 33.5s | Elapsed: 8.7h | ETA: 1268m | LR: 0.000251
Epoch 796/3000: 100%|██████████████| 32/32 [00:33<00:00,  1.04s/it, loss=0.1790]
Epoch 796/3000 | Loss: 0.2087 | Best: 0.1520 | 33.4s | Elapsed: 8.7h | ETA: 1267m | LR: 0.000251
Epoch 797/3000: 100%|██████████████| 32/32 [00:33<00:00,  1.04s/it, loss=0.1906]
Epoch 797/3000 | Loss: 0.2075 | Best: 0.1520 | 33.3s | Elapsed: 8.7h | ETA: 1267m | LR: 0.000251
Epoch 798/3000: 100%|██████████████| 32/32 [00:33<00:00,  1.04s/it, loss=0.2032]
Epoch 798/3000 | Loss: 0.2063 | Best: 0.1520 | 33.3s | Elapsed: 8.7h | ETA: 1266m | LR: 0.000251
Epoch 799/3000: 100%|██████████████| 32/32 [00:33<00:00,  1.04s/it, loss=0.0777]
Epoch 799/3000 | Loss: 0.1839 | Best: 0.1520 | 33.3s | Elapsed: 8.7h | ETA: 1265m | LR: 0.000250
Epoch 800/3000: 100%|██████████████| 32/32 [00:33<00:00,  1.04s/it, loss=0.0562]
Epoch 800/3000 | Loss: 0.1862 | Best: 0.1520 | 33.3s | Elapsed: 8.7h | ETA: 1265m | LR: 0.000250
  💾 Checkpoint saved (overwrite): epoch 800
RF Euler Sampling: 100%|████████████████████████| 50/50 [00:37<00:00,  1.33it/s]
RF Euler Sampling: 100%|████████████████████████| 50/50 [00:38<00:00,  1.29it/s]
RF Euler Sampling: 100%|████████████████████████| 50/50 [00:37<00:00,  1.32it/s]
Epoch 801/3000: 100%|██████████████| 32/32 [00:34<00:00,  1.08s/it, loss=0.4673]
Epoch 801/3000 | Loss: 0.1957 | Best: 0.1520 | 34.5s | Elapsed: 8.8h | ETA: 1264m | LR: 0.000250
Epoch 802/3000: 100%|██████████████| 32/32 [00:34<00:00,  1.07s/it, loss=0.1297]
Epoch 802/3000 | Loss: 0.1630 | Best: 0.1520 | 34.2s | Elapsed: 8.8h | ETA: 1264m | LR: 0.000250
Epoch 803/3000: 100%|██████████████| 32/32 [00:34<00:00,  1.07s/it, loss=0.0823]
Epoch 803/3000 | Loss: 0.2211 | Best: 0.1520 | 34.2s | Elapsed: 8.8h | ETA: 1263m | LR: 0.000250
Epoch 804/3000: 100%|██████████████| 32/32 [00:34<00:00,  1.07s/it, loss=0.0787]
Epoch 804/3000 | Loss: 0.1829 | Best: 0.1520 | 34.3s | Elapsed: 8.8h | ETA: 1262m | LR: 0.000250
Epoch 805/3000: 100%|██████████████| 32/32 [00:34<00:00,  1.07s/it, loss=0.1436]
Epoch 805/3000 | Loss: 0.1773 | Best: 0.1520 | 34.4s | Elapsed: 8.8h | ETA: 1262m | LR: 0.000250
Epoch 806/3000: 100%|██████████████| 32/32 [00:33<00:00,  1.06s/it, loss=0.3045]
Epoch 806/3000 | Loss: 0.2053 | Best: 0.1520 | 33.8s | Elapsed: 8.8h | ETA: 1261m | LR: 0.000250
Epoch 807/3000: 100%|██████████████| 32/32 [00:33<00:00,  1.06s/it, loss=0.2239]
Epoch 807/3000 | Loss: 0.1955 | Best: 0.1520 | 33.8s | Elapsed: 8.8h | ETA: 1261m | LR: 0.000250
Epoch 808/3000: 100%|██████████████| 32/32 [00:33<00:00,  1.06s/it, loss=0.1907]
Epoch 808/3000 | Loss: 0.2176 | Best: 0.1520 | 33.8s | Elapsed: 8.8h | ETA: 1260m | LR: 0.000249
Epoch 809/3000: 100%|██████████████| 32/32 [00:33<00:00,  1.05s/it, loss=0.3156]
Epoch 809/3000 | Loss: 0.2039 | Best: 0.1520 | 33.7s | Elapsed: 8.8h | ETA: 1259m | LR: 0.000249
Epoch 810/3000: 100%|██████████████| 32/32 [00:33<00:00,  1.06s/it, loss=0.2816]
Epoch 810/3000 | Loss: 0.2060 | Best: 0.1520 | 33.8s | Elapsed: 8.9h | ETA: 1259m | LR: 0.000249
Epoch 811/3000: 100%|██████████████| 32/32 [00:33<00:00,  1.05s/it, loss=0.2347]
Epoch 811/3000 | Loss: 0.2287 | Best: 0.1520 | 33.6s | Elapsed: 8.9h | ETA: 1258m | LR: 0.000249
Epoch 812/3000: 100%|██████████████| 32/32 [00:33<00:00,  1.05s/it, loss=0.2170]
Epoch 812/3000 | Loss: 0.1869 | Best: 0.1520 | 33.4s | Elapsed: 8.9h | ETA: 1258m | LR: 0.000249
Epoch 813/3000: 100%|██████████████| 32/32 [00:33<00:00,  1.05s/it, loss=0.2884]
Epoch 813/3000 | Loss: 0.2591 | Best: 0.1520 | 33.4s | Elapsed: 8.9h | ETA: 1257m | LR: 0.000249
Epoch 814/3000: 100%|██████████████| 32/32 [00:33<00:00,  1.04s/it, loss=0.2131]
Epoch 814/3000 | Loss: 0.2003 | Best: 0.1520 | 33.4s | Elapsed: 8.9h | ETA: 1256m | LR: 0.000249
Epoch 815/3000: 100%|██████████████| 32/32 [00:33<00:00,  1.04s/it, loss=0.1705]
Epoch 815/3000 | Loss: 0.2297 | Best: 0.1520 | 33.3s | Elapsed: 8.9h | ETA: 1256m | LR: 0.000249
Epoch 816/3000: 100%|██████████████| 32/32 [00:33<00:00,  1.04s/it, loss=0.0729]
Epoch 816/3000 | Loss: 0.1910 | Best: 0.1520 | 33.3s | Elapsed: 8.9h | ETA: 1255m | LR: 0.000248
Epoch 817/3000: 100%|██████████████| 32/32 [00:33<00:00,  1.04s/it, loss=0.2594]
Epoch 817/3000 | Loss: 0.1935 | Best: 0.1520 | 33.3s | Elapsed: 8.9h | ETA: 1254m | LR: 0.000248
Epoch 818/3000: 100%|██████████████| 32/32 [00:33<00:00,  1.04s/it, loss=0.1814]
Epoch 818/3000 | Loss: 0.1795 | Best: 0.1520 | 33.2s | Elapsed: 8.9h | ETA: 1254m | LR: 0.000248
Epoch 819/3000: 100%|██████████████| 32/32 [00:33<00:00,  1.04s/it, loss=0.2176]
Epoch 819/3000 | Loss: 0.1997 | Best: 0.1520 | 33.3s | Elapsed: 8.9h | ETA: 1253m | LR: 0.000248
Epoch 820/3000: 100%|██████████████| 32/32 [00:33<00:00,  1.04s/it, loss=0.2869]
Epoch 820/3000 | Loss: 0.2349 | Best: 0.1520 | 33.2s | Elapsed: 9.0h | ETA: 1253m | LR: 0.000248
  💾 Checkpoint saved (overwrite): epoch 820
Epoch 821/3000: 100%|██████████████| 32/32 [00:33<00:00,  1.04s/it, loss=0.1482]
Epoch 821/3000 | Loss: 0.1987 | Best: 0.1520 | 33.3s | Elapsed: 9.0h | ETA: 1252m | LR: 0.000248
Epoch 822/3000: 100%|██████████████| 32/32 [00:33<00:00,  1.05s/it, loss=0.1502]
Epoch 822/3000 | Loss: 0.2122 | Best: 0.1520 | 33.5s | Elapsed: 9.0h | ETA: 1251m | LR: 0.000248
Epoch 823/3000: 100%|██████████████| 32/32 [00:33<00:00,  1.04s/it, loss=0.2551]
Epoch 823/3000 | Loss: 0.1993 | Best: 0.1520 | 33.4s | Elapsed: 9.0h | ETA: 1251m | LR: 0.000248
Epoch 824/3000: 100%|██████████████| 32/32 [00:33<00:00,  1.04s/it, loss=0.2849]
Epoch 824/3000 | Loss: 0.1869 | Best: 0.1520 | 33.2s | Elapsed: 9.0h | ETA: 1250m | LR: 0.000248
Epoch 825/3000: 100%|██████████████| 32/32 [00:33<00:00,  1.04s/it, loss=0.1846]
Epoch 825/3000 | Loss: 0.1741 | Best: 0.1520 | 33.3s | Elapsed: 9.0h | ETA: 1249m | LR: 0.000247
RF Euler Sampling: 100%|████████████████████████| 50/50 [00:37<00:00,  1.33it/s]
RF Euler Sampling: 100%|████████████████████████| 50/50 [00:38<00:00,  1.30it/s]
RF Euler Sampling: 100%|████████████████████████| 50/50 [00:37<00:00,  1.32it/s]
Epoch 826/3000: 100%|██████████████| 32/32 [00:34<00:00,  1.07s/it, loss=0.1675]
Epoch 826/3000 | Loss: 0.2301 | Best: 0.1520 | 34.2s | Elapsed: 9.0h | ETA: 1249m | LR: 0.000247
Epoch 827/3000: 100%|██████████████| 32/32 [00:34<00:00,  1.08s/it, loss=0.1554]
Epoch 827/3000 | Loss: 0.2075 | Best: 0.1520 | 34.6s | Elapsed: 9.1h | ETA: 1248m | LR: 0.000247
Epoch 828/3000: 100%|██████████████| 32/32 [00:34<00:00,  1.07s/it, loss=0.2650]
Epoch 828/3000 | Loss: 0.2388 | Best: 0.1520 | 34.4s | Elapsed: 9.1h | ETA: 1248m | LR: 0.000247
Epoch 829/3000: 100%|██████████████| 32/32 [00:34<00:00,  1.07s/it, loss=0.3173]
Epoch 829/3000 | Loss: 0.1949 | Best: 0.1520 | 34.4s | Elapsed: 9.1h | ETA: 1247m | LR: 0.000247
Epoch 830/3000: 100%|██████████████| 32/32 [00:34<00:00,  1.08s/it, loss=0.1630]
Epoch 830/3000 | Loss: 0.2323 | Best: 0.1520 | 34.5s | Elapsed: 9.1h | ETA: 1247m | LR: 0.000247
Epoch 831/3000: 100%|██████████████| 32/32 [00:34<00:00,  1.07s/it, loss=0.1697]
Epoch 831/3000 | Loss: 0.2030 | Best: 0.1520 | 34.2s | Elapsed: 9.1h | ETA: 1246m | LR: 0.000247
Epoch 832/3000: 100%|██████████████| 32/32 [00:33<00:00,  1.05s/it, loss=0.3620]
Epoch 832/3000 | Loss: 0.2330 | Best: 0.1520 | 33.8s | Elapsed: 9.1h | ETA: 1245m | LR: 0.000247
Epoch 833/3000: 100%|██████████████| 32/32 [00:33<00:00,  1.05s/it, loss=0.2981]
Epoch 833/3000 | Loss: 0.2110 | Best: 0.1520 | 33.7s | Elapsed: 9.1h | ETA: 1245m | LR: 0.000246
Epoch 834/3000: 100%|██████████████| 32/32 [00:33<00:00,  1.06s/it, loss=0.2239]
Epoch 834/3000 | Loss: 0.1724 | Best: 0.1520 | 33.8s | Elapsed: 9.1h | ETA: 1244m | LR: 0.000246
Epoch 835/3000: 100%|██████████████| 32/32 [00:33<00:00,  1.05s/it, loss=0.0627]
Epoch 835/3000 | Loss: 0.1888 | Best: 0.1520 | 33.5s | Elapsed: 9.1h | ETA: 1244m | LR: 0.000246
Epoch 836/3000: 100%|██████████████| 32/32 [00:33<00:00,  1.04s/it, loss=0.3056]
Epoch 836/3000 | Loss: 0.2333 | Best: 0.1520 | 33.4s | Elapsed: 9.1h | ETA: 1243m | LR: 0.000246
Epoch 837/3000: 100%|██████████████| 32/32 [00:33<00:00,  1.04s/it, loss=0.2056]
Epoch 837/3000 | Loss: 0.1968 | Best: 0.1520 | 33.4s | Elapsed: 9.1h | ETA: 1242m | LR: 0.000246
Epoch 838/3000: 100%|██████████████| 32/32 [00:33<00:00,  1.04s/it, loss=0.1667]
Epoch 838/3000 | Loss: 0.2334 | Best: 0.1520 | 33.3s | Elapsed: 9.2h | ETA: 1242m | LR: 0.000246
Epoch 839/3000: 100%|██████████████| 32/32 [00:33<00:00,  1.04s/it, loss=0.3382]
Epoch 839/3000 | Loss: 0.2101 | Best: 0.1520 | 33.3s | Elapsed: 9.2h | ETA: 1241m | LR: 0.000246
Epoch 840/3000: 100%|██████████████| 32/32 [00:33<00:00,  1.04s/it, loss=0.1513]
Epoch 840/3000 | Loss: 0.2119 | Best: 0.1520 | 33.4s | Elapsed: 9.2h | ETA: 1240m | LR: 0.000246
  💾 Checkpoint saved (overwrite): epoch 840
Epoch 841/3000: 100%|██████████████| 32/32 [00:33<00:00,  1.04s/it, loss=0.0865]
Epoch 841/3000 | Loss: 0.2152 | Best: 0.1520 | 33.3s | Elapsed: 9.2h | ETA: 1240m | LR: 0.000245
Epoch 842/3000: 100%|██████████████| 32/32 [00:33<00:00,  1.04s/it, loss=0.1274]
Epoch 842/3000 | Loss: 0.2306 | Best: 0.1520 | 33.4s | Elapsed: 9.2h | ETA: 1239m | LR: 0.000245
Epoch 843/3000: 100%|██████████████| 32/32 [00:33<00:00,  1.04s/it, loss=0.1400]
Epoch 843/3000 | Loss: 0.2072 | Best: 0.1520 | 33.3s | Elapsed: 9.2h | ETA: 1239m | LR: 0.000245
Epoch 844/3000: 100%|██████████████| 32/32 [00:33<00:00,  1.04s/it, loss=0.1394]
Epoch 844/3000 | Loss: 0.1773 | Best: 0.1520 | 33.3s | Elapsed: 9.2h | ETA: 1238m | LR: 0.000245
Epoch 845/3000: 100%|██████████████| 32/32 [00:33<00:00,  1.04s/it, loss=0.1888]
Epoch 845/3000 | Loss: 0.1951 | Best: 0.1520 | 33.3s | Elapsed: 9.2h | ETA: 1237m | LR: 0.000245
Epoch 846/3000: 100%|██████████████| 32/32 [00:33<00:00,  1.04s/it, loss=0.3401]
Epoch 846/3000 | Loss: 0.2080 | Best: 0.1520 | 33.3s | Elapsed: 9.2h | ETA: 1237m | LR: 0.000245
Epoch 847/3000: 100%|██████████████| 32/32 [00:33<00:00,  1.04s/it, loss=0.0788]
Epoch 847/3000 | Loss: 0.1844 | Best: 0.1520 | 33.3s | Elapsed: 9.2h | ETA: 1236m | LR: 0.000245
Epoch 848/3000: 100%|██████████████| 32/32 [00:33<00:00,  1.04s/it, loss=0.3249]
Epoch 848/3000 | Loss: 0.1905 | Best: 0.1520 | 33.3s | Elapsed: 9.2h | ETA: 1235m | LR: 0.000245
Epoch 849/3000: 100%|██████████████| 32/32 [00:33<00:00,  1.04s/it, loss=0.1187]
Epoch 849/3000 | Loss: 0.1919 | Best: 0.1520 | 33.3s | Elapsed: 9.3h | ETA: 1235m | LR: 0.000245
Epoch 850/3000: 100%|██████████████| 32/32 [00:33<00:00,  1.05s/it, loss=0.0824]
Epoch 850/3000 | Loss: 0.2052 | Best: 0.1520 | 33.4s | Elapsed: 9.3h | ETA: 1234m | LR: 0.000244
RF Euler Sampling: 100%|████████████████████████| 50/50 [00:37<00:00,  1.33it/s]
RF Euler Sampling: 100%|████████████████████████| 50/50 [00:38<00:00,  1.29it/s]
RF Euler Sampling: 100%|████████████████████████| 50/50 [00:37<00:00,  1.32it/s]
Epoch 851/3000: 100%|██████████████| 32/32 [00:34<00:00,  1.07s/it, loss=0.1680]
Epoch 851/3000 | Loss: 0.1945 | Best: 0.1520 | 34.3s | Elapsed: 9.3h | ETA: 1234m | LR: 0.000244
Epoch 852/3000: 100%|██████████████| 32/32 [00:34<00:00,  1.08s/it, loss=0.2338]
Epoch 852/3000 | Loss: 0.2084 | Best: 0.1520 | 34.5s | Elapsed: 9.3h | ETA: 1233m | LR: 0.000244
Epoch 853/3000: 100%|██████████████| 32/32 [00:34<00:00,  1.08s/it, loss=0.2354]
Epoch 853/3000 | Loss: 0.2231 | Best: 0.1520 | 34.5s | Elapsed: 9.3h | ETA: 1232m | LR: 0.000244
Epoch 854/3000: 100%|██████████████| 32/32 [00:34<00:00,  1.07s/it, loss=0.4871]
Epoch 854/3000 | Loss: 0.1830 | Best: 0.1520 | 34.2s | Elapsed: 9.3h | ETA: 1232m | LR: 0.000244
Epoch 855/3000: 100%|██████████████| 32/32 [00:34<00:00,  1.07s/it, loss=0.1974]
Epoch 855/3000 | Loss: 0.2084 | Best: 0.1520 | 34.2s | Elapsed: 9.3h | ETA: 1231m | LR: 0.000244
Epoch 856/3000: 100%|██████████████| 32/32 [00:33<00:00,  1.06s/it, loss=0.3393]
Epoch 856/3000 | Loss: 0.2074 | Best: 0.1520 | 33.8s | Elapsed: 9.4h | ETA: 1231m | LR: 0.000244
Epoch 857/3000: 100%|██████████████| 32/32 [00:33<00:00,  1.05s/it, loss=0.1255]
Epoch 857/3000 | Loss: 0.2153 | Best: 0.1520 | 33.6s | Elapsed: 9.4h | ETA: 1230m | LR: 0.000244
Epoch 858/3000: 100%|██████████████| 32/32 [00:33<00:00,  1.05s/it, loss=0.2869]
Epoch 858/3000 | Loss: 0.2168 | Best: 0.1520 | 33.6s | Elapsed: 9.4h | ETA: 1229m | LR: 0.000243
Epoch 859/3000: 100%|██████████████| 32/32 [00:33<00:00,  1.05s/it, loss=0.2240]
Epoch 859/3000 | Loss: 0.2130 | Best: 0.1520 | 33.5s | Elapsed: 9.4h | ETA: 1229m | LR: 0.000243
Epoch 860/3000: 100%|██████████████| 32/32 [00:33<00:00,  1.04s/it, loss=0.2056]
Epoch 860/3000 | Loss: 0.2220 | Best: 0.1520 | 33.4s | Elapsed: 9.4h | ETA: 1228m | LR: 0.000243
  💾 Checkpoint saved (overwrite): epoch 860
Epoch 861/3000: 100%|██████████████| 32/32 [00:33<00:00,  1.04s/it, loss=0.1461]
Epoch 861/3000 | Loss: 0.1996 | Best: 0.1520 | 33.3s | Elapsed: 9.4h | ETA: 1228m | LR: 0.000243
Epoch 862/3000: 100%|██████████████| 32/32 [00:33<00:00,  1.04s/it, loss=0.1568]
Epoch 862/3000 | Loss: 0.2470 | Best: 0.1520 | 33.4s | Elapsed: 9.4h | ETA: 1227m | LR: 0.000243
Epoch 863/3000: 100%|██████████████| 32/32 [00:33<00:00,  1.04s/it, loss=0.3406]
Epoch 863/3000 | Loss: 0.2334 | Best: 0.1520 | 33.4s | Elapsed: 9.4h | ETA: 1226m | LR: 0.000243
Epoch 864/3000: 100%|██████████████| 32/32 [00:33<00:00,  1.04s/it, loss=0.1501]
Epoch 864/3000 | Loss: 0.2140 | Best: 0.1520 | 33.3s | Elapsed: 9.4h | ETA: 1226m | LR: 0.000243
Epoch 865/3000: 100%|██████████████| 32/32 [00:33<00:00,  1.04s/it, loss=0.2694]
Epoch 865/3000 | Loss: 0.2663 | Best: 0.1520 | 33.3s | Elapsed: 9.4h | ETA: 1225m | LR: 0.000243
Epoch 866/3000: 100%|██████████████| 32/32 [00:33<00:00,  1.05s/it, loss=0.1885]
Epoch 866/3000 | Loss: 0.1963 | Best: 0.1520 | 33.5s | Elapsed: 9.4h | ETA: 1225m | LR: 0.000242
Epoch 867/3000: 100%|██████████████| 32/32 [00:33<00:00,  1.04s/it, loss=0.1293]
Epoch 867/3000 | Loss: 0.1776 | Best: 0.1520 | 33.3s | Elapsed: 9.5h | ETA: 1224m | LR: 0.000242
Epoch 868/3000: 100%|██████████████| 32/32 [00:33<00:00,  1.04s/it, loss=0.2026]
Epoch 868/3000 | Loss: 0.1902 | Best: 0.1520 | 33.2s | Elapsed: 9.5h | ETA: 1223m | LR: 0.000242
Epoch 869/3000: 100%|██████████████| 32/32 [00:33<00:00,  1.04s/it, loss=0.2369]
Epoch 869/3000 | Loss: 0.1992 | Best: 0.1520 | 33.4s | Elapsed: 9.5h | ETA: 1223m | LR: 0.000242
Epoch 870/3000: 100%|██████████████| 32/32 [00:33<00:00,  1.04s/it, loss=0.1952]
Epoch 870/3000 | Loss: 0.2092 | Best: 0.1520 | 33.4s | Elapsed: 9.5h | ETA: 1222m | LR: 0.000242
Epoch 871/3000: 100%|██████████████| 32/32 [00:33<00:00,  1.04s/it, loss=0.2664]
Epoch 871/3000 | Loss: 0.1927 | Best: 0.1520 | 33.3s | Elapsed: 9.5h | ETA: 1221m | LR: 0.000242
Epoch 872/3000: 100%|██████████████| 32/32 [00:33<00:00,  1.04s/it, loss=0.2193]
Epoch 872/3000 | Loss: 0.2124 | Best: 0.1520 | 33.2s | Elapsed: 9.5h | ETA: 1221m | LR: 0.000242

⏰ TIME GUARD: 9.5h elapsed. Stopping.

============================================================
TRAINING COMPLETE
  Stop reason:  time_guard (9.5h)
  Final epoch:  873
  Best loss:    0.1520
  Total time:   9.5h
  Best model:   /kaggle/working/rf_output/best_rf_model.pt
============================================================
