✅ W&B initialized!
Compiling model with torch.compile (this takes ~1-2 min first time)...
✅ Model compiled!
✅ Model wrapped with DDP (2 GPUs)
Total parameters: 18,986,689
Trainable parameters: 18,986,689
Model size: 72.4 MB (fp32 weights)

Starting training for 1000 epochs...
  AMP: torch.float16
  GradScaler: Enabled (FP16)
  Classifier-Free Guidance dropout: 10.0%
  W&B: ✅ Logging
Epoch 1/1000:   0%|                                      | 0/24 [00:00<?, ?it/s][rank0]:W0222 19:09:42.656000 63 torch/_inductor/utils.py:1558] [0/0] Not enough SMs to use max_autotune_gemm mode
/usr/local/lib/python3.12/dist-packages/torch/autograd/graph.py:841: UserWarning: Grad strides do not match bucket view strides. This may indicate grad was not created according to the gradient layout contract, or that the param's strides changed since DDP was constructed.  This is not an error, but may impair performance.
grad.sizes() = [512, 512, 1, 1], strides() = [512, 1, 512, 512]
bucket_view.sizes() = [512, 512, 1, 1], strides() = [512, 1, 1, 1] (Triggered internally at /pytorch/torch/csrc/distributed/c10d/reducer.cpp:334.)
  return Variable._execution_engine.run_backward(  # Calls into the C++ engine to run the backward pass
Epoch 1/1000: 100%|████████████████| 24/24 [02:17<00:00,  5.73s/it, loss=0.1534]
Epoch 1/1000 | Loss: 0.3030 | Best: inf | Time: 137.5s | Elapsed: 0.0h | ETA: 2289m | LR: 0.000200
/usr/local/lib/python3.12/dist-packages/torch/distributed/distributed_c10d.py:4876: UserWarning: barrier(): using the device under current context. You can specify `device_id` in `init_process_group` to mute this warning.
  warnings.warn(  # warn only once
Epoch 2/1000: 100%|████████████████| 24/24 [00:03<00:00,  6.94it/s, loss=0.1217]
Epoch 2/1000 | Loss: 0.1352 | Best: 0.3030 | Time: 3.5s | Elapsed: 0.0h | ETA: 1172m | LR: 0.000200
Epoch 3/1000: 100%|████████████████| 24/24 [00:03<00:00,  6.80it/s, loss=0.0630]
Epoch 3/1000 | Loss: 0.1133 | Best: 0.1352 | Time: 3.5s | Elapsed: 0.0h | ETA: 800m | LR: 0.000200
Epoch 4/1000: 100%|████████████████| 24/24 [00:03<00:00,  6.78it/s, loss=0.0502]
Epoch 4/1000 | Loss: 0.1105 | Best: 0.1133 | Time: 3.5s | Elapsed: 0.0h | ETA: 614m | LR: 0.000200
Epoch 5/1000: 100%|████████████████| 24/24 [00:03<00:00,  6.73it/s, loss=0.0384]
Epoch 5/1000 | Loss: 0.1111 | Best: 0.1105 | Time: 3.6s | Elapsed: 0.0h | ETA: 503m | LR: 0.000200
Epoch 6/1000: 100%|████████████████| 24/24 [00:03<00:00,  6.67it/s, loss=0.0934]
Epoch 6/1000 | Loss: 0.0839 | Best: 0.1105 | Time: 3.6s | Elapsed: 0.0h | ETA: 429m | LR: 0.000200
Epoch 7/1000: 100%|████████████████| 24/24 [00:03<00:00,  6.59it/s, loss=0.0327]
Epoch 7/1000 | Loss: 0.0897 | Best: 0.0839 | Time: 3.6s | Elapsed: 0.0h | ETA: 376m | LR: 0.000200
Epoch 8/1000: 100%|████████████████| 24/24 [00:03<00:00,  6.61it/s, loss=0.0359]
Epoch 8/1000 | Loss: 0.0641 | Best: 0.0839 | Time: 3.6s | Elapsed: 0.0h | ETA: 336m | LR: 0.000200
Epoch 9/1000: 100%|████████████████| 24/24 [00:03<00:00,  6.54it/s, loss=0.0233]
Epoch 9/1000 | Loss: 0.0812 | Best: 0.0641 | Time: 3.7s | Elapsed: 0.0h | ETA: 305m | LR: 0.000200
Epoch 10/1000: 100%|███████████████| 24/24 [00:03<00:00,  6.52it/s, loss=0.1555]
Epoch 10/1000 | Loss: 0.0915 | Best: 0.0641 | Time: 3.7s | Elapsed: 0.1h | ETA: 280m | LR: 0.000200
  Generating samples at epoch 10...
DDIM Sampling: 100%|████████████████████████████| 50/50 [00:02<00:00, 21.37it/s]
DDIM Sampling: 100%|████████████████████████████| 50/50 [00:01<00:00, 26.34it/s]
DDIM Sampling: 100%|████████████████████████████| 50/50 [00:01<00:00, 26.30it/s]
Epoch 11/1000: 100%|███████████████| 24/24 [00:03<00:00,  6.44it/s, loss=0.0323]
Epoch 11/1000 | Loss: 0.0798 | Best: 0.0641 | Time: 3.7s | Elapsed: 0.1h | ETA: 260m | LR: 0.000200
Epoch 12/1000: 100%|███████████████| 24/24 [00:03<00:00,  6.37it/s, loss=0.0884]
Epoch 12/1000 | Loss: 0.0726 | Best: 0.0641 | Time: 3.8s | Elapsed: 0.1h | ETA: 243m | LR: 0.000200
Epoch 13/1000: 100%|███████████████| 24/24 [00:03<00:00,  6.25it/s, loss=0.0328]
Epoch 13/1000 | Loss: 0.0789 | Best: 0.0641 | Time: 3.8s | Elapsed: 0.1h | ETA: 229m | LR: 0.000200
Epoch 14/1000: 100%|███████████████| 24/24 [00:03<00:00,  6.24it/s, loss=0.0816]
Epoch 14/1000 | Loss: 0.0775 | Best: 0.0641 | Time: 3.8s | Elapsed: 0.1h | ETA: 217m | LR: 0.000200
Epoch 15/1000: 100%|███████████████| 24/24 [00:03<00:00,  6.14it/s, loss=0.0214]
Epoch 15/1000 | Loss: 0.0867 | Best: 0.0641 | Time: 3.9s | Elapsed: 0.1h | ETA: 207m | LR: 0.000200
Epoch 16/1000: 100%|███████████████| 24/24 [00:03<00:00,  6.03it/s, loss=0.1636]
Epoch 16/1000 | Loss: 0.0724 | Best: 0.0641 | Time: 4.0s | Elapsed: 0.1h | ETA: 198m | LR: 0.000200
Epoch 17/1000: 100%|███████████████| 24/24 [00:04<00:00,  5.92it/s, loss=0.0548]
Epoch 17/1000 | Loss: 0.0649 | Best: 0.0641 | Time: 4.1s | Elapsed: 0.1h | ETA: 190m | LR: 0.000200
Epoch 18/1000: 100%|███████████████| 24/24 [00:04<00:00,  5.85it/s, loss=0.0169]
Epoch 18/1000 | Loss: 0.0694 | Best: 0.0641 | Time: 4.1s | Elapsed: 0.1h | ETA: 183m | LR: 0.000200
Epoch 19/1000: 100%|███████████████| 24/24 [00:04<00:00,  5.80it/s, loss=0.0841]
Epoch 19/1000 | Loss: 0.0784 | Best: 0.0641 | Time: 4.1s | Elapsed: 0.1h | ETA: 177m | LR: 0.000200
Epoch 20/1000: 100%|███████████████| 24/24 [00:04<00:00,  5.73it/s, loss=0.0683]
Epoch 20/1000 | Loss: 0.0628 | Best: 0.0641 | Time: 4.2s | Elapsed: 0.1h | ETA: 171m | LR: 0.000200
  Generating samples at epoch 20...
DDIM Sampling: 100%|████████████████████████████| 50/50 [00:01<00:00, 25.07it/s]
DDIM Sampling: 100%|████████████████████████████| 50/50 [00:01<00:00, 25.05it/s]
DDIM Sampling: 100%|████████████████████████████| 50/50 [00:01<00:00, 25.03it/s]
Epoch 21/1000: 100%|███████████████| 24/24 [00:04<00:00,  5.77it/s, loss=0.1153]
Epoch 21/1000 | Loss: 0.0751 | Best: 0.0628 | Time: 4.2s | Elapsed: 0.1h | ETA: 166m | LR: 0.000200
Epoch 22/1000: 100%|███████████████| 24/24 [00:04<00:00,  5.87it/s, loss=0.0108]
Epoch 22/1000 | Loss: 0.0653 | Best: 0.0628 | Time: 4.1s | Elapsed: 0.1h | ETA: 161m | LR: 0.000200
Epoch 23/1000: 100%|███████████████| 24/24 [00:04<00:00,  5.90it/s, loss=0.0292]
Epoch 23/1000 | Loss: 0.0650 | Best: 0.0628 | Time: 4.1s | Elapsed: 0.1h | ETA: 157m | LR: 0.000200
Epoch 24/1000: 100%|███████████████| 24/24 [00:04<00:00,  5.94it/s, loss=0.1250]
Epoch 24/1000 | Loss: 0.0745 | Best: 0.0628 | Time: 4.0s | Elapsed: 0.1h | ETA: 153m | LR: 0.000200
Epoch 25/1000: 100%|███████████████| 24/24 [00:04<00:00,  5.94it/s, loss=0.0492]
Epoch 25/1000 | Loss: 0.0855 | Best: 0.0628 | Time: 4.0s | Elapsed: 0.1h | ETA: 149m | LR: 0.000200
Epoch 26/1000: 100%|███████████████| 24/24 [00:03<00:00,  6.04it/s, loss=0.2344]
Epoch 26/1000 | Loss: 0.0697 | Best: 0.0628 | Time: 4.0s | Elapsed: 0.1h | ETA: 146m | LR: 0.000200
Epoch 27/1000: 100%|███████████████| 24/24 [00:03<00:00,  6.07it/s, loss=0.0461]
Epoch 27/1000 | Loss: 0.0632 | Best: 0.0628 | Time: 4.0s | Elapsed: 0.1h | ETA: 143m | LR: 0.000200
Epoch 28/1000: 100%|███████████████| 24/24 [00:03<00:00,  6.07it/s, loss=0.1304]
Epoch 28/1000 | Loss: 0.0670 | Best: 0.0628 | Time: 4.0s | Elapsed: 0.1h | ETA: 140m | LR: 0.000200
Epoch 29/1000: 100%|███████████████| 24/24 [00:03<00:00,  6.08it/s, loss=0.0541]
Epoch 29/1000 | Loss: 0.0531 | Best: 0.0628 | Time: 3.9s | Elapsed: 0.1h | ETA: 137m | LR: 0.000200
Epoch 30/1000: 100%|███████████████| 24/24 [00:03<00:00,  6.12it/s, loss=0.0372]
Epoch 30/1000 | Loss: 0.0547 | Best: 0.0531 | Time: 3.9s | Elapsed: 0.1h | ETA: 134m | LR: 0.000200
  Generating samples at epoch 30...
DDIM Sampling: 100%|████████████████████████████| 50/50 [00:01<00:00, 25.68it/s]
DDIM Sampling: 100%|████████████████████████████| 50/50 [00:01<00:00, 25.73it/s]
DDIM Sampling: 100%|████████████████████████████| 50/50 [00:01<00:00, 25.69it/s]
Epoch 31/1000: 100%|███████████████| 24/24 [00:03<00:00,  6.12it/s, loss=0.0319]
Epoch 31/1000 | Loss: 0.0680 | Best: 0.0531 | Time: 3.9s | Elapsed: 0.1h | ETA: 132m | LR: 0.000200
Epoch 32/1000: 100%|███████████████| 24/24 [00:03<00:00,  6.09it/s, loss=0.1354]
Epoch 32/1000 | Loss: 0.0602 | Best: 0.0531 | Time: 3.9s | Elapsed: 0.1h | ETA: 130m | LR: 0.000199
Epoch 33/1000: 100%|███████████████| 24/24 [00:04<00:00,  5.98it/s, loss=0.0527]
Epoch 33/1000 | Loss: 0.0542 | Best: 0.0531 | Time: 4.0s | Elapsed: 0.1h | ETA: 128m | LR: 0.000199
Epoch 34/1000: 100%|███████████████| 24/24 [00:04<00:00,  5.96it/s, loss=0.0302]
Epoch 34/1000 | Loss: 0.0660 | Best: 0.0531 | Time: 4.0s | Elapsed: 0.1h | ETA: 126m | LR: 0.000199
Epoch 35/1000: 100%|███████████████| 24/24 [00:04<00:00,  5.90it/s, loss=0.0795]
Epoch 35/1000 | Loss: 0.0593 | Best: 0.0531 | Time: 4.1s | Elapsed: 0.1h | ETA: 124m | LR: 0.000199
Epoch 36/1000: 100%|███████████████| 24/24 [00:04<00:00,  5.91it/s, loss=0.0672]
Epoch 36/1000 | Loss: 0.0672 | Best: 0.0531 | Time: 4.1s | Elapsed: 0.1h | ETA: 122m | LR: 0.000199
Epoch 37/1000: 100%|███████████████| 24/24 [00:04<00:00,  5.93it/s, loss=0.1071]
Epoch 37/1000 | Loss: 0.0649 | Best: 0.0531 | Time: 4.1s | Elapsed: 0.1h | ETA: 120m | LR: 0.000199
Epoch 38/1000: 100%|███████████████| 24/24 [00:04<00:00,  5.95it/s, loss=0.0748]
Epoch 38/1000 | Loss: 0.0619 | Best: 0.0531 | Time: 4.0s | Elapsed: 0.1h | ETA: 119m | LR: 0.000199
Epoch 39/1000: 100%|███████████████| 24/24 [00:04<00:00,  5.96it/s, loss=0.0140]
Epoch 39/1000 | Loss: 0.0631 | Best: 0.0531 | Time: 4.0s | Elapsed: 0.1h | ETA: 117m | LR: 0.000199
Epoch 40/1000: 100%|███████████████| 24/24 [00:04<00:00,  5.96it/s, loss=0.1275]
Epoch 40/1000 | Loss: 0.0575 | Best: 0.0531 | Time: 4.0s | Elapsed: 0.1h | ETA: 116m | LR: 0.000199
  Generating samples at epoch 40...
DDIM Sampling: 100%|████████████████████████████| 50/50 [00:01<00:00, 25.37it/s]
DDIM Sampling: 100%|████████████████████████████| 50/50 [00:01<00:00, 25.35it/s]
DDIM Sampling: 100%|████████████████████████████| 50/50 [00:01<00:00, 25.40it/s]
Epoch 41/1000: 100%|███████████████| 24/24 [00:04<00:00,  5.95it/s, loss=0.0424]
Epoch 41/1000 | Loss: 0.0713 | Best: 0.0531 | Time: 4.0s | Elapsed: 0.1h | ETA: 115m | LR: 0.000199
Epoch 42/1000: 100%|███████████████| 24/24 [00:04<00:00,  5.87it/s, loss=0.0455]
Epoch 42/1000 | Loss: 0.0622 | Best: 0.0531 | Time: 4.1s | Elapsed: 0.1h | ETA: 113m | LR: 0.000199
Epoch 43/1000: 100%|███████████████| 24/24 [00:04<00:00,  5.96it/s, loss=0.0142]
Epoch 43/1000 | Loss: 0.0499 | Best: 0.0531 | Time: 4.0s | Elapsed: 0.1h | ETA: 112m | LR: 0.000199
Epoch 44/1000: 100%|███████████████| 24/24 [00:04<00:00,  5.97it/s, loss=0.0148]
Epoch 44/1000 | Loss: 0.0490 | Best: 0.0499 | Time: 4.0s | Elapsed: 0.1h | ETA: 111m | LR: 0.000199
Epoch 45/1000: 100%|███████████████| 24/24 [00:04<00:00,  5.98it/s, loss=0.0324]
Epoch 45/1000 | Loss: 0.0619 | Best: 0.0490 | Time: 4.0s | Elapsed: 0.1h | ETA: 110m | LR: 0.000199
Epoch 46/1000: 100%|███████████████| 24/24 [00:04<00:00,  6.00it/s, loss=0.0429]
Epoch 46/1000 | Loss: 0.0600 | Best: 0.0490 | Time: 4.0s | Elapsed: 0.1h | ETA: 109m | LR: 0.000199
Epoch 47/1000: 100%|███████████████| 24/24 [00:04<00:00,  5.99it/s, loss=0.0394]
Epoch 47/1000 | Loss: 0.0512 | Best: 0.0490 | Time: 4.0s | Elapsed: 0.1h | ETA: 107m | LR: 0.000199
Epoch 48/1000: 100%|███████████████| 24/24 [00:03<00:00,  6.02it/s, loss=0.0356]
Epoch 48/1000 | Loss: 0.0537 | Best: 0.0490 | Time: 4.0s | Elapsed: 0.1h | ETA: 106m | LR: 0.000199
Epoch 49/1000: 100%|███████████████| 24/24 [00:04<00:00,  5.94it/s, loss=0.0318]
Epoch 49/1000 | Loss: 0.0542 | Best: 0.0490 | Time: 4.0s | Elapsed: 0.1h | ETA: 105m | LR: 0.000199
Epoch 50/1000: 100%|███████████████| 24/24 [00:03<00:00,  6.02it/s, loss=0.0557]
Epoch 50/1000 | Loss: 0.0584 | Best: 0.0490 | Time: 4.0s | Elapsed: 0.1h | ETA: 104m | LR: 0.000199
  Generating samples at epoch 50...
DDIM Sampling: 100%|████████████████████████████| 50/50 [00:01<00:00, 25.56it/s]
DDIM Sampling: 100%|████████████████████████████| 50/50 [00:01<00:00, 25.49it/s]
DDIM Sampling: 100%|████████████████████████████| 50/50 [00:01<00:00, 25.55it/s]
Epoch 51/1000: 100%|███████████████| 24/24 [00:03<00:00,  6.06it/s, loss=0.0165]
Epoch 51/1000 | Loss: 0.0535 | Best: 0.0490 | Time: 4.0s | Elapsed: 0.1h | ETA: 104m | LR: 0.000199
Epoch 52/1000: 100%|███████████████| 24/24 [00:04<00:00,  5.99it/s, loss=0.0141]
Epoch 52/1000 | Loss: 0.0633 | Best: 0.0490 | Time: 4.0s | Elapsed: 0.1h | ETA: 103m | LR: 0.000199
Epoch 53/1000: 100%|███████████████| 24/24 [00:04<00:00,  5.98it/s, loss=0.0947]
Epoch 53/1000 | Loss: 0.0627 | Best: 0.0490 | Time: 4.0s | Elapsed: 0.1h | ETA: 102m | LR: 0.000199
Epoch 54/1000: 100%|███████████████| 24/24 [00:04<00:00,  5.94it/s, loss=0.0591]
Epoch 54/1000 | Loss: 0.0546 | Best: 0.0490 | Time: 4.0s | Elapsed: 0.1h | ETA: 101m | LR: 0.000199
Epoch 55/1000: 100%|███████████████| 24/24 [00:04<00:00,  5.92it/s, loss=0.0144]
Epoch 55/1000 | Loss: 0.0515 | Best: 0.0490 | Time: 4.1s | Elapsed: 0.1h | ETA: 100m | LR: 0.000199
Epoch 56/1000: 100%|███████████████| 24/24 [00:04<00:00,  5.86it/s, loss=0.0328]
Epoch 56/1000 | Loss: 0.0648 | Best: 0.0490 | Time: 4.1s | Elapsed: 0.1h | ETA: 99m | LR: 0.000198
Epoch 57/1000: 100%|███████████████| 24/24 [00:04<00:00,  5.90it/s, loss=0.0540]
Epoch 57/1000 | Loss: 0.0623 | Best: 0.0490 | Time: 4.1s | Elapsed: 0.1h | ETA: 99m | LR: 0.000198
Epoch 58/1000: 100%|███████████████| 24/24 [00:04<00:00,  5.95it/s, loss=0.0166]
Epoch 58/1000 | Loss: 0.0552 | Best: 0.0490 | Time: 4.0s | Elapsed: 0.1h | ETA: 98m | LR: 0.000198
Epoch 59/1000: 100%|███████████████| 24/24 [00:04<00:00,  5.87it/s, loss=0.0542]
Epoch 59/1000 | Loss: 0.0664 | Best: 0.0490 | Time: 4.1s | Elapsed: 0.1h | ETA: 97m | LR: 0.000198
Epoch 60/1000: 100%|███████████████| 24/24 [00:04<00:00,  5.90it/s, loss=0.0603]
Epoch 60/1000 | Loss: 0.0595 | Best: 0.0490 | Time: 4.1s | Elapsed: 0.1h | ETA: 97m | LR: 0.000198
  Generating samples at epoch 60...
DDIM Sampling: 100%|████████████████████████████| 50/50 [00:01<00:00, 25.44it/s]
DDIM Sampling: 100%|████████████████████████████| 50/50 [00:01<00:00, 25.46it/s]
DDIM Sampling: 100%|████████████████████████████| 50/50 [00:01<00:00, 25.49it/s]
Epoch 61/1000: 100%|███████████████| 24/24 [00:03<00:00,  6.04it/s, loss=0.1143]
Epoch 61/1000 | Loss: 0.0567 | Best: 0.0490 | Time: 4.0s | Elapsed: 0.1h | ETA: 96m | LR: 0.000198
Epoch 62/1000: 100%|███████████████| 24/24 [00:03<00:00,  6.06it/s, loss=0.0672]
Epoch 62/1000 | Loss: 0.0421 | Best: 0.0490 | Time: 4.0s | Elapsed: 0.1h | ETA: 95m | LR: 0.000198
Epoch 63/1000: 100%|███████████████| 24/24 [00:03<00:00,  6.01it/s, loss=0.0197]
Epoch 63/1000 | Loss: 0.0635 | Best: 0.0421 | Time: 4.0s | Elapsed: 0.1h | ETA: 95m | LR: 0.000198
Epoch 64/1000: 100%|███████████████| 24/24 [00:04<00:00,  6.00it/s, loss=0.0962]
Epoch 64/1000 | Loss: 0.0563 | Best: 0.0421 | Time: 4.0s | Elapsed: 0.1h | ETA: 94m | LR: 0.000198
Epoch 65/1000: 100%|███████████████| 24/24 [00:04<00:00,  5.96it/s, loss=0.0976]
Epoch 65/1000 | Loss: 0.0716 | Best: 0.0421 | Time: 4.0s | Elapsed: 0.1h | ETA: 94m | LR: 0.000198
Epoch 66/1000: 100%|███████████████| 24/24 [00:04<00:00,  5.91it/s, loss=0.0204]
Epoch 66/1000 | Loss: 0.0580 | Best: 0.0421 | Time: 4.1s | Elapsed: 0.1h | ETA: 93m | LR: 0.000198
Epoch 67/1000: 100%|███████████████| 24/24 [00:04<00:00,  5.93it/s, loss=0.0113]
Epoch 67/1000 | Loss: 0.0493 | Best: 0.0421 | Time: 4.0s | Elapsed: 0.1h | ETA: 92m | LR: 0.000198
Epoch 68/1000: 100%|███████████████| 24/24 [00:04<00:00,  5.94it/s, loss=0.0431]
Epoch 68/1000 | Loss: 0.0708 | Best: 0.0421 | Time: 4.0s | Elapsed: 0.1h | ETA: 92m | LR: 0.000198
Epoch 69/1000: 100%|███████████████| 24/24 [00:04<00:00,  5.97it/s, loss=0.0221]
Epoch 69/1000 | Loss: 0.0711 | Best: 0.0421 | Time: 4.0s | Elapsed: 0.1h | ETA: 91m | LR: 0.000198
Epoch 70/1000: 100%|███████████████| 24/24 [00:04<00:00,  5.90it/s, loss=0.0464]
Epoch 70/1000 | Loss: 0.0559 | Best: 0.0421 | Time: 4.1s | Elapsed: 0.1h | ETA: 91m | LR: 0.000198
  Generating samples at epoch 70...
DDIM Sampling: 100%|████████████████████████████| 50/50 [00:01<00:00, 25.37it/s]
DDIM Sampling: 100%|████████████████████████████| 50/50 [00:01<00:00, 25.46it/s]
DDIM Sampling: 100%|████████████████████████████| 50/50 [00:01<00:00, 25.50it/s]
Epoch 71/1000: 100%|███████████████| 24/24 [00:04<00:00,  5.97it/s, loss=0.1084]
Epoch 71/1000 | Loss: 0.0645 | Best: 0.0421 | Time: 4.0s | Elapsed: 0.1h | ETA: 90m | LR: 0.000198
Epoch 72/1000: 100%|███████████████| 24/24 [00:04<00:00,  5.90it/s, loss=0.0597]
Epoch 72/1000 | Loss: 0.0535 | Best: 0.0421 | Time: 4.1s | Elapsed: 0.1h | ETA: 90m | LR: 0.000197
Epoch 73/1000: 100%|███████████████| 24/24 [00:04<00:00,  5.92it/s, loss=0.0960]
Epoch 73/1000 | Loss: 0.0572 | Best: 0.0421 | Time: 4.1s | Elapsed: 0.1h | ETA: 89m | LR: 0.000197
Epoch 74/1000: 100%|███████████████| 24/24 [00:04<00:00,  5.99it/s, loss=0.0111]
Epoch 74/1000 | Loss: 0.0595 | Best: 0.0421 | Time: 4.0s | Elapsed: 0.1h | ETA: 89m | LR: 0.000197
Epoch 75/1000: 100%|███████████████| 24/24 [00:04<00:00,  5.93it/s, loss=0.0299]
Epoch 75/1000 | Loss: 0.0654 | Best: 0.0421 | Time: 4.0s | Elapsed: 0.1h | ETA: 89m | LR: 0.000197
Epoch 76/1000: 100%|███████████████| 24/24 [00:04<00:00,  5.98it/s, loss=0.0154]
Epoch 76/1000 | Loss: 0.0481 | Best: 0.0421 | Time: 4.0s | Elapsed: 0.1h | ETA: 88m | LR: 0.000197
Epoch 77/1000: 100%|███████████████| 24/24 [00:04<00:00,  5.94it/s, loss=0.0752]
Epoch 77/1000 | Loss: 0.0618 | Best: 0.0421 | Time: 4.0s | Elapsed: 0.1h | ETA: 88m | LR: 0.000197
Epoch 78/1000: 100%|███████████████| 24/24 [00:04<00:00,  5.96it/s, loss=0.1257]
Epoch 78/1000 | Loss: 0.0695 | Best: 0.0421 | Time: 4.0s | Elapsed: 0.1h | ETA: 87m | LR: 0.000197
Epoch 79/1000: 100%|███████████████| 24/24 [00:04<00:00,  5.97it/s, loss=0.0654]
Epoch 79/1000 | Loss: 0.0517 | Best: 0.0421 | Time: 4.0s | Elapsed: 0.1h | ETA: 87m | LR: 0.000197
Epoch 80/1000: 100%|███████████████| 24/24 [00:04<00:00,  5.81it/s, loss=0.0377]
Epoch 80/1000 | Loss: 0.0737 | Best: 0.0421 | Time: 4.1s | Elapsed: 0.1h | ETA: 86m | LR: 0.000197
  Generating samples at epoch 80...
DDIM Sampling: 100%|████████████████████████████| 50/50 [00:01<00:00, 25.46it/s]
DDIM Sampling: 100%|████████████████████████████| 50/50 [00:01<00:00, 25.35it/s]
DDIM Sampling: 100%|████████████████████████████| 50/50 [00:01<00:00, 25.42it/s]
Epoch 81/1000: 100%|███████████████| 24/24 [00:03<00:00,  6.01it/s, loss=0.0546]
Epoch 81/1000 | Loss: 0.0662 | Best: 0.0421 | Time: 4.0s | Elapsed: 0.1h | ETA: 86m | LR: 0.000197
Epoch 82/1000: 100%|███████████████| 24/24 [00:04<00:00,  5.94it/s, loss=0.0125]
Epoch 82/1000 | Loss: 0.0562 | Best: 0.0421 | Time: 4.0s | Elapsed: 0.1h | ETA: 86m | LR: 0.000197
Epoch 83/1000: 100%|███████████████| 24/24 [00:04<00:00,  5.92it/s, loss=0.0307]
Epoch 83/1000 | Loss: 0.0486 | Best: 0.0421 | Time: 4.1s | Elapsed: 0.1h | ETA: 85m | LR: 0.000197
Epoch 84/1000: 100%|███████████████| 24/24 [00:04<00:00,  5.98it/s, loss=0.0224]
Epoch 84/1000 | Loss: 0.0478 | Best: 0.0421 | Time: 4.0s | Elapsed: 0.1h | ETA: 85m | LR: 0.000197
Epoch 85/1000: 100%|███████████████| 24/24 [00:04<00:00,  5.92it/s, loss=0.0844]
Epoch 85/1000 | Loss: 0.0638 | Best: 0.0421 | Time: 4.1s | Elapsed: 0.1h | ETA: 85m | LR: 0.000196
Epoch 86/1000: 100%|███████████████| 24/24 [00:04<00:00,  5.96it/s, loss=0.1116]
Epoch 86/1000 | Loss: 0.0597 | Best: 0.0421 | Time: 4.0s | Elapsed: 0.2h | ETA: 84m | LR: 0.000196
Epoch 87/1000: 100%|███████████████| 24/24 [00:04<00:00,  5.92it/s, loss=0.0267]
Epoch 87/1000 | Loss: 0.0565 | Best: 0.0421 | Time: 4.1s | Elapsed: 0.2h | ETA: 84m | LR: 0.000196
Epoch 88/1000: 100%|███████████████| 24/24 [00:04<00:00,  5.95it/s, loss=0.0685]
Epoch 88/1000 | Loss: 0.0613 | Best: 0.0421 | Time: 4.0s | Elapsed: 0.2h | ETA: 83m | LR: 0.000196
Epoch 89/1000: 100%|███████████████| 24/24 [00:04<00:00,  5.93it/s, loss=0.1211]
Epoch 89/1000 | Loss: 0.0515 | Best: 0.0421 | Time: 4.0s | Elapsed: 0.2h | ETA: 83m | LR: 0.000196
Epoch 90/1000: 100%|███████████████| 24/24 [00:04<00:00,  6.00it/s, loss=0.0467]
Epoch 90/1000 | Loss: 0.0514 | Best: 0.0421 | Time: 4.0s | Elapsed: 0.2h | ETA: 83m | LR: 0.000196
  Generating samples at epoch 90...
DDIM Sampling: 100%|████████████████████████████| 50/50 [00:01<00:00, 25.42it/s]
DDIM Sampling: 100%|████████████████████████████| 50/50 [00:01<00:00, 25.48it/s]
DDIM Sampling: 100%|████████████████████████████| 50/50 [00:01<00:00, 25.49it/s]
Epoch 91/1000: 100%|███████████████| 24/24 [00:03<00:00,  6.02it/s, loss=0.0493]
Epoch 91/1000 | Loss: 0.0522 | Best: 0.0421 | Time: 4.0s | Elapsed: 0.2h | ETA: 82m | LR: 0.000196
Epoch 92/1000: 100%|███████████████| 24/24 [00:03<00:00,  6.02it/s, loss=0.0833]
Epoch 92/1000 | Loss: 0.0517 | Best: 0.0421 | Time: 4.0s | Elapsed: 0.2h | ETA: 82m | LR: 0.000196
Epoch 93/1000: 100%|███████████████| 24/24 [00:04<00:00,  6.00it/s, loss=0.0418]
Epoch 93/1000 | Loss: 0.0498 | Best: 0.0421 | Time: 4.0s | Elapsed: 0.2h | ETA: 82m | LR: 0.000196
Epoch 94/1000: 100%|███████████████| 24/24 [00:04<00:00,  5.99it/s, loss=0.0214]
Epoch 94/1000 | Loss: 0.0515 | Best: 0.0421 | Time: 4.0s | Elapsed: 0.2h | ETA: 82m | LR: 0.000196
Epoch 95/1000: 100%|███████████████| 24/24 [00:04<00:00,  5.97it/s, loss=0.0197]
Epoch 95/1000 | Loss: 0.0660 | Best: 0.0421 | Time: 4.0s | Elapsed: 0.2h | ETA: 81m | LR: 0.000196
Epoch 96/1000: 100%|███████████████| 24/24 [00:04<00:00,  5.99it/s, loss=0.0746]
Epoch 96/1000 | Loss: 0.0626 | Best: 0.0421 | Time: 4.0s | Elapsed: 0.2h | ETA: 81m | LR: 0.000195
Epoch 97/1000: 100%|███████████████| 24/24 [00:04<00:00,  5.93it/s, loss=0.0274]
Epoch 97/1000 | Loss: 0.0458 | Best: 0.0421 | Time: 4.0s | Elapsed: 0.2h | ETA: 81m | LR: 0.000195
Epoch 98/1000: 100%|███████████████| 24/24 [00:04<00:00,  5.96it/s, loss=0.0361]
Epoch 98/1000 | Loss: 0.0585 | Best: 0.0421 | Time: 4.0s | Elapsed: 0.2h | ETA: 80m | LR: 0.000195
Epoch 99/1000: 100%|███████████████| 24/24 [00:04<00:00,  5.90it/s, loss=0.1019]
Epoch 99/1000 | Loss: 0.0700 | Best: 0.0421 | Time: 4.1s | Elapsed: 0.2h | ETA: 80m | LR: 0.000195
Epoch 100/1000: 100%|██████████████| 24/24 [00:04<00:00,  5.96it/s, loss=0.0249]
Epoch 100/1000 | Loss: 0.0517 | Best: 0.0421 | Time: 4.0s | Elapsed: 0.2h | ETA: 80m | LR: 0.000195
  Generating samples at epoch 100...
DDIM Sampling: 100%|████████████████████████████| 50/50 [00:01<00:00, 25.34it/s]
DDIM Sampling: 100%|████████████████████████████| 50/50 [00:01<00:00, 25.47it/s]
DDIM Sampling: 100%|████████████████████████████| 50/50 [00:01<00:00, 25.45it/s]
Epoch 101/1000: 100%|██████████████| 24/24 [00:04<00:00,  5.91it/s, loss=0.0119]
Epoch 101/1000 | Loss: 0.0495 | Best: 0.0421 | Time: 4.1s | Elapsed: 0.2h | ETA: 79m | LR: 0.000195
Epoch 102/1000: 100%|██████████████| 24/24 [00:04<00:00,  5.88it/s, loss=0.0694]
Epoch 102/1000 | Loss: 0.0479 | Best: 0.0421 | Time: 4.1s | Elapsed: 0.2h | ETA: 79m | LR: 0.000195
Epoch 103/1000: 100%|██████████████| 24/24 [00:04<00:00,  5.96it/s, loss=0.0405]
Epoch 103/1000 | Loss: 0.0543 | Best: 0.0421 | Time: 4.0s | Elapsed: 0.2h | ETA: 79m | LR: 0.000195
Epoch 104/1000: 100%|██████████████| 24/24 [00:04<00:00,  5.93it/s, loss=0.0205]
Epoch 104/1000 | Loss: 0.0525 | Best: 0.0421 | Time: 4.0s | Elapsed: 0.2h | ETA: 79m | LR: 0.000195
Epoch 105/1000: 100%|██████████████| 24/24 [00:04<00:00,  5.96it/s, loss=0.0293]
Epoch 105/1000 | Loss: 0.0543 | Best: 0.0421 | Time: 4.0s | Elapsed: 0.2h | ETA: 78m | LR: 0.000195
Epoch 106/1000: 100%|██████████████| 24/24 [00:04<00:00,  5.96it/s, loss=0.0417]
Epoch 106/1000 | Loss: 0.0605 | Best: 0.0421 | Time: 4.0s | Elapsed: 0.2h | ETA: 78m | LR: 0.000195
Epoch 107/1000: 100%|██████████████| 24/24 [00:04<00:00,  5.94it/s, loss=0.1159]
Epoch 107/1000 | Loss: 0.0591 | Best: 0.0421 | Time: 4.0s | Elapsed: 0.2h | ETA: 78m | LR: 0.000194
Epoch 108/1000: 100%|██████████████| 24/24 [00:04<00:00,  6.00it/s, loss=0.0487]
Epoch 108/1000 | Loss: 0.0588 | Best: 0.0421 | Time: 4.0s | Elapsed: 0.2h | ETA: 78m | LR: 0.000194
Epoch 109/1000: 100%|██████████████| 24/24 [00:04<00:00,  5.94it/s, loss=0.0158]
Epoch 109/1000 | Loss: 0.0435 | Best: 0.0421 | Time: 4.0s | Elapsed: 0.2h | ETA: 77m | LR: 0.000194
Epoch 110/1000: 100%|██████████████| 24/24 [00:04<00:00,  5.99it/s, loss=0.0566]
Epoch 110/1000 | Loss: 0.0550 | Best: 0.0421 | Time: 4.0s | Elapsed: 0.2h | ETA: 77m | LR: 0.000194
  Generating samples at epoch 110...
DDIM Sampling: 100%|████████████████████████████| 50/50 [00:01<00:00, 25.53it/s]
DDIM Sampling: 100%|████████████████████████████| 50/50 [00:01<00:00, 25.43it/s]
DDIM Sampling: 100%|████████████████████████████| 50/50 [00:01<00:00, 25.49it/s]
Epoch 111/1000: 100%|██████████████| 24/24 [00:03<00:00,  6.05it/s, loss=0.0458]
Epoch 111/1000 | Loss: 0.0548 | Best: 0.0421 | Time: 4.0s | Elapsed: 0.2h | ETA: 77m | LR: 0.000194
Epoch 112/1000: 100%|██████████████| 24/24 [00:04<00:00,  5.99it/s, loss=0.0302]
Epoch 112/1000 | Loss: 0.0530 | Best: 0.0421 | Time: 4.0s | Elapsed: 0.2h | ETA: 77m | LR: 0.000194
Epoch 113/1000: 100%|██████████████| 24/24 [00:04<00:00,  5.99it/s, loss=0.0889]
Epoch 113/1000 | Loss: 0.0460 | Best: 0.0421 | Time: 4.0s | Elapsed: 0.2h | ETA: 76m | LR: 0.000194
Epoch 114/1000: 100%|██████████████| 24/24 [00:04<00:00,  5.95it/s, loss=0.0481]
Epoch 114/1000 | Loss: 0.0666 | Best: 0.0421 | Time: 4.0s | Elapsed: 0.2h | ETA: 76m | LR: 0.000194
Epoch 115/1000: 100%|██████████████| 24/24 [00:04<00:00,  5.92it/s, loss=0.0198]
Epoch 115/1000 | Loss: 0.0549 | Best: 0.0421 | Time: 4.1s | Elapsed: 0.2h | ETA: 76m | LR: 0.000194
Epoch 116/1000: 100%|██████████████| 24/24 [00:04<00:00,  5.96it/s, loss=0.0311]
Epoch 116/1000 | Loss: 0.0581 | Best: 0.0421 | Time: 4.0s | Elapsed: 0.2h | ETA: 76m | LR: 0.000193
Epoch 117/1000: 100%|██████████████| 24/24 [00:04<00:00,  5.92it/s, loss=0.0085]
Epoch 117/1000 | Loss: 0.0511 | Best: 0.0421 | Time: 4.1s | Elapsed: 0.2h | ETA: 75m | LR: 0.000193
Epoch 118/1000: 100%|██████████████| 24/24 [00:04<00:00,  5.93it/s, loss=0.0938]
Epoch 118/1000 | Loss: 0.0448 | Best: 0.0421 | Time: 4.0s | Elapsed: 0.2h | ETA: 75m | LR: 0.000193
Epoch 119/1000: 100%|██████████████| 24/24 [00:04<00:00,  5.93it/s, loss=0.0101]
Epoch 119/1000 | Loss: 0.0358 | Best: 0.0421 | Time: 4.0s | Elapsed: 0.2h | ETA: 75m | LR: 0.000193
Epoch 120/1000: 100%|██████████████| 24/24 [00:04<00:00,  5.92it/s, loss=0.1441]
Epoch 120/1000 | Loss: 0.0786 | Best: 0.0358 | Time: 4.1s | Elapsed: 0.2h | ETA: 75m | LR: 0.000193
  Generating samples at epoch 120...
DDIM Sampling: 100%|████████████████████████████| 50/50 [00:01<00:00, 25.45it/s]
DDIM Sampling: 100%|████████████████████████████| 50/50 [00:01<00:00, 25.47it/s]
DDIM Sampling: 100%|████████████████████████████| 50/50 [00:01<00:00, 25.52it/s]
Epoch 121/1000: 100%|██████████████| 24/24 [00:03<00:00,  6.00it/s, loss=0.0135]
Epoch 121/1000 | Loss: 0.0531 | Best: 0.0358 | Time: 4.0s | Elapsed: 0.2h | ETA: 75m | LR: 0.000193
Epoch 122/1000: 100%|██████████████| 24/24 [00:04<00:00,  5.94it/s, loss=0.0124]
Epoch 122/1000 | Loss: 0.0443 | Best: 0.0358 | Time: 4.0s | Elapsed: 0.2h | ETA: 74m | LR: 0.000193
Epoch 123/1000: 100%|██████████████| 24/24 [00:03<00:00,  6.07it/s, loss=0.0478]
Epoch 123/1000 | Loss: 0.0491 | Best: 0.0358 | Time: 4.0s | Elapsed: 0.2h | ETA: 74m | LR: 0.000193
Epoch 124/1000: 100%|██████████████| 24/24 [00:03<00:00,  6.01it/s, loss=0.1126]
Epoch 124/1000 | Loss: 0.0530 | Best: 0.0358 | Time: 4.0s | Elapsed: 0.2h | ETA: 74m | LR: 0.000193
Epoch 125/1000: 100%|██████████████| 24/24 [00:04<00:00,  6.00it/s, loss=0.0504]
Epoch 125/1000 | Loss: 0.0657 | Best: 0.0358 | Time: 4.0s | Elapsed: 0.2h | ETA: 74m | LR: 0.000192
Epoch 126/1000: 100%|██████████████| 24/24 [00:04<00:00,  5.93it/s, loss=0.0506]
Epoch 126/1000 | Loss: 0.0574 | Best: 0.0358 | Time: 4.0s | Elapsed: 0.2h | ETA: 74m | LR: 0.000192
Epoch 127/1000: 100%|██████████████| 24/24 [00:03<00:00,  6.02it/s, loss=0.0771]
Epoch 127/1000 | Loss: 0.0664 | Best: 0.0358 | Time: 4.0s | Elapsed: 0.2h | ETA: 73m | LR: 0.000192
Epoch 128/1000: 100%|██████████████| 24/24 [00:03<00:00,  6.00it/s, loss=0.0302]
Epoch 128/1000 | Loss: 0.0491 | Best: 0.0358 | Time: 4.0s | Elapsed: 0.2h | ETA: 73m | LR: 0.000192
Epoch 129/1000: 100%|██████████████| 24/24 [00:04<00:00,  5.98it/s, loss=0.0156]
Epoch 129/1000 | Loss: 0.0425 | Best: 0.0358 | Time: 4.0s | Elapsed: 0.2h | ETA: 73m | LR: 0.000192
Epoch 130/1000: 100%|██████████████| 24/24 [00:04<00:00,  5.96it/s, loss=0.0761]
Epoch 130/1000 | Loss: 0.0541 | Best: 0.0358 | Time: 4.0s | Elapsed: 0.2h | ETA: 73m | LR: 0.000192
  Generating samples at epoch 130...
DDIM Sampling: 100%|████████████████████████████| 50/50 [00:01<00:00, 25.38it/s]
DDIM Sampling: 100%|████████████████████████████| 50/50 [00:01<00:00, 25.42it/s]
DDIM Sampling: 100%|████████████████████████████| 50/50 [00:01<00:00, 25.52it/s]
Epoch 131/1000: 100%|██████████████| 24/24 [00:03<00:00,  6.02it/s, loss=0.0364]
Epoch 131/1000 | Loss: 0.0384 | Best: 0.0358 | Time: 4.0s | Elapsed: 0.2h | ETA: 73m | LR: 0.000192
Epoch 132/1000: 100%|██████████████| 24/24 [00:04<00:00,  5.96it/s, loss=0.0167]
Epoch 132/1000 | Loss: 0.0473 | Best: 0.0358 | Time: 4.0s | Elapsed: 0.2h | ETA: 72m | LR: 0.000192
Epoch 133/1000: 100%|██████████████| 24/24 [00:04<00:00,  5.96it/s, loss=0.0419]
Epoch 133/1000 | Loss: 0.0381 | Best: 0.0358 | Time: 4.0s | Elapsed: 0.2h | ETA: 72m | LR: 0.000191
Epoch 134/1000: 100%|██████████████| 24/24 [00:04<00:00,  5.97it/s, loss=0.0884]
Epoch 134/1000 | Loss: 0.0411 | Best: 0.0358 | Time: 4.0s | Elapsed: 0.2h | ETA: 72m | LR: 0.000191
Epoch 135/1000: 100%|██████████████| 24/24 [00:04<00:00,  5.93it/s, loss=0.0346]
Epoch 135/1000 | Loss: 0.0453 | Best: 0.0358 | Time: 4.0s | Elapsed: 0.2h | ETA: 72m | LR: 0.000191
Epoch 136/1000: 100%|██████████████| 24/24 [00:04<00:00,  5.95it/s, loss=0.0638]
Epoch 136/1000 | Loss: 0.0577 | Best: 0.0358 | Time: 4.0s | Elapsed: 0.2h | ETA: 72m | LR: 0.000191
Epoch 137/1000: 100%|██████████████| 24/24 [00:04<00:00,  5.88it/s, loss=0.0572]
Epoch 137/1000 | Loss: 0.0417 | Best: 0.0358 | Time: 4.1s | Elapsed: 0.2h | ETA: 71m | LR: 0.000191
Epoch 138/1000: 100%|██████████████| 24/24 [00:04<00:00,  5.94it/s, loss=0.0162]
Epoch 138/1000 | Loss: 0.0428 | Best: 0.0358 | Time: 4.0s | Elapsed: 0.2h | ETA: 71m | LR: 0.000191
Epoch 139/1000: 100%|██████████████| 24/24 [00:04<00:00,  5.96it/s, loss=0.0703]
Epoch 139/1000 | Loss: 0.0511 | Best: 0.0358 | Time: 4.0s | Elapsed: 0.2h | ETA: 71m | LR: 0.000191
Epoch 140/1000: 100%|██████████████| 24/24 [00:04<00:00,  5.91it/s, loss=0.0461]
Epoch 140/1000 | Loss: 0.0493 | Best: 0.0358 | Time: 4.1s | Elapsed: 0.2h | ETA: 71m | LR: 0.000190
  Generating samples at epoch 140...
DDIM Sampling: 100%|████████████████████████████| 50/50 [00:01<00:00, 25.45it/s]
DDIM Sampling: 100%|████████████████████████████| 50/50 [00:01<00:00, 25.44it/s]
DDIM Sampling: 100%|████████████████████████████| 50/50 [00:01<00:00, 25.51it/s]
Epoch 141/1000: 100%|██████████████| 24/24 [00:03<00:00,  6.04it/s, loss=0.1082]
Epoch 141/1000 | Loss: 0.0480 | Best: 0.0358 | Time: 4.0s | Elapsed: 0.2h | ETA: 71m | LR: 0.000190
Epoch 142/1000: 100%|██████████████| 24/24 [00:04<00:00,  5.98it/s, loss=0.0474]
Epoch 142/1000 | Loss: 0.0703 | Best: 0.0358 | Time: 4.0s | Elapsed: 0.2h | ETA: 71m | LR: 0.000190
Epoch 143/1000: 100%|██████████████| 24/24 [00:04<00:00,  5.98it/s, loss=0.0262]
Epoch 143/1000 | Loss: 0.0620 | Best: 0.0358 | Time: 4.0s | Elapsed: 0.2h | ETA: 70m | LR: 0.000190
Epoch 144/1000: 100%|██████████████| 24/24 [00:04<00:00,  5.95it/s, loss=0.0878]
Epoch 144/1000 | Loss: 0.0526 | Best: 0.0358 | Time: 4.0s | Elapsed: 0.2h | ETA: 70m | LR: 0.000190
Epoch 145/1000: 100%|██████████████| 24/24 [00:04<00:00,  5.92it/s, loss=0.0087]
Epoch 145/1000 | Loss: 0.0396 | Best: 0.0358 | Time: 4.1s | Elapsed: 0.2h | ETA: 70m | LR: 0.000190
Epoch 146/1000: 100%|██████████████| 24/24 [00:04<00:00,  5.93it/s, loss=0.0350]
Epoch 146/1000 | Loss: 0.0467 | Best: 0.0358 | Time: 4.0s | Elapsed: 0.2h | ETA: 70m | LR: 0.000190
Epoch 147/1000: 100%|██████████████| 24/24 [00:04<00:00,  5.99it/s, loss=0.0403]
Epoch 147/1000 | Loss: 0.0585 | Best: 0.0358 | Time: 4.0s | Elapsed: 0.2h | ETA: 70m | LR: 0.000190
Epoch 148/1000: 100%|██████████████| 24/24 [00:04<00:00,  5.97it/s, loss=0.0102]
Epoch 148/1000 | Loss: 0.0377 | Best: 0.0358 | Time: 4.0s | Elapsed: 0.2h | ETA: 70m | LR: 0.000189
Epoch 149/1000: 100%|██████████████| 24/24 [00:04<00:00,  5.93it/s, loss=0.0115]
Epoch 149/1000 | Loss: 0.0357 | Best: 0.0358 | Time: 4.0s | Elapsed: 0.2h | ETA: 69m | LR: 0.000189
Epoch 150/1000: 100%|██████████████| 24/24 [00:04<00:00,  5.94it/s, loss=0.0215]
Epoch 150/1000 | Loss: 0.0514 | Best: 0.0357 | Time: 4.0s | Elapsed: 0.2h | ETA: 69m | LR: 0.000189
  Generating samples at epoch 150...
DDIM Sampling: 100%|████████████████████████████| 50/50 [00:01<00:00, 25.42it/s]
DDIM Sampling: 100%|████████████████████████████| 50/50 [00:01<00:00, 25.46it/s]
DDIM Sampling: 100%|████████████████████████████| 50/50 [00:01<00:00, 25.42it/s]
Epoch 151/1000: 100%|██████████████| 24/24 [00:04<00:00,  5.91it/s, loss=0.0313]
Epoch 151/1000 | Loss: 0.0569 | Best: 0.0357 | Time: 4.1s | Elapsed: 0.2h | ETA: 69m | LR: 0.000189
Epoch 152/1000: 100%|██████████████| 24/24 [00:04<00:00,  5.96it/s, loss=0.0285]
Epoch 152/1000 | Loss: 0.0662 | Best: 0.0357 | Time: 4.0s | Elapsed: 0.2h | ETA: 69m | LR: 0.000189
Epoch 153/1000: 100%|██████████████| 24/24 [00:04<00:00,  5.97it/s, loss=0.0296]
Epoch 153/1000 | Loss: 0.0529 | Best: 0.0357 | Time: 4.0s | Elapsed: 0.2h | ETA: 69m | LR: 0.000189
Epoch 154/1000: 100%|██████████████| 24/24 [00:04<00:00,  5.96it/s, loss=0.0235]
Epoch 154/1000 | Loss: 0.0580 | Best: 0.0357 | Time: 4.0s | Elapsed: 0.2h | ETA: 69m | LR: 0.000189
Epoch 155/1000: 100%|██████████████| 24/24 [00:04<00:00,  5.93it/s, loss=0.0289]
Epoch 155/1000 | Loss: 0.0467 | Best: 0.0357 | Time: 4.0s | Elapsed: 0.2h | ETA: 68m | LR: 0.000188
Epoch 156/1000: 100%|██████████████| 24/24 [00:04<00:00,  5.96it/s, loss=0.0117]
Epoch 156/1000 | Loss: 0.0612 | Best: 0.0357 | Time: 4.0s | Elapsed: 0.2h | ETA: 68m | LR: 0.000188
Epoch 157/1000: 100%|██████████████| 24/24 [00:04<00:00,  5.92it/s, loss=0.0389]
Epoch 157/1000 | Loss: 0.0642 | Best: 0.0357 | Time: 4.1s | Elapsed: 0.2h | ETA: 68m | LR: 0.000188
Epoch 158/1000: 100%|██████████████| 24/24 [00:04<00:00,  5.95it/s, loss=0.0435]
Epoch 158/1000 | Loss: 0.0383 | Best: 0.0357 | Time: 4.0s | Elapsed: 0.2h | ETA: 68m | LR: 0.000188
Epoch 159/1000: 100%|██████████████| 24/24 [00:04<00:00,  5.96it/s, loss=0.0345]
Epoch 159/1000 | Loss: 0.0603 | Best: 0.0357 | Time: 4.0s | Elapsed: 0.2h | ETA: 68m | LR: 0.000188
Epoch 160/1000: 100%|██████████████| 24/24 [00:04<00:00,  5.95it/s, loss=0.0066]
Epoch 160/1000 | Loss: 0.0470 | Best: 0.0357 | Time: 4.0s | Elapsed: 0.2h | ETA: 68m | LR: 0.000188
  Generating samples at epoch 160...
DDIM Sampling: 100%|████████████████████████████| 50/50 [00:01<00:00, 25.39it/s]
DDIM Sampling: 100%|████████████████████████████| 50/50 [00:01<00:00, 25.42it/s]
DDIM Sampling: 100%|████████████████████████████| 50/50 [00:01<00:00, 25.49it/s]
Epoch 161/1000: 100%|██████████████| 24/24 [00:03<00:00,  6.00it/s, loss=0.0456]
Epoch 161/1000 | Loss: 0.0552 | Best: 0.0357 | Time: 4.0s | Elapsed: 0.2h | ETA: 68m | LR: 0.000187
Epoch 162/1000: 100%|██████████████| 24/24 [00:04<00:00,  5.99it/s, loss=0.0135]
Epoch 162/1000 | Loss: 0.0372 | Best: 0.0357 | Time: 4.0s | Elapsed: 0.2h | ETA: 67m | LR: 0.000187
Epoch 163/1000: 100%|██████████████| 24/24 [00:03<00:00,  6.00it/s, loss=0.0088]
Epoch 163/1000 | Loss: 0.0463 | Best: 0.0357 | Time: 4.0s | Elapsed: 0.3h | ETA: 67m | LR: 0.000187
Epoch 164/1000: 100%|██████████████| 24/24 [00:04<00:00,  5.93it/s, loss=0.0246]
Epoch 164/1000 | Loss: 0.0520 | Best: 0.0357 | Time: 4.0s | Elapsed: 0.3h | ETA: 67m | LR: 0.000187
Epoch 165/1000: 100%|██████████████| 24/24 [00:04<00:00,  5.97it/s, loss=0.0117]
Epoch 165/1000 | Loss: 0.0549 | Best: 0.0357 | Time: 4.0s | Elapsed: 0.3h | ETA: 67m | LR: 0.000187
Epoch 166/1000: 100%|██████████████| 24/24 [00:04<00:00,  5.96it/s, loss=0.0152]
Epoch 166/1000 | Loss: 0.0634 | Best: 0.0357 | Time: 4.0s | Elapsed: 0.3h | ETA: 67m | LR: 0.000187
Epoch 167/1000: 100%|██████████████| 24/24 [00:04<00:00,  5.97it/s, loss=0.0345]
Epoch 167/1000 | Loss: 0.0640 | Best: 0.0357 | Time: 4.0s | Elapsed: 0.3h | ETA: 67m | LR: 0.000187
Epoch 168/1000: 100%|██████████████| 24/24 [00:04<00:00,  5.96it/s, loss=0.0704]
Epoch 168/1000 | Loss: 0.0469 | Best: 0.0357 | Time: 4.0s | Elapsed: 0.3h | ETA: 66m | LR: 0.000186
Epoch 169/1000: 100%|██████████████| 24/24 [00:04<00:00,  5.96it/s, loss=0.0685]
Epoch 169/1000 | Loss: 0.0453 | Best: 0.0357 | Time: 4.0s | Elapsed: 0.3h | ETA: 66m | LR: 0.000186
Epoch 170/1000: 100%|██████████████| 24/24 [00:04<00:00,  5.94it/s, loss=0.0671]
Epoch 170/1000 | Loss: 0.0603 | Best: 0.0357 | Time: 4.0s | Elapsed: 0.3h | ETA: 66m | LR: 0.000186
  Generating samples at epoch 170...
DDIM Sampling: 100%|████████████████████████████| 50/50 [00:01<00:00, 25.42it/s]
DDIM Sampling: 100%|████████████████████████████| 50/50 [00:01<00:00, 25.37it/s]
DDIM Sampling: 100%|████████████████████████████| 50/50 [00:01<00:00, 25.51it/s]
Epoch 171/1000: 100%|██████████████| 24/24 [00:04<00:00,  5.97it/s, loss=0.0095]
Epoch 171/1000 | Loss: 0.0521 | Best: 0.0357 | Time: 4.0s | Elapsed: 0.3h | ETA: 66m | LR: 0.000186
Epoch 172/1000: 100%|██████████████| 24/24 [00:04<00:00,  5.98it/s, loss=0.0694]
Epoch 172/1000 | Loss: 0.0617 | Best: 0.0357 | Time: 4.0s | Elapsed: 0.3h | ETA: 66m | LR: 0.000186
Epoch 173/1000: 100%|██████████████| 24/24 [00:04<00:00,  5.97it/s, loss=0.0197]
Epoch 173/1000 | Loss: 0.0453 | Best: 0.0357 | Time: 4.0s | Elapsed: 0.3h | ETA: 66m | LR: 0.000186
Epoch 174/1000: 100%|██████████████| 24/24 [00:04<00:00,  5.91it/s, loss=0.0790]
Epoch 174/1000 | Loss: 0.0565 | Best: 0.0357 | Time: 4.1s | Elapsed: 0.3h | ETA: 66m | LR: 0.000185
Epoch 175/1000: 100%|██████████████| 24/24 [00:04<00:00,  5.93it/s, loss=0.0373]
Epoch 175/1000 | Loss: 0.0404 | Best: 0.0357 | Time: 4.1s | Elapsed: 0.3h | ETA: 66m | LR: 0.000185
Epoch 176/1000: 100%|██████████████| 24/24 [00:04<00:00,  5.96it/s, loss=0.0350]
Epoch 176/1000 | Loss: 0.0511 | Best: 0.0357 | Time: 4.0s | Elapsed: 0.3h | ETA: 65m | LR: 0.000185
Epoch 177/1000: 100%|██████████████| 24/24 [00:04<00:00,  5.90it/s, loss=0.0350]
Epoch 177/1000 | Loss: 0.0580 | Best: 0.0357 | Time: 4.1s | Elapsed: 0.3h | ETA: 65m | LR: 0.000185
Epoch 178/1000: 100%|██████████████| 24/24 [00:04<00:00,  5.96it/s, loss=0.0462]
Epoch 178/1000 | Loss: 0.0617 | Best: 0.0357 | Time: 4.0s | Elapsed: 0.3h | ETA: 65m | LR: 0.000185
Epoch 179/1000: 100%|██████████████| 24/24 [00:04<00:00,  5.94it/s, loss=0.0955]
Epoch 179/1000 | Loss: 0.0454 | Best: 0.0357 | Time: 4.0s | Elapsed: 0.3h | ETA: 65m | LR: 0.000185
Epoch 180/1000: 100%|██████████████| 24/24 [00:04<00:00,  5.94it/s, loss=0.0271]
Epoch 180/1000 | Loss: 0.0586 | Best: 0.0357 | Time: 4.0s | Elapsed: 0.3h | ETA: 65m | LR: 0.000184
  Generating samples at epoch 180...
DDIM Sampling: 100%|████████████████████████████| 50/50 [00:01<00:00, 25.49it/s]
DDIM Sampling: 100%|████████████████████████████| 50/50 [00:01<00:00, 25.46it/s]
DDIM Sampling: 100%|████████████████████████████| 50/50 [00:01<00:00, 25.46it/s]
Epoch 181/1000: 100%|██████████████| 24/24 [00:04<00:00,  5.91it/s, loss=0.0193]
Epoch 181/1000 | Loss: 0.0609 | Best: 0.0357 | Time: 4.1s | Elapsed: 0.3h | ETA: 65m | LR: 0.000184
Epoch 182/1000: 100%|██████████████| 24/24 [00:04<00:00,  5.95it/s, loss=0.0149]
Epoch 182/1000 | Loss: 0.0573 | Best: 0.0357 | Time: 4.0s | Elapsed: 0.3h | ETA: 65m | LR: 0.000184
Epoch 183/1000: 100%|██████████████| 24/24 [00:04<00:00,  5.87it/s, loss=0.0620]
Epoch 183/1000 | Loss: 0.0576 | Best: 0.0357 | Time: 4.1s | Elapsed: 0.3h | ETA: 64m | LR: 0.000184
Epoch 184/1000: 100%|██████████████| 24/24 [00:04<00:00,  5.91it/s, loss=0.0619]
Epoch 184/1000 | Loss: 0.0583 | Best: 0.0357 | Time: 4.1s | Elapsed: 0.3h | ETA: 64m | LR: 0.000184
Epoch 185/1000: 100%|██████████████| 24/24 [00:04<00:00,  5.84it/s, loss=0.0826]
Epoch 185/1000 | Loss: 0.0477 | Best: 0.0357 | Time: 4.1s | Elapsed: 0.3h | ETA: 64m | LR: 0.000184
Epoch 186/1000: 100%|██████████████| 24/24 [00:04<00:00,  5.84it/s, loss=0.0159]
Epoch 186/1000 | Loss: 0.0606 | Best: 0.0357 | Time: 4.1s | Elapsed: 0.3h | ETA: 64m | LR: 0.000183
Epoch 187/1000: 100%|██████████████| 24/24 [00:04<00:00,  5.90it/s, loss=0.0099]
Epoch 187/1000 | Loss: 0.0470 | Best: 0.0357 | Time: 4.1s | Elapsed: 0.3h | ETA: 64m | LR: 0.000183
Epoch 188/1000: 100%|██████████████| 24/24 [00:04<00:00,  5.89it/s, loss=0.0673]
Epoch 188/1000 | Loss: 0.0519 | Best: 0.0357 | Time: 4.1s | Elapsed: 0.3h | ETA: 64m | LR: 0.000183
Epoch 189/1000: 100%|██████████████| 24/24 [00:04<00:00,  5.86it/s, loss=0.0370]
Epoch 189/1000 | Loss: 0.0422 | Best: 0.0357 | Time: 4.1s | Elapsed: 0.3h | ETA: 64m | LR: 0.000183
Epoch 190/1000: 100%|██████████████| 24/24 [00:04<00:00,  5.90it/s, loss=0.0121]
Epoch 190/1000 | Loss: 0.0556 | Best: 0.0357 | Time: 4.1s | Elapsed: 0.3h | ETA: 64m | LR: 0.000183
  Generating samples at epoch 190...
DDIM Sampling: 100%|████████████████████████████| 50/50 [00:01<00:00, 25.43it/s]
DDIM Sampling: 100%|████████████████████████████| 50/50 [00:01<00:00, 25.40it/s]
DDIM Sampling: 100%|████████████████████████████| 50/50 [00:01<00:00, 25.38it/s]
Epoch 191/1000: 100%|██████████████| 24/24 [00:04<00:00,  5.92it/s, loss=0.0941]
Epoch 191/1000 | Loss: 0.0483 | Best: 0.0357 | Time: 4.1s | Elapsed: 0.3h | ETA: 63m | LR: 0.000183
Epoch 192/1000: 100%|██████████████| 24/24 [00:04<00:00,  5.93it/s, loss=0.0219]
Epoch 192/1000 | Loss: 0.0598 | Best: 0.0357 | Time: 4.0s | Elapsed: 0.3h | ETA: 63m | LR: 0.000182
Epoch 193/1000: 100%|██████████████| 24/24 [00:04<00:00,  5.93it/s, loss=0.0873]
Epoch 193/1000 | Loss: 0.0561 | Best: 0.0357 | Time: 4.0s | Elapsed: 0.3h | ETA: 63m | LR: 0.000182
Epoch 194/1000: 100%|██████████████| 24/24 [00:04<00:00,  5.90it/s, loss=0.0647]
Epoch 194/1000 | Loss: 0.0477 | Best: 0.0357 | Time: 4.1s | Elapsed: 0.3h | ETA: 63m | LR: 0.000182
Epoch 195/1000: 100%|██████████████| 24/24 [00:04<00:00,  5.96it/s, loss=0.0147]
Epoch 195/1000 | Loss: 0.0576 | Best: 0.0357 | Time: 4.0s | Elapsed: 0.3h | ETA: 63m | LR: 0.000182
Epoch 196/1000: 100%|██████████████| 24/24 [00:04<00:00,  5.96it/s, loss=0.0208]
Epoch 196/1000 | Loss: 0.0514 | Best: 0.0357 | Time: 4.0s | Elapsed: 0.3h | ETA: 63m | LR: 0.000182
Epoch 197/1000: 100%|██████████████| 24/24 [00:04<00:00,  5.91it/s, loss=0.0783]
Epoch 197/1000 | Loss: 0.0519 | Best: 0.0357 | Time: 4.1s | Elapsed: 0.3h | ETA: 63m | LR: 0.000181
Epoch 198/1000: 100%|██████████████| 24/24 [00:04<00:00,  5.94it/s, loss=0.0730]
Epoch 198/1000 | Loss: 0.0377 | Best: 0.0357 | Time: 4.0s | Elapsed: 0.3h | ETA: 63m | LR: 0.000181
Epoch 199/1000: 100%|██████████████| 24/24 [00:04<00:00,  5.93it/s, loss=0.0239]
Epoch 199/1000 | Loss: 0.0483 | Best: 0.0357 | Time: 4.0s | Elapsed: 0.3h | ETA: 62m | LR: 0.000181
Epoch 200/1000: 100%|██████████████| 24/24 [00:04<00:00,  5.96it/s, loss=0.0562]
Epoch 200/1000 | Loss: 0.0428 | Best: 0.0357 | Time: 4.0s | Elapsed: 0.3h | ETA: 62m | LR: 0.000181
  Generating samples at epoch 200...
DDIM Sampling: 100%|████████████████████████████| 50/50 [00:01<00:00, 25.44it/s]
DDIM Sampling: 100%|████████████████████████████| 50/50 [00:01<00:00, 25.44it/s]
DDIM Sampling: 100%|████████████████████████████| 50/50 [00:01<00:00, 25.54it/s]
Epoch 201/1000: 100%|██████████████| 24/24 [00:03<00:00,  6.00it/s, loss=0.0462]
Epoch 201/1000 | Loss: 0.0451 | Best: 0.0357 | Time: 4.0s | Elapsed: 0.3h | ETA: 62m | LR: 0.000181
Epoch 202/1000: 100%|██████████████| 24/24 [00:04<00:00,  5.98it/s, loss=0.0167]
Epoch 202/1000 | Loss: 0.0491 | Best: 0.0357 | Time: 4.0s | Elapsed: 0.3h | ETA: 62m | LR: 0.000181
Epoch 203/1000: 100%|██████████████| 24/24 [00:04<00:00,  5.99it/s, loss=0.0139]
Epoch 203/1000 | Loss: 0.0572 | Best: 0.0357 | Time: 4.0s | Elapsed: 0.3h | ETA: 62m | LR: 0.000180
Epoch 204/1000: 100%|██████████████| 24/24 [00:03<00:00,  6.00it/s, loss=0.0146]
Epoch 204/1000 | Loss: 0.0577 | Best: 0.0357 | Time: 4.0s | Elapsed: 0.3h | ETA: 62m | LR: 0.000180
Epoch 205/1000: 100%|██████████████| 24/24 [00:04<00:00,  5.96it/s, loss=0.0227]
Epoch 205/1000 | Loss: 0.0571 | Best: 0.0357 | Time: 4.0s | Elapsed: 0.3h | ETA: 62m | LR: 0.000180
Epoch 206/1000: 100%|██████████████| 24/24 [00:04<00:00,  5.97it/s, loss=0.0212]
Epoch 206/1000 | Loss: 0.0560 | Best: 0.0357 | Time: 4.0s | Elapsed: 0.3h | ETA: 62m | LR: 0.000180
Epoch 207/1000: 100%|██████████████| 24/24 [00:04<00:00,  5.96it/s, loss=0.0835]
Epoch 207/1000 | Loss: 0.0582 | Best: 0.0357 | Time: 4.0s | Elapsed: 0.3h | ETA: 61m | LR: 0.000180
Epoch 208/1000: 100%|██████████████| 24/24 [00:04<00:00,  5.97it/s, loss=0.0133]
Epoch 208/1000 | Loss: 0.0522 | Best: 0.0357 | Time: 4.0s | Elapsed: 0.3h | ETA: 61m | LR: 0.000179
Epoch 209/1000: 100%|██████████████| 24/24 [00:04<00:00,  5.96it/s, loss=0.0604]
Epoch 209/1000 | Loss: 0.0565 | Best: 0.0357 | Time: 4.0s | Elapsed: 0.3h | ETA: 61m | LR: 0.000179
Epoch 210/1000: 100%|██████████████| 24/24 [00:04<00:00,  5.88it/s, loss=0.0493]
Epoch 210/1000 | Loss: 0.0487 | Best: 0.0357 | Time: 4.1s | Elapsed: 0.3h | ETA: 61m | LR: 0.000179
  Generating samples at epoch 210...
DDIM Sampling: 100%|████████████████████████████| 50/50 [00:01<00:00, 25.53it/s]
DDIM Sampling: 100%|████████████████████████████| 50/50 [00:01<00:00, 25.46it/s]
DDIM Sampling: 100%|████████████████████████████| 50/50 [00:01<00:00, 25.45it/s]
Epoch 211/1000: 100%|██████████████| 24/24 [00:04<00:00,  5.98it/s, loss=0.0177]
Epoch 211/1000 | Loss: 0.0617 | Best: 0.0357 | Time: 4.0s | Elapsed: 0.3h | ETA: 61m | LR: 0.000179
Epoch 212/1000: 100%|██████████████| 24/24 [00:04<00:00,  5.99it/s, loss=0.0755]
Epoch 212/1000 | Loss: 0.0381 | Best: 0.0357 | Time: 4.0s | Elapsed: 0.3h | ETA: 61m | LR: 0.000179
Epoch 213/1000: 100%|██████████████| 24/24 [00:04<00:00,  5.96it/s, loss=0.0818]
Epoch 213/1000 | Loss: 0.0502 | Best: 0.0357 | Time: 4.0s | Elapsed: 0.3h | ETA: 61m | LR: 0.000178
Epoch 214/1000: 100%|██████████████| 24/24 [00:04<00:00,  5.96it/s, loss=0.0218]
Epoch 214/1000 | Loss: 0.0442 | Best: 0.0357 | Time: 4.0s | Elapsed: 0.3h | ETA: 61m | LR: 0.000178
Epoch 215/1000: 100%|██████████████| 24/24 [00:04<00:00,  5.95it/s, loss=0.0321]
Epoch 215/1000 | Loss: 0.0555 | Best: 0.0357 | Time: 4.0s | Elapsed: 0.3h | ETA: 61m | LR: 0.000178
Epoch 216/1000: 100%|██████████████| 24/24 [00:04<00:00,  5.95it/s, loss=0.0387]
Epoch 216/1000 | Loss: 0.0636 | Best: 0.0357 | Time: 4.0s | Elapsed: 0.3h | ETA: 60m | LR: 0.000178
Epoch 217/1000: 100%|██████████████| 24/24 [00:04<00:00,  5.92it/s, loss=0.1343]
Epoch 217/1000 | Loss: 0.0562 | Best: 0.0357 | Time: 4.1s | Elapsed: 0.3h | ETA: 60m | LR: 0.000178
Epoch 218/1000: 100%|██████████████| 24/24 [00:04<00:00,  5.96it/s, loss=0.0575]
Epoch 218/1000 | Loss: 0.0561 | Best: 0.0357 | Time: 4.0s | Elapsed: 0.3h | ETA: 60m | LR: 0.000177
Epoch 219/1000: 100%|██████████████| 24/24 [00:04<00:00,  5.96it/s, loss=0.0256]
Epoch 219/1000 | Loss: 0.0529 | Best: 0.0357 | Time: 4.0s | Elapsed: 0.3h | ETA: 60m | LR: 0.000177
Epoch 220/1000: 100%|██████████████| 24/24 [00:04<00:00,  5.91it/s, loss=0.0785]
Epoch 220/1000 | Loss: 0.0481 | Best: 0.0357 | Time: 4.1s | Elapsed: 0.3h | ETA: 60m | LR: 0.000177
  Generating samples at epoch 220...
DDIM Sampling: 100%|████████████████████████████| 50/50 [00:01<00:00, 25.37it/s]
DDIM Sampling: 100%|████████████████████████████| 50/50 [00:01<00:00, 25.44it/s]
DDIM Sampling: 100%|████████████████████████████| 50/50 [00:01<00:00, 25.46it/s]
Epoch 221/1000: 100%|██████████████| 24/24 [00:03<00:00,  6.02it/s, loss=0.0699]
Epoch 221/1000 | Loss: 0.0459 | Best: 0.0357 | Time: 4.0s | Elapsed: 0.3h | ETA: 60m | LR: 0.000177
Epoch 222/1000: 100%|██████████████| 24/24 [00:04<00:00,  5.94it/s, loss=0.1422]
Epoch 222/1000 | Loss: 0.0575 | Best: 0.0357 | Time: 4.0s | Elapsed: 0.3h | ETA: 60m | LR: 0.000177
Epoch 223/1000: 100%|██████████████| 24/24 [00:04<00:00,  5.96it/s, loss=0.0154]
Epoch 223/1000 | Loss: 0.0344 | Best: 0.0357 | Time: 4.0s | Elapsed: 0.3h | ETA: 60m | LR: 0.000176
Epoch 224/1000: 100%|██████████████| 24/24 [00:03<00:00,  6.01it/s, loss=0.0474]
Epoch 224/1000 | Loss: 0.0478 | Best: 0.0344 | Time: 4.0s | Elapsed: 0.3h | ETA: 60m | LR: 0.000176
Epoch 225/1000: 100%|██████████████| 24/24 [00:04<00:00,  6.00it/s, loss=0.1043]
Epoch 225/1000 | Loss: 0.0504 | Best: 0.0344 | Time: 4.0s | Elapsed: 0.3h | ETA: 59m | LR: 0.000176
Epoch 226/1000: 100%|██████████████| 24/24 [00:03<00:00,  6.04it/s, loss=0.1496]
Epoch 226/1000 | Loss: 0.0445 | Best: 0.0344 | Time: 4.0s | Elapsed: 0.3h | ETA: 59m | LR: 0.000176
Epoch 227/1000: 100%|██████████████| 24/24 [00:04<00:00,  5.99it/s, loss=0.0253]
Epoch 227/1000 | Loss: 0.0454 | Best: 0.0344 | Time: 4.0s | Elapsed: 0.3h | ETA: 59m | LR: 0.000176
Epoch 228/1000: 100%|██████████████| 24/24 [00:04<00:00,  5.96it/s, loss=0.0608]
Epoch 228/1000 | Loss: 0.0441 | Best: 0.0344 | Time: 4.0s | Elapsed: 0.3h | ETA: 59m | LR: 0.000175
Epoch 229/1000: 100%|██████████████| 24/24 [00:04<00:00,  5.98it/s, loss=0.0810]
Epoch 229/1000 | Loss: 0.0417 | Best: 0.0344 | Time: 4.0s | Elapsed: 0.3h | ETA: 59m | LR: 0.000175
Epoch 230/1000: 100%|██████████████| 24/24 [00:04<00:00,  5.95it/s, loss=0.0586]
Epoch 230/1000 | Loss: 0.0611 | Best: 0.0344 | Time: 4.0s | Elapsed: 0.3h | ETA: 59m | LR: 0.000175
  Generating samples at epoch 230...
DDIM Sampling: 100%|████████████████████████████| 50/50 [00:01<00:00, 25.42it/s]
DDIM Sampling: 100%|████████████████████████████| 50/50 [00:01<00:00, 25.39it/s]
DDIM Sampling: 100%|████████████████████████████| 50/50 [00:01<00:00, 25.43it/s]
Epoch 231/1000: 100%|██████████████| 24/24 [00:04<00:00,  5.96it/s, loss=0.0666]
Epoch 231/1000 | Loss: 0.0337 | Best: 0.0344 | Time: 4.0s | Elapsed: 0.3h | ETA: 59m | LR: 0.000175
Epoch 232/1000: 100%|██████████████| 24/24 [00:04<00:00,  5.88it/s, loss=0.1040]
Epoch 232/1000 | Loss: 0.0546 | Best: 0.0337 | Time: 4.1s | Elapsed: 0.3h | ETA: 59m | LR: 0.000175
Epoch 233/1000: 100%|██████████████| 24/24 [00:04<00:00,  5.96it/s, loss=0.0583]
Epoch 233/1000 | Loss: 0.0444 | Best: 0.0337 | Time: 4.0s | Elapsed: 0.3h | ETA: 59m | LR: 0.000174
Epoch 234/1000: 100%|██████████████| 24/24 [00:04<00:00,  5.96it/s, loss=0.0371]
Epoch 234/1000 | Loss: 0.0680 | Best: 0.0337 | Time: 4.0s | Elapsed: 0.3h | ETA: 58m | LR: 0.000174
Epoch 235/1000: 100%|██████████████| 24/24 [00:04<00:00,  5.84it/s, loss=0.0751]
Epoch 235/1000 | Loss: 0.0502 | Best: 0.0337 | Time: 4.1s | Elapsed: 0.3h | ETA: 58m | LR: 0.000174
Epoch 236/1000: 100%|██████████████| 24/24 [00:04<00:00,  5.96it/s, loss=0.0200]
Epoch 236/1000 | Loss: 0.0458 | Best: 0.0337 | Time: 4.0s | Elapsed: 0.3h | ETA: 58m | LR: 0.000174
Epoch 237/1000: 100%|██████████████| 24/24 [00:04<00:00,  5.93it/s, loss=0.0716]
Epoch 237/1000 | Loss: 0.0572 | Best: 0.0337 | Time: 4.0s | Elapsed: 0.3h | ETA: 58m | LR: 0.000174
Epoch 238/1000: 100%|██████████████| 24/24 [00:04<00:00,  5.93it/s, loss=0.0464]
Epoch 238/1000 | Loss: 0.0568 | Best: 0.0337 | Time: 4.0s | Elapsed: 0.3h | ETA: 58m | LR: 0.000173
Epoch 239/1000: 100%|██████████████| 24/24 [00:04<00:00,  5.93it/s, loss=0.0510]
Epoch 239/1000 | Loss: 0.0379 | Best: 0.0337 | Time: 4.0s | Elapsed: 0.3h | ETA: 58m | LR: 0.000173
Epoch 240/1000: 100%|██████████████| 24/24 [00:04<00:00,  6.00it/s, loss=0.0703]
Epoch 240/1000 | Loss: 0.0567 | Best: 0.0337 | Time: 4.0s | Elapsed: 0.3h | ETA: 58m | LR: 0.000173
  Generating samples at epoch 240...
DDIM Sampling: 100%|████████████████████████████| 50/50 [00:01<00:00, 25.47it/s]
DDIM Sampling: 100%|████████████████████████████| 50/50 [00:01<00:00, 25.53it/s]
DDIM Sampling: 100%|████████████████████████████| 50/50 [00:01<00:00, 25.45it/s]
Epoch 241/1000: 100%|██████████████| 24/24 [00:03<00:00,  6.05it/s, loss=0.0380]
Epoch 241/1000 | Loss: 0.0473 | Best: 0.0337 | Time: 4.0s | Elapsed: 0.4h | ETA: 58m | LR: 0.000173
Epoch 242/1000: 100%|██████████████| 24/24 [00:04<00:00,  6.00it/s, loss=0.0611]
Epoch 242/1000 | Loss: 0.0464 | Best: 0.0337 | Time: 4.0s | Elapsed: 0.4h | ETA: 58m | LR: 0.000172
Epoch 243/1000: 100%|██████████████| 24/24 [00:03<00:00,  6.01it/s, loss=0.0221]
Epoch 243/1000 | Loss: 0.0461 | Best: 0.0337 | Time: 4.0s | Elapsed: 0.4h | ETA: 58m | LR: 0.000172
Epoch 244/1000: 100%|██████████████| 24/24 [00:03<00:00,  6.01it/s, loss=0.0899]
Epoch 244/1000 | Loss: 0.0402 | Best: 0.0337 | Time: 4.0s | Elapsed: 0.4h | ETA: 57m | LR: 0.000172
Epoch 245/1000: 100%|██████████████| 24/24 [00:04<00:00,  5.95it/s, loss=0.1566]
Epoch 245/1000 | Loss: 0.0459 | Best: 0.0337 | Time: 4.0s | Elapsed: 0.4h | ETA: 57m | LR: 0.000172
Epoch 246/1000: 100%|██████████████| 24/24 [00:04<00:00,  5.95it/s, loss=0.0192]
Epoch 246/1000 | Loss: 0.0407 | Best: 0.0337 | Time: 4.0s | Elapsed: 0.4h | ETA: 57m | LR: 0.000172
Epoch 247/1000: 100%|██████████████| 24/24 [00:04<00:00,  5.98it/s, loss=0.0122]
Epoch 247/1000 | Loss: 0.0481 | Best: 0.0337 | Time: 4.0s | Elapsed: 0.4h | ETA: 57m | LR: 0.000171
Epoch 248/1000: 100%|██████████████| 24/24 [00:04<00:00,  5.96it/s, loss=0.0139]
Epoch 248/1000 | Loss: 0.0540 | Best: 0.0337 | Time: 4.0s | Elapsed: 0.4h | ETA: 57m | LR: 0.000171
Epoch 249/1000: 100%|██████████████| 24/24 [00:04<00:00,  5.93it/s, loss=0.0356]
Epoch 249/1000 | Loss: 0.0594 | Best: 0.0337 | Time: 4.0s | Elapsed: 0.4h | ETA: 57m | LR: 0.000171
Epoch 250/1000: 100%|██████████████| 24/24 [00:04<00:00,  5.96it/s, loss=0.0378]
Epoch 250/1000 | Loss: 0.0393 | Best: 0.0337 | Time: 4.0s | Elapsed: 0.4h | ETA: 57m | LR: 0.000171
  Generating samples at epoch 250...
DDIM Sampling: 100%|████████████████████████████| 50/50 [00:01<00:00, 25.39it/s]
DDIM Sampling: 100%|████████████████████████████| 50/50 [00:01<00:00, 25.44it/s]
DDIM Sampling: 100%|████████████████████████████| 50/50 [00:01<00:00, 25.45it/s]
Epoch 251/1000: 100%|██████████████| 24/24 [00:04<00:00,  5.96it/s, loss=0.0158]
Epoch 251/1000 | Loss: 0.0504 | Best: 0.0337 | Time: 4.0s | Elapsed: 0.4h | ETA: 57m | LR: 0.000170
Epoch 252/1000: 100%|██████████████| 24/24 [00:04<00:00,  6.00it/s, loss=0.0661]
Epoch 252/1000 | Loss: 0.0569 | Best: 0.0337 | Time: 4.0s | Elapsed: 0.4h | ETA: 57m | LR: 0.000170
Epoch 253/1000: 100%|██████████████| 24/24 [00:04<00:00,  5.95it/s, loss=0.0161]
Epoch 253/1000 | Loss: 0.0404 | Best: 0.0337 | Time: 4.0s | Elapsed: 0.4h | ETA: 57m | LR: 0.000170
Epoch 254/1000: 100%|██████████████| 24/24 [00:04<00:00,  5.99it/s, loss=0.0527]
Epoch 254/1000 | Loss: 0.0548 | Best: 0.0337 | Time: 4.0s | Elapsed: 0.4h | ETA: 56m | LR: 0.000170
Epoch 255/1000: 100%|██████████████| 24/24 [00:04<00:00,  5.92it/s, loss=0.0386]
Epoch 255/1000 | Loss: 0.0486 | Best: 0.0337 | Time: 4.1s | Elapsed: 0.4h | ETA: 56m | LR: 0.000170
Epoch 256/1000: 100%|██████████████| 24/24 [00:04<00:00,  6.00it/s, loss=0.0842]
Epoch 256/1000 | Loss: 0.0529 | Best: 0.0337 | Time: 4.0s | Elapsed: 0.4h | ETA: 56m | LR: 0.000169
Epoch 257/1000: 100%|██████████████| 24/24 [00:04<00:00,  5.93it/s, loss=0.0148]
Epoch 257/1000 | Loss: 0.0592 | Best: 0.0337 | Time: 4.0s | Elapsed: 0.4h | ETA: 56m | LR: 0.000169
Epoch 258/1000: 100%|██████████████| 24/24 [00:04<00:00,  5.98it/s, loss=0.0741]
Epoch 258/1000 | Loss: 0.0547 | Best: 0.0337 | Time: 4.0s | Elapsed: 0.4h | ETA: 56m | LR: 0.000169
Epoch 259/1000: 100%|██████████████| 24/24 [00:04<00:00,  5.96it/s, loss=0.1519]
Epoch 259/1000 | Loss: 0.0548 | Best: 0.0337 | Time: 4.0s | Elapsed: 0.4h | ETA: 56m | LR: 0.000169
Epoch 260/1000: 100%|██████████████| 24/24 [00:04<00:00,  5.98it/s, loss=0.0423]
Epoch 260/1000 | Loss: 0.0522 | Best: 0.0337 | Time: 4.0s | Elapsed: 0.4h | ETA: 56m | LR: 0.000168
  Generating samples at epoch 260...
DDIM Sampling: 100%|████████████████████████████| 50/50 [00:01<00:00, 25.49it/s]
DDIM Sampling: 100%|████████████████████████████| 50/50 [00:01<00:00, 25.40it/s]
DDIM Sampling: 100%|████████████████████████████| 50/50 [00:01<00:00, 25.47it/s]
Epoch 261/1000: 100%|██████████████| 24/24 [00:04<00:00,  5.94it/s, loss=0.0357]
Epoch 261/1000 | Loss: 0.0535 | Best: 0.0337 | Time: 4.0s | Elapsed: 0.4h | ETA: 56m | LR: 0.000168
Epoch 262/1000: 100%|██████████████| 24/24 [00:04<00:00,  5.97it/s, loss=0.0414]
Epoch 262/1000 | Loss: 0.0374 | Best: 0.0337 | Time: 4.0s | Elapsed: 0.4h | ETA: 56m | LR: 0.000168
Epoch 263/1000: 100%|██████████████| 24/24 [00:04<00:00,  5.96it/s, loss=0.0482]
Epoch 263/1000 | Loss: 0.0473 | Best: 0.0337 | Time: 4.0s | Elapsed: 0.4h | ETA: 56m | LR: 0.000168
Epoch 264/1000: 100%|██████████████| 24/24 [00:04<00:00,  5.96it/s, loss=0.0489]
Epoch 264/1000 | Loss: 0.0509 | Best: 0.0337 | Time: 4.0s | Elapsed: 0.4h | ETA: 55m | LR: 0.000168
Epoch 265/1000: 100%|██████████████| 24/24 [00:04<00:00,  5.93it/s, loss=0.0236]
Epoch 265/1000 | Loss: 0.0494 | Best: 0.0337 | Time: 4.0s | Elapsed: 0.4h | ETA: 55m | LR: 0.000167
Epoch 266/1000: 100%|██████████████| 24/24 [00:04<00:00,  5.93it/s, loss=0.1257]
Epoch 266/1000 | Loss: 0.0516 | Best: 0.0337 | Time: 4.0s | Elapsed: 0.4h | ETA: 55m | LR: 0.000167
Epoch 267/1000: 100%|██████████████| 24/24 [00:04<00:00,  5.96it/s, loss=0.0918]
Epoch 267/1000 | Loss: 0.0540 | Best: 0.0337 | Time: 4.0s | Elapsed: 0.4h | ETA: 55m | LR: 0.000167
Epoch 268/1000: 100%|██████████████| 24/24 [00:04<00:00,  5.93it/s, loss=0.0377]
Epoch 268/1000 | Loss: 0.0338 | Best: 0.0337 | Time: 4.0s | Elapsed: 0.4h | ETA: 55m | LR: 0.000167
Epoch 269/1000: 100%|██████████████| 24/24 [00:04<00:00,  5.87it/s, loss=0.0807]
Epoch 269/1000 | Loss: 0.0584 | Best: 0.0337 | Time: 4.1s | Elapsed: 0.4h | ETA: 55m | LR: 0.000166
Epoch 270/1000: 100%|██████████████| 24/24 [00:04<00:00,  5.91it/s, loss=0.0170]
Epoch 270/1000 | Loss: 0.0472 | Best: 0.0337 | Time: 4.1s | Elapsed: 0.4h | ETA: 55m | LR: 0.000166
  Generating samples at epoch 270...
DDIM Sampling: 100%|████████████████████████████| 50/50 [00:01<00:00, 25.41it/s]
DDIM Sampling: 100%|████████████████████████████| 50/50 [00:01<00:00, 25.49it/s]
DDIM Sampling: 100%|████████████████████████████| 50/50 [00:01<00:00, 25.48it/s]
Epoch 271/1000: 100%|██████████████| 24/24 [00:04<00:00,  5.99it/s, loss=0.0613]
Epoch 271/1000 | Loss: 0.0475 | Best: 0.0337 | Time: 4.0s | Elapsed: 0.4h | ETA: 55m | LR: 0.000166
Epoch 272/1000: 100%|██████████████| 24/24 [00:04<00:00,  5.95it/s, loss=0.0120]
Epoch 272/1000 | Loss: 0.0514 | Best: 0.0337 | Time: 4.0s | Elapsed: 0.4h | ETA: 55m | LR: 0.000166
Epoch 273/1000: 100%|██████████████| 24/24 [00:04<00:00,  6.00it/s, loss=0.0610]
Epoch 273/1000 | Loss: 0.0625 | Best: 0.0337 | Time: 4.0s | Elapsed: 0.4h | ETA: 55m | LR: 0.000165
Epoch 274/1000: 100%|██████████████| 24/24 [00:04<00:00,  5.96it/s, loss=0.0509]
Epoch 274/1000 | Loss: 0.0535 | Best: 0.0337 | Time: 4.0s | Elapsed: 0.4h | ETA: 54m | LR: 0.000165
Epoch 275/1000: 100%|██████████████| 24/24 [00:04<00:00,  5.95it/s, loss=0.0602]
Epoch 275/1000 | Loss: 0.0503 | Best: 0.0337 | Time: 4.0s | Elapsed: 0.4h | ETA: 54m | LR: 0.000165
Epoch 276/1000: 100%|██████████████| 24/24 [00:04<00:00,  5.98it/s, loss=0.1030]
Epoch 276/1000 | Loss: 0.0642 | Best: 0.0337 | Time: 4.0s | Elapsed: 0.4h | ETA: 54m | LR: 0.000165
Epoch 277/1000: 100%|██████████████| 24/24 [00:04<00:00,  5.96it/s, loss=0.1025]
Epoch 277/1000 | Loss: 0.0653 | Best: 0.0337 | Time: 4.0s | Elapsed: 0.4h | ETA: 54m | LR: 0.000164
Epoch 278/1000: 100%|██████████████| 24/24 [00:04<00:00,  5.93it/s, loss=0.0649]
Epoch 278/1000 | Loss: 0.0537 | Best: 0.0337 | Time: 4.0s | Elapsed: 0.4h | ETA: 54m | LR: 0.000164
Epoch 279/1000: 100%|██████████████| 24/24 [00:04<00:00,  5.90it/s, loss=0.0275]
Epoch 279/1000 | Loss: 0.0582 | Best: 0.0337 | Time: 4.1s | Elapsed: 0.4h | ETA: 54m | LR: 0.000164
Epoch 280/1000: 100%|██████████████| 24/24 [00:04<00:00,  5.96it/s, loss=0.0212]
Epoch 280/1000 | Loss: 0.0451 | Best: 0.0337 | Time: 4.0s | Elapsed: 0.4h | ETA: 54m | LR: 0.000164
  Generating samples at epoch 280...
DDIM Sampling: 100%|████████████████████████████| 50/50 [00:01<00:00, 25.43it/s]
DDIM Sampling: 100%|████████████████████████████| 50/50 [00:01<00:00, 25.44it/s]
DDIM Sampling: 100%|████████████████████████████| 50/50 [00:01<00:00, 25.43it/s]
Epoch 281/1000: 100%|██████████████| 24/24 [00:04<00:00,  5.97it/s, loss=0.0679]
Epoch 281/1000 | Loss: 0.0540 | Best: 0.0337 | Time: 4.0s | Elapsed: 0.4h | ETA: 54m | LR: 0.000164
Epoch 282/1000: 100%|██████████████| 24/24 [00:04<00:00,  5.93it/s, loss=0.0297]
Epoch 282/1000 | Loss: 0.0570 | Best: 0.0337 | Time: 4.0s | Elapsed: 0.4h | ETA: 54m | LR: 0.000163
Epoch 283/1000: 100%|██████████████| 24/24 [00:04<00:00,  5.96it/s, loss=0.0416]
Epoch 283/1000 | Loss: 0.0565 | Best: 0.0337 | Time: 4.0s | Elapsed: 0.4h | ETA: 54m | LR: 0.000163
Epoch 284/1000: 100%|██████████████| 24/24 [00:04<00:00,  5.96it/s, loss=0.0989]
Epoch 284/1000 | Loss: 0.0429 | Best: 0.0337 | Time: 4.0s | Elapsed: 0.4h | ETA: 54m | LR: 0.000163
Epoch 285/1000: 100%|██████████████| 24/24 [00:04<00:00,  5.93it/s, loss=0.1278]
Epoch 285/1000 | Loss: 0.0507 | Best: 0.0337 | Time: 4.0s | Elapsed: 0.4h | ETA: 53m | LR: 0.000163
Epoch 286/1000: 100%|██████████████| 24/24 [00:04<00:00,  5.97it/s, loss=0.0488]
Epoch 286/1000 | Loss: 0.0472 | Best: 0.0337 | Time: 4.0s | Elapsed: 0.4h | ETA: 53m | LR: 0.000162
Epoch 287/1000: 100%|██████████████| 24/24 [00:04<00:00,  5.96it/s, loss=0.0079]
Epoch 287/1000 | Loss: 0.0370 | Best: 0.0337 | Time: 4.0s | Elapsed: 0.4h | ETA: 53m | LR: 0.000162
Epoch 288/1000: 100%|██████████████| 24/24 [00:04<00:00,  5.98it/s, loss=0.0644]
Epoch 288/1000 | Loss: 0.0454 | Best: 0.0337 | Time: 4.0s | Elapsed: 0.4h | ETA: 53m | LR: 0.000162
Epoch 289/1000: 100%|██████████████| 24/24 [00:04<00:00,  5.87it/s, loss=0.0979]
Epoch 289/1000 | Loss: 0.0625 | Best: 0.0337 | Time: 4.1s | Elapsed: 0.4h | ETA: 53m | LR: 0.000162
Epoch 290/1000: 100%|██████████████| 24/24 [00:04<00:00,  5.98it/s, loss=0.0903]
Epoch 290/1000 | Loss: 0.0575 | Best: 0.0337 | Time: 4.0s | Elapsed: 0.4h | ETA: 53m | LR: 0.000161
  Generating samples at epoch 290...
DDIM Sampling: 100%|████████████████████████████| 50/50 [00:01<00:00, 25.45it/s]
DDIM Sampling: 100%|████████████████████████████| 50/50 [00:01<00:00, 25.38it/s]
DDIM Sampling: 100%|████████████████████████████| 50/50 [00:01<00:00, 25.44it/s]
Epoch 291/1000: 100%|██████████████| 24/24 [00:04<00:00,  5.97it/s, loss=0.0177]
Epoch 291/1000 | Loss: 0.0711 | Best: 0.0337 | Time: 4.0s | Elapsed: 0.4h | ETA: 53m | LR: 0.000161
Epoch 292/1000: 100%|██████████████| 24/24 [00:04<00:00,  5.99it/s, loss=0.0334]
Epoch 292/1000 | Loss: 0.0430 | Best: 0.0337 | Time: 4.0s | Elapsed: 0.4h | ETA: 53m | LR: 0.000161
Epoch 293/1000: 100%|██████████████| 24/24 [00:04<00:00,  5.91it/s, loss=0.0103]
Epoch 293/1000 | Loss: 0.0457 | Best: 0.0337 | Time: 4.1s | Elapsed: 0.4h | ETA: 53m | LR: 0.000161
Epoch 294/1000: 100%|██████████████| 24/24 [00:04<00:00,  5.96it/s, loss=0.0123]
Epoch 294/1000 | Loss: 0.0466 | Best: 0.0337 | Time: 4.0s | Elapsed: 0.4h | ETA: 53m | LR: 0.000160
Epoch 295/1000: 100%|██████████████| 24/24 [00:04<00:00,  5.90it/s, loss=0.0254]
Epoch 295/1000 | Loss: 0.0549 | Best: 0.0337 | Time: 4.1s | Elapsed: 0.4h | ETA: 52m | LR: 0.000160
Epoch 296/1000: 100%|██████████████| 24/24 [00:04<00:00,  5.93it/s, loss=0.0335]
Epoch 296/1000 | Loss: 0.0506 | Best: 0.0337 | Time: 4.0s | Elapsed: 0.4h | ETA: 52m | LR: 0.000160
Epoch 297/1000: 100%|██████████████| 24/24 [00:04<00:00,  5.96it/s, loss=0.0279]
Epoch 297/1000 | Loss: 0.0563 | Best: 0.0337 | Time: 4.0s | Elapsed: 0.4h | ETA: 52m | LR: 0.000160
Epoch 298/1000: 100%|██████████████| 24/24 [00:04<00:00,  5.97it/s, loss=0.0900]
Epoch 298/1000 | Loss: 0.0575 | Best: 0.0337 | Time: 4.0s | Elapsed: 0.4h | ETA: 52m | LR: 0.000159
Epoch 299/1000: 100%|██████████████| 24/24 [00:04<00:00,  5.99it/s, loss=0.0278]
Epoch 299/1000 | Loss: 0.0521 | Best: 0.0337 | Time: 4.0s | Elapsed: 0.4h | ETA: 52m | LR: 0.000159
Epoch 300/1000: 100%|██████████████| 24/24 [00:04<00:00,  6.00it/s, loss=0.0388]
Epoch 300/1000 | Loss: 0.0515 | Best: 0.0337 | Time: 4.0s | Elapsed: 0.4h | ETA: 52m | LR: 0.000159
  Generating samples at epoch 300...
DDIM Sampling: 100%|████████████████████████████| 50/50 [00:01<00:00, 25.55it/s]
DDIM Sampling: 100%|████████████████████████████| 50/50 [00:01<00:00, 25.57it/s]
DDIM Sampling: 100%|████████████████████████████| 50/50 [00:01<00:00, 25.60it/s]
Epoch 301/1000: 100%|██████████████| 24/24 [00:03<00:00,  6.02it/s, loss=0.0847]
Epoch 301/1000 | Loss: 0.0472 | Best: 0.0337 | Time: 4.0s | Elapsed: 0.4h | ETA: 52m | LR: 0.000159
Epoch 302/1000: 100%|██████████████| 24/24 [00:03<00:00,  6.06it/s, loss=0.0380]
Epoch 302/1000 | Loss: 0.0538 | Best: 0.0337 | Time: 4.0s | Elapsed: 0.4h | ETA: 52m | LR: 0.000158
Epoch 303/1000: 100%|██████████████| 24/24 [00:04<00:00,  5.97it/s, loss=0.0945]
Epoch 303/1000 | Loss: 0.0612 | Best: 0.0337 | Time: 4.0s | Elapsed: 0.4h | ETA: 52m | LR: 0.000158
Epoch 304/1000: 100%|██████████████| 24/24 [00:04<00:00,  5.95it/s, loss=0.0064]
Epoch 304/1000 | Loss: 0.0378 | Best: 0.0337 | Time: 4.0s | Elapsed: 0.4h | ETA: 52m | LR: 0.000158
Epoch 305/1000: 100%|██████████████| 24/24 [00:04<00:00,  5.95it/s, loss=0.0468]
Epoch 305/1000 | Loss: 0.0587 | Best: 0.0337 | Time: 4.0s | Elapsed: 0.4h | ETA: 52m | LR: 0.000158
Epoch 306/1000: 100%|██████████████| 24/24 [00:04<00:00,  5.93it/s, loss=0.0630]
Epoch 306/1000 | Loss: 0.0465 | Best: 0.0337 | Time: 4.1s | Elapsed: 0.4h | ETA: 51m | LR: 0.000157
Epoch 307/1000: 100%|██████████████| 24/24 [00:04<00:00,  5.91it/s, loss=0.0703]
Epoch 307/1000 | Loss: 0.0463 | Best: 0.0337 | Time: 4.1s | Elapsed: 0.4h | ETA: 51m | LR: 0.000157
Epoch 308/1000: 100%|██████████████| 24/24 [00:04<00:00,  5.96it/s, loss=0.0965]
Epoch 308/1000 | Loss: 0.0510 | Best: 0.0337 | Time: 4.0s | Elapsed: 0.4h | ETA: 51m | LR: 0.000157
Epoch 309/1000: 100%|██████████████| 24/24 [00:04<00:00,  5.87it/s, loss=0.1428]
Epoch 309/1000 | Loss: 0.0613 | Best: 0.0337 | Time: 4.1s | Elapsed: 0.4h | ETA: 51m | LR: 0.000156
Epoch 310/1000: 100%|██████████████| 24/24 [00:04<00:00,  5.84it/s, loss=0.0917]
Epoch 310/1000 | Loss: 0.0468 | Best: 0.0337 | Time: 4.1s | Elapsed: 0.4h | ETA: 51m | LR: 0.000156
  Generating samples at epoch 310...
DDIM Sampling: 100%|████████████████████████████| 50/50 [00:01<00:00, 25.45it/s]
DDIM Sampling: 100%|████████████████████████████| 50/50 [00:01<00:00, 25.44it/s]
DDIM Sampling: 100%|████████████████████████████| 50/50 [00:01<00:00, 25.49it/s]
Epoch 311/1000: 100%|██████████████| 24/24 [00:04<00:00,  5.94it/s, loss=0.0111]
Epoch 311/1000 | Loss: 0.0440 | Best: 0.0337 | Time: 4.0s | Elapsed: 0.4h | ETA: 51m | LR: 0.000156
Epoch 312/1000: 100%|██████████████| 24/24 [00:04<00:00,  5.97it/s, loss=0.0854]
Epoch 312/1000 | Loss: 0.0511 | Best: 0.0337 | Time: 4.0s | Elapsed: 0.4h | ETA: 51m | LR: 0.000156
Epoch 313/1000: 100%|██████████████| 24/24 [00:04<00:00,  5.99it/s, loss=0.0722]
Epoch 313/1000 | Loss: 0.0595 | Best: 0.0337 | Time: 4.0s | Elapsed: 0.4h | ETA: 51m | LR: 0.000155
Epoch 314/1000: 100%|██████████████| 24/24 [00:04<00:00,  6.00it/s, loss=0.0210]
Epoch 314/1000 | Loss: 0.0498 | Best: 0.0337 | Time: 4.0s | Elapsed: 0.4h | ETA: 51m | LR: 0.000155
Epoch 315/1000: 100%|██████████████| 24/24 [00:04<00:00,  5.96it/s, loss=0.0077]
Epoch 315/1000 | Loss: 0.0381 | Best: 0.0337 | Time: 4.0s | Elapsed: 0.4h | ETA: 51m | LR: 0.000155
Epoch 316/1000: 100%|██████████████| 24/24 [00:04<00:00,  5.93it/s, loss=0.0178]
Epoch 316/1000 | Loss: 0.0527 | Best: 0.0337 | Time: 4.0s | Elapsed: 0.4h | ETA: 51m | LR: 0.000155
Epoch 317/1000: 100%|██████████████| 24/24 [00:04<00:00,  5.99it/s, loss=0.0921]
Epoch 317/1000 | Loss: 0.0420 | Best: 0.0337 | Time: 4.0s | Elapsed: 0.4h | ETA: 51m | LR: 0.000154
Epoch 318/1000: 100%|██████████████| 24/24 [00:04<00:00,  5.97it/s, loss=0.1675]
Epoch 318/1000 | Loss: 0.0479 | Best: 0.0337 | Time: 4.0s | Elapsed: 0.5h | ETA: 50m | LR: 0.000154
Epoch 319/1000: 100%|██████████████| 24/24 [00:04<00:00,  5.97it/s, loss=0.0344]
Epoch 319/1000 | Loss: 0.0485 | Best: 0.0337 | Time: 4.0s | Elapsed: 0.5h | ETA: 50m | LR: 0.000154
Epoch 320/1000: 100%|██████████████| 24/24 [00:03<00:00,  6.02it/s, loss=0.0442]
Epoch 320/1000 | Loss: 0.0498 | Best: 0.0337 | Time: 4.0s | Elapsed: 0.5h | ETA: 50m | LR: 0.000154
  Generating samples at epoch 320...
DDIM Sampling: 100%|████████████████████████████| 50/50 [00:01<00:00, 25.57it/s]
DDIM Sampling: 100%|████████████████████████████| 50/50 [00:01<00:00, 25.54it/s]
DDIM Sampling: 100%|████████████████████████████| 50/50 [00:01<00:00, 25.53it/s]
Epoch 321/1000: 100%|██████████████| 24/24 [00:04<00:00,  5.98it/s, loss=0.0107]
Epoch 321/1000 | Loss: 0.0568 | Best: 0.0337 | Time: 4.0s | Elapsed: 0.5h | ETA: 50m | LR: 0.000153
Epoch 322/1000: 100%|██████████████| 24/24 [00:04<00:00,  5.99it/s, loss=0.0493]
Epoch 322/1000 | Loss: 0.0480 | Best: 0.0337 | Time: 4.0s | Elapsed: 0.5h | ETA: 50m | LR: 0.000153
Epoch 323/1000: 100%|██████████████| 24/24 [00:04<00:00,  5.97it/s, loss=0.0896]
Epoch 323/1000 | Loss: 0.0527 | Best: 0.0337 | Time: 4.0s | Elapsed: 0.5h | ETA: 50m | LR: 0.000153
Epoch 324/1000: 100%|██████████████| 24/24 [00:04<00:00,  5.90it/s, loss=0.0145]
Epoch 324/1000 | Loss: 0.0407 | Best: 0.0337 | Time: 4.1s | Elapsed: 0.5h | ETA: 50m | LR: 0.000153
Epoch 325/1000: 100%|██████████████| 24/24 [00:04<00:00,  5.96it/s, loss=0.0616]
Epoch 325/1000 | Loss: 0.0536 | Best: 0.0337 | Time: 4.0s | Elapsed: 0.5h | ETA: 50m | LR: 0.000152
Epoch 326/1000: 100%|██████████████| 24/24 [00:04<00:00,  5.95it/s, loss=0.0070]
Epoch 326/1000 | Loss: 0.0436 | Best: 0.0337 | Time: 4.0s | Elapsed: 0.5h | ETA: 50m | LR: 0.000152
Epoch 327/1000: 100%|██████████████| 24/24 [00:04<00:00,  5.96it/s, loss=0.0584]
Epoch 327/1000 | Loss: 0.0456 | Best: 0.0337 | Time: 4.0s | Elapsed: 0.5h | ETA: 50m | LR: 0.000152
Epoch 328/1000: 100%|██████████████| 24/24 [00:04<00:00,  5.95it/s, loss=0.0380]
Epoch 328/1000 | Loss: 0.0418 | Best: 0.0337 | Time: 4.0s | Elapsed: 0.5h | ETA: 50m | LR: 0.000151
Epoch 329/1000: 100%|██████████████| 24/24 [00:04<00:00,  5.96it/s, loss=0.0074]
Epoch 329/1000 | Loss: 0.0579 | Best: 0.0337 | Time: 4.0s | Elapsed: 0.5h | ETA: 49m | LR: 0.000151
Epoch 330/1000: 100%|██████████████| 24/24 [00:04<00:00,  5.95it/s, loss=0.0724]
Epoch 330/1000 | Loss: 0.0585 | Best: 0.0337 | Time: 4.0s | Elapsed: 0.5h | ETA: 49m | LR: 0.000151
  Generating samples at epoch 330...
DDIM Sampling: 100%|████████████████████████████| 50/50 [00:01<00:00, 25.41it/s]
DDIM Sampling: 100%|████████████████████████████| 50/50 [00:01<00:00, 25.47it/s]
DDIM Sampling: 100%|████████████████████████████| 50/50 [00:01<00:00, 25.44it/s]
Epoch 331/1000: 100%|██████████████| 24/24 [00:03<00:00,  6.01it/s, loss=0.0747]
Epoch 331/1000 | Loss: 0.0430 | Best: 0.0337 | Time: 4.0s | Elapsed: 0.5h | ETA: 49m | LR: 0.000151
Epoch 332/1000: 100%|██████████████| 24/24 [00:04<00:00,  5.95it/s, loss=0.0281]
Epoch 332/1000 | Loss: 0.0611 | Best: 0.0337 | Time: 4.0s | Elapsed: 0.5h | ETA: 49m | LR: 0.000150
Epoch 333/1000: 100%|██████████████| 24/24 [00:04<00:00,  5.99it/s, loss=0.0276]
Epoch 333/1000 | Loss: 0.0398 | Best: 0.0337 | Time: 4.0s | Elapsed: 0.5h | ETA: 49m | LR: 0.000150
Epoch 334/1000: 100%|██████████████| 24/24 [00:03<00:00,  6.02it/s, loss=0.0661]
Epoch 334/1000 | Loss: 0.0436 | Best: 0.0337 | Time: 4.0s | Elapsed: 0.5h | ETA: 49m | LR: 0.000150
Epoch 335/1000: 100%|██████████████| 24/24 [00:04<00:00,  5.93it/s, loss=0.0648]
Epoch 335/1000 | Loss: 0.0503 | Best: 0.0337 | Time: 4.0s | Elapsed: 0.5h | ETA: 49m | LR: 0.000150
Epoch 336/1000: 100%|██████████████| 24/24 [00:04<00:00,  5.96it/s, loss=0.0402]
Epoch 336/1000 | Loss: 0.0661 | Best: 0.0337 | Time: 4.0s | Elapsed: 0.5h | ETA: 49m | LR: 0.000149
Epoch 337/1000: 100%|██████████████| 24/24 [00:04<00:00,  5.91it/s, loss=0.0260]
Epoch 337/1000 | Loss: 0.0498 | Best: 0.0337 | Time: 4.1s | Elapsed: 0.5h | ETA: 49m | LR: 0.000149
Epoch 338/1000: 100%|██████████████| 24/24 [00:04<00:00,  5.97it/s, loss=0.0771]
Epoch 338/1000 | Loss: 0.0523 | Best: 0.0337 | Time: 4.0s | Elapsed: 0.5h | ETA: 49m | LR: 0.000149
Epoch 339/1000: 100%|██████████████| 24/24 [00:04<00:00,  5.99it/s, loss=0.0227]
Epoch 339/1000 | Loss: 0.0535 | Best: 0.0337 | Time: 4.0s | Elapsed: 0.5h | ETA: 49m | LR: 0.000148
Epoch 340/1000: 100%|██████████████| 24/24 [00:04<00:00,  5.93it/s, loss=0.0054]
Epoch 340/1000 | Loss: 0.0507 | Best: 0.0337 | Time: 4.0s | Elapsed: 0.5h | ETA: 48m | LR: 0.000148
  Generating samples at epoch 340...
DDIM Sampling: 100%|████████████████████████████| 50/50 [00:01<00:00, 25.48it/s]
DDIM Sampling: 100%|████████████████████████████| 50/50 [00:01<00:00, 25.52it/s]
DDIM Sampling: 100%|████████████████████████████| 50/50 [00:01<00:00, 25.50it/s]
Epoch 341/1000: 100%|██████████████| 24/24 [00:04<00:00,  5.91it/s, loss=0.0536]
Epoch 341/1000 | Loss: 0.0607 | Best: 0.0337 | Time: 4.1s | Elapsed: 0.5h | ETA: 48m | LR: 0.000148
Epoch 342/1000: 100%|██████████████| 24/24 [00:04<00:00,  5.91it/s, loss=0.0336]
Epoch 342/1000 | Loss: 0.0584 | Best: 0.0337 | Time: 4.1s | Elapsed: 0.5h | ETA: 48m | LR: 0.000148
Epoch 343/1000: 100%|██████████████| 24/24 [00:04<00:00,  5.87it/s, loss=0.0130]
Epoch 343/1000 | Loss: 0.0406 | Best: 0.0337 | Time: 4.1s | Elapsed: 0.5h | ETA: 48m | LR: 0.000147
Epoch 344/1000: 100%|██████████████| 24/24 [00:04<00:00,  5.95it/s, loss=0.0230]
Epoch 344/1000 | Loss: 0.0394 | Best: 0.0337 | Time: 4.0s | Elapsed: 0.5h | ETA: 48m | LR: 0.000147
Epoch 345/1000: 100%|██████████████| 24/24 [00:04<00:00,  5.92it/s, loss=0.0549]
Epoch 345/1000 | Loss: 0.0562 | Best: 0.0337 | Time: 4.1s | Elapsed: 0.5h | ETA: 48m | LR: 0.000147
Epoch 346/1000: 100%|██████████████| 24/24 [00:04<00:00,  5.97it/s, loss=0.0479]
Epoch 346/1000 | Loss: 0.0395 | Best: 0.0337 | Time: 4.0s | Elapsed: 0.5h | ETA: 48m | LR: 0.000147
Epoch 347/1000: 100%|██████████████| 24/24 [00:04<00:00,  5.87it/s, loss=0.0270]
Epoch 347/1000 | Loss: 0.0499 | Best: 0.0337 | Time: 4.1s | Elapsed: 0.5h | ETA: 48m | LR: 0.000146
Epoch 348/1000: 100%|██████████████| 24/24 [00:04<00:00,  5.90it/s, loss=0.0160]
Epoch 348/1000 | Loss: 0.0567 | Best: 0.0337 | Time: 4.1s | Elapsed: 0.5h | ETA: 48m | LR: 0.000146
Epoch 349/1000: 100%|██████████████| 24/24 [00:04<00:00,  5.90it/s, loss=0.0678]
Epoch 349/1000 | Loss: 0.0531 | Best: 0.0337 | Time: 4.1s | Elapsed: 0.5h | ETA: 48m | LR: 0.000146
Epoch 350/1000: 100%|██████████████| 24/24 [00:04<00:00,  5.96it/s, loss=0.0675]
Epoch 350/1000 | Loss: 0.0394 | Best: 0.0337 | Time: 4.0s | Elapsed: 0.5h | ETA: 48m | LR: 0.000145
  Generating samples at epoch 350...
DDIM Sampling: 100%|████████████████████████████| 50/50 [00:01<00:00, 25.46it/s]
DDIM Sampling: 100%|████████████████████████████| 50/50 [00:01<00:00, 25.37it/s]
DDIM Sampling: 100%|████████████████████████████| 50/50 [00:01<00:00, 25.43it/s]
Epoch 351/1000: 100%|██████████████| 24/24 [00:04<00:00,  5.95it/s, loss=0.0148]
Epoch 351/1000 | Loss: 0.0531 | Best: 0.0337 | Time: 4.0s | Elapsed: 0.5h | ETA: 48m | LR: 0.000145
Epoch 352/1000: 100%|██████████████| 24/24 [00:04<00:00,  5.91it/s, loss=0.0542]
Epoch 352/1000 | Loss: 0.0525 | Best: 0.0337 | Time: 4.1s | Elapsed: 0.5h | ETA: 47m | LR: 0.000145
Epoch 353/1000: 100%|██████████████| 24/24 [00:04<00:00,  5.96it/s, loss=0.0551]
Epoch 353/1000 | Loss: 0.0454 | Best: 0.0337 | Time: 4.0s | Elapsed: 0.5h | ETA: 47m | LR: 0.000145
Epoch 354/1000: 100%|██████████████| 24/24 [00:04<00:00,  5.93it/s, loss=0.0574]
Epoch 354/1000 | Loss: 0.0516 | Best: 0.0337 | Time: 4.0s | Elapsed: 0.5h | ETA: 47m | LR: 0.000144
Epoch 355/1000: 100%|██████████████| 24/24 [00:04<00:00,  5.99it/s, loss=0.0334]
Epoch 355/1000 | Loss: 0.0581 | Best: 0.0337 | Time: 4.0s | Elapsed: 0.5h | ETA: 47m | LR: 0.000144
Epoch 356/1000: 100%|██████████████| 24/24 [00:04<00:00,  5.95it/s, loss=0.0190]
Epoch 356/1000 | Loss: 0.0414 | Best: 0.0337 | Time: 4.0s | Elapsed: 0.5h | ETA: 47m | LR: 0.000144
Epoch 357/1000: 100%|██████████████| 24/24 [00:04<00:00,  5.94it/s, loss=0.0649]
Epoch 357/1000 | Loss: 0.0420 | Best: 0.0337 | Time: 4.0s | Elapsed: 0.5h | ETA: 47m | LR: 0.000143
Epoch 358/1000: 100%|██████████████| 24/24 [00:04<00:00,  5.90it/s, loss=0.0045]
Epoch 358/1000 | Loss: 0.0435 | Best: 0.0337 | Time: 4.1s | Elapsed: 0.5h | ETA: 47m | LR: 0.000143
Epoch 359/1000: 100%|██████████████| 24/24 [00:04<00:00,  5.93it/s, loss=0.0926]
Epoch 359/1000 | Loss: 0.0500 | Best: 0.0337 | Time: 4.0s | Elapsed: 0.5h | ETA: 47m | LR: 0.000143
Epoch 360/1000: 100%|██████████████| 24/24 [00:04<00:00,  5.93it/s, loss=0.0205]
Epoch 360/1000 | Loss: 0.0474 | Best: 0.0337 | Time: 4.1s | Elapsed: 0.5h | ETA: 47m | LR: 0.000143
  Generating samples at epoch 360...
DDIM Sampling: 100%|████████████████████████████| 50/50 [00:01<00:00, 25.46it/s]
DDIM Sampling: 100%|████████████████████████████| 50/50 [00:01<00:00, 25.48it/s]
DDIM Sampling: 100%|████████████████████████████| 50/50 [00:01<00:00, 25.46it/s]
Epoch 361/1000: 100%|██████████████| 24/24 [00:04<00:00,  5.90it/s, loss=0.0253]
Epoch 361/1000 | Loss: 0.0564 | Best: 0.0337 | Time: 4.1s | Elapsed: 0.5h | ETA: 47m | LR: 0.000142
Epoch 362/1000: 100%|██████████████| 24/24 [00:04<00:00,  5.96it/s, loss=0.0344]
Epoch 362/1000 | Loss: 0.0506 | Best: 0.0337 | Time: 4.0s | Elapsed: 0.5h | ETA: 47m | LR: 0.000142
Epoch 363/1000: 100%|██████████████| 24/24 [00:04<00:00,  5.96it/s, loss=0.0905]
Epoch 363/1000 | Loss: 0.0502 | Best: 0.0337 | Time: 4.0s | Elapsed: 0.5h | ETA: 47m | LR: 0.000142
Epoch 364/1000: 100%|██████████████| 24/24 [00:04<00:00,  5.99it/s, loss=0.1381]
Epoch 364/1000 | Loss: 0.0552 | Best: 0.0337 | Time: 4.0s | Elapsed: 0.5h | ETA: 46m | LR: 0.000141
Epoch 365/1000: 100%|██████████████| 24/24 [00:04<00:00,  5.96it/s, loss=0.0704]
Epoch 365/1000 | Loss: 0.0504 | Best: 0.0337 | Time: 4.0s | Elapsed: 0.5h | ETA: 46m | LR: 0.000141
Epoch 366/1000: 100%|██████████████| 24/24 [00:04<00:00,  5.93it/s, loss=0.0217]
Epoch 366/1000 | Loss: 0.0530 | Best: 0.0337 | Time: 4.0s | Elapsed: 0.5h | ETA: 46m | LR: 0.000141
Epoch 367/1000: 100%|██████████████| 24/24 [00:04<00:00,  5.99it/s, loss=0.0183]
Epoch 367/1000 | Loss: 0.0530 | Best: 0.0337 | Time: 4.0s | Elapsed: 0.5h | ETA: 46m | LR: 0.000141
Epoch 368/1000: 100%|██████████████| 24/24 [00:04<00:00,  5.90it/s, loss=0.0179]
Epoch 368/1000 | Loss: 0.0590 | Best: 0.0337 | Time: 4.1s | Elapsed: 0.5h | ETA: 46m | LR: 0.000140
Epoch 369/1000: 100%|██████████████| 24/24 [00:04<00:00,  5.93it/s, loss=0.0156]
Epoch 369/1000 | Loss: 0.0502 | Best: 0.0337 | Time: 4.0s | Elapsed: 0.5h | ETA: 46m | LR: 0.000140
Epoch 370/1000: 100%|██████████████| 24/24 [00:04<00:00,  5.97it/s, loss=0.0830]
Epoch 370/1000 | Loss: 0.0467 | Best: 0.0337 | Time: 4.0s | Elapsed: 0.5h | ETA: 46m | LR: 0.000140
  Generating samples at epoch 370...
DDIM Sampling: 100%|████████████████████████████| 50/50 [00:01<00:00, 25.34it/s]
DDIM Sampling: 100%|████████████████████████████| 50/50 [00:01<00:00, 25.42it/s]
DDIM Sampling: 100%|████████████████████████████| 50/50 [00:01<00:00, 25.42it/s]
Epoch 371/1000: 100%|██████████████| 24/24 [00:04<00:00,  5.96it/s, loss=0.0312]
Epoch 371/1000 | Loss: 0.0448 | Best: 0.0337 | Time: 4.0s | Elapsed: 0.5h | ETA: 46m | LR: 0.000139
Epoch 372/1000: 100%|██████████████| 24/24 [00:04<00:00,  5.96it/s, loss=0.0351]
Epoch 372/1000 | Loss: 0.0644 | Best: 0.0337 | Time: 4.0s | Elapsed: 0.5h | ETA: 46m | LR: 0.000139
Epoch 373/1000: 100%|██████████████| 24/24 [00:04<00:00,  5.96it/s, loss=0.0385]
Epoch 373/1000 | Loss: 0.0552 | Best: 0.0337 | Time: 4.0s | Elapsed: 0.5h | ETA: 46m | LR: 0.000139
Epoch 374/1000: 100%|██████████████| 24/24 [00:04<00:00,  5.95it/s, loss=0.0435]
Epoch 374/1000 | Loss: 0.0424 | Best: 0.0337 | Time: 4.0s | Elapsed: 0.5h | ETA: 46m | LR: 0.000139
Epoch 375/1000: 100%|██████████████| 24/24 [00:04<00:00,  5.95it/s, loss=0.1177]
Epoch 375/1000 | Loss: 0.0537 | Best: 0.0337 | Time: 4.0s | Elapsed: 0.5h | ETA: 46m | LR: 0.000138
Epoch 376/1000: 100%|██████████████| 24/24 [00:04<00:00,  5.93it/s, loss=0.0615]
Epoch 376/1000 | Loss: 0.0550 | Best: 0.0337 | Time: 4.0s | Elapsed: 0.5h | ETA: 45m | LR: 0.000138
Epoch 377/1000: 100%|██████████████| 24/24 [00:04<00:00,  5.93it/s, loss=0.0714]
Epoch 377/1000 | Loss: 0.0545 | Best: 0.0337 | Time: 4.1s | Elapsed: 0.5h | ETA: 45m | LR: 0.000138
Epoch 378/1000: 100%|██████████████| 24/24 [00:04<00:00,  5.93it/s, loss=0.0194]
Epoch 378/1000 | Loss: 0.0473 | Best: 0.0337 | Time: 4.0s | Elapsed: 0.5h | ETA: 45m | LR: 0.000137
Epoch 379/1000: 100%|██████████████| 24/24 [00:04<00:00,  5.94it/s, loss=0.0227]
Epoch 379/1000 | Loss: 0.0548 | Best: 0.0337 | Time: 4.0s | Elapsed: 0.5h | ETA: 45m | LR: 0.000137
Epoch 380/1000: 100%|██████████████| 24/24 [00:04<00:00,  5.90it/s, loss=0.0649]
Epoch 380/1000 | Loss: 0.0412 | Best: 0.0337 | Time: 4.1s | Elapsed: 0.5h | ETA: 45m | LR: 0.000137
  Generating samples at epoch 380...
DDIM Sampling: 100%|████████████████████████████| 50/50 [00:01<00:00, 25.44it/s]
DDIM Sampling: 100%|████████████████████████████| 50/50 [00:01<00:00, 25.42it/s]
DDIM Sampling: 100%|████████████████████████████| 50/50 [00:01<00:00, 25.22it/s]
Epoch 381/1000: 100%|██████████████| 24/24 [00:04<00:00,  5.95it/s, loss=0.0919]
Epoch 381/1000 | Loss: 0.0540 | Best: 0.0337 | Time: 4.0s | Elapsed: 0.5h | ETA: 45m | LR: 0.000137
Epoch 382/1000: 100%|██████████████| 24/24 [00:04<00:00,  5.91it/s, loss=0.0423]
Epoch 382/1000 | Loss: 0.0454 | Best: 0.0337 | Time: 4.1s | Elapsed: 0.5h | ETA: 45m | LR: 0.000136
Epoch 383/1000: 100%|██████████████| 24/24 [00:04<00:00,  5.93it/s, loss=0.0615]
Epoch 383/1000 | Loss: 0.0453 | Best: 0.0337 | Time: 4.0s | Elapsed: 0.5h | ETA: 45m | LR: 0.000136
Epoch 384/1000: 100%|██████████████| 24/24 [00:04<00:00,  5.96it/s, loss=0.0283]
Epoch 384/1000 | Loss: 0.0559 | Best: 0.0337 | Time: 4.0s | Elapsed: 0.5h | ETA: 45m | LR: 0.000136
Epoch 385/1000: 100%|██████████████| 24/24 [00:04<00:00,  5.97it/s, loss=0.0219]
Epoch 385/1000 | Loss: 0.0351 | Best: 0.0337 | Time: 4.0s | Elapsed: 0.5h | ETA: 45m | LR: 0.000135
Epoch 386/1000: 100%|██████████████| 24/24 [00:04<00:00,  5.92it/s, loss=0.0635]
Epoch 386/1000 | Loss: 0.0489 | Best: 0.0337 | Time: 4.1s | Elapsed: 0.5h | ETA: 45m | LR: 0.000135
Epoch 387/1000: 100%|██████████████| 24/24 [00:04<00:00,  5.96it/s, loss=0.0436]
Epoch 387/1000 | Loss: 0.0538 | Best: 0.0337 | Time: 4.0s | Elapsed: 0.5h | ETA: 45m | LR: 0.000135
Epoch 388/1000: 100%|██████████████| 24/24 [00:04<00:00,  5.93it/s, loss=0.0995]
Epoch 388/1000 | Loss: 0.0521 | Best: 0.0337 | Time: 4.1s | Elapsed: 0.5h | ETA: 45m | LR: 0.000134
Epoch 389/1000: 100%|██████████████| 24/24 [00:04<00:00,  5.95it/s, loss=0.0668]
Epoch 389/1000 | Loss: 0.0528 | Best: 0.0337 | Time: 4.0s | Elapsed: 0.5h | ETA: 44m | LR: 0.000134
Epoch 390/1000: 100%|██████████████| 24/24 [00:04<00:00,  5.92it/s, loss=0.0442]
Epoch 390/1000 | Loss: 0.0551 | Best: 0.0337 | Time: 4.1s | Elapsed: 0.5h | ETA: 44m | LR: 0.000134
  Generating samples at epoch 390...
DDIM Sampling: 100%|████████████████████████████| 50/50 [00:01<00:00, 25.41it/s]
DDIM Sampling: 100%|████████████████████████████| 50/50 [00:01<00:00, 25.45it/s]
DDIM Sampling: 100%|████████████████████████████| 50/50 [00:01<00:00, 25.46it/s]
Epoch 391/1000: 100%|██████████████| 24/24 [00:04<00:00,  5.96it/s, loss=0.0326]
Epoch 391/1000 | Loss: 0.0474 | Best: 0.0337 | Time: 4.0s | Elapsed: 0.5h | ETA: 44m | LR: 0.000134
Epoch 392/1000: 100%|██████████████| 24/24 [00:04<00:00,  5.99it/s, loss=0.0578]
Epoch 392/1000 | Loss: 0.0505 | Best: 0.0337 | Time: 4.0s | Elapsed: 0.5h | ETA: 44m | LR: 0.000133
Epoch 393/1000: 100%|██████████████| 24/24 [00:04<00:00,  5.97it/s, loss=0.0397]
Epoch 393/1000 | Loss: 0.0585 | Best: 0.0337 | Time: 4.0s | Elapsed: 0.5h | ETA: 44m | LR: 0.000133
Epoch 394/1000: 100%|██████████████| 24/24 [00:04<00:00,  5.91it/s, loss=0.1131]
Epoch 394/1000 | Loss: 0.0573 | Best: 0.0337 | Time: 4.1s | Elapsed: 0.5h | ETA: 44m | LR: 0.000133
Epoch 395/1000: 100%|██████████████| 24/24 [00:04<00:00,  5.94it/s, loss=0.0757]
Epoch 395/1000 | Loss: 0.0529 | Best: 0.0337 | Time: 4.0s | Elapsed: 0.6h | ETA: 44m | LR: 0.000132
Epoch 396/1000: 100%|██████████████| 24/24 [00:04<00:00,  6.00it/s, loss=0.0058]
Epoch 396/1000 | Loss: 0.0339 | Best: 0.0337 | Time: 4.0s | Elapsed: 0.6h | ETA: 44m | LR: 0.000132
Epoch 397/1000: 100%|██████████████| 24/24 [00:04<00:00,  5.99it/s, loss=0.0223]
Epoch 397/1000 | Loss: 0.0604 | Best: 0.0337 | Time: 4.0s | Elapsed: 0.6h | ETA: 44m | LR: 0.000132
Epoch 398/1000: 100%|██████████████| 24/24 [00:04<00:00,  6.00it/s, loss=0.0346]
Epoch 398/1000 | Loss: 0.0516 | Best: 0.0337 | Time: 4.0s | Elapsed: 0.6h | ETA: 44m | LR: 0.000131
Epoch 399/1000: 100%|██████████████| 24/24 [00:04<00:00,  5.96it/s, loss=0.0621]
Epoch 399/1000 | Loss: 0.0539 | Best: 0.0337 | Time: 4.0s | Elapsed: 0.6h | ETA: 44m | LR: 0.000131
Epoch 400/1000: 100%|██████████████| 24/24 [00:04<00:00,  5.96it/s, loss=0.0191]
Epoch 400/1000 | Loss: 0.0602 | Best: 0.0337 | Time: 4.0s | Elapsed: 0.6h | ETA: 44m | LR: 0.000131
  Generating samples at epoch 400...
DDIM Sampling: 100%|████████████████████████████| 50/50 [00:01<00:00, 25.42it/s]
DDIM Sampling: 100%|████████████████████████████| 50/50 [00:01<00:00, 25.46it/s]
DDIM Sampling: 100%|████████████████████████████| 50/50 [00:01<00:00, 25.46it/s]
Epoch 401/1000: 100%|██████████████| 24/24 [00:04<00:00,  5.96it/s, loss=0.1062]
Epoch 401/1000 | Loss: 0.0480 | Best: 0.0337 | Time: 4.0s | Elapsed: 0.6h | ETA: 43m | LR: 0.000131
Epoch 402/1000: 100%|██████████████| 24/24 [00:04<00:00,  5.93it/s, loss=0.0172]
Epoch 402/1000 | Loss: 0.0501 | Best: 0.0337 | Time: 4.0s | Elapsed: 0.6h | ETA: 43m | LR: 0.000130
Epoch 403/1000: 100%|██████████████| 24/24 [00:04<00:00,  5.97it/s, loss=0.0549]
Epoch 403/1000 | Loss: 0.0334 | Best: 0.0337 | Time: 4.0s | Elapsed: 0.6h | ETA: 43m | LR: 0.000130
Epoch 404/1000: 100%|██████████████| 24/24 [00:04<00:00,  5.99it/s, loss=0.0265]
Epoch 404/1000 | Loss: 0.0490 | Best: 0.0334 | Time: 4.0s | Elapsed: 0.6h | ETA: 43m | LR: 0.000130
Epoch 405/1000: 100%|██████████████| 24/24 [00:04<00:00,  5.92it/s, loss=0.0299]
Epoch 405/1000 | Loss: 0.0466 | Best: 0.0334 | Time: 4.1s | Elapsed: 0.6h | ETA: 43m | LR: 0.000129
Epoch 406/1000: 100%|██████████████| 24/24 [00:04<00:00,  5.92it/s, loss=0.0178]
Epoch 406/1000 | Loss: 0.0432 | Best: 0.0334 | Time: 4.1s | Elapsed: 0.6h | ETA: 43m | LR: 0.000129
Epoch 407/1000: 100%|██████████████| 24/24 [00:04<00:00,  5.93it/s, loss=0.0719]
Epoch 407/1000 | Loss: 0.0526 | Best: 0.0334 | Time: 4.0s | Elapsed: 0.6h | ETA: 43m | LR: 0.000129
Epoch 408/1000: 100%|██████████████| 24/24 [00:04<00:00,  5.93it/s, loss=0.0797]
Epoch 408/1000 | Loss: 0.0606 | Best: 0.0334 | Time: 4.0s | Elapsed: 0.6h | ETA: 43m | LR: 0.000129
Epoch 409/1000: 100%|██████████████| 24/24 [00:04<00:00,  5.90it/s, loss=0.0957]
Epoch 409/1000 | Loss: 0.0462 | Best: 0.0334 | Time: 4.1s | Elapsed: 0.6h | ETA: 43m | LR: 0.000128
Epoch 410/1000: 100%|██████████████| 24/24 [00:04<00:00,  5.97it/s, loss=0.0811]
Epoch 410/1000 | Loss: 0.0517 | Best: 0.0334 | Time: 4.0s | Elapsed: 0.6h | ETA: 43m | LR: 0.000128
  Generating samples at epoch 410...
DDIM Sampling: 100%|████████████████████████████| 50/50 [00:01<00:00, 25.51it/s]
DDIM Sampling: 100%|████████████████████████████| 50/50 [00:01<00:00, 25.39it/s]
DDIM Sampling: 100%|████████████████████████████| 50/50 [00:01<00:00, 25.52it/s]
Epoch 411/1000: 100%|██████████████| 24/24 [00:03<00:00,  6.04it/s, loss=0.0052]
Epoch 411/1000 | Loss: 0.0491 | Best: 0.0334 | Time: 4.0s | Elapsed: 0.6h | ETA: 43m | LR: 0.000128
Epoch 412/1000: 100%|██████████████| 24/24 [00:04<00:00,  5.97it/s, loss=0.0833]
Epoch 412/1000 | Loss: 0.0575 | Best: 0.0334 | Time: 4.0s | Elapsed: 0.6h | ETA: 43m | LR: 0.000127
Epoch 413/1000: 100%|██████████████| 24/24 [00:04<00:00,  5.99it/s, loss=0.1114]
Epoch 413/1000 | Loss: 0.0459 | Best: 0.0334 | Time: 4.0s | Elapsed: 0.6h | ETA: 42m | LR: 0.000127
Epoch 414/1000: 100%|██████████████| 24/24 [00:04<00:00,  5.93it/s, loss=0.0301]
Epoch 414/1000 | Loss: 0.0403 | Best: 0.0334 | Time: 4.0s | Elapsed: 0.6h | ETA: 42m | LR: 0.000127
Epoch 415/1000: 100%|██████████████| 24/24 [00:04<00:00,  5.96it/s, loss=0.0844]
Epoch 415/1000 | Loss: 0.0461 | Best: 0.0334 | Time: 4.0s | Elapsed: 0.6h | ETA: 42m | LR: 0.000126
Epoch 416/1000: 100%|██████████████| 24/24 [00:04<00:00,  5.96it/s, loss=0.0498]
Epoch 416/1000 | Loss: 0.0371 | Best: 0.0334 | Time: 4.0s | Elapsed: 0.6h | ETA: 42m | LR: 0.000126
Epoch 417/1000: 100%|██████████████| 24/24 [00:04<00:00,  5.96it/s, loss=0.0463]
Epoch 417/1000 | Loss: 0.0582 | Best: 0.0334 | Time: 4.0s | Elapsed: 0.6h | ETA: 42m | LR: 0.000126
Epoch 418/1000: 100%|██████████████| 24/24 [00:04<00:00,  5.92it/s, loss=0.0386]
Epoch 418/1000 | Loss: 0.0408 | Best: 0.0334 | Time: 4.1s | Elapsed: 0.6h | ETA: 42m | LR: 0.000125
Epoch 419/1000: 100%|██████████████| 24/24 [00:04<00:00,  5.95it/s, loss=0.0943]
Epoch 419/1000 | Loss: 0.0557 | Best: 0.0334 | Time: 4.0s | Elapsed: 0.6h | ETA: 42m | LR: 0.000125
Epoch 420/1000: 100%|██████████████| 24/24 [00:04<00:00,  5.92it/s, loss=0.0445]
Epoch 420/1000 | Loss: 0.0544 | Best: 0.0334 | Time: 4.1s | Elapsed: 0.6h | ETA: 42m | LR: 0.000125
  Generating samples at epoch 420...
DDIM Sampling: 100%|████████████████████████████| 50/50 [00:01<00:00, 25.35it/s]
DDIM Sampling: 100%|████████████████████████████| 50/50 [00:01<00:00, 25.46it/s]
DDIM Sampling: 100%|████████████████████████████| 50/50 [00:01<00:00, 25.38it/s]
Epoch 421/1000: 100%|██████████████| 24/24 [00:04<00:00,  5.97it/s, loss=0.1330]
Epoch 421/1000 | Loss: 0.0500 | Best: 0.0334 | Time: 4.0s | Elapsed: 0.6h | ETA: 42m | LR: 0.000125
Epoch 422/1000: 100%|██████████████| 24/24 [00:04<00:00,  5.93it/s, loss=0.0390]
Epoch 422/1000 | Loss: 0.0390 | Best: 0.0334 | Time: 4.0s | Elapsed: 0.6h | ETA: 42m | LR: 0.000124
Epoch 423/1000: 100%|██████████████| 24/24 [00:04<00:00,  5.91it/s, loss=0.0190]
Epoch 423/1000 | Loss: 0.0399 | Best: 0.0334 | Time: 4.1s | Elapsed: 0.6h | ETA: 42m | LR: 0.000124
Epoch 424/1000: 100%|██████████████| 24/24 [00:04<00:00,  5.96it/s, loss=0.0263]
Epoch 424/1000 | Loss: 0.0472 | Best: 0.0334 | Time: 4.0s | Elapsed: 0.6h | ETA: 42m | LR: 0.000124
Epoch 425/1000: 100%|██████████████| 24/24 [00:04<00:00,  5.93it/s, loss=0.0174]
Epoch 425/1000 | Loss: 0.0469 | Best: 0.0334 | Time: 4.0s | Elapsed: 0.6h | ETA: 42m | LR: 0.000123
Epoch 426/1000: 100%|██████████████| 24/24 [00:04<00:00,  5.91it/s, loss=0.0609]
Epoch 426/1000 | Loss: 0.0562 | Best: 0.0334 | Time: 4.1s | Elapsed: 0.6h | ETA: 41m | LR: 0.000123
Epoch 427/1000: 100%|██████████████| 24/24 [00:04<00:00,  5.96it/s, loss=0.0332]
Epoch 427/1000 | Loss: 0.0474 | Best: 0.0334 | Time: 4.0s | Elapsed: 0.6h | ETA: 41m | LR: 0.000123
Epoch 428/1000: 100%|██████████████| 24/24 [00:04<00:00,  5.90it/s, loss=0.0047]
Epoch 428/1000 | Loss: 0.0580 | Best: 0.0334 | Time: 4.1s | Elapsed: 0.6h | ETA: 41m | LR: 0.000122
Epoch 429/1000: 100%|██████████████| 24/24 [00:04<00:00,  5.94it/s, loss=0.0197]
Epoch 429/1000 | Loss: 0.0391 | Best: 0.0334 | Time: 4.0s | Elapsed: 0.6h | ETA: 41m | LR: 0.000122
Epoch 430/1000: 100%|██████████████| 24/24 [00:04<00:00,  5.93it/s, loss=0.0297]
Epoch 430/1000 | Loss: 0.0418 | Best: 0.0334 | Time: 4.0s | Elapsed: 0.6h | ETA: 41m | LR: 0.000122
  Generating samples at epoch 430...
DDIM Sampling: 100%|████████████████████████████| 50/50 [00:01<00:00, 25.44it/s]
DDIM Sampling: 100%|████████████████████████████| 50/50 [00:01<00:00, 25.45it/s]
DDIM Sampling: 100%|████████████████████████████| 50/50 [00:01<00:00, 25.44it/s]
Epoch 431/1000: 100%|██████████████| 24/24 [00:04<00:00,  5.95it/s, loss=0.1393]
Epoch 431/1000 | Loss: 0.0554 | Best: 0.0334 | Time: 4.0s | Elapsed: 0.6h | ETA: 41m | LR: 0.000122
Epoch 432/1000: 100%|██████████████| 24/24 [00:04<00:00,  5.94it/s, loss=0.1332]
Epoch 432/1000 | Loss: 0.0437 | Best: 0.0334 | Time: 4.0s | Elapsed: 0.6h | ETA: 41m | LR: 0.000121
Epoch 433/1000: 100%|██████████████| 24/24 [00:04<00:00,  5.92it/s, loss=0.0516]
Epoch 433/1000 | Loss: 0.0547 | Best: 0.0334 | Time: 4.1s | Elapsed: 0.6h | ETA: 41m | LR: 0.000121
Epoch 434/1000: 100%|██████████████| 24/24 [00:04<00:00,  5.93it/s, loss=0.0445]
Epoch 434/1000 | Loss: 0.0487 | Best: 0.0334 | Time: 4.1s | Elapsed: 0.6h | ETA: 41m | LR: 0.000121
Epoch 435/1000: 100%|██████████████| 24/24 [00:04<00:00,  5.95it/s, loss=0.1006]
Epoch 435/1000 | Loss: 0.0621 | Best: 0.0334 | Time: 4.0s | Elapsed: 0.6h | ETA: 41m | LR: 0.000120
Epoch 436/1000: 100%|██████████████| 24/24 [00:04<00:00,  5.93it/s, loss=0.0450]
Epoch 436/1000 | Loss: 0.0472 | Best: 0.0334 | Time: 4.0s | Elapsed: 0.6h | ETA: 41m | LR: 0.000120
Epoch 437/1000: 100%|██████████████| 24/24 [00:04<00:00,  5.96it/s, loss=0.0706]
Epoch 437/1000 | Loss: 0.0448 | Best: 0.0334 | Time: 4.0s | Elapsed: 0.6h | ETA: 41m | LR: 0.000120
Epoch 438/1000: 100%|██████████████| 24/24 [00:04<00:00,  5.93it/s, loss=0.0769]
Epoch 438/1000 | Loss: 0.0594 | Best: 0.0334 | Time: 4.0s | Elapsed: 0.6h | ETA: 41m | LR: 0.000119
Epoch 439/1000: 100%|██████████████| 24/24 [00:04<00:00,  5.94it/s, loss=0.0307]
Epoch 439/1000 | Loss: 0.0501 | Best: 0.0334 | Time: 4.0s | Elapsed: 0.6h | ETA: 40m | LR: 0.000119
Epoch 440/1000: 100%|██████████████| 24/24 [00:04<00:00,  5.99it/s, loss=0.0374]
Epoch 440/1000 | Loss: 0.0470 | Best: 0.0334 | Time: 4.0s | Elapsed: 0.6h | ETA: 40m | LR: 0.000119
  Generating samples at epoch 440...
DDIM Sampling: 100%|████████████████████████████| 50/50 [00:01<00:00, 25.45it/s]
DDIM Sampling: 100%|████████████████████████████| 50/50 [00:01<00:00, 25.43it/s]
DDIM Sampling: 100%|████████████████████████████| 50/50 [00:01<00:00, 25.51it/s]
Epoch 441/1000: 100%|██████████████| 24/24 [00:03<00:00,  6.03it/s, loss=0.0298]
Epoch 441/1000 | Loss: 0.0468 | Best: 0.0334 | Time: 4.0s | Elapsed: 0.6h | ETA: 40m | LR: 0.000118
Epoch 442/1000: 100%|██████████████| 24/24 [00:03<00:00,  6.04it/s, loss=0.0331]
Epoch 442/1000 | Loss: 0.0524 | Best: 0.0334 | Time: 4.0s | Elapsed: 0.6h | ETA: 40m | LR: 0.000118
Epoch 443/1000: 100%|██████████████| 24/24 [00:03<00:00,  6.03it/s, loss=0.0161]
Epoch 443/1000 | Loss: 0.0412 | Best: 0.0334 | Time: 4.0s | Elapsed: 0.6h | ETA: 40m | LR: 0.000118
Epoch 444/1000: 100%|██████████████| 24/24 [00:04<00:00,  5.99it/s, loss=0.0206]
Epoch 444/1000 | Loss: 0.0697 | Best: 0.0334 | Time: 4.0s | Elapsed: 0.6h | ETA: 40m | LR: 0.000118
Epoch 445/1000: 100%|██████████████| 24/24 [00:04<00:00,  5.96it/s, loss=0.0192]
Epoch 445/1000 | Loss: 0.0446 | Best: 0.0334 | Time: 4.0s | Elapsed: 0.6h | ETA: 40m | LR: 0.000117
Epoch 446/1000: 100%|██████████████| 24/24 [00:04<00:00,  5.95it/s, loss=0.0449]
Epoch 446/1000 | Loss: 0.0456 | Best: 0.0334 | Time: 4.0s | Elapsed: 0.6h | ETA: 40m | LR: 0.000117
Epoch 447/1000: 100%|██████████████| 24/24 [00:04<00:00,  5.95it/s, loss=0.0517]
Epoch 447/1000 | Loss: 0.0491 | Best: 0.0334 | Time: 4.0s | Elapsed: 0.6h | ETA: 40m | LR: 0.000117
Epoch 448/1000: 100%|██████████████| 24/24 [00:04<00:00,  5.89it/s, loss=0.0170]
Epoch 448/1000 | Loss: 0.0460 | Best: 0.0334 | Time: 4.1s | Elapsed: 0.6h | ETA: 40m | LR: 0.000116
Epoch 449/1000: 100%|██████████████| 24/24 [00:04<00:00,  5.95it/s, loss=0.0280]
Epoch 449/1000 | Loss: 0.0494 | Best: 0.0334 | Time: 4.0s | Elapsed: 0.6h | ETA: 40m | LR: 0.000116
Epoch 450/1000: 100%|██████████████| 24/24 [00:04<00:00,  5.96it/s, loss=0.0052]
Epoch 450/1000 | Loss: 0.0653 | Best: 0.0334 | Time: 4.0s | Elapsed: 0.6h | ETA: 40m | LR: 0.000116
  Generating samples at epoch 450...
DDIM Sampling: 100%|████████████████████████████| 50/50 [00:01<00:00, 25.40it/s]
DDIM Sampling: 100%|████████████████████████████| 50/50 [00:01<00:00, 25.40it/s]
DDIM Sampling: 100%|████████████████████████████| 50/50 [00:01<00:00, 25.42it/s]
Epoch 451/1000: 100%|██████████████| 24/24 [00:04<00:00,  5.95it/s, loss=0.0810]
Epoch 451/1000 | Loss: 0.0468 | Best: 0.0334 | Time: 4.0s | Elapsed: 0.6h | ETA: 40m | LR: 0.000115
Epoch 452/1000: 100%|██████████████| 24/24 [00:04<00:00,  5.94it/s, loss=0.0607]
Epoch 452/1000 | Loss: 0.0383 | Best: 0.0334 | Time: 4.0s | Elapsed: 0.6h | ETA: 39m | LR: 0.000115
Epoch 453/1000: 100%|██████████████| 24/24 [00:04<00:00,  5.96it/s, loss=0.0288]
Epoch 453/1000 | Loss: 0.0381 | Best: 0.0334 | Time: 4.0s | Elapsed: 0.6h | ETA: 39m | LR: 0.000115
Epoch 454/1000: 100%|██████████████| 24/24 [00:04<00:00,  5.99it/s, loss=0.0078]
Epoch 454/1000 | Loss: 0.0454 | Best: 0.0334 | Time: 4.0s | Elapsed: 0.6h | ETA: 39m | LR: 0.000114
Epoch 455/1000: 100%|██████████████| 24/24 [00:04<00:00,  5.87it/s, loss=0.0765]
Epoch 455/1000 | Loss: 0.0468 | Best: 0.0334 | Time: 4.1s | Elapsed: 0.6h | ETA: 39m | LR: 0.000114
Epoch 456/1000: 100%|██████████████| 24/24 [00:04<00:00,  5.91it/s, loss=0.0907]
Epoch 456/1000 | Loss: 0.0491 | Best: 0.0334 | Time: 4.1s | Elapsed: 0.6h | ETA: 39m | LR: 0.000114
Epoch 457/1000: 100%|██████████████| 24/24 [00:04<00:00,  6.00it/s, loss=0.0164]
Epoch 457/1000 | Loss: 0.0438 | Best: 0.0334 | Time: 4.0s | Elapsed: 0.6h | ETA: 39m | LR: 0.000113
Epoch 458/1000: 100%|██████████████| 24/24 [00:04<00:00,  5.99it/s, loss=0.0053]
Epoch 458/1000 | Loss: 0.0417 | Best: 0.0334 | Time: 4.0s | Elapsed: 0.6h | ETA: 39m | LR: 0.000113
Epoch 459/1000: 100%|██████████████| 24/24 [00:04<00:00,  5.96it/s, loss=0.0437]
Epoch 459/1000 | Loss: 0.0460 | Best: 0.0334 | Time: 4.0s | Elapsed: 0.6h | ETA: 39m | LR: 0.000113
Epoch 460/1000: 100%|██████████████| 24/24 [00:04<00:00,  5.96it/s, loss=0.0149]
Epoch 460/1000 | Loss: 0.0420 | Best: 0.0334 | Time: 4.0s | Elapsed: 0.6h | ETA: 39m | LR: 0.000113
  Generating samples at epoch 460...
DDIM Sampling: 100%|████████████████████████████| 50/50 [00:01<00:00, 25.38it/s]
DDIM Sampling: 100%|████████████████████████████| 50/50 [00:01<00:00, 25.50it/s]
DDIM Sampling: 100%|████████████████████████████| 50/50 [00:01<00:00, 25.30it/s]
Epoch 461/1000: 100%|██████████████| 24/24 [00:03<00:00,  6.01it/s, loss=0.0151]
Epoch 461/1000 | Loss: 0.0377 | Best: 0.0334 | Time: 4.0s | Elapsed: 0.6h | ETA: 39m | LR: 0.000112
Epoch 462/1000: 100%|██████████████| 24/24 [00:04<00:00,  5.87it/s, loss=0.0101]
Epoch 462/1000 | Loss: 0.0423 | Best: 0.0334 | Time: 4.1s | Elapsed: 0.6h | ETA: 39m | LR: 0.000112
Epoch 463/1000: 100%|██████████████| 24/24 [00:04<00:00,  5.93it/s, loss=0.0465]
Epoch 463/1000 | Loss: 0.0438 | Best: 0.0334 | Time: 4.1s | Elapsed: 0.6h | ETA: 39m | LR: 0.000112
Epoch 464/1000: 100%|██████████████| 24/24 [00:04<00:00,  5.96it/s, loss=0.0147]
Epoch 464/1000 | Loss: 0.0453 | Best: 0.0334 | Time: 4.0s | Elapsed: 0.6h | ETA: 38m | LR: 0.000111
Epoch 465/1000: 100%|██████████████| 24/24 [00:04<00:00,  5.93it/s, loss=0.0380]
Epoch 465/1000 | Loss: 0.0517 | Best: 0.0334 | Time: 4.0s | Elapsed: 0.6h | ETA: 38m | LR: 0.000111
Epoch 466/1000: 100%|██████████████| 24/24 [00:04<00:00,  5.93it/s, loss=0.0207]
Epoch 466/1000 | Loss: 0.0565 | Best: 0.0334 | Time: 4.0s | Elapsed: 0.6h | ETA: 38m | LR: 0.000111
Epoch 467/1000: 100%|██████████████| 24/24 [00:04<00:00,  5.96it/s, loss=0.0757]
Epoch 467/1000 | Loss: 0.0618 | Best: 0.0334 | Time: 4.0s | Elapsed: 0.6h | ETA: 38m | LR: 0.000110
Epoch 468/1000: 100%|██████████████| 24/24 [00:04<00:00,  5.90it/s, loss=0.0187]
Epoch 468/1000 | Loss: 0.0496 | Best: 0.0334 | Time: 4.1s | Elapsed: 0.6h | ETA: 38m | LR: 0.000110
Epoch 469/1000: 100%|██████████████| 24/24 [00:04<00:00,  5.94it/s, loss=0.0703]
Epoch 469/1000 | Loss: 0.0499 | Best: 0.0334 | Time: 4.0s | Elapsed: 0.6h | ETA: 38m | LR: 0.000110
Epoch 470/1000: 100%|██████████████| 24/24 [00:04<00:00,  5.87it/s, loss=0.0135]
Epoch 470/1000 | Loss: 0.0536 | Best: 0.0334 | Time: 4.1s | Elapsed: 0.6h | ETA: 38m | LR: 0.000109
  Generating samples at epoch 470...
DDIM Sampling: 100%|████████████████████████████| 50/50 [00:01<00:00, 25.40it/s]
DDIM Sampling: 100%|████████████████████████████| 50/50 [00:01<00:00, 25.39it/s]
DDIM Sampling: 100%|████████████████████████████| 50/50 [00:01<00:00, 25.44it/s]
Epoch 471/1000: 100%|██████████████| 24/24 [00:04<00:00,  5.95it/s, loss=0.0403]
Epoch 471/1000 | Loss: 0.0484 | Best: 0.0334 | Time: 4.0s | Elapsed: 0.7h | ETA: 38m | LR: 0.000109
Epoch 472/1000: 100%|██████████████| 24/24 [00:03<00:00,  6.01it/s, loss=0.0561]
Epoch 472/1000 | Loss: 0.0501 | Best: 0.0334 | Time: 4.0s | Elapsed: 0.7h | ETA: 38m | LR: 0.000109
Epoch 473/1000: 100%|██████████████| 24/24 [00:03<00:00,  6.03it/s, loss=0.0756]
Epoch 473/1000 | Loss: 0.0410 | Best: 0.0334 | Time: 4.0s | Elapsed: 0.7h | ETA: 38m | LR: 0.000108
Epoch 474/1000: 100%|██████████████| 24/24 [00:04<00:00,  5.97it/s, loss=0.1067]
Epoch 474/1000 | Loss: 0.0488 | Best: 0.0334 | Time: 4.0s | Elapsed: 0.7h | ETA: 38m | LR: 0.000108
Epoch 475/1000: 100%|██████████████| 24/24 [00:04<00:00,  6.00it/s, loss=0.0372]
Epoch 475/1000 | Loss: 0.0492 | Best: 0.0334 | Time: 4.0s | Elapsed: 0.7h | ETA: 38m | LR: 0.000108
Epoch 476/1000: 100%|██████████████| 24/24 [00:04<00:00,  5.96it/s, loss=0.0250]
Epoch 476/1000 | Loss: 0.0421 | Best: 0.0334 | Time: 4.0s | Elapsed: 0.7h | ETA: 38m | LR: 0.000108
Epoch 477/1000: 100%|██████████████| 24/24 [00:04<00:00,  5.93it/s, loss=0.0363]
Epoch 477/1000 | Loss: 0.0561 | Best: 0.0334 | Time: 4.0s | Elapsed: 0.7h | ETA: 38m | LR: 0.000107
Epoch 478/1000: 100%|██████████████| 24/24 [00:04<00:00,  5.99it/s, loss=0.0173]
Epoch 478/1000 | Loss: 0.0543 | Best: 0.0334 | Time: 4.0s | Elapsed: 0.7h | ETA: 37m | LR: 0.000107
Epoch 479/1000: 100%|██████████████| 24/24 [00:04<00:00,  5.96it/s, loss=0.0047]
Epoch 479/1000 | Loss: 0.0638 | Best: 0.0334 | Time: 4.0s | Elapsed: 0.7h | ETA: 37m | LR: 0.000107
Epoch 480/1000: 100%|██████████████| 24/24 [00:04<00:00,  5.91it/s, loss=0.0658]
Epoch 480/1000 | Loss: 0.0555 | Best: 0.0334 | Time: 4.1s | Elapsed: 0.7h | ETA: 37m | LR: 0.000106
  Generating samples at epoch 480...
DDIM Sampling: 100%|████████████████████████████| 50/50 [00:01<00:00, 25.42it/s]
DDIM Sampling: 100%|████████████████████████████| 50/50 [00:01<00:00, 25.44it/s]
DDIM Sampling: 100%|████████████████████████████| 50/50 [00:01<00:00, 25.30it/s]
Epoch 481/1000: 100%|██████████████| 24/24 [00:04<00:00,  5.79it/s, loss=0.0021]
Epoch 481/1000 | Loss: 0.0519 | Best: 0.0334 | Time: 4.1s | Elapsed: 0.7h | ETA: 37m | LR: 0.000106
Epoch 482/1000: 100%|██████████████| 24/24 [00:04<00:00,  5.93it/s, loss=0.1065]
Epoch 482/1000 | Loss: 0.0508 | Best: 0.0334 | Time: 4.0s | Elapsed: 0.7h | ETA: 37m | LR: 0.000106
Epoch 483/1000: 100%|██████████████| 24/24 [00:04<00:00,  5.94it/s, loss=0.0225]
Epoch 483/1000 | Loss: 0.0458 | Best: 0.0334 | Time: 4.0s | Elapsed: 0.7h | ETA: 37m | LR: 0.000105
Epoch 484/1000: 100%|██████████████| 24/24 [00:04<00:00,  5.93it/s, loss=0.0189]
Epoch 484/1000 | Loss: 0.0464 | Best: 0.0334 | Time: 4.0s | Elapsed: 0.7h | ETA: 37m | LR: 0.000105
Epoch 485/1000: 100%|██████████████| 24/24 [00:04<00:00,  5.97it/s, loss=0.0294]
Epoch 485/1000 | Loss: 0.0495 | Best: 0.0334 | Time: 4.0s | Elapsed: 0.7h | ETA: 37m | LR: 0.000105
Epoch 486/1000: 100%|██████████████| 24/24 [00:04<00:00,  5.96it/s, loss=0.0125]
Epoch 486/1000 | Loss: 0.0468 | Best: 0.0334 | Time: 4.0s | Elapsed: 0.7h | ETA: 37m | LR: 0.000104
Epoch 487/1000: 100%|██████████████| 24/24 [00:04<00:00,  5.96it/s, loss=0.0214]
Epoch 487/1000 | Loss: 0.0538 | Best: 0.0334 | Time: 4.0s | Elapsed: 0.7h | ETA: 37m | LR: 0.000104
Epoch 488/1000: 100%|██████████████| 24/24 [00:04<00:00,  5.94it/s, loss=0.1305]
Epoch 488/1000 | Loss: 0.0521 | Best: 0.0334 | Time: 4.0s | Elapsed: 0.7h | ETA: 37m | LR: 0.000104
Epoch 489/1000: 100%|██████████████| 24/24 [00:04<00:00,  5.96it/s, loss=0.1232]
Epoch 489/1000 | Loss: 0.0449 | Best: 0.0334 | Time: 4.0s | Elapsed: 0.7h | ETA: 37m | LR: 0.000103
Epoch 490/1000: 100%|██████████████| 24/24 [00:04<00:00,  5.97it/s, loss=0.0380]
Epoch 490/1000 | Loss: 0.0500 | Best: 0.0334 | Time: 4.0s | Elapsed: 0.7h | ETA: 37m | LR: 0.000103
  Generating samples at epoch 490...
DDIM Sampling: 100%|████████████████████████████| 50/50 [00:01<00:00, 25.34it/s]
DDIM Sampling: 100%|████████████████████████████| 50/50 [00:01<00:00, 25.44it/s]
DDIM Sampling: 100%|████████████████████████████| 50/50 [00:01<00:00, 25.42it/s]
Epoch 491/1000: 100%|██████████████| 24/24 [00:04<00:00,  5.99it/s, loss=0.0251]
Epoch 491/1000 | Loss: 0.0592 | Best: 0.0334 | Time: 4.0s | Elapsed: 0.7h | ETA: 36m | LR: 0.000103
Epoch 492/1000: 100%|██████████████| 24/24 [00:04<00:00,  5.94it/s, loss=0.0113]
Epoch 492/1000 | Loss: 0.0333 | Best: 0.0334 | Time: 4.0s | Elapsed: 0.7h | ETA: 36m | LR: 0.000103
Epoch 493/1000: 100%|██████████████| 24/24 [00:04<00:00,  5.96it/s, loss=0.0889]
Epoch 493/1000 | Loss: 0.0486 | Best: 0.0333 | Time: 4.0s | Elapsed: 0.7h | ETA: 36m | LR: 0.000102
Epoch 494/1000: 100%|██████████████| 24/24 [00:04<00:00,  5.97it/s, loss=0.0116]
Epoch 494/1000 | Loss: 0.0504 | Best: 0.0333 | Time: 4.0s | Elapsed: 0.7h | ETA: 36m | LR: 0.000102
Epoch 495/1000: 100%|██████████████| 24/24 [00:04<00:00,  5.96it/s, loss=0.0183]
Epoch 495/1000 | Loss: 0.0441 | Best: 0.0333 | Time: 4.0s | Elapsed: 0.7h | ETA: 36m | LR: 0.000102
Epoch 496/1000: 100%|██████████████| 24/24 [00:04<00:00,  5.99it/s, loss=0.0605]
Epoch 496/1000 | Loss: 0.0545 | Best: 0.0333 | Time: 4.0s | Elapsed: 0.7h | ETA: 36m | LR: 0.000101
Epoch 497/1000: 100%|██████████████| 24/24 [00:04<00:00,  5.94it/s, loss=0.0674]
Epoch 497/1000 | Loss: 0.0475 | Best: 0.0333 | Time: 4.0s | Elapsed: 0.7h | ETA: 36m | LR: 0.000101
Epoch 498/1000: 100%|██████████████| 24/24 [00:04<00:00,  5.93it/s, loss=0.0115]
Epoch 498/1000 | Loss: 0.0605 | Best: 0.0333 | Time: 4.0s | Elapsed: 0.7h | ETA: 36m | LR: 0.000101
Epoch 499/1000: 100%|██████████████| 24/24 [00:04<00:00,  5.99it/s, loss=0.0361]
Epoch 499/1000 | Loss: 0.0607 | Best: 0.0333 | Time: 4.0s | Elapsed: 0.7h | ETA: 36m | LR: 0.000100
Epoch 500/1000: 100%|██████████████| 24/24 [00:04<00:00,  5.93it/s, loss=0.0283]
Epoch 500/1000 | Loss: 0.0531 | Best: 0.0333 | Time: 4.0s | Elapsed: 0.7h | ETA: 36m | LR: 0.000100
  Generating samples at epoch 500...
DDIM Sampling: 100%|████████████████████████████| 50/50 [00:01<00:00, 25.39it/s]
DDIM Sampling: 100%|████████████████████████████| 50/50 [00:01<00:00, 25.37it/s]
DDIM Sampling: 100%|████████████████████████████| 50/50 [00:01<00:00, 25.25it/s]
Epoch 501/1000: 100%|██████████████| 24/24 [00:04<00:00,  5.84it/s, loss=0.0180]
Epoch 501/1000 | Loss: 0.0532 | Best: 0.0333 | Time: 4.1s | Elapsed: 0.7h | ETA: 36m | LR: 0.000100
Epoch 502/1000: 100%|██████████████| 24/24 [00:04<00:00,  5.93it/s, loss=0.1064]
Epoch 502/1000 | Loss: 0.0517 | Best: 0.0333 | Time: 4.0s | Elapsed: 0.7h | ETA: 36m | LR: 0.000099
Epoch 503/1000: 100%|██████████████| 24/24 [00:04<00:00,  5.93it/s, loss=0.1112]
Epoch 503/1000 | Loss: 0.0464 | Best: 0.0333 | Time: 4.0s | Elapsed: 0.7h | ETA: 36m | LR: 0.000099
Epoch 504/1000: 100%|██████████████| 24/24 [00:04<00:00,  5.96it/s, loss=0.0213]
Epoch 504/1000 | Loss: 0.0490 | Best: 0.0333 | Time: 4.0s | Elapsed: 0.7h | ETA: 35m | LR: 0.000099
Epoch 505/1000: 100%|██████████████| 24/24 [00:04<00:00,  5.96it/s, loss=0.0100]
Epoch 505/1000 | Loss: 0.0585 | Best: 0.0333 | Time: 4.0s | Elapsed: 0.7h | ETA: 35m | LR: 0.000098
Epoch 506/1000: 100%|██████████████| 24/24 [00:04<00:00,  5.95it/s, loss=0.0178]
Epoch 506/1000 | Loss: 0.0387 | Best: 0.0333 | Time: 4.0s | Elapsed: 0.7h | ETA: 35m | LR: 0.000098
Epoch 507/1000: 100%|██████████████| 24/24 [00:04<00:00,  5.95it/s, loss=0.0236]
Epoch 507/1000 | Loss: 0.0568 | Best: 0.0333 | Time: 4.0s | Elapsed: 0.7h | ETA: 35m | LR: 0.000098
Epoch 508/1000: 100%|██████████████| 24/24 [00:04<00:00,  5.87it/s, loss=0.0120]
Epoch 508/1000 | Loss: 0.0515 | Best: 0.0333 | Time: 4.1s | Elapsed: 0.7h | ETA: 35m | LR: 0.000097
Epoch 509/1000: 100%|██████████████| 24/24 [00:04<00:00,  5.99it/s, loss=0.0190]
Epoch 509/1000 | Loss: 0.0455 | Best: 0.0333 | Time: 4.0s | Elapsed: 0.7h | ETA: 35m | LR: 0.000097
Epoch 510/1000: 100%|██████████████| 24/24 [00:04<00:00,  5.96it/s, loss=0.0308]
Epoch 510/1000 | Loss: 0.0498 | Best: 0.0333 | Time: 4.0s | Elapsed: 0.7h | ETA: 35m | LR: 0.000097
  Generating samples at epoch 510...
DDIM Sampling: 100%|████████████████████████████| 50/50 [00:01<00:00, 25.34it/s]
DDIM Sampling: 100%|████████████████████████████| 50/50 [00:01<00:00, 25.37it/s]
DDIM Sampling: 100%|████████████████████████████| 50/50 [00:01<00:00, 25.40it/s]
Epoch 511/1000: 100%|██████████████| 24/24 [00:04<00:00,  5.95it/s, loss=0.0905]
Epoch 511/1000 | Loss: 0.0669 | Best: 0.0333 | Time: 4.0s | Elapsed: 0.7h | ETA: 35m | LR: 0.000097
Epoch 512/1000: 100%|██████████████| 24/24 [00:04<00:00,  5.96it/s, loss=0.1517]
Epoch 512/1000 | Loss: 0.0573 | Best: 0.0333 | Time: 4.0s | Elapsed: 0.7h | ETA: 35m | LR: 0.000096
Epoch 513/1000: 100%|██████████████| 24/24 [00:04<00:00,  5.94it/s, loss=0.0495]
Epoch 513/1000 | Loss: 0.0516 | Best: 0.0333 | Time: 4.0s | Elapsed: 0.7h | ETA: 35m | LR: 0.000096
Epoch 514/1000: 100%|██████████████| 24/24 [00:04<00:00,  5.96it/s, loss=0.0692]
Epoch 514/1000 | Loss: 0.0441 | Best: 0.0333 | Time: 4.0s | Elapsed: 0.7h | ETA: 35m | LR: 0.000096
Epoch 515/1000: 100%|██████████████| 24/24 [00:04<00:00,  5.88it/s, loss=0.0595]
Epoch 515/1000 | Loss: 0.0493 | Best: 0.0333 | Time: 4.1s | Elapsed: 0.7h | ETA: 35m | LR: 0.000095
Epoch 516/1000: 100%|██████████████| 24/24 [00:04<00:00,  5.90it/s, loss=0.0097]
Epoch 516/1000 | Loss: 0.0426 | Best: 0.0333 | Time: 4.1s | Elapsed: 0.7h | ETA: 35m | LR: 0.000095
Epoch 517/1000: 100%|██████████████| 24/24 [00:04<00:00,  5.91it/s, loss=0.0414]
Epoch 517/1000 | Loss: 0.0528 | Best: 0.0333 | Time: 4.1s | Elapsed: 0.7h | ETA: 34m | LR: 0.000095
Epoch 518/1000: 100%|██████████████| 24/24 [00:04<00:00,  5.95it/s, loss=0.0259]
Epoch 518/1000 | Loss: 0.0418 | Best: 0.0333 | Time: 4.0s | Elapsed: 0.7h | ETA: 34m | LR: 0.000094
Epoch 519/1000: 100%|██████████████| 24/24 [00:04<00:00,  5.95it/s, loss=0.0093]
Epoch 519/1000 | Loss: 0.0539 | Best: 0.0333 | Time: 4.0s | Elapsed: 0.7h | ETA: 34m | LR: 0.000094
Epoch 520/1000: 100%|██████████████| 24/24 [00:04<00:00,  5.98it/s, loss=0.0313]
Epoch 520/1000 | Loss: 0.0528 | Best: 0.0333 | Time: 4.0s | Elapsed: 0.7h | ETA: 34m | LR: 0.000094
  Generating samples at epoch 520...
DDIM Sampling: 100%|████████████████████████████| 50/50 [00:01<00:00, 25.44it/s]
DDIM Sampling: 100%|████████████████████████████| 50/50 [00:01<00:00, 25.50it/s]
DDIM Sampling: 100%|████████████████████████████| 50/50 [00:01<00:00, 25.45it/s]
Epoch 521/1000: 100%|██████████████| 24/24 [00:04<00:00,  6.00it/s, loss=0.0122]
Epoch 521/1000 | Loss: 0.0440 | Best: 0.0333 | Time: 4.0s | Elapsed: 0.7h | ETA: 34m | LR: 0.000093
Epoch 522/1000: 100%|██████████████| 24/24 [00:04<00:00,  5.94it/s, loss=0.0117]
Epoch 522/1000 | Loss: 0.0565 | Best: 0.0333 | Time: 4.0s | Elapsed: 0.7h | ETA: 34m | LR: 0.000093
Epoch 523/1000: 100%|██████████████| 24/24 [00:04<00:00,  5.96it/s, loss=0.1108]
Epoch 523/1000 | Loss: 0.0496 | Best: 0.0333 | Time: 4.0s | Elapsed: 0.7h | ETA: 34m | LR: 0.000093
Epoch 524/1000: 100%|██████████████| 24/24 [00:04<00:00,  5.93it/s, loss=0.0142]
Epoch 524/1000 | Loss: 0.0602 | Best: 0.0333 | Time: 4.0s | Elapsed: 0.7h | ETA: 34m | LR: 0.000092
Epoch 525/1000: 100%|██████████████| 24/24 [00:04<00:00,  5.96it/s, loss=0.0114]
Epoch 525/1000 | Loss: 0.0397 | Best: 0.0333 | Time: 4.0s | Elapsed: 0.7h | ETA: 34m | LR: 0.000092
Epoch 526/1000: 100%|██████████████| 24/24 [00:04<00:00,  5.94it/s, loss=0.0552]
Epoch 526/1000 | Loss: 0.0451 | Best: 0.0333 | Time: 4.0s | Elapsed: 0.7h | ETA: 34m | LR: 0.000092
Epoch 527/1000: 100%|██████████████| 24/24 [00:04<00:00,  5.93it/s, loss=0.0382]
Epoch 527/1000 | Loss: 0.0565 | Best: 0.0333 | Time: 4.0s | Elapsed: 0.7h | ETA: 34m | LR: 0.000092
Epoch 528/1000: 100%|██████████████| 24/24 [00:04<00:00,  5.96it/s, loss=0.0378]
Epoch 528/1000 | Loss: 0.0536 | Best: 0.0333 | Time: 4.0s | Elapsed: 0.7h | ETA: 34m | LR: 0.000091
Epoch 529/1000: 100%|██████████████| 24/24 [00:04<00:00,  5.88it/s, loss=0.0045]
Epoch 529/1000 | Loss: 0.0500 | Best: 0.0333 | Time: 4.1s | Elapsed: 0.7h | ETA: 34m | LR: 0.000091
Epoch 530/1000: 100%|██████████████| 24/24 [00:04<00:00,  5.96it/s, loss=0.0581]
Epoch 530/1000 | Loss: 0.0335 | Best: 0.0333 | Time: 4.0s | Elapsed: 0.7h | ETA: 33m | LR: 0.000091
  Generating samples at epoch 530...
DDIM Sampling: 100%|████████████████████████████| 50/50 [00:01<00:00, 25.39it/s]
DDIM Sampling: 100%|████████████████████████████| 50/50 [00:01<00:00, 25.45it/s]
DDIM Sampling: 100%|████████████████████████████| 50/50 [00:01<00:00, 25.50it/s]
Epoch 531/1000: 100%|██████████████| 24/24 [00:03<00:00,  6.01it/s, loss=0.0642]
Epoch 531/1000 | Loss: 0.0501 | Best: 0.0333 | Time: 4.0s | Elapsed: 0.7h | ETA: 33m | LR: 0.000090
Epoch 532/1000: 100%|██████████████| 24/24 [00:04<00:00,  5.98it/s, loss=0.0965]
Epoch 532/1000 | Loss: 0.0380 | Best: 0.0333 | Time: 4.0s | Elapsed: 0.7h | ETA: 33m | LR: 0.000090
Epoch 533/1000: 100%|██████████████| 24/24 [00:04<00:00,  5.85it/s, loss=0.0632]
Epoch 533/1000 | Loss: 0.0498 | Best: 0.0333 | Time: 4.1s | Elapsed: 0.7h | ETA: 33m | LR: 0.000090
Epoch 534/1000: 100%|██████████████| 24/24 [00:04<00:00,  5.95it/s, loss=0.0735]
Epoch 534/1000 | Loss: 0.0577 | Best: 0.0333 | Time: 4.0s | Elapsed: 0.7h | ETA: 33m | LR: 0.000089
Epoch 535/1000: 100%|██████████████| 24/24 [00:04<00:00,  5.78it/s, loss=0.1303]
Epoch 535/1000 | Loss: 0.0588 | Best: 0.0333 | Time: 4.2s | Elapsed: 0.7h | ETA: 33m | LR: 0.000089
Epoch 536/1000: 100%|██████████████| 24/24 [00:04<00:00,  5.96it/s, loss=0.0935]
Epoch 536/1000 | Loss: 0.0495 | Best: 0.0333 | Time: 4.0s | Elapsed: 0.7h | ETA: 33m | LR: 0.000089
Epoch 537/1000: 100%|██████████████| 24/24 [00:04<00:00,  5.96it/s, loss=0.0617]
Epoch 537/1000 | Loss: 0.0441 | Best: 0.0333 | Time: 4.0s | Elapsed: 0.7h | ETA: 33m | LR: 0.000088
Epoch 538/1000: 100%|██████████████| 24/24 [00:04<00:00,  5.96it/s, loss=0.0632]
Epoch 538/1000 | Loss: 0.0376 | Best: 0.0333 | Time: 4.0s | Elapsed: 0.7h | ETA: 33m | LR: 0.000088
Epoch 539/1000: 100%|██████████████| 24/24 [00:04<00:00,  5.97it/s, loss=0.0302]
Epoch 539/1000 | Loss: 0.0393 | Best: 0.0333 | Time: 4.0s | Elapsed: 0.7h | ETA: 33m | LR: 0.000088
Epoch 540/1000: 100%|██████████████| 24/24 [00:04<00:00,  5.93it/s, loss=0.0148]
Epoch 540/1000 | Loss: 0.0400 | Best: 0.0333 | Time: 4.1s | Elapsed: 0.7h | ETA: 33m | LR: 0.000087
  Generating samples at epoch 540...
DDIM Sampling: 100%|████████████████████████████| 50/50 [00:01<00:00, 25.43it/s]
DDIM Sampling: 100%|████████████████████████████| 50/50 [00:01<00:00, 25.44it/s]
DDIM Sampling: 100%|████████████████████████████| 50/50 [00:01<00:00, 25.44it/s]
Epoch 541/1000: 100%|██████████████| 24/24 [00:04<00:00,  5.99it/s, loss=0.0119]
Epoch 541/1000 | Loss: 0.0377 | Best: 0.0333 | Time: 4.0s | Elapsed: 0.7h | ETA: 33m | LR: 0.000087
Epoch 542/1000: 100%|██████████████| 24/24 [00:04<00:00,  5.94it/s, loss=0.0294]
Epoch 542/1000 | Loss: 0.0433 | Best: 0.0333 | Time: 4.0s | Elapsed: 0.7h | ETA: 33m | LR: 0.000087
Epoch 543/1000: 100%|██████████████| 24/24 [00:04<00:00,  5.96it/s, loss=0.0285]
Epoch 543/1000 | Loss: 0.0339 | Best: 0.0333 | Time: 4.0s | Elapsed: 0.7h | ETA: 33m | LR: 0.000087
Epoch 544/1000: 100%|██████████████| 24/24 [00:04<00:00,  5.96it/s, loss=0.0084]
Epoch 544/1000 | Loss: 0.0418 | Best: 0.0333 | Time: 4.0s | Elapsed: 0.7h | ETA: 32m | LR: 0.000086
Epoch 545/1000: 100%|██████████████| 24/24 [00:04<00:00,  5.94it/s, loss=0.0503]
Epoch 545/1000 | Loss: 0.0414 | Best: 0.0333 | Time: 4.0s | Elapsed: 0.7h | ETA: 32m | LR: 0.000086
Epoch 546/1000: 100%|██████████████| 24/24 [00:04<00:00,  5.90it/s, loss=0.0422]
Epoch 546/1000 | Loss: 0.0599 | Best: 0.0333 | Time: 4.1s | Elapsed: 0.7h | ETA: 32m | LR: 0.000086
Epoch 547/1000: 100%|██████████████| 24/24 [00:04<00:00,  5.98it/s, loss=0.0419]
Epoch 547/1000 | Loss: 0.0526 | Best: 0.0333 | Time: 4.0s | Elapsed: 0.7h | ETA: 32m | LR: 0.000085
Epoch 548/1000: 100%|██████████████| 24/24 [00:04<00:00,  5.95it/s, loss=0.0231]
Epoch 548/1000 | Loss: 0.0430 | Best: 0.0333 | Time: 4.0s | Elapsed: 0.7h | ETA: 32m | LR: 0.000085
Epoch 549/1000: 100%|██████████████| 24/24 [00:04<00:00,  5.95it/s, loss=0.0192]
Epoch 549/1000 | Loss: 0.0501 | Best: 0.0333 | Time: 4.0s | Elapsed: 0.7h | ETA: 32m | LR: 0.000085
Epoch 550/1000: 100%|██████████████| 24/24 [00:04<00:00,  5.96it/s, loss=0.0725]
Epoch 550/1000 | Loss: 0.0561 | Best: 0.0333 | Time: 4.0s | Elapsed: 0.8h | ETA: 32m | LR: 0.000084
  Generating samples at epoch 550...
DDIM Sampling: 100%|████████████████████████████| 50/50 [00:01<00:00, 25.45it/s]
DDIM Sampling: 100%|████████████████████████████| 50/50 [00:01<00:00, 25.50it/s]
DDIM Sampling: 100%|████████████████████████████| 50/50 [00:01<00:00, 25.45it/s]
Epoch 551/1000: 100%|██████████████| 24/24 [00:04<00:00,  5.98it/s, loss=0.0263]
Epoch 551/1000 | Loss: 0.0466 | Best: 0.0333 | Time: 4.0s | Elapsed: 0.8h | ETA: 32m | LR: 0.000084
Epoch 552/1000: 100%|██████████████| 24/24 [00:04<00:00,  5.97it/s, loss=0.0450]
Epoch 552/1000 | Loss: 0.0596 | Best: 0.0333 | Time: 4.0s | Elapsed: 0.8h | ETA: 32m | LR: 0.000084
Epoch 553/1000: 100%|██████████████| 24/24 [00:04<00:00,  6.00it/s, loss=0.0125]
Epoch 553/1000 | Loss: 0.0463 | Best: 0.0333 | Time: 4.0s | Elapsed: 0.8h | ETA: 32m | LR: 0.000083
Epoch 554/1000: 100%|██████████████| 24/24 [00:04<00:00,  5.93it/s, loss=0.0323]
Epoch 554/1000 | Loss: 0.0444 | Best: 0.0333 | Time: 4.0s | Elapsed: 0.8h | ETA: 32m | LR: 0.000083
Epoch 555/1000: 100%|██████████████| 24/24 [00:04<00:00,  5.94it/s, loss=0.0175]
Epoch 555/1000 | Loss: 0.0397 | Best: 0.0333 | Time: 4.0s | Elapsed: 0.8h | ETA: 32m | LR: 0.000083
Epoch 556/1000: 100%|██████████████| 24/24 [00:04<00:00,  5.95it/s, loss=0.0179]
Epoch 556/1000 | Loss: 0.0631 | Best: 0.0333 | Time: 4.0s | Elapsed: 0.8h | ETA: 32m | LR: 0.000082
Epoch 557/1000: 100%|██████████████| 24/24 [00:04<00:00,  5.91it/s, loss=0.0136]
Epoch 557/1000 | Loss: 0.0386 | Best: 0.0333 | Time: 4.1s | Elapsed: 0.8h | ETA: 31m | LR: 0.000082
Epoch 558/1000: 100%|██████████████| 24/24 [00:04<00:00,  5.94it/s, loss=0.0697]
Epoch 558/1000 | Loss: 0.0505 | Best: 0.0333 | Time: 4.0s | Elapsed: 0.8h | ETA: 31m | LR: 0.000082
Epoch 559/1000: 100%|██████████████| 24/24 [00:04<00:00,  5.96it/s, loss=0.0707]
Epoch 559/1000 | Loss: 0.0423 | Best: 0.0333 | Time: 4.0s | Elapsed: 0.8h | ETA: 31m | LR: 0.000082
Epoch 560/1000: 100%|██████████████| 24/24 [00:04<00:00,  5.99it/s, loss=0.0537]
Epoch 560/1000 | Loss: 0.0557 | Best: 0.0333 | Time: 4.0s | Elapsed: 0.8h | ETA: 31m | LR: 0.000081
  Generating samples at epoch 560...
DDIM Sampling: 100%|████████████████████████████| 50/50 [00:01<00:00, 25.51it/s]
DDIM Sampling: 100%|████████████████████████████| 50/50 [00:01<00:00, 25.50it/s]
DDIM Sampling: 100%|████████████████████████████| 50/50 [00:01<00:00, 25.46it/s]
Epoch 561/1000: 100%|██████████████| 24/24 [00:04<00:00,  5.95it/s, loss=0.0203]
Epoch 561/1000 | Loss: 0.0563 | Best: 0.0333 | Time: 4.0s | Elapsed: 0.8h | ETA: 31m | LR: 0.000081
Epoch 562/1000: 100%|██████████████| 24/24 [00:04<00:00,  5.93it/s, loss=0.0463]
Epoch 562/1000 | Loss: 0.0618 | Best: 0.0333 | Time: 4.1s | Elapsed: 0.8h | ETA: 31m | LR: 0.000081
Epoch 563/1000: 100%|██████████████| 24/24 [00:04<00:00,  5.93it/s, loss=0.0399]
Epoch 563/1000 | Loss: 0.0548 | Best: 0.0333 | Time: 4.1s | Elapsed: 0.8h | ETA: 31m | LR: 0.000080
Epoch 564/1000: 100%|██████████████| 24/24 [00:04<00:00,  5.89it/s, loss=0.0257]
Epoch 564/1000 | Loss: 0.0481 | Best: 0.0333 | Time: 4.1s | Elapsed: 0.8h | ETA: 31m | LR: 0.000080
Epoch 565/1000: 100%|██████████████| 24/24 [00:04<00:00,  5.93it/s, loss=0.0258]
Epoch 565/1000 | Loss: 0.0434 | Best: 0.0333 | Time: 4.0s | Elapsed: 0.8h | ETA: 31m | LR: 0.000080
Epoch 566/1000: 100%|██████████████| 24/24 [00:04<00:00,  5.87it/s, loss=0.0336]
Epoch 566/1000 | Loss: 0.0420 | Best: 0.0333 | Time: 4.1s | Elapsed: 0.8h | ETA: 31m | LR: 0.000079
Epoch 567/1000: 100%|██████████████| 24/24 [00:04<00:00,  5.96it/s, loss=0.0054]
Epoch 567/1000 | Loss: 0.0512 | Best: 0.0333 | Time: 4.0s | Elapsed: 0.8h | ETA: 31m | LR: 0.000079
Epoch 568/1000: 100%|██████████████| 24/24 [00:04<00:00,  5.96it/s, loss=0.0510]
Epoch 568/1000 | Loss: 0.0437 | Best: 0.0333 | Time: 4.0s | Elapsed: 0.8h | ETA: 31m | LR: 0.000079
Epoch 569/1000: 100%|██████████████| 24/24 [00:04<00:00,  5.94it/s, loss=0.0152]
Epoch 569/1000 | Loss: 0.0457 | Best: 0.0333 | Time: 4.0s | Elapsed: 0.8h | ETA: 31m | LR: 0.000078
Epoch 570/1000: 100%|██████████████| 24/24 [00:04<00:00,  5.94it/s, loss=0.0088]
Epoch 570/1000 | Loss: 0.0488 | Best: 0.0333 | Time: 4.0s | Elapsed: 0.8h | ETA: 31m | LR: 0.000078
  Generating samples at epoch 570...
DDIM Sampling: 100%|████████████████████████████| 50/50 [00:01<00:00, 25.41it/s]
DDIM Sampling: 100%|████████████████████████████| 50/50 [00:01<00:00, 25.47it/s]
DDIM Sampling: 100%|████████████████████████████| 50/50 [00:01<00:00, 25.48it/s]
Epoch 571/1000: 100%|██████████████| 24/24 [00:04<00:00,  5.98it/s, loss=0.0367]
Epoch 571/1000 | Loss: 0.0596 | Best: 0.0333 | Time: 4.0s | Elapsed: 0.8h | ETA: 30m | LR: 0.000078
Epoch 572/1000: 100%|██████████████| 24/24 [00:04<00:00,  5.94it/s, loss=0.0669]
Epoch 572/1000 | Loss: 0.0492 | Best: 0.0333 | Time: 4.0s | Elapsed: 0.8h | ETA: 30m | LR: 0.000078
Epoch 573/1000: 100%|██████████████| 24/24 [00:04<00:00,  5.99it/s, loss=0.0237]
Epoch 573/1000 | Loss: 0.0529 | Best: 0.0333 | Time: 4.0s | Elapsed: 0.8h | ETA: 30m | LR: 0.000077
Epoch 574/1000: 100%|██████████████| 24/24 [00:04<00:00,  5.99it/s, loss=0.0844]
Epoch 574/1000 | Loss: 0.0613 | Best: 0.0333 | Time: 4.0s | Elapsed: 0.8h | ETA: 30m | LR: 0.000077
Epoch 575/1000: 100%|██████████████| 24/24 [00:04<00:00,  5.99it/s, loss=0.0389]
Epoch 575/1000 | Loss: 0.0425 | Best: 0.0333 | Time: 4.0s | Elapsed: 0.8h | ETA: 30m | LR: 0.000077
Epoch 576/1000: 100%|██████████████| 24/24 [00:04<00:00,  5.98it/s, loss=0.0594]
Epoch 576/1000 | Loss: 0.0478 | Best: 0.0333 | Time: 4.0s | Elapsed: 0.8h | ETA: 30m | LR: 0.000076
Epoch 577/1000: 100%|██████████████| 24/24 [00:03<00:00,  6.00it/s, loss=0.0697]
Epoch 577/1000 | Loss: 0.0424 | Best: 0.0333 | Time: 4.0s | Elapsed: 0.8h | ETA: 30m | LR: 0.000076
Epoch 578/1000: 100%|██████████████| 24/24 [00:04<00:00,  5.97it/s, loss=0.0944]
Epoch 578/1000 | Loss: 0.0551 | Best: 0.0333 | Time: 4.0s | Elapsed: 0.8h | ETA: 30m | LR: 0.000076
Epoch 579/1000: 100%|██████████████| 24/24 [00:04<00:00,  5.98it/s, loss=0.0395]
Epoch 579/1000 | Loss: 0.0509 | Best: 0.0333 | Time: 4.0s | Elapsed: 0.8h | ETA: 30m | LR: 0.000075
Epoch 580/1000: 100%|██████████████| 24/24 [00:04<00:00,  5.92it/s, loss=0.0177]
Epoch 580/1000 | Loss: 0.0449 | Best: 0.0333 | Time: 4.1s | Elapsed: 0.8h | ETA: 30m | LR: 0.000075
  Generating samples at epoch 580...
DDIM Sampling: 100%|████████████████████████████| 50/50 [00:01<00:00, 25.24it/s]
DDIM Sampling: 100%|████████████████████████████| 50/50 [00:01<00:00, 25.44it/s]
DDIM Sampling: 100%|████████████████████████████| 50/50 [00:01<00:00, 25.45it/s]
Epoch 581/1000: 100%|██████████████| 24/24 [00:04<00:00,  5.98it/s, loss=0.0438]
Epoch 581/1000 | Loss: 0.0498 | Best: 0.0333 | Time: 4.0s | Elapsed: 0.8h | ETA: 30m | LR: 0.000075
Epoch 582/1000: 100%|██████████████| 24/24 [00:04<00:00,  5.91it/s, loss=0.0076]
Epoch 582/1000 | Loss: 0.0568 | Best: 0.0333 | Time: 4.1s | Elapsed: 0.8h | ETA: 30m | LR: 0.000075
Epoch 583/1000: 100%|██████████████| 24/24 [00:04<00:00,  5.96it/s, loss=0.0351]
Epoch 583/1000 | Loss: 0.0582 | Best: 0.0333 | Time: 4.0s | Elapsed: 0.8h | ETA: 30m | LR: 0.000074
Epoch 584/1000: 100%|██████████████| 24/24 [00:04<00:00,  5.97it/s, loss=0.0555]
Epoch 584/1000 | Loss: 0.0341 | Best: 0.0333 | Time: 4.0s | Elapsed: 0.8h | ETA: 29m | LR: 0.000074
Epoch 585/1000: 100%|██████████████| 24/24 [00:04<00:00,  5.94it/s, loss=0.0410]
Epoch 585/1000 | Loss: 0.0369 | Best: 0.0333 | Time: 4.0s | Elapsed: 0.8h | ETA: 29m | LR: 0.000074
Epoch 586/1000: 100%|██████████████| 24/24 [00:04<00:00,  5.96it/s, loss=0.1211]
Epoch 586/1000 | Loss: 0.0482 | Best: 0.0333 | Time: 4.0s | Elapsed: 0.8h | ETA: 29m | LR: 0.000073
Epoch 587/1000: 100%|██████████████| 24/24 [00:04<00:00,  5.90it/s, loss=0.0649]
Epoch 587/1000 | Loss: 0.0366 | Best: 0.0333 | Time: 4.1s | Elapsed: 0.8h | ETA: 29m | LR: 0.000073
Epoch 588/1000: 100%|██████████████| 24/24 [00:04<00:00,  5.96it/s, loss=0.0045]
Epoch 588/1000 | Loss: 0.0527 | Best: 0.0333 | Time: 4.0s | Elapsed: 0.8h | ETA: 29m | LR: 0.000073
Epoch 589/1000: 100%|██████████████| 24/24 [00:04<00:00,  5.92it/s, loss=0.0237]
Epoch 589/1000 | Loss: 0.0512 | Best: 0.0333 | Time: 4.1s | Elapsed: 0.8h | ETA: 29m | LR: 0.000072
Epoch 590/1000: 100%|██████████████| 24/24 [00:04<00:00,  5.88it/s, loss=0.0729]
Epoch 590/1000 | Loss: 0.0554 | Best: 0.0333 | Time: 4.1s | Elapsed: 0.8h | ETA: 29m | LR: 0.000072
  Generating samples at epoch 590...
DDIM Sampling: 100%|████████████████████████████| 50/50 [00:01<00:00, 25.43it/s]
DDIM Sampling: 100%|████████████████████████████| 50/50 [00:01<00:00, 25.37it/s]
DDIM Sampling: 100%|████████████████████████████| 50/50 [00:01<00:00, 25.41it/s]
Epoch 591/1000: 100%|██████████████| 24/24 [00:04<00:00,  5.99it/s, loss=0.0169]
Epoch 591/1000 | Loss: 0.0398 | Best: 0.0333 | Time: 4.0s | Elapsed: 0.8h | ETA: 29m | LR: 0.000072
Epoch 592/1000: 100%|██████████████| 24/24 [00:03<00:00,  6.02it/s, loss=0.0203]
Epoch 592/1000 | Loss: 0.0387 | Best: 0.0333 | Time: 4.0s | Elapsed: 0.8h | ETA: 29m | LR: 0.000071
Epoch 593/1000: 100%|██████████████| 24/24 [00:04<00:00,  5.92it/s, loss=0.0536]
Epoch 593/1000 | Loss: 0.0583 | Best: 0.0333 | Time: 4.1s | Elapsed: 0.8h | ETA: 29m | LR: 0.000071
Epoch 594/1000: 100%|██████████████| 24/24 [00:04<00:00,  5.96it/s, loss=0.0298]
Epoch 594/1000 | Loss: 0.0560 | Best: 0.0333 | Time: 4.0s | Elapsed: 0.8h | ETA: 29m | LR: 0.000071
Epoch 595/1000: 100%|██████████████| 24/24 [00:04<00:00,  5.96it/s, loss=0.0303]
Epoch 595/1000 | Loss: 0.0575 | Best: 0.0333 | Time: 4.0s | Elapsed: 0.8h | ETA: 29m | LR: 0.000071
Epoch 596/1000: 100%|██████████████| 24/24 [00:04<00:00,  5.87it/s, loss=0.0133]
Epoch 596/1000 | Loss: 0.0427 | Best: 0.0333 | Time: 4.1s | Elapsed: 0.8h | ETA: 29m | LR: 0.000070
Epoch 597/1000: 100%|██████████████| 24/24 [00:04<00:00,  5.96it/s, loss=0.0209]
Epoch 597/1000 | Loss: 0.0641 | Best: 0.0333 | Time: 4.0s | Elapsed: 0.8h | ETA: 29m | LR: 0.000070
Epoch 598/1000: 100%|██████████████| 24/24 [00:04<00:00,  5.99it/s, loss=0.0211]
Epoch 598/1000 | Loss: 0.0345 | Best: 0.0333 | Time: 4.0s | Elapsed: 0.8h | ETA: 28m | LR: 0.000070
Epoch 599/1000: 100%|██████████████| 24/24 [00:04<00:00,  5.97it/s, loss=0.0433]
Epoch 599/1000 | Loss: 0.0416 | Best: 0.0333 | Time: 4.0s | Elapsed: 0.8h | ETA: 28m | LR: 0.000069
Epoch 600/1000: 100%|██████████████| 24/24 [00:04<00:00,  5.91it/s, loss=0.0294]
Epoch 600/1000 | Loss: 0.0375 | Best: 0.0333 | Time: 4.1s | Elapsed: 0.8h | ETA: 28m | LR: 0.000069
  Generating samples at epoch 600...
DDIM Sampling: 100%|████████████████████████████| 50/50 [00:01<00:00, 25.48it/s]
DDIM Sampling: 100%|████████████████████████████| 50/50 [00:01<00:00, 25.45it/s]
DDIM Sampling: 100%|████████████████████████████| 50/50 [00:01<00:00, 25.45it/s]
Epoch 601/1000: 100%|██████████████| 24/24 [00:04<00:00,  5.98it/s, loss=0.0857]
Epoch 601/1000 | Loss: 0.0497 | Best: 0.0333 | Time: 4.0s | Elapsed: 0.8h | ETA: 28m | LR: 0.000069
Epoch 602/1000: 100%|██████████████| 24/24 [00:04<00:00,  5.95it/s, loss=0.0986]
Epoch 602/1000 | Loss: 0.0644 | Best: 0.0333 | Time: 4.0s | Elapsed: 0.8h | ETA: 28m | LR: 0.000069
Epoch 603/1000: 100%|██████████████| 24/24 [00:04<00:00,  5.97it/s, loss=0.0670]
Epoch 603/1000 | Loss: 0.0535 | Best: 0.0333 | Time: 4.0s | Elapsed: 0.8h | ETA: 28m | LR: 0.000068
Epoch 604/1000: 100%|██████████████| 24/24 [00:04<00:00,  5.99it/s, loss=0.0738]
Epoch 604/1000 | Loss: 0.0447 | Best: 0.0333 | Time: 4.0s | Elapsed: 0.8h | ETA: 28m | LR: 0.000068
Epoch 605/1000: 100%|██████████████| 24/24 [00:04<00:00,  5.96it/s, loss=0.0116]
Epoch 605/1000 | Loss: 0.0384 | Best: 0.0333 | Time: 4.0s | Elapsed: 0.8h | ETA: 28m | LR: 0.000068
Epoch 606/1000: 100%|██████████████| 24/24 [00:04<00:00,  5.98it/s, loss=0.0784]
Epoch 606/1000 | Loss: 0.0575 | Best: 0.0333 | Time: 4.0s | Elapsed: 0.8h | ETA: 28m | LR: 0.000067
Epoch 607/1000: 100%|██████████████| 24/24 [00:04<00:00,  5.95it/s, loss=0.0677]
Epoch 607/1000 | Loss: 0.0469 | Best: 0.0333 | Time: 4.0s | Elapsed: 0.8h | ETA: 28m | LR: 0.000067
Epoch 608/1000: 100%|██████████████| 24/24 [00:04<00:00,  5.95it/s, loss=0.1010]
Epoch 608/1000 | Loss: 0.0513 | Best: 0.0333 | Time: 4.0s | Elapsed: 0.8h | ETA: 28m | LR: 0.000067
Epoch 609/1000: 100%|██████████████| 24/24 [00:04<00:00,  5.96it/s, loss=0.0366]
Epoch 609/1000 | Loss: 0.0572 | Best: 0.0333 | Time: 4.0s | Elapsed: 0.8h | ETA: 28m | LR: 0.000066
Epoch 610/1000: 100%|██████████████| 24/24 [00:04<00:00,  5.90it/s, loss=0.1216]
Epoch 610/1000 | Loss: 0.0415 | Best: 0.0333 | Time: 4.1s | Elapsed: 0.8h | ETA: 28m | LR: 0.000066
  Generating samples at epoch 610...
DDIM Sampling: 100%|████████████████████████████| 50/50 [00:01<00:00, 25.25it/s]
DDIM Sampling: 100%|████████████████████████████| 50/50 [00:01<00:00, 25.42it/s]
DDIM Sampling: 100%|████████████████████████████| 50/50 [00:01<00:00, 25.40it/s]
Epoch 611/1000: 100%|██████████████| 24/24 [00:04<00:00,  5.96it/s, loss=0.0131]
Epoch 611/1000 | Loss: 0.0398 | Best: 0.0333 | Time: 4.0s | Elapsed: 0.8h | ETA: 28m | LR: 0.000066
Epoch 612/1000: 100%|██████████████| 24/24 [00:04<00:00,  5.97it/s, loss=0.0632]
Epoch 612/1000 | Loss: 0.0619 | Best: 0.0333 | Time: 4.0s | Elapsed: 0.8h | ETA: 27m | LR: 0.000066
Epoch 613/1000: 100%|██████████████| 24/24 [00:04<00:00,  5.96it/s, loss=0.0134]
Epoch 613/1000 | Loss: 0.0531 | Best: 0.0333 | Time: 4.0s | Elapsed: 0.8h | ETA: 27m | LR: 0.000065
Epoch 614/1000: 100%|██████████████| 24/24 [00:04<00:00,  5.99it/s, loss=0.0231]
Epoch 614/1000 | Loss: 0.0445 | Best: 0.0333 | Time: 4.0s | Elapsed: 0.8h | ETA: 27m | LR: 0.000065
Epoch 615/1000: 100%|██████████████| 24/24 [00:04<00:00,  5.99it/s, loss=0.0497]
Epoch 615/1000 | Loss: 0.0462 | Best: 0.0333 | Time: 4.0s | Elapsed: 0.8h | ETA: 27m | LR: 0.000065
Epoch 616/1000: 100%|██████████████| 24/24 [00:04<00:00,  5.87it/s, loss=0.0452]
Epoch 616/1000 | Loss: 0.0407 | Best: 0.0333 | Time: 4.1s | Elapsed: 0.8h | ETA: 27m | LR: 0.000064
Epoch 617/1000: 100%|██████████████| 24/24 [00:04<00:00,  5.93it/s, loss=0.0402]
Epoch 617/1000 | Loss: 0.0457 | Best: 0.0333 | Time: 4.1s | Elapsed: 0.8h | ETA: 27m | LR: 0.000064
Epoch 618/1000: 100%|██████████████| 24/24 [00:04<00:00,  5.93it/s, loss=0.0670]
Epoch 618/1000 | Loss: 0.0491 | Best: 0.0333 | Time: 4.0s | Elapsed: 0.8h | ETA: 27m | LR: 0.000064
Epoch 619/1000: 100%|██████████████| 24/24 [00:04<00:00,  5.90it/s, loss=0.0229]
Epoch 619/1000 | Loss: 0.0493 | Best: 0.0333 | Time: 4.1s | Elapsed: 0.8h | ETA: 27m | LR: 0.000063
Epoch 620/1000: 100%|██████████████| 24/24 [00:04<00:00,  5.99it/s, loss=0.0090]
Epoch 620/1000 | Loss: 0.0565 | Best: 0.0333 | Time: 4.0s | Elapsed: 0.8h | ETA: 27m | LR: 0.000063
  Generating samples at epoch 620...
DDIM Sampling: 100%|████████████████████████████| 50/50 [00:01<00:00, 25.46it/s]
DDIM Sampling: 100%|████████████████████████████| 50/50 [00:01<00:00, 25.46it/s]
DDIM Sampling: 100%|████████████████████████████| 50/50 [00:01<00:00, 25.47it/s]
Epoch 621/1000: 100%|██████████████| 24/24 [00:03<00:00,  6.07it/s, loss=0.0581]
Epoch 621/1000 | Loss: 0.0496 | Best: 0.0333 | Time: 4.0s | Elapsed: 0.8h | ETA: 27m | LR: 0.000063
Epoch 622/1000: 100%|██████████████| 24/24 [00:03<00:00,  6.03it/s, loss=0.0911]
Epoch 622/1000 | Loss: 0.0484 | Best: 0.0333 | Time: 4.0s | Elapsed: 0.8h | ETA: 27m | LR: 0.000063
Epoch 623/1000: 100%|██████████████| 24/24 [00:04<00:00,  5.94it/s, loss=0.0627]
Epoch 623/1000 | Loss: 0.0627 | Best: 0.0333 | Time: 4.0s | Elapsed: 0.8h | ETA: 27m | LR: 0.000062
Epoch 624/1000: 100%|██████████████| 24/24 [00:04<00:00,  5.99it/s, loss=0.0186]
Epoch 624/1000 | Loss: 0.0575 | Best: 0.0333 | Time: 4.0s | Elapsed: 0.8h | ETA: 27m | LR: 0.000062
Epoch 625/1000: 100%|██████████████| 24/24 [00:04<00:00,  5.96it/s, loss=0.1179]
Epoch 625/1000 | Loss: 0.0472 | Best: 0.0333 | Time: 4.0s | Elapsed: 0.8h | ETA: 26m | LR: 0.000062
Epoch 626/1000: 100%|██████████████| 24/24 [00:04<00:00,  5.94it/s, loss=0.1211]
Epoch 626/1000 | Loss: 0.0523 | Best: 0.0333 | Time: 4.0s | Elapsed: 0.9h | ETA: 26m | LR: 0.000061
Epoch 627/1000: 100%|██████████████| 24/24 [00:04<00:00,  5.96it/s, loss=0.0831]
Epoch 627/1000 | Loss: 0.0549 | Best: 0.0333 | Time: 4.0s | Elapsed: 0.9h | ETA: 26m | LR: 0.000061
Epoch 628/1000: 100%|██████████████| 24/24 [00:04<00:00,  5.99it/s, loss=0.0046]
Epoch 628/1000 | Loss: 0.0461 | Best: 0.0333 | Time: 4.0s | Elapsed: 0.9h | ETA: 26m | LR: 0.000061
Epoch 629/1000: 100%|██████████████| 24/24 [00:04<00:00,  5.93it/s, loss=0.0394]
Epoch 629/1000 | Loss: 0.0463 | Best: 0.0333 | Time: 4.0s | Elapsed: 0.9h | ETA: 26m | LR: 0.000061
Epoch 630/1000: 100%|██████████████| 24/24 [00:04<00:00,  5.93it/s, loss=0.0086]
Epoch 630/1000 | Loss: 0.0515 | Best: 0.0333 | Time: 4.1s | Elapsed: 0.9h | ETA: 26m | LR: 0.000060
  Generating samples at epoch 630...
DDIM Sampling: 100%|████████████████████████████| 50/50 [00:01<00:00, 25.43it/s]
DDIM Sampling: 100%|████████████████████████████| 50/50 [00:01<00:00, 25.40it/s]
DDIM Sampling: 100%|████████████████████████████| 50/50 [00:01<00:00, 25.43it/s]
Epoch 631/1000: 100%|██████████████| 24/24 [00:04<00:00,  5.97it/s, loss=0.0639]
Epoch 631/1000 | Loss: 0.0418 | Best: 0.0333 | Time: 4.0s | Elapsed: 0.9h | ETA: 26m | LR: 0.000060
Epoch 632/1000: 100%|██████████████| 24/24 [00:04<00:00,  5.93it/s, loss=0.0663]
Epoch 632/1000 | Loss: 0.0494 | Best: 0.0333 | Time: 4.0s | Elapsed: 0.9h | ETA: 26m | LR: 0.000060
Epoch 633/1000: 100%|██████████████| 24/24 [00:04<00:00,  5.92it/s, loss=0.0648]
Epoch 633/1000 | Loss: 0.0542 | Best: 0.0333 | Time: 4.1s | Elapsed: 0.9h | ETA: 26m | LR: 0.000059
Epoch 634/1000: 100%|██████████████| 24/24 [00:04<00:00,  5.92it/s, loss=0.0175]
Epoch 634/1000 | Loss: 0.0451 | Best: 0.0333 | Time: 4.1s | Elapsed: 0.9h | ETA: 26m | LR: 0.000059
Epoch 635/1000: 100%|██████████████| 24/24 [00:04<00:00,  5.95it/s, loss=0.0095]
Epoch 635/1000 | Loss: 0.0508 | Best: 0.0333 | Time: 4.0s | Elapsed: 0.9h | ETA: 26m | LR: 0.000059
Epoch 636/1000: 100%|██████████████| 24/24 [00:04<00:00,  5.95it/s, loss=0.0198]
Epoch 636/1000 | Loss: 0.0424 | Best: 0.0333 | Time: 4.0s | Elapsed: 0.9h | ETA: 26m | LR: 0.000059
Epoch 637/1000: 100%|██████████████| 24/24 [00:04<00:00,  5.86it/s, loss=0.0418]
Epoch 637/1000 | Loss: 0.0457 | Best: 0.0333 | Time: 4.1s | Elapsed: 0.9h | ETA: 26m | LR: 0.000058
Epoch 638/1000: 100%|██████████████| 24/24 [00:04<00:00,  5.96it/s, loss=0.0162]
Epoch 638/1000 | Loss: 0.0564 | Best: 0.0333 | Time: 4.0s | Elapsed: 0.9h | ETA: 26m | LR: 0.000058
Epoch 639/1000: 100%|██████████████| 24/24 [00:04<00:00,  5.97it/s, loss=0.0581]
Epoch 639/1000 | Loss: 0.0420 | Best: 0.0333 | Time: 4.0s | Elapsed: 0.9h | ETA: 25m | LR: 0.000058
Epoch 640/1000: 100%|██████████████| 24/24 [00:04<00:00,  5.93it/s, loss=0.0122]
Epoch 640/1000 | Loss: 0.0420 | Best: 0.0333 | Time: 4.0s | Elapsed: 0.9h | ETA: 25m | LR: 0.000057
  Generating samples at epoch 640...
DDIM Sampling: 100%|████████████████████████████| 50/50 [00:01<00:00, 25.39it/s]
DDIM Sampling: 100%|████████████████████████████| 50/50 [00:01<00:00, 25.46it/s]
DDIM Sampling: 100%|████████████████████████████| 50/50 [00:01<00:00, 25.44it/s]
Epoch 641/1000: 100%|██████████████| 24/24 [00:04<00:00,  5.93it/s, loss=0.0153]
Epoch 641/1000 | Loss: 0.0452 | Best: 0.0333 | Time: 4.0s | Elapsed: 0.9h | ETA: 25m | LR: 0.000057
Epoch 642/1000: 100%|██████████████| 24/24 [00:04<00:00,  5.96it/s, loss=0.0163]
Epoch 642/1000 | Loss: 0.0649 | Best: 0.0333 | Time: 4.0s | Elapsed: 0.9h | ETA: 25m | LR: 0.000057
Epoch 643/1000: 100%|██████████████| 24/24 [00:04<00:00,  5.92it/s, loss=0.0643]
Epoch 643/1000 | Loss: 0.0446 | Best: 0.0333 | Time: 4.1s | Elapsed: 0.9h | ETA: 25m | LR: 0.000057
Epoch 644/1000: 100%|██████████████| 24/24 [00:04<00:00,  5.93it/s, loss=0.0566]
Epoch 644/1000 | Loss: 0.0376 | Best: 0.0333 | Time: 4.0s | Elapsed: 0.9h | ETA: 25m | LR: 0.000056
Epoch 645/1000: 100%|██████████████| 24/24 [00:04<00:00,  5.99it/s, loss=0.0168]
Epoch 645/1000 | Loss: 0.0517 | Best: 0.0333 | Time: 4.0s | Elapsed: 0.9h | ETA: 25m | LR: 0.000056
Epoch 646/1000: 100%|██████████████| 24/24 [00:04<00:00,  5.93it/s, loss=0.0704]
Epoch 646/1000 | Loss: 0.0438 | Best: 0.0333 | Time: 4.0s | Elapsed: 0.9h | ETA: 25m | LR: 0.000056
Epoch 647/1000: 100%|██████████████| 24/24 [00:04<00:00,  5.96it/s, loss=0.0752]
Epoch 647/1000 | Loss: 0.0410 | Best: 0.0333 | Time: 4.0s | Elapsed: 0.9h | ETA: 25m | LR: 0.000055
Epoch 648/1000: 100%|██████████████| 24/24 [00:04<00:00,  5.96it/s, loss=0.0211]
Epoch 648/1000 | Loss: 0.0555 | Best: 0.0333 | Time: 4.0s | Elapsed: 0.9h | ETA: 25m | LR: 0.000055
Epoch 649/1000: 100%|██████████████| 24/24 [00:04<00:00,  5.90it/s, loss=0.0276]
Epoch 649/1000 | Loss: 0.0507 | Best: 0.0333 | Time: 4.1s | Elapsed: 0.9h | ETA: 25m | LR: 0.000055
Epoch 650/1000: 100%|██████████████| 24/24 [00:04<00:00,  5.98it/s, loss=0.0257]
Epoch 650/1000 | Loss: 0.0487 | Best: 0.0333 | Time: 4.0s | Elapsed: 0.9h | ETA: 25m | LR: 0.000055
  Generating samples at epoch 650...
DDIM Sampling: 100%|████████████████████████████| 50/50 [00:01<00:00, 25.51it/s]
DDIM Sampling: 100%|████████████████████████████| 50/50 [00:01<00:00, 25.45it/s]
DDIM Sampling: 100%|████████████████████████████| 50/50 [00:01<00:00, 25.56it/s]
Epoch 651/1000: 100%|██████████████| 24/24 [00:03<00:00,  6.04it/s, loss=0.0162]
Epoch 651/1000 | Loss: 0.0493 | Best: 0.0333 | Time: 4.0s | Elapsed: 0.9h | ETA: 25m | LR: 0.000054
Epoch 652/1000: 100%|██████████████| 24/24 [00:04<00:00,  5.97it/s, loss=0.0140]
Epoch 652/1000 | Loss: 0.0364 | Best: 0.0333 | Time: 4.0s | Elapsed: 0.9h | ETA: 25m | LR: 0.000054
Epoch 653/1000: 100%|██████████████| 24/24 [00:04<00:00,  5.90it/s, loss=0.0457]
Epoch 653/1000 | Loss: 0.0532 | Best: 0.0333 | Time: 4.1s | Elapsed: 0.9h | ETA: 24m | LR: 0.000054
Epoch 654/1000: 100%|██████████████| 24/24 [00:04<00:00,  5.96it/s, loss=0.0582]
Epoch 654/1000 | Loss: 0.0534 | Best: 0.0333 | Time: 4.0s | Elapsed: 0.9h | ETA: 24m | LR: 0.000053
Epoch 655/1000: 100%|██████████████| 24/24 [00:04<00:00,  5.99it/s, loss=0.0131]
Epoch 655/1000 | Loss: 0.0566 | Best: 0.0333 | Time: 4.0s | Elapsed: 0.9h | ETA: 24m | LR: 0.000053
Epoch 656/1000: 100%|██████████████| 24/24 [00:04<00:00,  5.90it/s, loss=0.0502]
Epoch 656/1000 | Loss: 0.0501 | Best: 0.0333 | Time: 4.1s | Elapsed: 0.9h | ETA: 24m | LR: 0.000053
Epoch 657/1000: 100%|██████████████| 24/24 [00:04<00:00,  5.90it/s, loss=0.0096]
Epoch 657/1000 | Loss: 0.0469 | Best: 0.0333 | Time: 4.1s | Elapsed: 0.9h | ETA: 24m | LR: 0.000053
Epoch 658/1000: 100%|██████████████| 24/24 [00:04<00:00,  5.93it/s, loss=0.0205]
Epoch 658/1000 | Loss: 0.0436 | Best: 0.0333 | Time: 4.0s | Elapsed: 0.9h | ETA: 24m | LR: 0.000052
Epoch 659/1000: 100%|██████████████| 24/24 [00:04<00:00,  5.88it/s, loss=0.0830]
Epoch 659/1000 | Loss: 0.0514 | Best: 0.0333 | Time: 4.1s | Elapsed: 0.9h | ETA: 24m | LR: 0.000052
Epoch 660/1000: 100%|██████████████| 24/24 [00:04<00:00,  5.99it/s, loss=0.0084]
Epoch 660/1000 | Loss: 0.0447 | Best: 0.0333 | Time: 4.0s | Elapsed: 0.9h | ETA: 24m | LR: 0.000052
  Generating samples at epoch 660...
DDIM Sampling: 100%|████████████████████████████| 50/50 [00:01<00:00, 25.39it/s]
DDIM Sampling: 100%|████████████████████████████| 50/50 [00:01<00:00, 25.40it/s]
DDIM Sampling: 100%|████████████████████████████| 50/50 [00:01<00:00, 25.43it/s]
Epoch 661/1000: 100%|██████████████| 24/24 [00:04<00:00,  6.00it/s, loss=0.0367]
Epoch 661/1000 | Loss: 0.0565 | Best: 0.0333 | Time: 4.0s | Elapsed: 0.9h | ETA: 24m | LR: 0.000052
Epoch 662/1000: 100%|██████████████| 24/24 [00:04<00:00,  5.96it/s, loss=0.0353]
Epoch 662/1000 | Loss: 0.0440 | Best: 0.0333 | Time: 4.0s | Elapsed: 0.9h | ETA: 24m | LR: 0.000051
Epoch 663/1000: 100%|██████████████| 24/24 [00:04<00:00,  5.92it/s, loss=0.0334]
Epoch 663/1000 | Loss: 0.0432 | Best: 0.0333 | Time: 4.1s | Elapsed: 0.9h | ETA: 24m | LR: 0.000051
Epoch 664/1000: 100%|██████████████| 24/24 [00:04<00:00,  5.84it/s, loss=0.0294]
Epoch 664/1000 | Loss: 0.0544 | Best: 0.0333 | Time: 4.1s | Elapsed: 0.9h | ETA: 24m | LR: 0.000051
Epoch 665/1000: 100%|██████████████| 24/24 [00:04<00:00,  5.95it/s, loss=0.0436]
Epoch 665/1000 | Loss: 0.0493 | Best: 0.0333 | Time: 4.0s | Elapsed: 0.9h | ETA: 24m | LR: 0.000050
Epoch 666/1000: 100%|██████████████| 24/24 [00:04<00:00,  5.96it/s, loss=0.0340]
Epoch 666/1000 | Loss: 0.0405 | Best: 0.0333 | Time: 4.0s | Elapsed: 0.9h | ETA: 24m | LR: 0.000050
Epoch 667/1000: 100%|██████████████| 24/24 [00:04<00:00,  5.97it/s, loss=0.0788]
Epoch 667/1000 | Loss: 0.0381 | Best: 0.0333 | Time: 4.0s | Elapsed: 0.9h | ETA: 23m | LR: 0.000050
Epoch 668/1000: 100%|██████████████| 24/24 [00:04<00:00,  5.96it/s, loss=0.0043]
Epoch 668/1000 | Loss: 0.0461 | Best: 0.0333 | Time: 4.0s | Elapsed: 0.9h | ETA: 23m | LR: 0.000050
Epoch 669/1000: 100%|██████████████| 24/24 [00:04<00:00,  5.96it/s, loss=0.0167]
Epoch 669/1000 | Loss: 0.0440 | Best: 0.0333 | Time: 4.0s | Elapsed: 0.9h | ETA: 23m | LR: 0.000049
Epoch 670/1000: 100%|██████████████| 24/24 [00:04<00:00,  5.97it/s, loss=0.0508]
Epoch 670/1000 | Loss: 0.0492 | Best: 0.0333 | Time: 4.0s | Elapsed: 0.9h | ETA: 23m | LR: 0.000049
  Generating samples at epoch 670...
DDIM Sampling: 100%|████████████████████████████| 50/50 [00:01<00:00, 25.35it/s]
DDIM Sampling: 100%|████████████████████████████| 50/50 [00:01<00:00, 25.43it/s]
DDIM Sampling: 100%|████████████████████████████| 50/50 [00:01<00:00, 25.43it/s]
Epoch 671/1000: 100%|██████████████| 24/24 [00:04<00:00,  5.97it/s, loss=0.0167]
Epoch 671/1000 | Loss: 0.0433 | Best: 0.0333 | Time: 4.0s | Elapsed: 0.9h | ETA: 23m | LR: 0.000049
Epoch 672/1000: 100%|██████████████| 24/24 [00:04<00:00,  5.99it/s, loss=0.0641]
Epoch 672/1000 | Loss: 0.0493 | Best: 0.0333 | Time: 4.0s | Elapsed: 0.9h | ETA: 23m | LR: 0.000049
Epoch 673/1000: 100%|██████████████| 24/24 [00:04<00:00,  5.90it/s, loss=0.0089]
Epoch 673/1000 | Loss: 0.0470 | Best: 0.0333 | Time: 4.1s | Elapsed: 0.9h | ETA: 23m | LR: 0.000048
Epoch 674/1000: 100%|██████████████| 24/24 [00:04<00:00,  5.96it/s, loss=0.0150]
Epoch 674/1000 | Loss: 0.0381 | Best: 0.0333 | Time: 4.0s | Elapsed: 0.9h | ETA: 23m | LR: 0.000048
Epoch 675/1000: 100%|██████████████| 24/24 [00:04<00:00,  5.96it/s, loss=0.0140]
Epoch 675/1000 | Loss: 0.0420 | Best: 0.0333 | Time: 4.0s | Elapsed: 0.9h | ETA: 23m | LR: 0.000048
Epoch 676/1000: 100%|██████████████| 24/24 [00:04<00:00,  5.96it/s, loss=0.0158]
Epoch 676/1000 | Loss: 0.0440 | Best: 0.0333 | Time: 4.0s | Elapsed: 0.9h | ETA: 23m | LR: 0.000047
Epoch 677/1000: 100%|██████████████| 24/24 [00:04<00:00,  5.93it/s, loss=0.0566]
Epoch 677/1000 | Loss: 0.0415 | Best: 0.0333 | Time: 4.0s | Elapsed: 0.9h | ETA: 23m | LR: 0.000047
Epoch 678/1000: 100%|██████████████| 24/24 [00:04<00:00,  5.86it/s, loss=0.0631]
Epoch 678/1000 | Loss: 0.0544 | Best: 0.0333 | Time: 4.1s | Elapsed: 0.9h | ETA: 23m | LR: 0.000047
Epoch 679/1000: 100%|██████████████| 24/24 [00:04<00:00,  5.90it/s, loss=0.0187]
Epoch 679/1000 | Loss: 0.0473 | Best: 0.0333 | Time: 4.1s | Elapsed: 0.9h | ETA: 23m | LR: 0.000047
Epoch 680/1000: 100%|██████████████| 24/24 [00:04<00:00,  5.98it/s, loss=0.0553]
Epoch 680/1000 | Loss: 0.0468 | Best: 0.0333 | Time: 4.0s | Elapsed: 0.9h | ETA: 23m | LR: 0.000046
  Generating samples at epoch 680...
DDIM Sampling: 100%|████████████████████████████| 50/50 [00:01<00:00, 25.39it/s]
DDIM Sampling: 100%|████████████████████████████| 50/50 [00:01<00:00, 25.42it/s]
DDIM Sampling: 100%|████████████████████████████| 50/50 [00:01<00:00, 25.54it/s]
Epoch 681/1000: 100%|██████████████| 24/24 [00:04<00:00,  5.98it/s, loss=0.0411]
Epoch 681/1000 | Loss: 0.0415 | Best: 0.0333 | Time: 4.0s | Elapsed: 0.9h | ETA: 22m | LR: 0.000046
Epoch 682/1000: 100%|██████████████| 24/24 [00:04<00:00,  5.99it/s, loss=0.0440]
Epoch 682/1000 | Loss: 0.0636 | Best: 0.0333 | Time: 4.0s | Elapsed: 0.9h | ETA: 22m | LR: 0.000046
Epoch 683/1000: 100%|██████████████| 24/24 [00:04<00:00,  5.86it/s, loss=0.0132]
Epoch 683/1000 | Loss: 0.0486 | Best: 0.0333 | Time: 4.1s | Elapsed: 0.9h | ETA: 22m | LR: 0.000046
Epoch 684/1000: 100%|██████████████| 24/24 [00:04<00:00,  5.93it/s, loss=0.0660]
Epoch 684/1000 | Loss: 0.0512 | Best: 0.0333 | Time: 4.0s | Elapsed: 0.9h | ETA: 22m | LR: 0.000045
Epoch 685/1000: 100%|██████████████| 24/24 [00:04<00:00,  5.94it/s, loss=0.0124]
Epoch 685/1000 | Loss: 0.0514 | Best: 0.0333 | Time: 4.0s | Elapsed: 0.9h | ETA: 22m | LR: 0.000045
Epoch 686/1000: 100%|██████████████| 24/24 [00:04<00:00,  5.96it/s, loss=0.0115]
Epoch 686/1000 | Loss: 0.0320 | Best: 0.0333 | Time: 4.0s | Elapsed: 0.9h | ETA: 22m | LR: 0.000045
Epoch 687/1000: 100%|██████████████| 24/24 [00:04<00:00,  5.95it/s, loss=0.0981]
Epoch 687/1000 | Loss: 0.0424 | Best: 0.0320 | Time: 4.0s | Elapsed: 0.9h | ETA: 22m | LR: 0.000045
Epoch 688/1000: 100%|██████████████| 24/24 [00:04<00:00,  5.96it/s, loss=0.0085]
Epoch 688/1000 | Loss: 0.0462 | Best: 0.0320 | Time: 4.0s | Elapsed: 0.9h | ETA: 22m | LR: 0.000044
Epoch 689/1000: 100%|██████████████| 24/24 [00:04<00:00,  5.93it/s, loss=0.0160]
Epoch 689/1000 | Loss: 0.0432 | Best: 0.0320 | Time: 4.0s | Elapsed: 0.9h | ETA: 22m | LR: 0.000044
Epoch 690/1000: 100%|██████████████| 24/24 [00:04<00:00,  5.97it/s, loss=0.1376]
Epoch 690/1000 | Loss: 0.0500 | Best: 0.0320 | Time: 4.0s | Elapsed: 0.9h | ETA: 22m | LR: 0.000044
  Generating samples at epoch 690...
DDIM Sampling: 100%|████████████████████████████| 50/50 [00:01<00:00, 25.42it/s]
DDIM Sampling: 100%|████████████████████████████| 50/50 [00:01<00:00, 25.39it/s]
DDIM Sampling: 100%|████████████████████████████| 50/50 [00:01<00:00, 25.07it/s]
Epoch 691/1000: 100%|██████████████| 24/24 [00:04<00:00,  5.97it/s, loss=0.0620]
Epoch 691/1000 | Loss: 0.0567 | Best: 0.0320 | Time: 4.0s | Elapsed: 0.9h | ETA: 22m | LR: 0.000044
Epoch 692/1000: 100%|██████████████| 24/24 [00:04<00:00,  5.93it/s, loss=0.0379]
Epoch 692/1000 | Loss: 0.0533 | Best: 0.0320 | Time: 4.1s | Elapsed: 0.9h | ETA: 22m | LR: 0.000043
Epoch 693/1000: 100%|██████████████| 24/24 [00:04<00:00,  5.99it/s, loss=0.0427]
Epoch 693/1000 | Loss: 0.0412 | Best: 0.0320 | Time: 4.0s | Elapsed: 0.9h | ETA: 22m | LR: 0.000043
Epoch 694/1000: 100%|██████████████| 24/24 [00:04<00:00,  5.96it/s, loss=0.0156]
Epoch 694/1000 | Loss: 0.0348 | Best: 0.0320 | Time: 4.0s | Elapsed: 0.9h | ETA: 22m | LR: 0.000043
Epoch 695/1000: 100%|██████████████| 24/24 [00:04<00:00,  5.95it/s, loss=0.0453]
Epoch 695/1000 | Loss: 0.0443 | Best: 0.0320 | Time: 4.0s | Elapsed: 0.9h | ETA: 21m | LR: 0.000042
Epoch 696/1000: 100%|██████████████| 24/24 [00:04<00:00,  5.97it/s, loss=0.0312]
Epoch 696/1000 | Loss: 0.0469 | Best: 0.0320 | Time: 4.0s | Elapsed: 0.9h | ETA: 21m | LR: 0.000042
Epoch 697/1000: 100%|██████████████| 24/24 [00:04<00:00,  5.97it/s, loss=0.0140]
Epoch 697/1000 | Loss: 0.0445 | Best: 0.0320 | Time: 4.0s | Elapsed: 0.9h | ETA: 21m | LR: 0.000042
Epoch 698/1000: 100%|██████████████| 24/24 [00:04<00:00,  5.90it/s, loss=0.0267]
Epoch 698/1000 | Loss: 0.0466 | Best: 0.0320 | Time: 4.1s | Elapsed: 0.9h | ETA: 21m | LR: 0.000042
Epoch 699/1000: 100%|██████████████| 24/24 [00:04<00:00,  5.94it/s, loss=0.0296]
Epoch 699/1000 | Loss: 0.0576 | Best: 0.0320 | Time: 4.0s | Elapsed: 0.9h | ETA: 21m | LR: 0.000041
Epoch 700/1000: 100%|██████████████| 24/24 [00:04<00:00,  5.94it/s, loss=0.1294]
Epoch 700/1000 | Loss: 0.0461 | Best: 0.0320 | Time: 4.0s | Elapsed: 0.9h | ETA: 21m | LR: 0.000041
  Generating samples at epoch 700...
DDIM Sampling: 100%|████████████████████████████| 50/50 [00:01<00:00, 25.56it/s]
DDIM Sampling: 100%|████████████████████████████| 50/50 [00:01<00:00, 25.57it/s]
DDIM Sampling: 100%|████████████████████████████| 50/50 [00:01<00:00, 25.55it/s]
Epoch 701/1000: 100%|██████████████| 24/24 [00:03<00:00,  6.02it/s, loss=0.0983]
Epoch 701/1000 | Loss: 0.0594 | Best: 0.0320 | Time: 4.0s | Elapsed: 0.9h | ETA: 21m | LR: 0.000041
Epoch 702/1000: 100%|██████████████| 24/24 [00:04<00:00,  5.95it/s, loss=0.0201]
Epoch 702/1000 | Loss: 0.0581 | Best: 0.0320 | Time: 4.0s | Elapsed: 0.9h | ETA: 21m | LR: 0.000041
Epoch 703/1000: 100%|██████████████| 24/24 [00:04<00:00,  5.97it/s, loss=0.0262]
Epoch 703/1000 | Loss: 0.0548 | Best: 0.0320 | Time: 4.0s | Elapsed: 1.0h | ETA: 21m | LR: 0.000040
Epoch 704/1000: 100%|██████████████| 24/24 [00:04<00:00,  5.97it/s, loss=0.0143]
Epoch 704/1000 | Loss: 0.0406 | Best: 0.0320 | Time: 4.0s | Elapsed: 1.0h | ETA: 21m | LR: 0.000040
Epoch 705/1000: 100%|██████████████| 24/24 [00:04<00:00,  5.85it/s, loss=0.1340]
Epoch 705/1000 | Loss: 0.0505 | Best: 0.0320 | Time: 4.1s | Elapsed: 1.0h | ETA: 21m | LR: 0.000040
Epoch 706/1000: 100%|██████████████| 24/24 [00:04<00:00,  5.98it/s, loss=0.1402]
Epoch 706/1000 | Loss: 0.0565 | Best: 0.0320 | Time: 4.0s | Elapsed: 1.0h | ETA: 21m | LR: 0.000040
Epoch 707/1000: 100%|██████████████| 24/24 [00:04<00:00,  5.89it/s, loss=0.0769]
Epoch 707/1000 | Loss: 0.0520 | Best: 0.0320 | Time: 4.1s | Elapsed: 1.0h | ETA: 21m | LR: 0.000039
Epoch 708/1000: 100%|██████████████| 24/24 [00:04<00:00,  5.92it/s, loss=0.0270]
Epoch 708/1000 | Loss: 0.0476 | Best: 0.0320 | Time: 4.1s | Elapsed: 1.0h | ETA: 21m | LR: 0.000039
Epoch 709/1000: 100%|██████████████| 24/24 [00:04<00:00,  5.96it/s, loss=0.0514]
Epoch 709/1000 | Loss: 0.0417 | Best: 0.0320 | Time: 4.0s | Elapsed: 1.0h | ETA: 20m | LR: 0.000039
Epoch 710/1000: 100%|██████████████| 24/24 [00:04<00:00,  5.89it/s, loss=0.0400]
Epoch 710/1000 | Loss: 0.0476 | Best: 0.0320 | Time: 4.1s | Elapsed: 1.0h | ETA: 20m | LR: 0.000039
  Generating samples at epoch 710...
DDIM Sampling: 100%|████████████████████████████| 50/50 [00:01<00:00, 25.47it/s]
DDIM Sampling: 100%|████████████████████████████| 50/50 [00:01<00:00, 25.48it/s]
DDIM Sampling: 100%|████████████████████████████| 50/50 [00:01<00:00, 25.53it/s]
Epoch 711/1000: 100%|██████████████| 24/24 [00:04<00:00,  5.94it/s, loss=0.0230]
Epoch 711/1000 | Loss: 0.0428 | Best: 0.0320 | Time: 4.0s | Elapsed: 1.0h | ETA: 20m | LR: 0.000038
Epoch 712/1000: 100%|██████████████| 24/24 [00:03<00:00,  6.04it/s, loss=0.0339]
Epoch 712/1000 | Loss: 0.0490 | Best: 0.0320 | Time: 4.0s | Elapsed: 1.0h | ETA: 20m | LR: 0.000038
Epoch 713/1000: 100%|██████████████| 24/24 [00:03<00:00,  6.01it/s, loss=0.0557]
Epoch 713/1000 | Loss: 0.0662 | Best: 0.0320 | Time: 4.0s | Elapsed: 1.0h | ETA: 20m | LR: 0.000038
Epoch 714/1000: 100%|██████████████| 24/24 [00:04<00:00,  5.97it/s, loss=0.0131]
Epoch 714/1000 | Loss: 0.0466 | Best: 0.0320 | Time: 4.0s | Elapsed: 1.0h | ETA: 20m | LR: 0.000038
Epoch 715/1000: 100%|██████████████| 24/24 [00:04<00:00,  5.96it/s, loss=0.0708]
Epoch 715/1000 | Loss: 0.0490 | Best: 0.0320 | Time: 4.0s | Elapsed: 1.0h | ETA: 20m | LR: 0.000037
Epoch 716/1000: 100%|██████████████| 24/24 [00:04<00:00,  5.96it/s, loss=0.1018]
Epoch 716/1000 | Loss: 0.0489 | Best: 0.0320 | Time: 4.0s | Elapsed: 1.0h | ETA: 20m | LR: 0.000037
Epoch 717/1000: 100%|██████████████| 24/24 [00:04<00:00,  5.96it/s, loss=0.0393]
Epoch 717/1000 | Loss: 0.0380 | Best: 0.0320 | Time: 4.0s | Elapsed: 1.0h | ETA: 20m | LR: 0.000037
Epoch 718/1000: 100%|██████████████| 24/24 [00:04<00:00,  5.88it/s, loss=0.0050]
Epoch 718/1000 | Loss: 0.0520 | Best: 0.0320 | Time: 4.1s | Elapsed: 1.0h | ETA: 20m | LR: 0.000037
Epoch 719/1000: 100%|██████████████| 24/24 [00:04<00:00,  5.73it/s, loss=0.0758]
Epoch 719/1000 | Loss: 0.0563 | Best: 0.0320 | Time: 4.2s | Elapsed: 1.0h | ETA: 20m | LR: 0.000036
Epoch 720/1000: 100%|██████████████| 24/24 [00:04<00:00,  5.95it/s, loss=0.0155]
Epoch 720/1000 | Loss: 0.0532 | Best: 0.0320 | Time: 4.0s | Elapsed: 1.0h | ETA: 20m | LR: 0.000036
  Generating samples at epoch 720...
DDIM Sampling: 100%|████████████████████████████| 50/50 [00:01<00:00, 25.34it/s]
DDIM Sampling: 100%|████████████████████████████| 50/50 [00:01<00:00, 25.42it/s]
DDIM Sampling: 100%|████████████████████████████| 50/50 [00:01<00:00, 25.42it/s]
Epoch 721/1000: 100%|██████████████| 24/24 [00:04<00:00,  5.97it/s, loss=0.0037]
Epoch 721/1000 | Loss: 0.0372 | Best: 0.0320 | Time: 4.0s | Elapsed: 1.0h | ETA: 20m | LR: 0.000036
Epoch 722/1000: 100%|██████████████| 24/24 [00:04<00:00,  5.93it/s, loss=0.0834]
Epoch 722/1000 | Loss: 0.0612 | Best: 0.0320 | Time: 4.1s | Elapsed: 1.0h | ETA: 20m | LR: 0.000036
Epoch 723/1000: 100%|██████████████| 24/24 [00:04<00:00,  5.95it/s, loss=0.0092]
Epoch 723/1000 | Loss: 0.0420 | Best: 0.0320 | Time: 4.0s | Elapsed: 1.0h | ETA: 19m | LR: 0.000036
Epoch 724/1000: 100%|██████████████| 24/24 [00:04<00:00,  5.96it/s, loss=0.0161]
Epoch 724/1000 | Loss: 0.0466 | Best: 0.0320 | Time: 4.0s | Elapsed: 1.0h | ETA: 19m | LR: 0.000035
Epoch 725/1000: 100%|██████████████| 24/24 [00:04<00:00,  5.94it/s, loss=0.0333]
Epoch 725/1000 | Loss: 0.0425 | Best: 0.0320 | Time: 4.0s | Elapsed: 1.0h | ETA: 19m | LR: 0.000035
Epoch 726/1000: 100%|██████████████| 24/24 [00:04<00:00,  5.93it/s, loss=0.0301]
Epoch 726/1000 | Loss: 0.0433 | Best: 0.0320 | Time: 4.0s | Elapsed: 1.0h | ETA: 19m | LR: 0.000035
Epoch 727/1000: 100%|██████████████| 24/24 [00:04<00:00,  5.93it/s, loss=0.0151]
Epoch 727/1000 | Loss: 0.0466 | Best: 0.0320 | Time: 4.0s | Elapsed: 1.0h | ETA: 19m | LR: 0.000035
Epoch 728/1000: 100%|██████████████| 24/24 [00:04<00:00,  5.97it/s, loss=0.0215]
Epoch 728/1000 | Loss: 0.0425 | Best: 0.0320 | Time: 4.0s | Elapsed: 1.0h | ETA: 19m | LR: 0.000034
Epoch 729/1000: 100%|██████████████| 24/24 [00:04<00:00,  5.94it/s, loss=0.0286]
Epoch 729/1000 | Loss: 0.0405 | Best: 0.0320 | Time: 4.0s | Elapsed: 1.0h | ETA: 19m | LR: 0.000034
Epoch 730/1000: 100%|██████████████| 24/24 [00:04<00:00,  5.99it/s, loss=0.1285]
Epoch 730/1000 | Loss: 0.0541 | Best: 0.0320 | Time: 4.0s | Elapsed: 1.0h | ETA: 19m | LR: 0.000034
  Generating samples at epoch 730...
DDIM Sampling: 100%|████████████████████████████| 50/50 [00:01<00:00, 25.36it/s]
DDIM Sampling: 100%|████████████████████████████| 50/50 [00:01<00:00, 25.51it/s]
DDIM Sampling: 100%|████████████████████████████| 50/50 [00:01<00:00, 25.49it/s]
Epoch 731/1000: 100%|██████████████| 24/24 [00:04<00:00,  5.97it/s, loss=0.0350]
Epoch 731/1000 | Loss: 0.0559 | Best: 0.0320 | Time: 4.0s | Elapsed: 1.0h | ETA: 19m | LR: 0.000034
Epoch 732/1000: 100%|██████████████| 24/24 [00:04<00:00,  5.87it/s, loss=0.0173]
Epoch 732/1000 | Loss: 0.0422 | Best: 0.0320 | Time: 4.1s | Elapsed: 1.0h | ETA: 19m | LR: 0.000033
Epoch 733/1000: 100%|██████████████| 24/24 [00:04<00:00,  5.96it/s, loss=0.0281]
Epoch 733/1000 | Loss: 0.0483 | Best: 0.0320 | Time: 4.0s | Elapsed: 1.0h | ETA: 19m | LR: 0.000033
Epoch 734/1000: 100%|██████████████| 24/24 [00:04<00:00,  5.93it/s, loss=0.0573]
Epoch 734/1000 | Loss: 0.0460 | Best: 0.0320 | Time: 4.1s | Elapsed: 1.0h | ETA: 19m | LR: 0.000033
Epoch 735/1000: 100%|██████████████| 24/24 [00:04<00:00,  5.95it/s, loss=0.0831]
Epoch 735/1000 | Loss: 0.0480 | Best: 0.0320 | Time: 4.0s | Elapsed: 1.0h | ETA: 19m | LR: 0.000033
Epoch 736/1000: 100%|██████████████| 24/24 [00:04<00:00,  5.92it/s, loss=0.0181]
Epoch 736/1000 | Loss: 0.0477 | Best: 0.0320 | Time: 4.1s | Elapsed: 1.0h | ETA: 19m | LR: 0.000032
Epoch 737/1000: 100%|██████████████| 24/24 [00:04<00:00,  5.90it/s, loss=0.0513]
Epoch 737/1000 | Loss: 0.0407 | Best: 0.0320 | Time: 4.1s | Elapsed: 1.0h | ETA: 18m | LR: 0.000032
Epoch 738/1000: 100%|██████████████| 24/24 [00:04<00:00,  5.95it/s, loss=0.0228]
Epoch 738/1000 | Loss: 0.0404 | Best: 0.0320 | Time: 4.0s | Elapsed: 1.0h | ETA: 18m | LR: 0.000032
Epoch 739/1000: 100%|██████████████| 24/24 [00:04<00:00,  5.95it/s, loss=0.0703]
Epoch 739/1000 | Loss: 0.0581 | Best: 0.0320 | Time: 4.0s | Elapsed: 1.0h | ETA: 18m | LR: 0.000032
Epoch 740/1000: 100%|██████████████| 24/24 [00:04<00:00,  5.88it/s, loss=0.0562]
Epoch 740/1000 | Loss: 0.0554 | Best: 0.0320 | Time: 4.1s | Elapsed: 1.0h | ETA: 18m | LR: 0.000032
  Generating samples at epoch 740...
DDIM Sampling: 100%|████████████████████████████| 50/50 [00:01<00:00, 25.45it/s]
DDIM Sampling: 100%|████████████████████████████| 50/50 [00:01<00:00, 25.38it/s]
DDIM Sampling: 100%|████████████████████████████| 50/50 [00:01<00:00, 25.48it/s]
Epoch 741/1000: 100%|██████████████| 24/24 [00:03<00:00,  6.01it/s, loss=0.0719]
Epoch 741/1000 | Loss: 0.0497 | Best: 0.0320 | Time: 4.0s | Elapsed: 1.0h | ETA: 18m | LR: 0.000031
Epoch 742/1000: 100%|██████████████| 24/24 [00:04<00:00,  5.96it/s, loss=0.0067]
Epoch 742/1000 | Loss: 0.0548 | Best: 0.0320 | Time: 4.0s | Elapsed: 1.0h | ETA: 18m | LR: 0.000031
Epoch 743/1000: 100%|██████████████| 24/24 [00:04<00:00,  5.94it/s, loss=0.0391]
Epoch 743/1000 | Loss: 0.0584 | Best: 0.0320 | Time: 4.0s | Elapsed: 1.0h | ETA: 18m | LR: 0.000031
Epoch 744/1000: 100%|██████████████| 24/24 [00:04<00:00,  5.99it/s, loss=0.0480]
Epoch 744/1000 | Loss: 0.0449 | Best: 0.0320 | Time: 4.0s | Elapsed: 1.0h | ETA: 18m | LR: 0.000031
Epoch 745/1000: 100%|██████████████| 24/24 [00:03<00:00,  6.03it/s, loss=0.0324]
Epoch 745/1000 | Loss: 0.0483 | Best: 0.0320 | Time: 4.0s | Elapsed: 1.0h | ETA: 18m | LR: 0.000030
Epoch 746/1000: 100%|██████████████| 24/24 [00:04<00:00,  5.96it/s, loss=0.0249]
Epoch 746/1000 | Loss: 0.0484 | Best: 0.0320 | Time: 4.0s | Elapsed: 1.0h | ETA: 18m | LR: 0.000030
Epoch 747/1000: 100%|██████████████| 24/24 [00:04<00:00,  6.00it/s, loss=0.0120]
Epoch 747/1000 | Loss: 0.0405 | Best: 0.0320 | Time: 4.0s | Elapsed: 1.0h | ETA: 18m | LR: 0.000030
Epoch 748/1000: 100%|██████████████| 24/24 [00:04<00:00,  5.96it/s, loss=0.0061]
Epoch 748/1000 | Loss: 0.0425 | Best: 0.0320 | Time: 4.0s | Elapsed: 1.0h | ETA: 18m | LR: 0.000030
Epoch 749/1000: 100%|██████████████| 24/24 [00:04<00:00,  5.99it/s, loss=0.0450]
Epoch 749/1000 | Loss: 0.0514 | Best: 0.0320 | Time: 4.0s | Elapsed: 1.0h | ETA: 18m | LR: 0.000030
Epoch 750/1000: 100%|██████████████| 24/24 [00:04<00:00,  5.98it/s, loss=0.0811]
Epoch 750/1000 | Loss: 0.0561 | Best: 0.0320 | Time: 4.0s | Elapsed: 1.0h | ETA: 18m | LR: 0.000029
  Generating samples at epoch 750...
DDIM Sampling: 100%|████████████████████████████| 50/50 [00:01<00:00, 25.48it/s]
DDIM Sampling: 100%|████████████████████████████| 50/50 [00:01<00:00, 25.49it/s]
DDIM Sampling: 100%|████████████████████████████| 50/50 [00:01<00:00, 25.41it/s]
Epoch 751/1000: 100%|██████████████| 24/24 [00:04<00:00,  5.96it/s, loss=0.0518]
Epoch 751/1000 | Loss: 0.0563 | Best: 0.0320 | Time: 4.0s | Elapsed: 1.0h | ETA: 17m | LR: 0.000029
Epoch 752/1000: 100%|██████████████| 24/24 [00:04<00:00,  5.88it/s, loss=0.0119]
Epoch 752/1000 | Loss: 0.0391 | Best: 0.0320 | Time: 4.1s | Elapsed: 1.0h | ETA: 17m | LR: 0.000029
Epoch 753/1000: 100%|██████████████| 24/24 [00:04<00:00,  5.95it/s, loss=0.0432]
Epoch 753/1000 | Loss: 0.0418 | Best: 0.0320 | Time: 4.0s | Elapsed: 1.0h | ETA: 17m | LR: 0.000029
Epoch 754/1000: 100%|██████████████| 24/24 [00:04<00:00,  5.97it/s, loss=0.0800]
Epoch 754/1000 | Loss: 0.0450 | Best: 0.0320 | Time: 4.0s | Elapsed: 1.0h | ETA: 17m | LR: 0.000028
Epoch 755/1000: 100%|██████████████| 24/24 [00:04<00:00,  5.90it/s, loss=0.0097]
Epoch 755/1000 | Loss: 0.0471 | Best: 0.0320 | Time: 4.1s | Elapsed: 1.0h | ETA: 17m | LR: 0.000028
Epoch 756/1000: 100%|██████████████| 24/24 [00:04<00:00,  5.93it/s, loss=0.0345]
Epoch 756/1000 | Loss: 0.0540 | Best: 0.0320 | Time: 4.0s | Elapsed: 1.0h | ETA: 17m | LR: 0.000028
Epoch 757/1000: 100%|██████████████| 24/24 [00:04<00:00,  5.93it/s, loss=0.0925]
Epoch 757/1000 | Loss: 0.0574 | Best: 0.0320 | Time: 4.0s | Elapsed: 1.0h | ETA: 17m | LR: 0.000028
Epoch 758/1000: 100%|██████████████| 24/24 [00:04<00:00,  5.93it/s, loss=0.1074]
Epoch 758/1000 | Loss: 0.0416 | Best: 0.0320 | Time: 4.1s | Elapsed: 1.0h | ETA: 17m | LR: 0.000028
Epoch 759/1000: 100%|██████████████| 24/24 [00:04<00:00,  5.94it/s, loss=0.0214]
Epoch 759/1000 | Loss: 0.0528 | Best: 0.0320 | Time: 4.0s | Elapsed: 1.0h | ETA: 17m | LR: 0.000027
Epoch 760/1000: 100%|██████████████| 24/24 [00:04<00:00,  5.93it/s, loss=0.0223]
Epoch 760/1000 | Loss: 0.0477 | Best: 0.0320 | Time: 4.1s | Elapsed: 1.0h | ETA: 17m | LR: 0.000027
  Generating samples at epoch 760...
DDIM Sampling: 100%|████████████████████████████| 50/50 [00:01<00:00, 25.46it/s]
DDIM Sampling: 100%|████████████████████████████| 50/50 [00:01<00:00, 25.50it/s]
DDIM Sampling: 100%|████████████████████████████| 50/50 [00:01<00:00, 25.54it/s]
Epoch 761/1000: 100%|██████████████| 24/24 [00:03<00:00,  6.02it/s, loss=0.0191]
Epoch 761/1000 | Loss: 0.0480 | Best: 0.0320 | Time: 4.0s | Elapsed: 1.0h | ETA: 17m | LR: 0.000027
Epoch 762/1000: 100%|██████████████| 24/24 [00:04<00:00,  5.94it/s, loss=0.0112]
Epoch 762/1000 | Loss: 0.0486 | Best: 0.0320 | Time: 4.0s | Elapsed: 1.0h | ETA: 17m | LR: 0.000027
Epoch 763/1000: 100%|██████████████| 24/24 [00:04<00:00,  5.95it/s, loss=0.0610]
Epoch 763/1000 | Loss: 0.0540 | Best: 0.0320 | Time: 4.0s | Elapsed: 1.0h | ETA: 17m | LR: 0.000026
Epoch 764/1000: 100%|██████████████| 24/24 [00:04<00:00,  5.93it/s, loss=0.0493]
Epoch 764/1000 | Loss: 0.0414 | Best: 0.0320 | Time: 4.0s | Elapsed: 1.0h | ETA: 17m | LR: 0.000026
Epoch 765/1000: 100%|██████████████| 24/24 [00:04<00:00,  5.95it/s, loss=0.0635]
Epoch 765/1000 | Loss: 0.0416 | Best: 0.0320 | Time: 4.0s | Elapsed: 1.0h | ETA: 16m | LR: 0.000026
Epoch 766/1000: 100%|██████████████| 24/24 [00:04<00:00,  5.92it/s, loss=0.0257]
Epoch 766/1000 | Loss: 0.0540 | Best: 0.0320 | Time: 4.1s | Elapsed: 1.0h | ETA: 16m | LR: 0.000026
Epoch 767/1000: 100%|██████████████| 24/24 [00:04<00:00,  5.79it/s, loss=0.0509]
Epoch 767/1000 | Loss: 0.0452 | Best: 0.0320 | Time: 4.1s | Elapsed: 1.0h | ETA: 16m | LR: 0.000026
Epoch 768/1000: 100%|██████████████| 24/24 [00:04<00:00,  5.93it/s, loss=0.0279]
Epoch 768/1000 | Loss: 0.0379 | Best: 0.0320 | Time: 4.0s | Elapsed: 1.0h | ETA: 16m | LR: 0.000025
Epoch 769/1000: 100%|██████████████| 24/24 [00:04<00:00,  5.96it/s, loss=0.0310]
Epoch 769/1000 | Loss: 0.0439 | Best: 0.0320 | Time: 4.0s | Elapsed: 1.0h | ETA: 16m | LR: 0.000025
Epoch 770/1000: 100%|██████████████| 24/24 [00:04<00:00,  5.93it/s, loss=0.0106]
Epoch 770/1000 | Loss: 0.0417 | Best: 0.0320 | Time: 4.0s | Elapsed: 1.0h | ETA: 16m | LR: 0.000025
  Generating samples at epoch 770...
DDIM Sampling: 100%|████████████████████████████| 50/50 [00:01<00:00, 25.44it/s]
DDIM Sampling: 100%|████████████████████████████| 50/50 [00:01<00:00, 25.32it/s]
DDIM Sampling: 100%|████████████████████████████| 50/50 [00:01<00:00, 25.42it/s]
Epoch 771/1000: 100%|██████████████| 24/24 [00:04<00:00,  5.99it/s, loss=0.0110]
Epoch 771/1000 | Loss: 0.0451 | Best: 0.0320 | Time: 4.0s | Elapsed: 1.0h | ETA: 16m | LR: 0.000025
Epoch 772/1000: 100%|██████████████| 24/24 [00:04<00:00,  5.96it/s, loss=0.0245]
Epoch 772/1000 | Loss: 0.0403 | Best: 0.0320 | Time: 4.0s | Elapsed: 1.0h | ETA: 16m | LR: 0.000025
Epoch 773/1000: 100%|██████████████| 24/24 [00:04<00:00,  5.88it/s, loss=0.1349]
Epoch 773/1000 | Loss: 0.0461 | Best: 0.0320 | Time: 4.1s | Elapsed: 1.0h | ETA: 16m | LR: 0.000024
Epoch 774/1000: 100%|██████████████| 24/24 [00:04<00:00,  5.95it/s, loss=0.1301]
Epoch 774/1000 | Loss: 0.0457 | Best: 0.0320 | Time: 4.0s | Elapsed: 1.0h | ETA: 16m | LR: 0.000024
Epoch 775/1000: 100%|██████████████| 24/24 [00:04<00:00,  5.97it/s, loss=0.1104]
Epoch 775/1000 | Loss: 0.0600 | Best: 0.0320 | Time: 4.0s | Elapsed: 1.0h | ETA: 16m | LR: 0.000024
Epoch 776/1000: 100%|██████████████| 24/24 [00:04<00:00,  5.96it/s, loss=0.0191]
Epoch 776/1000 | Loss: 0.0346 | Best: 0.0320 | Time: 4.0s | Elapsed: 1.0h | ETA: 16m | LR: 0.000024
Epoch 777/1000: 100%|██████████████| 24/24 [00:04<00:00,  5.90it/s, loss=0.0212]
Epoch 777/1000 | Loss: 0.0527 | Best: 0.0320 | Time: 4.1s | Elapsed: 1.0h | ETA: 16m | LR: 0.000024
Epoch 778/1000: 100%|██████████████| 24/24 [00:04<00:00,  5.96it/s, loss=0.0163]
Epoch 778/1000 | Loss: 0.0383 | Best: 0.0320 | Time: 4.0s | Elapsed: 1.0h | ETA: 16m | LR: 0.000023
Epoch 779/1000: 100%|██████████████| 24/24 [00:04<00:00,  5.95it/s, loss=0.0140]
Epoch 779/1000 | Loss: 0.0420 | Best: 0.0320 | Time: 4.0s | Elapsed: 1.0h | ETA: 15m | LR: 0.000023
Epoch 780/1000: 100%|██████████████| 24/24 [00:04<00:00,  5.99it/s, loss=0.0185]
Epoch 780/1000 | Loss: 0.0428 | Best: 0.0320 | Time: 4.0s | Elapsed: 1.0h | ETA: 15m | LR: 0.000023
  Generating samples at epoch 780...
DDIM Sampling: 100%|████████████████████████████| 50/50 [00:01<00:00, 25.13it/s]
DDIM Sampling: 100%|████████████████████████████| 50/50 [00:01<00:00, 25.39it/s]
DDIM Sampling: 100%|████████████████████████████| 50/50 [00:01<00:00, 25.55it/s]
Epoch 781/1000: 100%|██████████████| 24/24 [00:03<00:00,  6.08it/s, loss=0.0033]
Epoch 781/1000 | Loss: 0.0459 | Best: 0.0320 | Time: 4.0s | Elapsed: 1.1h | ETA: 15m | LR: 0.000023
Epoch 782/1000: 100%|██████████████| 24/24 [00:04<00:00,  5.95it/s, loss=0.0241]
Epoch 782/1000 | Loss: 0.0432 | Best: 0.0320 | Time: 4.0s | Elapsed: 1.1h | ETA: 15m | LR: 0.000023
Epoch 783/1000: 100%|██████████████| 24/24 [00:04<00:00,  5.94it/s, loss=0.0154]
Epoch 783/1000 | Loss: 0.0353 | Best: 0.0320 | Time: 4.0s | Elapsed: 1.1h | ETA: 15m | LR: 0.000022
Epoch 784/1000: 100%|██████████████| 24/24 [00:04<00:00,  5.96it/s, loss=0.0144]
Epoch 784/1000 | Loss: 0.0465 | Best: 0.0320 | Time: 4.0s | Elapsed: 1.1h | ETA: 15m | LR: 0.000022
Epoch 785/1000: 100%|██████████████| 24/24 [00:04<00:00,  5.96it/s, loss=0.0440]
Epoch 785/1000 | Loss: 0.0490 | Best: 0.0320 | Time: 4.0s | Elapsed: 1.1h | ETA: 15m | LR: 0.000022
Epoch 786/1000: 100%|██████████████| 24/24 [00:04<00:00,  5.93it/s, loss=0.0179]
Epoch 786/1000 | Loss: 0.0509 | Best: 0.0320 | Time: 4.0s | Elapsed: 1.1h | ETA: 15m | LR: 0.000022
Epoch 787/1000: 100%|██████████████| 24/24 [00:04<00:00,  5.93it/s, loss=0.0122]
Epoch 787/1000 | Loss: 0.0436 | Best: 0.0320 | Time: 4.0s | Elapsed: 1.1h | ETA: 15m | LR: 0.000022
Epoch 788/1000: 100%|██████████████| 24/24 [00:04<00:00,  5.87it/s, loss=0.0161]
Epoch 788/1000 | Loss: 0.0562 | Best: 0.0320 | Time: 4.1s | Elapsed: 1.1h | ETA: 15m | LR: 0.000021
Epoch 789/1000: 100%|██████████████| 24/24 [00:04<00:00,  5.96it/s, loss=0.0481]
Epoch 789/1000 | Loss: 0.0505 | Best: 0.0320 | Time: 4.0s | Elapsed: 1.1h | ETA: 15m | LR: 0.000021
Epoch 790/1000: 100%|██████████████| 24/24 [00:04<00:00,  5.99it/s, loss=0.0185]
Epoch 790/1000 | Loss: 0.0476 | Best: 0.0320 | Time: 4.0s | Elapsed: 1.1h | ETA: 15m | LR: 0.000021
  Generating samples at epoch 790...
DDIM Sampling: 100%|████████████████████████████| 50/50 [00:01<00:00, 25.44it/s]
DDIM Sampling: 100%|████████████████████████████| 50/50 [00:01<00:00, 25.49it/s]
DDIM Sampling: 100%|████████████████████████████| 50/50 [00:01<00:00, 25.49it/s]
Epoch 791/1000: 100%|██████████████| 24/24 [00:03<00:00,  6.03it/s, loss=0.0291]
Epoch 791/1000 | Loss: 0.0485 | Best: 0.0320 | Time: 4.0s | Elapsed: 1.1h | ETA: 15m | LR: 0.000021
Epoch 792/1000: 100%|██████████████| 24/24 [00:03<00:00,  6.00it/s, loss=0.0358]
Epoch 792/1000 | Loss: 0.0446 | Best: 0.0320 | Time: 4.0s | Elapsed: 1.1h | ETA: 15m | LR: 0.000021
Epoch 793/1000: 100%|██████████████| 24/24 [00:04<00:00,  5.97it/s, loss=0.1393]
Epoch 793/1000 | Loss: 0.0470 | Best: 0.0320 | Time: 4.0s | Elapsed: 1.1h | ETA: 14m | LR: 0.000020
Epoch 794/1000: 100%|██████████████| 24/24 [00:04<00:00,  5.80it/s, loss=0.0928]
Epoch 794/1000 | Loss: 0.0435 | Best: 0.0320 | Time: 4.1s | Elapsed: 1.1h | ETA: 14m | LR: 0.000020
Epoch 795/1000: 100%|██████████████| 24/24 [00:04<00:00,  5.96it/s, loss=0.0050]
Epoch 795/1000 | Loss: 0.0509 | Best: 0.0320 | Time: 4.0s | Elapsed: 1.1h | ETA: 14m | LR: 0.000020
Epoch 796/1000: 100%|██████████████| 24/24 [00:04<00:00,  5.95it/s, loss=0.1073]
Epoch 796/1000 | Loss: 0.0641 | Best: 0.0320 | Time: 4.0s | Elapsed: 1.1h | ETA: 14m | LR: 0.000020
Epoch 797/1000: 100%|██████████████| 24/24 [00:04<00:00,  5.90it/s, loss=0.0100]
Epoch 797/1000 | Loss: 0.0532 | Best: 0.0320 | Time: 4.1s | Elapsed: 1.1h | ETA: 14m | LR: 0.000020
Epoch 798/1000: 100%|██████████████| 24/24 [00:04<00:00,  5.95it/s, loss=0.0264]
Epoch 798/1000 | Loss: 0.0490 | Best: 0.0320 | Time: 4.0s | Elapsed: 1.1h | ETA: 14m | LR: 0.000019
Epoch 799/1000: 100%|██████████████| 24/24 [00:04<00:00,  5.93it/s, loss=0.0199]
Epoch 799/1000 | Loss: 0.0456 | Best: 0.0320 | Time: 4.0s | Elapsed: 1.1h | ETA: 14m | LR: 0.000019
Epoch 800/1000: 100%|██████████████| 24/24 [00:04<00:00,  5.96it/s, loss=0.0212]
Epoch 800/1000 | Loss: 0.0446 | Best: 0.0320 | Time: 4.0s | Elapsed: 1.1h | ETA: 14m | LR: 0.000019
  Generating samples at epoch 800...
DDIM Sampling: 100%|████████████████████████████| 50/50 [00:01<00:00, 25.49it/s]
DDIM Sampling: 100%|████████████████████████████| 50/50 [00:01<00:00, 25.29it/s]
DDIM Sampling: 100%|████████████████████████████| 50/50 [00:01<00:00, 25.12it/s]
Epoch 801/1000: 100%|██████████████| 24/24 [00:04<00:00,  5.93it/s, loss=0.0105]
Epoch 801/1000 | Loss: 0.0522 | Best: 0.0320 | Time: 4.0s | Elapsed: 1.1h | ETA: 14m | LR: 0.000019
Epoch 802/1000: 100%|██████████████| 24/24 [00:04<00:00,  5.97it/s, loss=0.0886]
Epoch 802/1000 | Loss: 0.0644 | Best: 0.0320 | Time: 4.0s | Elapsed: 1.1h | ETA: 14m | LR: 0.000019
Epoch 803/1000: 100%|██████████████| 24/24 [00:04<00:00,  5.93it/s, loss=0.0693]
Epoch 803/1000 | Loss: 0.0536 | Best: 0.0320 | Time: 4.0s | Elapsed: 1.1h | ETA: 14m | LR: 0.000019
Epoch 804/1000: 100%|██████████████| 24/24 [00:04<00:00,  5.96it/s, loss=0.0527]
Epoch 804/1000 | Loss: 0.0486 | Best: 0.0320 | Time: 4.0s | Elapsed: 1.1h | ETA: 14m | LR: 0.000018
Epoch 805/1000: 100%|██████████████| 24/24 [00:04<00:00,  5.96it/s, loss=0.0279]
Epoch 805/1000 | Loss: 0.0499 | Best: 0.0320 | Time: 4.0s | Elapsed: 1.1h | ETA: 14m | LR: 0.000018
Epoch 806/1000: 100%|██████████████| 24/24 [00:04<00:00,  5.96it/s, loss=0.0569]
Epoch 806/1000 | Loss: 0.0504 | Best: 0.0320 | Time: 4.0s | Elapsed: 1.1h | ETA: 14m | LR: 0.000018
Epoch 807/1000: 100%|██████████████| 24/24 [00:04<00:00,  5.90it/s, loss=0.0368]
Epoch 807/1000 | Loss: 0.0410 | Best: 0.0320 | Time: 4.1s | Elapsed: 1.1h | ETA: 13m | LR: 0.000018
Epoch 808/1000: 100%|██████████████| 24/24 [00:04<00:00,  5.92it/s, loss=0.0309]
Epoch 808/1000 | Loss: 0.0405 | Best: 0.0320 | Time: 4.1s | Elapsed: 1.1h | ETA: 13m | LR: 0.000018
Epoch 809/1000: 100%|██████████████| 24/24 [00:04<00:00,  5.98it/s, loss=0.0604]
Epoch 809/1000 | Loss: 0.0560 | Best: 0.0320 | Time: 4.0s | Elapsed: 1.1h | ETA: 13m | LR: 0.000017
Epoch 810/1000: 100%|██████████████| 24/24 [00:04<00:00,  5.90it/s, loss=0.0884]
Epoch 810/1000 | Loss: 0.0481 | Best: 0.0320 | Time: 4.1s | Elapsed: 1.1h | ETA: 13m | LR: 0.000017
  Generating samples at epoch 810...
DDIM Sampling: 100%|████████████████████████████| 50/50 [00:01<00:00, 25.44it/s]
DDIM Sampling: 100%|████████████████████████████| 50/50 [00:01<00:00, 25.43it/s]
DDIM Sampling: 100%|████████████████████████████| 50/50 [00:01<00:00, 25.45it/s]
Epoch 811/1000: 100%|██████████████| 24/24 [00:04<00:00,  5.97it/s, loss=0.0154]
Epoch 811/1000 | Loss: 0.0419 | Best: 0.0320 | Time: 4.0s | Elapsed: 1.1h | ETA: 13m | LR: 0.000017
Epoch 812/1000: 100%|██████████████| 24/24 [00:04<00:00,  5.96it/s, loss=0.0286]
Epoch 812/1000 | Loss: 0.0583 | Best: 0.0320 | Time: 4.0s | Elapsed: 1.1h | ETA: 13m | LR: 0.000017
Epoch 813/1000: 100%|██████████████| 24/24 [00:04<00:00,  5.93it/s, loss=0.1128]
Epoch 813/1000 | Loss: 0.0445 | Best: 0.0320 | Time: 4.0s | Elapsed: 1.1h | ETA: 13m | LR: 0.000017
Epoch 814/1000: 100%|██████████████| 24/24 [00:04<00:00,  5.93it/s, loss=0.0121]
Epoch 814/1000 | Loss: 0.0546 | Best: 0.0320 | Time: 4.1s | Elapsed: 1.1h | ETA: 13m | LR: 0.000017
Epoch 815/1000: 100%|██████████████| 24/24 [00:04<00:00,  5.85it/s, loss=0.0671]
Epoch 815/1000 | Loss: 0.0527 | Best: 0.0320 | Time: 4.1s | Elapsed: 1.1h | ETA: 13m | LR: 0.000016
Epoch 816/1000: 100%|██████████████| 24/24 [00:04<00:00,  5.93it/s, loss=0.1124]
Epoch 816/1000 | Loss: 0.0529 | Best: 0.0320 | Time: 4.0s | Elapsed: 1.1h | ETA: 13m | LR: 0.000016
Epoch 817/1000: 100%|██████████████| 24/24 [00:04<00:00,  5.87it/s, loss=0.0354]
Epoch 817/1000 | Loss: 0.0493 | Best: 0.0320 | Time: 4.1s | Elapsed: 1.1h | ETA: 13m | LR: 0.000016
Epoch 818/1000: 100%|██████████████| 24/24 [00:04<00:00,  5.96it/s, loss=0.0288]
Epoch 818/1000 | Loss: 0.0500 | Best: 0.0320 | Time: 4.0s | Elapsed: 1.1h | ETA: 13m | LR: 0.000016
Epoch 819/1000: 100%|██████████████| 24/24 [00:04<00:00,  5.91it/s, loss=0.0549]
Epoch 819/1000 | Loss: 0.0365 | Best: 0.0320 | Time: 4.1s | Elapsed: 1.1h | ETA: 13m | LR: 0.000016
Epoch 820/1000: 100%|██████████████| 24/24 [00:04<00:00,  5.90it/s, loss=0.0569]
Epoch 820/1000 | Loss: 0.0498 | Best: 0.0320 | Time: 4.1s | Elapsed: 1.1h | ETA: 13m | LR: 0.000016
  Generating samples at epoch 820...
DDIM Sampling: 100%|████████████████████████████| 50/50 [00:01<00:00, 25.48it/s]
DDIM Sampling: 100%|████████████████████████████| 50/50 [00:01<00:00, 25.49it/s]
DDIM Sampling: 100%|████████████████████████████| 50/50 [00:01<00:00, 25.47it/s]
Epoch 821/1000: 100%|██████████████| 24/24 [00:04<00:00,  5.93it/s, loss=0.0712]
Epoch 821/1000 | Loss: 0.0577 | Best: 0.0320 | Time: 4.0s | Elapsed: 1.1h | ETA: 13m | LR: 0.000015
Epoch 822/1000: 100%|██████████████| 24/24 [00:04<00:00,  5.95it/s, loss=0.0721]
Epoch 822/1000 | Loss: 0.0506 | Best: 0.0320 | Time: 4.0s | Elapsed: 1.1h | ETA: 12m | LR: 0.000015
Epoch 823/1000: 100%|██████████████| 24/24 [00:04<00:00,  6.00it/s, loss=0.0254]
Epoch 823/1000 | Loss: 0.0435 | Best: 0.0320 | Time: 4.0s | Elapsed: 1.1h | ETA: 12m | LR: 0.000015
Epoch 824/1000: 100%|██████████████| 24/24 [00:04<00:00,  5.97it/s, loss=0.0051]
Epoch 824/1000 | Loss: 0.0410 | Best: 0.0320 | Time: 4.0s | Elapsed: 1.1h | ETA: 12m | LR: 0.000015
Epoch 825/1000: 100%|██████████████| 24/24 [00:04<00:00,  5.95it/s, loss=0.0461]
Epoch 825/1000 | Loss: 0.0400 | Best: 0.0320 | Time: 4.0s | Elapsed: 1.1h | ETA: 12m | LR: 0.000015
Epoch 826/1000: 100%|██████████████| 24/24 [00:04<00:00,  5.95it/s, loss=0.0297]
Epoch 826/1000 | Loss: 0.0457 | Best: 0.0320 | Time: 4.0s | Elapsed: 1.1h | ETA: 12m | LR: 0.000015
Epoch 827/1000: 100%|██████████████| 24/24 [00:04<00:00,  5.96it/s, loss=0.0156]
Epoch 827/1000 | Loss: 0.0532 | Best: 0.0320 | Time: 4.0s | Elapsed: 1.1h | ETA: 12m | LR: 0.000014
Epoch 828/1000: 100%|██████████████| 24/24 [00:04<00:00,  5.96it/s, loss=0.0347]
Epoch 828/1000 | Loss: 0.0439 | Best: 0.0320 | Time: 4.0s | Elapsed: 1.1h | ETA: 12m | LR: 0.000014
Epoch 829/1000: 100%|██████████████| 24/24 [00:04<00:00,  5.88it/s, loss=0.0099]
Epoch 829/1000 | Loss: 0.0586 | Best: 0.0320 | Time: 4.1s | Elapsed: 1.1h | ETA: 12m | LR: 0.000014
Epoch 830/1000: 100%|██████████████| 24/24 [00:04<00:00,  5.96it/s, loss=0.0593]
Epoch 830/1000 | Loss: 0.0419 | Best: 0.0320 | Time: 4.0s | Elapsed: 1.1h | ETA: 12m | LR: 0.000014
  Generating samples at epoch 830...
DDIM Sampling: 100%|████████████████████████████| 50/50 [00:01<00:00, 25.44it/s]
DDIM Sampling: 100%|████████████████████████████| 50/50 [00:01<00:00, 25.38it/s]
DDIM Sampling: 100%|████████████████████████████| 50/50 [00:01<00:00, 25.46it/s]
Epoch 831/1000: 100%|██████████████| 24/24 [00:04<00:00,  5.97it/s, loss=0.0425]
Epoch 831/1000 | Loss: 0.0326 | Best: 0.0320 | Time: 4.0s | Elapsed: 1.1h | ETA: 12m | LR: 0.000014
Epoch 832/1000: 100%|██████████████| 24/24 [00:04<00:00,  5.95it/s, loss=0.0381]
Epoch 832/1000 | Loss: 0.0507 | Best: 0.0320 | Time: 4.0s | Elapsed: 1.1h | ETA: 12m | LR: 0.000014
Epoch 833/1000: 100%|██████████████| 24/24 [00:04<00:00,  5.96it/s, loss=0.0241]
Epoch 833/1000 | Loss: 0.0475 | Best: 0.0320 | Time: 4.0s | Elapsed: 1.1h | ETA: 12m | LR: 0.000013
Epoch 834/1000: 100%|██████████████| 24/24 [00:04<00:00,  5.99it/s, loss=0.0198]
Epoch 834/1000 | Loss: 0.0461 | Best: 0.0320 | Time: 4.0s | Elapsed: 1.1h | ETA: 12m | LR: 0.000013
Epoch 835/1000: 100%|██████████████| 24/24 [00:04<00:00,  5.89it/s, loss=0.0266]
Epoch 835/1000 | Loss: 0.0454 | Best: 0.0320 | Time: 4.1s | Elapsed: 1.1h | ETA: 12m | LR: 0.000013
Epoch 836/1000: 100%|██████████████| 24/24 [00:04<00:00,  5.82it/s, loss=0.0590]
Epoch 836/1000 | Loss: 0.0492 | Best: 0.0320 | Time: 4.1s | Elapsed: 1.1h | ETA: 11m | LR: 0.000013
Epoch 837/1000: 100%|██████████████| 24/24 [00:04<00:00,  5.98it/s, loss=0.0862]
Epoch 837/1000 | Loss: 0.0508 | Best: 0.0320 | Time: 4.0s | Elapsed: 1.1h | ETA: 11m | LR: 0.000013
Epoch 838/1000: 100%|██████████████| 24/24 [00:04<00:00,  5.90it/s, loss=0.0127]
Epoch 838/1000 | Loss: 0.0501 | Best: 0.0320 | Time: 4.1s | Elapsed: 1.1h | ETA: 11m | LR: 0.000013
Epoch 839/1000: 100%|██████████████| 24/24 [00:04<00:00,  5.98it/s, loss=0.0597]
Epoch 839/1000 | Loss: 0.0595 | Best: 0.0320 | Time: 4.0s | Elapsed: 1.1h | ETA: 11m | LR: 0.000013
Epoch 840/1000: 100%|██████████████| 24/24 [00:04<00:00,  5.95it/s, loss=0.0171]
Epoch 840/1000 | Loss: 0.0430 | Best: 0.0320 | Time: 4.0s | Elapsed: 1.1h | ETA: 11m | LR: 0.000012
  Generating samples at epoch 840...
DDIM Sampling: 100%|████████████████████████████| 50/50 [00:01<00:00, 25.42it/s]
DDIM Sampling: 100%|████████████████████████████| 50/50 [00:01<00:00, 25.41it/s]
DDIM Sampling: 100%|████████████████████████████| 50/50 [00:01<00:00, 25.43it/s]
Epoch 841/1000: 100%|██████████████| 24/24 [00:04<00:00,  5.94it/s, loss=0.0168]
Epoch 841/1000 | Loss: 0.0519 | Best: 0.0320 | Time: 4.0s | Elapsed: 1.1h | ETA: 11m | LR: 0.000012
Epoch 842/1000: 100%|██████████████| 24/24 [00:04<00:00,  5.90it/s, loss=0.0594]
Epoch 842/1000 | Loss: 0.0533 | Best: 0.0320 | Time: 4.1s | Elapsed: 1.1h | ETA: 11m | LR: 0.000012
Epoch 843/1000: 100%|██████████████| 24/24 [00:04<00:00,  5.96it/s, loss=0.0337]
Epoch 843/1000 | Loss: 0.0484 | Best: 0.0320 | Time: 4.0s | Elapsed: 1.1h | ETA: 11m | LR: 0.000012
Epoch 844/1000: 100%|██████████████| 24/24 [00:04<00:00,  5.97it/s, loss=0.0879]
Epoch 844/1000 | Loss: 0.0537 | Best: 0.0320 | Time: 4.0s | Elapsed: 1.1h | ETA: 11m | LR: 0.000012
Epoch 845/1000: 100%|██████████████| 24/24 [00:04<00:00,  5.93it/s, loss=0.0379]
Epoch 845/1000 | Loss: 0.0473 | Best: 0.0320 | Time: 4.0s | Elapsed: 1.1h | ETA: 11m | LR: 0.000012
Epoch 846/1000: 100%|██████████████| 24/24 [00:04<00:00,  5.90it/s, loss=0.0670]
Epoch 846/1000 | Loss: 0.0584 | Best: 0.0320 | Time: 4.1s | Elapsed: 1.1h | ETA: 11m | LR: 0.000011
Epoch 847/1000: 100%|██████████████| 24/24 [00:04<00:00,  5.99it/s, loss=0.0446]
Epoch 847/1000 | Loss: 0.0438 | Best: 0.0320 | Time: 4.0s | Elapsed: 1.1h | ETA: 11m | LR: 0.000011
Epoch 848/1000: 100%|██████████████| 24/24 [00:04<00:00,  5.96it/s, loss=0.0541]
Epoch 848/1000 | Loss: 0.0482 | Best: 0.0320 | Time: 4.0s | Elapsed: 1.1h | ETA: 11m | LR: 0.000011
Epoch 849/1000: 100%|██████████████| 24/24 [00:04<00:00,  5.93it/s, loss=0.0246]
Epoch 849/1000 | Loss: 0.0482 | Best: 0.0320 | Time: 4.0s | Elapsed: 1.1h | ETA: 11m | LR: 0.000011
Epoch 850/1000: 100%|██████████████| 24/24 [00:04<00:00,  5.93it/s, loss=0.1938]
Epoch 850/1000 | Loss: 0.0578 | Best: 0.0320 | Time: 4.0s | Elapsed: 1.1h | ETA: 10m | LR: 0.000011
  Generating samples at epoch 850...
DDIM Sampling: 100%|████████████████████████████| 50/50 [00:01<00:00, 25.50it/s]
DDIM Sampling: 100%|████████████████████████████| 50/50 [00:01<00:00, 25.55it/s]
DDIM Sampling: 100%|████████████████████████████| 50/50 [00:01<00:00, 25.52it/s]
Epoch 851/1000: 100%|██████████████| 24/24 [00:04<00:00,  5.98it/s, loss=0.0122]
Epoch 851/1000 | Loss: 0.0428 | Best: 0.0320 | Time: 4.0s | Elapsed: 1.1h | ETA: 10m | LR: 0.000011
Epoch 852/1000: 100%|██████████████| 24/24 [00:04<00:00,  5.97it/s, loss=0.0143]
Epoch 852/1000 | Loss: 0.0515 | Best: 0.0320 | Time: 4.0s | Elapsed: 1.1h | ETA: 10m | LR: 0.000011
Epoch 853/1000: 100%|██████████████| 24/24 [00:04<00:00,  5.96it/s, loss=0.0342]
Epoch 853/1000 | Loss: 0.0420 | Best: 0.0320 | Time: 4.0s | Elapsed: 1.1h | ETA: 10m | LR: 0.000010
Epoch 854/1000: 100%|██████████████| 24/24 [00:04<00:00,  5.96it/s, loss=0.0306]
Epoch 854/1000 | Loss: 0.0543 | Best: 0.0320 | Time: 4.0s | Elapsed: 1.1h | ETA: 10m | LR: 0.000010
Epoch 855/1000: 100%|██████████████| 24/24 [00:04<00:00,  5.92it/s, loss=0.0170]
Epoch 855/1000 | Loss: 0.0386 | Best: 0.0320 | Time: 4.1s | Elapsed: 1.1h | ETA: 10m | LR: 0.000010
Epoch 856/1000: 100%|██████████████| 24/24 [00:04<00:00,  5.87it/s, loss=0.0413]
Epoch 856/1000 | Loss: 0.0506 | Best: 0.0320 | Time: 4.1s | Elapsed: 1.1h | ETA: 10m | LR: 0.000010
Epoch 857/1000: 100%|██████████████| 24/24 [00:04<00:00,  5.94it/s, loss=0.0547]
Epoch 857/1000 | Loss: 0.0485 | Best: 0.0320 | Time: 4.0s | Elapsed: 1.1h | ETA: 10m | LR: 0.000010
Epoch 858/1000: 100%|██████████████| 24/24 [00:04<00:00,  5.93it/s, loss=0.0346]
Epoch 858/1000 | Loss: 0.0310 | Best: 0.0320 | Time: 4.0s | Elapsed: 1.2h | ETA: 10m | LR: 0.000010
Epoch 859/1000: 100%|██████████████| 24/24 [00:04<00:00,  5.95it/s, loss=0.0178]
Epoch 859/1000 | Loss: 0.0542 | Best: 0.0310 | Time: 4.0s | Elapsed: 1.2h | ETA: 10m | LR: 0.000010
Epoch 860/1000: 100%|██████████████| 24/24 [00:04<00:00,  5.93it/s, loss=0.0642]
Epoch 860/1000 | Loss: 0.0468 | Best: 0.0310 | Time: 4.0s | Elapsed: 1.2h | ETA: 10m | LR: 0.000010
  Generating samples at epoch 860...
DDIM Sampling: 100%|████████████████████████████| 50/50 [00:01<00:00, 25.41it/s]
DDIM Sampling: 100%|████████████████████████████| 50/50 [00:01<00:00, 25.31it/s]
DDIM Sampling: 100%|████████████████████████████| 50/50 [00:01<00:00, 25.44it/s]
Epoch 861/1000: 100%|██████████████| 24/24 [00:04<00:00,  5.99it/s, loss=0.0232]
Epoch 861/1000 | Loss: 0.0468 | Best: 0.0310 | Time: 4.0s | Elapsed: 1.2h | ETA: 10m | LR: 0.000009
Epoch 862/1000: 100%|██████████████| 24/24 [00:04<00:00,  5.97it/s, loss=0.0327]
Epoch 862/1000 | Loss: 0.0518 | Best: 0.0310 | Time: 4.0s | Elapsed: 1.2h | ETA: 10m | LR: 0.000009
Epoch 863/1000: 100%|██████████████| 24/24 [00:04<00:00,  5.84it/s, loss=0.0231]
Epoch 863/1000 | Loss: 0.0463 | Best: 0.0310 | Time: 4.1s | Elapsed: 1.2h | ETA: 10m | LR: 0.000009
Epoch 864/1000: 100%|██████████████| 24/24 [00:04<00:00,  5.96it/s, loss=0.1468]
Epoch 864/1000 | Loss: 0.0542 | Best: 0.0310 | Time: 4.0s | Elapsed: 1.2h | ETA: 9m | LR: 0.000009
Epoch 865/1000: 100%|██████████████| 24/24 [00:04<00:00,  5.92it/s, loss=0.0189]
Epoch 865/1000 | Loss: 0.0407 | Best: 0.0310 | Time: 4.1s | Elapsed: 1.2h | ETA: 9m | LR: 0.000009
Epoch 866/1000: 100%|██████████████| 24/24 [00:04<00:00,  5.95it/s, loss=0.1170]
Epoch 866/1000 | Loss: 0.0499 | Best: 0.0310 | Time: 4.0s | Elapsed: 1.2h | ETA: 9m | LR: 0.000009
Epoch 867/1000: 100%|██████████████| 24/24 [00:04<00:00,  5.90it/s, loss=0.0094]
Epoch 867/1000 | Loss: 0.0336 | Best: 0.0310 | Time: 4.1s | Elapsed: 1.2h | ETA: 9m | LR: 0.000009
Epoch 868/1000: 100%|██████████████| 24/24 [00:04<00:00,  5.93it/s, loss=0.0086]
Epoch 868/1000 | Loss: 0.0414 | Best: 0.0310 | Time: 4.0s | Elapsed: 1.2h | ETA: 9m | LR: 0.000008
Epoch 869/1000: 100%|██████████████| 24/24 [00:04<00:00,  5.96it/s, loss=0.0769]
Epoch 869/1000 | Loss: 0.0484 | Best: 0.0310 | Time: 4.0s | Elapsed: 1.2h | ETA: 9m | LR: 0.000008
Epoch 870/1000: 100%|██████████████| 24/24 [00:04<00:00,  5.94it/s, loss=0.0501]
Epoch 870/1000 | Loss: 0.0446 | Best: 0.0310 | Time: 4.0s | Elapsed: 1.2h | ETA: 9m | LR: 0.000008
  Generating samples at epoch 870...
DDIM Sampling: 100%|████████████████████████████| 50/50 [00:01<00:00, 25.28it/s]
DDIM Sampling: 100%|████████████████████████████| 50/50 [00:01<00:00, 25.43it/s]
DDIM Sampling: 100%|████████████████████████████| 50/50 [00:01<00:00, 25.42it/s]
Epoch 871/1000: 100%|██████████████| 24/24 [00:04<00:00,  5.91it/s, loss=0.0203]
Epoch 871/1000 | Loss: 0.0460 | Best: 0.0310 | Time: 4.1s | Elapsed: 1.2h | ETA: 9m | LR: 0.000008
Epoch 872/1000: 100%|██████████████| 24/24 [00:04<00:00,  5.93it/s, loss=0.1186]
Epoch 872/1000 | Loss: 0.0462 | Best: 0.0310 | Time: 4.0s | Elapsed: 1.2h | ETA: 9m | LR: 0.000008
Epoch 873/1000: 100%|██████████████| 24/24 [00:04<00:00,  5.96it/s, loss=0.0456]
Epoch 873/1000 | Loss: 0.0431 | Best: 0.0310 | Time: 4.0s | Elapsed: 1.2h | ETA: 9m | LR: 0.000008
Epoch 874/1000: 100%|██████████████| 24/24 [00:04<00:00,  5.93it/s, loss=0.0042]
Epoch 874/1000 | Loss: 0.0444 | Best: 0.0310 | Time: 4.0s | Elapsed: 1.2h | ETA: 9m | LR: 0.000008
Epoch 875/1000: 100%|██████████████| 24/24 [00:04<00:00,  5.93it/s, loss=0.0101]
Epoch 875/1000 | Loss: 0.0444 | Best: 0.0310 | Time: 4.0s | Elapsed: 1.2h | ETA: 9m | LR: 0.000008
Epoch 876/1000: 100%|██████████████| 24/24 [00:04<00:00,  5.95it/s, loss=0.0817]
Epoch 876/1000 | Loss: 0.0610 | Best: 0.0310 | Time: 4.0s | Elapsed: 1.2h | ETA: 9m | LR: 0.000007
Epoch 877/1000: 100%|██████████████| 24/24 [00:04<00:00,  5.93it/s, loss=0.1099]
Epoch 877/1000 | Loss: 0.0406 | Best: 0.0310 | Time: 4.0s | Elapsed: 1.2h | ETA: 9m | LR: 0.000007
Epoch 878/1000: 100%|██████████████| 24/24 [00:04<00:00,  5.93it/s, loss=0.0077]
Epoch 878/1000 | Loss: 0.0338 | Best: 0.0310 | Time: 4.0s | Elapsed: 1.2h | ETA: 9m | LR: 0.000007
Epoch 879/1000: 100%|██████████████| 24/24 [00:04<00:00,  5.96it/s, loss=0.0291]
Epoch 879/1000 | Loss: 0.0561 | Best: 0.0310 | Time: 4.0s | Elapsed: 1.2h | ETA: 8m | LR: 0.000007
Epoch 880/1000: 100%|██████████████| 24/24 [00:04<00:00,  5.90it/s, loss=0.0121]
Epoch 880/1000 | Loss: 0.0506 | Best: 0.0310 | Time: 4.1s | Elapsed: 1.2h | ETA: 8m | LR: 0.000007
  Generating samples at epoch 880...
DDIM Sampling: 100%|████████████████████████████| 50/50 [00:01<00:00, 25.43it/s]
DDIM Sampling: 100%|████████████████████████████| 50/50 [00:01<00:00, 25.44it/s]
DDIM Sampling: 100%|████████████████████████████| 50/50 [00:01<00:00, 25.46it/s]
Epoch 881/1000: 100%|██████████████| 24/24 [00:04<00:00,  5.95it/s, loss=0.0124]
Epoch 881/1000 | Loss: 0.0491 | Best: 0.0310 | Time: 4.0s | Elapsed: 1.2h | ETA: 8m | LR: 0.000007
Epoch 882/1000: 100%|██████████████| 24/24 [00:04<00:00,  5.95it/s, loss=0.0586]
Epoch 882/1000 | Loss: 0.0439 | Best: 0.0310 | Time: 4.0s | Elapsed: 1.2h | ETA: 8m | LR: 0.000007
Epoch 883/1000: 100%|██████████████| 24/24 [00:04<00:00,  5.93it/s, loss=0.0312]
Epoch 883/1000 | Loss: 0.0451 | Best: 0.0310 | Time: 4.0s | Elapsed: 1.2h | ETA: 8m | LR: 0.000007
Epoch 884/1000: 100%|██████████████| 24/24 [00:04<00:00,  5.87it/s, loss=0.0163]
Epoch 884/1000 | Loss: 0.0403 | Best: 0.0310 | Time: 4.1s | Elapsed: 1.2h | ETA: 8m | LR: 0.000007
Epoch 885/1000: 100%|██████████████| 24/24 [00:04<00:00,  5.93it/s, loss=0.0201]
Epoch 885/1000 | Loss: 0.0448 | Best: 0.0310 | Time: 4.0s | Elapsed: 1.2h | ETA: 8m | LR: 0.000006
Epoch 886/1000: 100%|██████████████| 24/24 [00:04<00:00,  5.94it/s, loss=0.1805]
Epoch 886/1000 | Loss: 0.0464 | Best: 0.0310 | Time: 4.0s | Elapsed: 1.2h | ETA: 8m | LR: 0.000006
Epoch 887/1000: 100%|██████████████| 24/24 [00:04<00:00,  5.96it/s, loss=0.0981]
Epoch 887/1000 | Loss: 0.0568 | Best: 0.0310 | Time: 4.0s | Elapsed: 1.2h | ETA: 8m | LR: 0.000006
Epoch 888/1000: 100%|██████████████| 24/24 [00:04<00:00,  5.95it/s, loss=0.0612]
Epoch 888/1000 | Loss: 0.0376 | Best: 0.0310 | Time: 4.0s | Elapsed: 1.2h | ETA: 8m | LR: 0.000006
Epoch 889/1000: 100%|██████████████| 24/24 [00:04<00:00,  5.97it/s, loss=0.0216]
Epoch 889/1000 | Loss: 0.0522 | Best: 0.0310 | Time: 4.0s | Elapsed: 1.2h | ETA: 8m | LR: 0.000006
Epoch 890/1000: 100%|██████████████| 24/24 [00:04<00:00,  5.93it/s, loss=0.0447]
Epoch 890/1000 | Loss: 0.0508 | Best: 0.0310 | Time: 4.0s | Elapsed: 1.2h | ETA: 8m | LR: 0.000006
  Generating samples at epoch 890...
DDIM Sampling: 100%|████████████████████████████| 50/50 [00:01<00:00, 25.41it/s]
DDIM Sampling: 100%|████████████████████████████| 50/50 [00:01<00:00, 25.33it/s]
DDIM Sampling: 100%|████████████████████████████| 50/50 [00:01<00:00, 25.26it/s]
Epoch 891/1000: 100%|██████████████| 24/24 [00:03<00:00,  6.04it/s, loss=0.0981]
Epoch 891/1000 | Loss: 0.0523 | Best: 0.0310 | Time: 4.0s | Elapsed: 1.2h | ETA: 8m | LR: 0.000006
Epoch 892/1000: 100%|██████████████| 24/24 [00:04<00:00,  5.96it/s, loss=0.0537]
Epoch 892/1000 | Loss: 0.0454 | Best: 0.0310 | Time: 4.0s | Elapsed: 1.2h | ETA: 8m | LR: 0.000006
Epoch 893/1000: 100%|██████████████| 24/24 [00:04<00:00,  5.99it/s, loss=0.0350]
Epoch 893/1000 | Loss: 0.0487 | Best: 0.0310 | Time: 4.0s | Elapsed: 1.2h | ETA: 7m | LR: 0.000006
Epoch 894/1000: 100%|██████████████| 24/24 [00:04<00:00,  5.99it/s, loss=0.0511]
Epoch 894/1000 | Loss: 0.0475 | Best: 0.0310 | Time: 4.0s | Elapsed: 1.2h | ETA: 7m | LR: 0.000005
Epoch 895/1000: 100%|██████████████| 24/24 [00:04<00:00,  5.96it/s, loss=0.0547]
Epoch 895/1000 | Loss: 0.0522 | Best: 0.0310 | Time: 4.0s | Elapsed: 1.2h | ETA: 7m | LR: 0.000005
Epoch 896/1000: 100%|██████████████| 24/24 [00:04<00:00,  5.95it/s, loss=0.0464]
Epoch 896/1000 | Loss: 0.0425 | Best: 0.0310 | Time: 4.0s | Elapsed: 1.2h | ETA: 7m | LR: 0.000005
Epoch 897/1000: 100%|██████████████| 24/24 [00:04<00:00,  5.96it/s, loss=0.0431]
Epoch 897/1000 | Loss: 0.0608 | Best: 0.0310 | Time: 4.0s | Elapsed: 1.2h | ETA: 7m | LR: 0.000005
Epoch 898/1000: 100%|██████████████| 24/24 [00:04<00:00,  5.90it/s, loss=0.0776]
Epoch 898/1000 | Loss: 0.0562 | Best: 0.0310 | Time: 4.1s | Elapsed: 1.2h | ETA: 7m | LR: 0.000005
Epoch 899/1000: 100%|██████████████| 24/24 [00:04<00:00,  5.90it/s, loss=0.0452]
Epoch 899/1000 | Loss: 0.0460 | Best: 0.0310 | Time: 4.1s | Elapsed: 1.2h | ETA: 7m | LR: 0.000005
Epoch 900/1000: 100%|██████████████| 24/24 [00:04<00:00,  5.93it/s, loss=0.0182]
Epoch 900/1000 | Loss: 0.0393 | Best: 0.0310 | Time: 4.0s | Elapsed: 1.2h | ETA: 7m | LR: 0.000005
  Generating samples at epoch 900...
DDIM Sampling: 100%|████████████████████████████| 50/50 [00:01<00:00, 25.44it/s]
DDIM Sampling: 100%|████████████████████████████| 50/50 [00:01<00:00, 25.48it/s]
DDIM Sampling: 100%|████████████████████████████| 50/50 [00:01<00:00, 25.46it/s]
Epoch 901/1000: 100%|██████████████| 24/24 [00:04<00:00,  5.98it/s, loss=0.0555]
Epoch 901/1000 | Loss: 0.0486 | Best: 0.0310 | Time: 4.0s | Elapsed: 1.2h | ETA: 7m | LR: 0.000005
Epoch 902/1000: 100%|██████████████| 24/24 [00:04<00:00,  5.96it/s, loss=0.0606]
Epoch 902/1000 | Loss: 0.0513 | Best: 0.0310 | Time: 4.0s | Elapsed: 1.2h | ETA: 7m | LR: 0.000005
Epoch 903/1000: 100%|██████████████| 24/24 [00:04<00:00,  5.96it/s, loss=0.0368]
Epoch 903/1000 | Loss: 0.0443 | Best: 0.0310 | Time: 4.0s | Elapsed: 1.2h | ETA: 7m | LR: 0.000005
Epoch 904/1000: 100%|██████████████| 24/24 [00:04<00:00,  5.92it/s, loss=0.0168]
Epoch 904/1000 | Loss: 0.0437 | Best: 0.0310 | Time: 4.1s | Elapsed: 1.2h | ETA: 7m | LR: 0.000005
Epoch 905/1000: 100%|██████████████| 24/24 [00:04<00:00,  5.85it/s, loss=0.0119]
Epoch 905/1000 | Loss: 0.0630 | Best: 0.0310 | Time: 4.1s | Elapsed: 1.2h | ETA: 7m | LR: 0.000004
Epoch 906/1000: 100%|██████████████| 24/24 [00:04<00:00,  5.93it/s, loss=0.0076]
Epoch 906/1000 | Loss: 0.0395 | Best: 0.0310 | Time: 4.0s | Elapsed: 1.2h | ETA: 7m | LR: 0.000004
Epoch 907/1000: 100%|██████████████| 24/24 [00:04<00:00,  5.94it/s, loss=0.0551]
Epoch 907/1000 | Loss: 0.0450 | Best: 0.0310 | Time: 4.0s | Elapsed: 1.2h | ETA: 6m | LR: 0.000004
Epoch 908/1000: 100%|██████████████| 24/24 [00:04<00:00,  5.96it/s, loss=0.0045]
Epoch 908/1000 | Loss: 0.0408 | Best: 0.0310 | Time: 4.0s | Elapsed: 1.2h | ETA: 6m | LR: 0.000004
Epoch 909/1000: 100%|██████████████| 24/24 [00:04<00:00,  5.95it/s, loss=0.0689]
Epoch 909/1000 | Loss: 0.0416 | Best: 0.0310 | Time: 4.0s | Elapsed: 1.2h | ETA: 6m | LR: 0.000004
Epoch 910/1000: 100%|██████████████| 24/24 [00:04<00:00,  5.93it/s, loss=0.0895]
Epoch 910/1000 | Loss: 0.0518 | Best: 0.0310 | Time: 4.0s | Elapsed: 1.2h | ETA: 6m | LR: 0.000004
  Generating samples at epoch 910...
DDIM Sampling: 100%|████████████████████████████| 50/50 [00:01<00:00, 25.46it/s]
DDIM Sampling: 100%|████████████████████████████| 50/50 [00:01<00:00, 25.52it/s]
DDIM Sampling: 100%|████████████████████████████| 50/50 [00:01<00:00, 25.56it/s]
Epoch 911/1000: 100%|██████████████| 24/24 [00:04<00:00,  5.96it/s, loss=0.0609]
Epoch 911/1000 | Loss: 0.0474 | Best: 0.0310 | Time: 4.0s | Elapsed: 1.2h | ETA: 6m | LR: 0.000004
Epoch 912/1000: 100%|██████████████| 24/24 [00:03<00:00,  6.00it/s, loss=0.0607]
Epoch 912/1000 | Loss: 0.0454 | Best: 0.0310 | Time: 4.0s | Elapsed: 1.2h | ETA: 6m | LR: 0.000004
Epoch 913/1000: 100%|██████████████| 24/24 [00:04<00:00,  5.94it/s, loss=0.0585]
Epoch 913/1000 | Loss: 0.0336 | Best: 0.0310 | Time: 4.0s | Elapsed: 1.2h | ETA: 6m | LR: 0.000004
Epoch 914/1000: 100%|██████████████| 24/24 [00:04<00:00,  5.96it/s, loss=0.1068]
Epoch 914/1000 | Loss: 0.0544 | Best: 0.0310 | Time: 4.0s | Elapsed: 1.2h | ETA: 6m | LR: 0.000004
Epoch 915/1000: 100%|██████████████| 24/24 [00:04<00:00,  5.97it/s, loss=0.0572]
Epoch 915/1000 | Loss: 0.0545 | Best: 0.0310 | Time: 4.0s | Elapsed: 1.2h | ETA: 6m | LR: 0.000004
Epoch 916/1000: 100%|██████████████| 24/24 [00:04<00:00,  5.99it/s, loss=0.1494]
Epoch 916/1000 | Loss: 0.0637 | Best: 0.0310 | Time: 4.0s | Elapsed: 1.2h | ETA: 6m | LR: 0.000003
Epoch 917/1000: 100%|██████████████| 24/24 [00:04<00:00,  5.97it/s, loss=0.0481]
Epoch 917/1000 | Loss: 0.0453 | Best: 0.0310 | Time: 4.0s | Elapsed: 1.2h | ETA: 6m | LR: 0.000003
Epoch 918/1000: 100%|██████████████| 24/24 [00:04<00:00,  5.96it/s, loss=0.0139]
Epoch 918/1000 | Loss: 0.0480 | Best: 0.0310 | Time: 4.0s | Elapsed: 1.2h | ETA: 6m | LR: 0.000003
Epoch 919/1000: 100%|██████████████| 24/24 [00:04<00:00,  5.91it/s, loss=0.0335]
Epoch 919/1000 | Loss: 0.0541 | Best: 0.0310 | Time: 4.1s | Elapsed: 1.2h | ETA: 6m | LR: 0.000003
Epoch 920/1000: 100%|██████████████| 24/24 [00:04<00:00,  5.96it/s, loss=0.0216]
Epoch 920/1000 | Loss: 0.0569 | Best: 0.0310 | Time: 4.0s | Elapsed: 1.2h | ETA: 6m | LR: 0.000003
  Generating samples at epoch 920...
DDIM Sampling: 100%|████████████████████████████| 50/50 [00:01<00:00, 25.40it/s]
DDIM Sampling: 100%|████████████████████████████| 50/50 [00:01<00:00, 25.40it/s]
DDIM Sampling: 100%|████████████████████████████| 50/50 [00:01<00:00, 25.46it/s]
Epoch 921/1000: 100%|██████████████| 24/24 [00:04<00:00,  5.94it/s, loss=0.0350]
Epoch 921/1000 | Loss: 0.0402 | Best: 0.0310 | Time: 4.0s | Elapsed: 1.2h | ETA: 5m | LR: 0.000003
Epoch 922/1000: 100%|██████████████| 24/24 [00:04<00:00,  5.96it/s, loss=0.0455]
Epoch 922/1000 | Loss: 0.0435 | Best: 0.0310 | Time: 4.0s | Elapsed: 1.2h | ETA: 5m | LR: 0.000003
Epoch 923/1000: 100%|██████████████| 24/24 [00:04<00:00,  5.93it/s, loss=0.0520]
Epoch 923/1000 | Loss: 0.0489 | Best: 0.0310 | Time: 4.1s | Elapsed: 1.2h | ETA: 5m | LR: 0.000003
Epoch 924/1000: 100%|██████████████| 24/24 [00:04<00:00,  5.92it/s, loss=0.0755]
Epoch 924/1000 | Loss: 0.0389 | Best: 0.0310 | Time: 4.1s | Elapsed: 1.2h | ETA: 5m | LR: 0.000003
Epoch 925/1000: 100%|██████████████| 24/24 [00:04<00:00,  5.88it/s, loss=0.1100]
Epoch 925/1000 | Loss: 0.0503 | Best: 0.0310 | Time: 4.1s | Elapsed: 1.2h | ETA: 5m | LR: 0.000003
Epoch 926/1000: 100%|██████████████| 24/24 [00:04<00:00,  5.93it/s, loss=0.1033]
Epoch 926/1000 | Loss: 0.0577 | Best: 0.0310 | Time: 4.0s | Elapsed: 1.2h | ETA: 5m | LR: 0.000003
Epoch 927/1000: 100%|██████████████| 24/24 [00:04<00:00,  5.96it/s, loss=0.0201]
Epoch 927/1000 | Loss: 0.0482 | Best: 0.0310 | Time: 4.0s | Elapsed: 1.2h | ETA: 5m | LR: 0.000003
Epoch 928/1000: 100%|██████████████| 24/24 [00:04<00:00,  5.96it/s, loss=0.0183]
Epoch 928/1000 | Loss: 0.0413 | Best: 0.0310 | Time: 4.0s | Elapsed: 1.2h | ETA: 5m | LR: 0.000003
Epoch 929/1000: 100%|██████████████| 24/24 [00:04<00:00,  5.97it/s, loss=0.0527]
Epoch 929/1000 | Loss: 0.0393 | Best: 0.0310 | Time: 4.0s | Elapsed: 1.2h | ETA: 5m | LR: 0.000002
Epoch 930/1000: 100%|██████████████| 24/24 [00:04<00:00,  5.93it/s, loss=0.0162]
Epoch 930/1000 | Loss: 0.0514 | Best: 0.0310 | Time: 4.0s | Elapsed: 1.2h | ETA: 5m | LR: 0.000002
  Generating samples at epoch 930...
DDIM Sampling: 100%|████████████████████████████| 50/50 [00:01<00:00, 25.53it/s]
DDIM Sampling: 100%|████████████████████████████| 50/50 [00:01<00:00, 25.57it/s]
DDIM Sampling: 100%|████████████████████████████| 50/50 [00:01<00:00, 25.55it/s]
Epoch 931/1000: 100%|██████████████| 24/24 [00:04<00:00,  5.99it/s, loss=0.0598]
Epoch 931/1000 | Loss: 0.0553 | Best: 0.0310 | Time: 4.0s | Elapsed: 1.2h | ETA: 5m | LR: 0.000002
Epoch 932/1000: 100%|██████████████| 24/24 [00:04<00:00,  5.80it/s, loss=0.0068]
Epoch 932/1000 | Loss: 0.0351 | Best: 0.0310 | Time: 4.1s | Elapsed: 1.2h | ETA: 5m | LR: 0.000002
Epoch 933/1000: 100%|██████████████| 24/24 [00:04<00:00,  5.96it/s, loss=0.0383]
Epoch 933/1000 | Loss: 0.0449 | Best: 0.0310 | Time: 4.0s | Elapsed: 1.2h | ETA: 5m | LR: 0.000002
Epoch 934/1000: 100%|██████████████| 24/24 [00:04<00:00,  6.00it/s, loss=0.0324]
Epoch 934/1000 | Loss: 0.0467 | Best: 0.0310 | Time: 4.0s | Elapsed: 1.2h | ETA: 5m | LR: 0.000002
Epoch 935/1000: 100%|██████████████| 24/24 [00:04<00:00,  5.96it/s, loss=0.1455]
Epoch 935/1000 | Loss: 0.0475 | Best: 0.0310 | Time: 4.0s | Elapsed: 1.3h | ETA: 5m | LR: 0.000002
Epoch 936/1000: 100%|██████████████| 24/24 [00:04<00:00,  5.93it/s, loss=0.0667]
Epoch 936/1000 | Loss: 0.0481 | Best: 0.0310 | Time: 4.0s | Elapsed: 1.3h | ETA: 4m | LR: 0.000002
Epoch 937/1000: 100%|██████████████| 24/24 [00:04<00:00,  5.95it/s, loss=0.0268]
Epoch 937/1000 | Loss: 0.0615 | Best: 0.0310 | Time: 4.0s | Elapsed: 1.3h | ETA: 4m | LR: 0.000002
Epoch 938/1000: 100%|██████████████| 24/24 [00:04<00:00,  5.92it/s, loss=0.0209]
Epoch 938/1000 | Loss: 0.0492 | Best: 0.0310 | Time: 4.1s | Elapsed: 1.3h | ETA: 4m | LR: 0.000002
Epoch 939/1000: 100%|██████████████| 24/24 [00:04<00:00,  5.98it/s, loss=0.0629]
Epoch 939/1000 | Loss: 0.0559 | Best: 0.0310 | Time: 4.0s | Elapsed: 1.3h | ETA: 4m | LR: 0.000002
Epoch 940/1000: 100%|██████████████| 24/24 [00:04<00:00,  5.90it/s, loss=0.0364]
Epoch 940/1000 | Loss: 0.0259 | Best: 0.0310 | Time: 4.1s | Elapsed: 1.3h | ETA: 4m | LR: 0.000002
  Generating samples at epoch 940...
DDIM Sampling: 100%|████████████████████████████| 50/50 [00:01<00:00, 25.35it/s]
DDIM Sampling: 100%|████████████████████████████| 50/50 [00:01<00:00, 25.43it/s]
DDIM Sampling: 100%|████████████████████████████| 50/50 [00:01<00:00, 25.46it/s]
Epoch 941/1000: 100%|██████████████| 24/24 [00:04<00:00,  5.94it/s, loss=0.0249]
Epoch 941/1000 | Loss: 0.0423 | Best: 0.0259 | Time: 4.0s | Elapsed: 1.3h | ETA: 4m | LR: 0.000002
Epoch 942/1000: 100%|██████████████| 24/24 [00:04<00:00,  5.93it/s, loss=0.0649]
Epoch 942/1000 | Loss: 0.0409 | Best: 0.0259 | Time: 4.0s | Elapsed: 1.3h | ETA: 4m | LR: 0.000002
Epoch 943/1000: 100%|██████████████| 24/24 [00:04<00:00,  5.93it/s, loss=0.0592]
Epoch 943/1000 | Loss: 0.0512 | Best: 0.0259 | Time: 4.0s | Elapsed: 1.3h | ETA: 4m | LR: 0.000002
Epoch 944/1000: 100%|██████████████| 24/24 [00:04<00:00,  5.97it/s, loss=0.0772]
Epoch 944/1000 | Loss: 0.0410 | Best: 0.0259 | Time: 4.0s | Elapsed: 1.3h | ETA: 4m | LR: 0.000002
Epoch 945/1000: 100%|██████████████| 24/24 [00:04<00:00,  5.97it/s, loss=0.0809]
Epoch 945/1000 | Loss: 0.0462 | Best: 0.0259 | Time: 4.0s | Elapsed: 1.3h | ETA: 4m | LR: 0.000001
Epoch 946/1000: 100%|██████████████| 24/24 [00:04<00:00,  5.94it/s, loss=0.0921]
Epoch 946/1000 | Loss: 0.0406 | Best: 0.0259 | Time: 4.0s | Elapsed: 1.3h | ETA: 4m | LR: 0.000001
Epoch 947/1000: 100%|██████████████| 24/24 [00:04<00:00,  5.87it/s, loss=0.0136]
Epoch 947/1000 | Loss: 0.0347 | Best: 0.0259 | Time: 4.1s | Elapsed: 1.3h | ETA: 4m | LR: 0.000001
Epoch 948/1000: 100%|██████████████| 24/24 [00:04<00:00,  5.93it/s, loss=0.0402]
Epoch 948/1000 | Loss: 0.0420 | Best: 0.0259 | Time: 4.0s | Elapsed: 1.3h | ETA: 4m | LR: 0.000001
Epoch 949/1000: 100%|██████████████| 24/24 [00:04<00:00,  5.93it/s, loss=0.0592]
Epoch 949/1000 | Loss: 0.0519 | Best: 0.0259 | Time: 4.0s | Elapsed: 1.3h | ETA: 4m | LR: 0.000001
Epoch 950/1000: 100%|██████████████| 24/24 [00:04<00:00,  5.93it/s, loss=0.0695]
Epoch 950/1000 | Loss: 0.0465 | Best: 0.0259 | Time: 4.0s | Elapsed: 1.3h | ETA: 3m | LR: 0.000001
  Generating samples at epoch 950...
DDIM Sampling: 100%|████████████████████████████| 50/50 [00:01<00:00, 25.49it/s]
DDIM Sampling: 100%|████████████████████████████| 50/50 [00:01<00:00, 25.31it/s]
DDIM Sampling: 100%|████████████████████████████| 50/50 [00:01<00:00, 25.45it/s]
Epoch 951/1000: 100%|██████████████| 24/24 [00:04<00:00,  5.96it/s, loss=0.0366]
Epoch 951/1000 | Loss: 0.0556 | Best: 0.0259 | Time: 4.0s | Elapsed: 1.3h | ETA: 3m | LR: 0.000001
Epoch 952/1000: 100%|██████████████| 24/24 [00:04<00:00,  5.92it/s, loss=0.0283]
Epoch 952/1000 | Loss: 0.0454 | Best: 0.0259 | Time: 4.1s | Elapsed: 1.3h | ETA: 3m | LR: 0.000001
Epoch 953/1000: 100%|██████████████| 24/24 [00:04<00:00,  5.89it/s, loss=0.0742]
Epoch 953/1000 | Loss: 0.0492 | Best: 0.0259 | Time: 4.1s | Elapsed: 1.3h | ETA: 3m | LR: 0.000001
Epoch 954/1000: 100%|██████████████| 24/24 [00:04<00:00,  5.92it/s, loss=0.0767]
Epoch 954/1000 | Loss: 0.0468 | Best: 0.0259 | Time: 4.1s | Elapsed: 1.3h | ETA: 3m | LR: 0.000001
Epoch 955/1000: 100%|██████████████| 24/24 [00:04<00:00,  5.90it/s, loss=0.0088]
Epoch 955/1000 | Loss: 0.0405 | Best: 0.0259 | Time: 4.1s | Elapsed: 1.3h | ETA: 3m | LR: 0.000001
Epoch 956/1000: 100%|██████████████| 24/24 [00:04<00:00,  5.96it/s, loss=0.0985]
Epoch 956/1000 | Loss: 0.0611 | Best: 0.0259 | Time: 4.0s | Elapsed: 1.3h | ETA: 3m | LR: 0.000001
Epoch 957/1000: 100%|██████████████| 24/24 [00:04<00:00,  5.92it/s, loss=0.0390]
Epoch 957/1000 | Loss: 0.0394 | Best: 0.0259 | Time: 4.1s | Elapsed: 1.3h | ETA: 3m | LR: 0.000001
Epoch 958/1000: 100%|██████████████| 24/24 [00:04<00:00,  5.95it/s, loss=0.0961]
Epoch 958/1000 | Loss: 0.0474 | Best: 0.0259 | Time: 4.0s | Elapsed: 1.3h | ETA: 3m | LR: 0.000001
Epoch 959/1000: 100%|██████████████| 24/24 [00:04<00:00,  5.93it/s, loss=0.0174]
Epoch 959/1000 | Loss: 0.0591 | Best: 0.0259 | Time: 4.0s | Elapsed: 1.3h | ETA: 3m | LR: 0.000001
Epoch 960/1000: 100%|██████████████| 24/24 [00:04<00:00,  5.94it/s, loss=0.0214]
Epoch 960/1000 | Loss: 0.0480 | Best: 0.0259 | Time: 4.0s | Elapsed: 1.3h | ETA: 3m | LR: 0.000001
  Generating samples at epoch 960...
DDIM Sampling: 100%|████████████████████████████| 50/50 [00:01<00:00, 25.19it/s]
DDIM Sampling: 100%|████████████████████████████| 50/50 [00:01<00:00, 25.36it/s]
DDIM Sampling: 100%|████████████████████████████| 50/50 [00:01<00:00, 25.54it/s]
Epoch 961/1000: 100%|██████████████| 24/24 [00:03<00:00,  6.07it/s, loss=0.0448]
Epoch 961/1000 | Loss: 0.0428 | Best: 0.0259 | Time: 4.0s | Elapsed: 1.3h | ETA: 3m | LR: 0.000001
Epoch 962/1000: 100%|██████████████| 24/24 [00:03<00:00,  6.00it/s, loss=0.0119]
Epoch 962/1000 | Loss: 0.0347 | Best: 0.0259 | Time: 4.0s | Elapsed: 1.3h | ETA: 3m | LR: 0.000001
Epoch 963/1000: 100%|██████████████| 24/24 [00:03<00:00,  6.02it/s, loss=0.0492]
Epoch 963/1000 | Loss: 0.0622 | Best: 0.0259 | Time: 4.0s | Elapsed: 1.3h | ETA: 3m | LR: 0.000001
Epoch 964/1000: 100%|██████████████| 24/24 [00:04<00:00,  5.98it/s, loss=0.0421]
Epoch 964/1000 | Loss: 0.0459 | Best: 0.0259 | Time: 4.0s | Elapsed: 1.3h | ETA: 3m | LR: 0.000001
Epoch 965/1000: 100%|██████████████| 24/24 [00:04<00:00,  5.93it/s, loss=0.0944]
Epoch 965/1000 | Loss: 0.0573 | Best: 0.0259 | Time: 4.0s | Elapsed: 1.3h | ETA: 2m | LR: 0.000001
Epoch 966/1000: 100%|██████████████| 24/24 [00:04<00:00,  5.95it/s, loss=0.0255]
Epoch 966/1000 | Loss: 0.0380 | Best: 0.0259 | Time: 4.0s | Elapsed: 1.3h | ETA: 2m | LR: 0.000001
Epoch 967/1000: 100%|██████████████| 24/24 [00:04<00:00,  5.95it/s, loss=0.0062]
Epoch 967/1000 | Loss: 0.0505 | Best: 0.0259 | Time: 4.0s | Elapsed: 1.3h | ETA: 2m | LR: 0.000001
Epoch 968/1000: 100%|██████████████| 24/24 [00:04<00:00,  5.84it/s, loss=0.0773]
Epoch 968/1000 | Loss: 0.0438 | Best: 0.0259 | Time: 4.1s | Elapsed: 1.3h | ETA: 2m | LR: 0.000001
Epoch 969/1000: 100%|██████████████| 24/24 [00:04<00:00,  5.92it/s, loss=0.1603]
Epoch 969/1000 | Loss: 0.0437 | Best: 0.0259 | Time: 4.1s | Elapsed: 1.3h | ETA: 2m | LR: 0.000000
Epoch 970/1000: 100%|██████████████| 24/24 [00:04<00:00,  5.90it/s, loss=0.1025]
Epoch 970/1000 | Loss: 0.0490 | Best: 0.0259 | Time: 4.1s | Elapsed: 1.3h | ETA: 2m | LR: 0.000000
  Generating samples at epoch 970...
DDIM Sampling: 100%|████████████████████████████| 50/50 [00:01<00:00, 25.43it/s]
DDIM Sampling: 100%|████████████████████████████| 50/50 [00:01<00:00, 25.43it/s]
DDIM Sampling: 100%|████████████████████████████| 50/50 [00:01<00:00, 25.43it/s]
Epoch 971/1000: 100%|██████████████| 24/24 [00:04<00:00,  5.95it/s, loss=0.0740]
Epoch 971/1000 | Loss: 0.0464 | Best: 0.0259 | Time: 4.0s | Elapsed: 1.3h | ETA: 2m | LR: 0.000000
Epoch 972/1000: 100%|██████████████| 24/24 [00:04<00:00,  6.00it/s, loss=0.0749]
Epoch 972/1000 | Loss: 0.0398 | Best: 0.0259 | Time: 4.0s | Elapsed: 1.3h | ETA: 2m | LR: 0.000000
Epoch 973/1000: 100%|██████████████| 24/24 [00:04<00:00,  5.94it/s, loss=0.0961]
Epoch 973/1000 | Loss: 0.0397 | Best: 0.0259 | Time: 4.0s | Elapsed: 1.3h | ETA: 2m | LR: 0.000000
Epoch 974/1000: 100%|██████████████| 24/24 [00:04<00:00,  5.96it/s, loss=0.0494]
Epoch 974/1000 | Loss: 0.0356 | Best: 0.0259 | Time: 4.0s | Elapsed: 1.3h | ETA: 2m | LR: 0.000000
Epoch 975/1000: 100%|██████████████| 24/24 [00:04<00:00,  5.94it/s, loss=0.0386]
Epoch 975/1000 | Loss: 0.0473 | Best: 0.0259 | Time: 4.0s | Elapsed: 1.3h | ETA: 2m | LR: 0.000000
Epoch 976/1000: 100%|██████████████| 24/24 [00:04<00:00,  5.97it/s, loss=0.0112]
Epoch 976/1000 | Loss: 0.0390 | Best: 0.0259 | Time: 4.0s | Elapsed: 1.3h | ETA: 2m | LR: 0.000000
Epoch 977/1000: 100%|██████████████| 24/24 [00:04<00:00,  5.97it/s, loss=0.0438]
Epoch 977/1000 | Loss: 0.0576 | Best: 0.0259 | Time: 4.0s | Elapsed: 1.3h | ETA: 2m | LR: 0.000000
Epoch 978/1000: 100%|██████████████| 24/24 [00:04<00:00,  5.94it/s, loss=0.0192]
Epoch 978/1000 | Loss: 0.0504 | Best: 0.0259 | Time: 4.0s | Elapsed: 1.3h | ETA: 2m | LR: 0.000000
Epoch 979/1000: 100%|██████████████| 24/24 [00:04<00:00,  5.93it/s, loss=0.0591]
Epoch 979/1000 | Loss: 0.0499 | Best: 0.0259 | Time: 4.0s | Elapsed: 1.3h | ETA: 1m | LR: 0.000000
Epoch 980/1000: 100%|██████████████| 24/24 [00:04<00:00,  5.90it/s, loss=0.1043]
Epoch 980/1000 | Loss: 0.0407 | Best: 0.0259 | Time: 4.1s | Elapsed: 1.3h | ETA: 1m | LR: 0.000000
  Generating samples at epoch 980...
DDIM Sampling: 100%|████████████████████████████| 50/50 [00:01<00:00, 25.41it/s]
DDIM Sampling: 100%|████████████████████████████| 50/50 [00:01<00:00, 25.41it/s]
DDIM Sampling: 100%|████████████████████████████| 50/50 [00:01<00:00, 25.21it/s]
Epoch 981/1000: 100%|██████████████| 24/24 [00:04<00:00,  5.78it/s, loss=0.0193]
Epoch 981/1000 | Loss: 0.0502 | Best: 0.0259 | Time: 4.2s | Elapsed: 1.3h | ETA: 1m | LR: 0.000000
Epoch 982/1000: 100%|██████████████| 24/24 [00:04<00:00,  5.92it/s, loss=0.0987]
Epoch 982/1000 | Loss: 0.0505 | Best: 0.0259 | Time: 4.1s | Elapsed: 1.3h | ETA: 1m | LR: 0.000000
Epoch 983/1000: 100%|██████████████| 24/24 [00:04<00:00,  5.96it/s, loss=0.0612]
Epoch 983/1000 | Loss: 0.0488 | Best: 0.0259 | Time: 4.0s | Elapsed: 1.3h | ETA: 1m | LR: 0.000000
Epoch 984/1000: 100%|██████████████| 24/24 [00:04<00:00,  5.92it/s, loss=0.0525]
Epoch 984/1000 | Loss: 0.0402 | Best: 0.0259 | Time: 4.1s | Elapsed: 1.3h | ETA: 1m | LR: 0.000000
Epoch 985/1000: 100%|██████████████| 24/24 [00:04<00:00,  5.91it/s, loss=0.0811]
Epoch 985/1000 | Loss: 0.0471 | Best: 0.0259 | Time: 4.1s | Elapsed: 1.3h | ETA: 1m | LR: 0.000000
Epoch 986/1000: 100%|██████████████| 24/24 [00:04<00:00,  5.96it/s, loss=0.0372]
Epoch 986/1000 | Loss: 0.0545 | Best: 0.0259 | Time: 4.0s | Elapsed: 1.3h | ETA: 1m | LR: 0.000000
Epoch 987/1000: 100%|██████████████| 24/24 [00:04<00:00,  5.94it/s, loss=0.0431]
Epoch 987/1000 | Loss: 0.0487 | Best: 0.0259 | Time: 4.0s | Elapsed: 1.3h | ETA: 1m | LR: 0.000000
Epoch 988/1000: 100%|██████████████| 24/24 [00:04<00:00,  5.97it/s, loss=0.0127]
Epoch 988/1000 | Loss: 0.0464 | Best: 0.0259 | Time: 4.0s | Elapsed: 1.3h | ETA: 1m | LR: 0.000000
Epoch 989/1000: 100%|██████████████| 24/24 [00:04<00:00,  5.87it/s, loss=0.0539]
Epoch 989/1000 | Loss: 0.0510 | Best: 0.0259 | Time: 4.1s | Elapsed: 1.3h | ETA: 1m | LR: 0.000000
Epoch 990/1000: 100%|██████████████| 24/24 [00:04<00:00,  5.96it/s, loss=0.1163]
Epoch 990/1000 | Loss: 0.0375 | Best: 0.0259 | Time: 4.0s | Elapsed: 1.3h | ETA: 1m | LR: 0.000000
  Generating samples at epoch 990...
DDIM Sampling: 100%|████████████████████████████| 50/50 [00:01<00:00, 25.47it/s]
DDIM Sampling: 100%|████████████████████████████| 50/50 [00:01<00:00, 25.52it/s]
DDIM Sampling: 100%|████████████████████████████| 50/50 [00:01<00:00, 25.42it/s]
Epoch 991/1000: 100%|██████████████| 24/24 [00:04<00:00,  5.96it/s, loss=0.0976]
Epoch 991/1000 | Loss: 0.0437 | Best: 0.0259 | Time: 4.0s | Elapsed: 1.3h | ETA: 1m | LR: 0.000000
Epoch 992/1000: 100%|██████████████| 24/24 [00:03<00:00,  6.03it/s, loss=0.0728]
Epoch 992/1000 | Loss: 0.0535 | Best: 0.0259 | Time: 4.0s | Elapsed: 1.3h | ETA: 1m | LR: 0.000000
Epoch 993/1000: 100%|██████████████| 24/24 [00:04<00:00,  5.97it/s, loss=0.1558]
Epoch 993/1000 | Loss: 0.0411 | Best: 0.0259 | Time: 4.0s | Elapsed: 1.3h | ETA: 0m | LR: 0.000000
Epoch 994/1000: 100%|██████████████| 24/24 [00:04<00:00,  5.97it/s, loss=0.0431]
Epoch 994/1000 | Loss: 0.0485 | Best: 0.0259 | Time: 4.0s | Elapsed: 1.3h | ETA: 0m | LR: 0.000000
Epoch 995/1000: 100%|██████████████| 24/24 [00:04<00:00,  5.95it/s, loss=0.0344]
Epoch 995/1000 | Loss: 0.0396 | Best: 0.0259 | Time: 4.0s | Elapsed: 1.3h | ETA: 0m | LR: 0.000000
Epoch 996/1000: 100%|██████████████| 24/24 [00:04<00:00,  5.87it/s, loss=0.0309]
Epoch 996/1000 | Loss: 0.0414 | Best: 0.0259 | Time: 4.1s | Elapsed: 1.3h | ETA: 0m | LR: 0.000000
Epoch 997/1000: 100%|██████████████| 24/24 [00:04<00:00,  5.96it/s, loss=0.0214]
Epoch 997/1000 | Loss: 0.0421 | Best: 0.0259 | Time: 4.0s | Elapsed: 1.3h | ETA: 0m | LR: 0.000000
Epoch 998/1000: 100%|██████████████| 24/24 [00:04<00:00,  5.93it/s, loss=0.0268]
Epoch 998/1000 | Loss: 0.0561 | Best: 0.0259 | Time: 4.0s | Elapsed: 1.3h | ETA: 0m | LR: 0.000000
Epoch 999/1000: 100%|██████████████| 24/24 [00:04<00:00,  5.92it/s, loss=0.0345]
Epoch 999/1000 | Loss: 0.0463 | Best: 0.0259 | Time: 4.1s | Elapsed: 1.3h | ETA: 0m | LR: 0.000000
Epoch 1000/1000: 100%|█████████████| 24/24 [00:04<00:00,  5.96it/s, loss=0.0142]
Epoch 1000/1000 | Loss: 0.0480 | Best: 0.0259 | Time: 4.0s | Elapsed: 1.3h | ETA: 0m | LR: 0.000000
  Generating samples at epoch 1000...
DDIM Sampling: 100%|████████████████████████████| 50/50 [00:01<00:00, 25.40it/s]
DDIM Sampling: 100%|████████████████████████████| 50/50 [00:01<00:00, 25.38it/s]
DDIM Sampling: 100%|████████████████████████████| 50/50 [00:01<00:00, 25.45it/s]

============================================================
Training complete!
  Stop reason: completed
  Epochs trained: 1000
  Best loss: 0.0259
  Final loss: 0.0480
  Total time: 69.4 minutes
  Avg epoch: 4.2s
  Precision: FP16
  DDP: 2 GPU(s)
============================================================

============================================================
PART 7: GENERATING SYNTHETIC IMAGES
============================================================

Generating 300 synthetic Bengin images...
DDIM Sampling: 100%|████████████████████████████| 50/50 [00:17<00:00,  2.89it/s]
