✅ W&B initialized!
Compiling model with torch.compile (this takes ~1-2 min first time)...
✅ Model compiled!
✅ Model wrapped with DDP (2 GPUs)
Total parameters: 18,986,689
Trainable parameters: 18,986,689
Model size: 72.4 MB (fp32 weights)

🔄 Resuming from checkpoint: /kaggle/input/models/tahmidulkashfi/checkpoint-epoch-725/pytorch/default/1/best_diffusion_model.pt
  ✅ Model weights loaded
  ✅ EMA weights loaded
  ✅ Optimizer state loaded (LR reset to 0.0003)
  ✅ GradScaler state loaded
  📍 Resuming from epoch 941 (best_loss=0.0259)
  📍 LR: 0.0003 → 0 over 2060 epochs (fresh cosine)
  📍 Remaining epochs: 2060

Starting training for 2060 epochs (epoch 941→3000)...
  AMP: torch.float16
  GradScaler: Enabled (FP16)
  Classifier-Free Guidance dropout: 10.0%
  W&B: ✅ Logging
  🔄 RESUMED from epoch 940 (best_loss=0.0259)
Epoch 941/3000:   0%|                                    | 0/16 [00:00<?, ?it/s][rank0]:W0222 21:37:30.196000 63 torch/_inductor/utils.py:1558] [0/0] Not enough SMs to use max_autotune_gemm mode
/usr/local/lib/python3.12/dist-packages/torch/autograd/graph.py:841: UserWarning: Grad strides do not match bucket view strides. This may indicate grad was not created according to the gradient layout contract, or that the param's strides changed since DDP was constructed.  This is not an error, but may impair performance.
grad.sizes() = [512, 512, 1, 1], strides() = [512, 1, 512, 512]
bucket_view.sizes() = [512, 512, 1, 1], strides() = [512, 1, 1, 1] (Triggered internally at /pytorch/torch/csrc/distributed/c10d/reducer.cpp:334.)
  return Variable._execution_engine.run_backward(  # Calls into the C++ engine to run the backward pass
Epoch 941/3000: 100%|██████████████| 16/16 [02:31<00:00,  9.46s/it, loss=0.0707]
Epoch 941/3000 | Loss: 0.0547 | Best: 0.0259 | Time: 151.4s | Elapsed: 0.0h | ETA: 5197m | LR: 0.000300
/usr/local/lib/python3.12/dist-packages/torch/distributed/distributed_c10d.py:4876: UserWarning: barrier(): using the device under current context. You can specify `device_id` in `init_process_group` to mute this warning.
  warnings.warn(  # warn only once
Epoch 942/3000: 100%|██████████████| 16/16 [00:03<00:00,  4.61it/s, loss=0.0518]
Epoch 942/3000 | Loss: 0.0630 | Best: 0.0259 | Time: 3.5s | Elapsed: 0.0h | ETA: 2657m | LR: 0.000300
Epoch 943/3000: 100%|██████████████| 16/16 [00:03<00:00,  4.60it/s, loss=0.0634]
Epoch 943/3000 | Loss: 0.0600 | Best: 0.0259 | Time: 3.5s | Elapsed: 0.0h | ETA: 1810m | LR: 0.000300
Epoch 944/3000: 100%|██████████████| 16/16 [00:03<00:00,  4.58it/s, loss=0.0668]
Epoch 944/3000 | Loss: 0.0637 | Best: 0.0259 | Time: 3.5s | Elapsed: 0.0h | ETA: 1387m | LR: 0.000300
Epoch 945/3000: 100%|██████████████| 16/16 [00:03<00:00,  4.56it/s, loss=0.0251]
Epoch 945/3000 | Loss: 0.0571 | Best: 0.0259 | Time: 3.5s | Elapsed: 0.0h | ETA: 1133m | LR: 0.000300
Epoch 946/3000: 100%|██████████████| 16/16 [00:03<00:00,  4.51it/s, loss=0.0834]
Epoch 946/3000 | Loss: 0.0361 | Best: 0.0259 | Time: 3.5s | Elapsed: 0.1h | ETA: 964m | LR: 0.000300
Epoch 947/3000: 100%|██████████████| 16/16 [00:03<00:00,  4.50it/s, loss=0.0287]
Epoch 947/3000 | Loss: 0.0531 | Best: 0.0259 | Time: 3.6s | Elapsed: 0.1h | ETA: 843m | LR: 0.000300
Epoch 948/3000: 100%|██████████████| 16/16 [00:03<00:00,  4.50it/s, loss=0.0443]
Epoch 948/3000 | Loss: 0.0580 | Best: 0.0259 | Time: 3.6s | Elapsed: 0.1h | ETA: 753m | LR: 0.000300
Epoch 949/3000: 100%|██████████████| 16/16 [00:03<00:00,  4.48it/s, loss=0.0924]
Epoch 949/3000 | Loss: 0.0541 | Best: 0.0259 | Time: 3.6s | Elapsed: 0.1h | ETA: 682m | LR: 0.000300
Epoch 950/3000: 100%|██████████████| 16/16 [00:03<00:00,  4.41it/s, loss=0.0563]
Epoch 950/3000 | Loss: 0.0491 | Best: 0.0259 | Time: 3.6s | Elapsed: 0.1h | ETA: 626m | LR: 0.000300
  Generating samples at epoch 950...
DDIM Sampling: 100%|████████████████████████████| 50/50 [00:02<00:00, 20.33it/s]
DDIM Sampling: 100%|████████████████████████████| 50/50 [00:01<00:00, 26.25it/s]
DDIM Sampling: 100%|████████████████████████████| 50/50 [00:01<00:00, 26.17it/s]
Epoch 951/3000: 100%|██████████████| 16/16 [00:03<00:00,  4.37it/s, loss=0.0162]
Epoch 951/3000 | Loss: 0.0324 | Best: 0.0259 | Time: 3.7s | Elapsed: 0.1h | ETA: 580m | LR: 0.000300
Epoch 952/3000: 100%|██████████████| 16/16 [00:03<00:00,  4.27it/s, loss=0.0372]
Epoch 952/3000 | Loss: 0.0581 | Best: 0.0259 | Time: 3.7s | Elapsed: 0.1h | ETA: 542m | LR: 0.000300
Epoch 953/3000: 100%|██████████████| 16/16 [00:03<00:00,  4.29it/s, loss=0.0320]
Epoch 953/3000 | Loss: 0.0396 | Best: 0.0259 | Time: 3.7s | Elapsed: 0.1h | ETA: 510m | LR: 0.000300
Epoch 954/3000: 100%|██████████████| 16/16 [00:03<00:00,  4.18it/s, loss=0.0652]
Epoch 954/3000 | Loss: 0.0447 | Best: 0.0259 | Time: 3.8s | Elapsed: 0.1h | ETA: 483m | LR: 0.000300
Epoch 955/3000: 100%|██████████████| 16/16 [00:03<00:00,  4.17it/s, loss=0.1034]
Epoch 955/3000 | Loss: 0.0374 | Best: 0.0259 | Time: 3.8s | Elapsed: 0.1h | ETA: 459m | LR: 0.000300
Epoch 956/3000: 100%|██████████████| 16/16 [00:03<00:00,  4.14it/s, loss=0.0457]
Epoch 956/3000 | Loss: 0.0519 | Best: 0.0259 | Time: 3.9s | Elapsed: 0.1h | ETA: 438m | LR: 0.000300
Epoch 957/3000: 100%|██████████████| 16/16 [00:03<00:00,  4.14it/s, loss=0.1074]
Epoch 957/3000 | Loss: 0.0444 | Best: 0.0259 | Time: 3.9s | Elapsed: 0.1h | ETA: 420m | LR: 0.000300
Epoch 958/3000: 100%|██████████████| 16/16 [00:03<00:00,  4.07it/s, loss=0.0356]
Epoch 958/3000 | Loss: 0.0450 | Best: 0.0259 | Time: 3.9s | Elapsed: 0.1h | ETA: 404m | LR: 0.000300
Epoch 959/3000: 100%|██████████████| 16/16 [00:03<00:00,  4.02it/s, loss=0.0731]
Epoch 959/3000 | Loss: 0.0544 | Best: 0.0259 | Time: 4.0s | Elapsed: 0.1h | ETA: 390m | LR: 0.000300
Epoch 960/3000: 100%|██████████████| 16/16 [00:04<00:00,  3.98it/s, loss=0.1538]
Epoch 960/3000 | Loss: 0.0692 | Best: 0.0259 | Time: 4.0s | Elapsed: 0.1h | ETA: 377m | LR: 0.000300
Epoch 961/3000: 100%|██████████████| 16/16 [00:04<00:00,  3.97it/s, loss=0.0821]
Epoch 961/3000 | Loss: 0.0655 | Best: 0.0259 | Time: 4.0s | Elapsed: 0.1h | ETA: 365m | LR: 0.000300
Epoch 962/3000: 100%|██████████████| 16/16 [00:04<00:00,  3.95it/s, loss=0.0566]
Epoch 962/3000 | Loss: 0.0408 | Best: 0.0259 | Time: 4.1s | Elapsed: 0.1h | ETA: 355m | LR: 0.000300
Epoch 963/3000: 100%|██████████████| 16/16 [00:04<00:00,  3.96it/s, loss=0.0786]
Epoch 963/3000 | Loss: 0.0467 | Best: 0.0259 | Time: 4.0s | Elapsed: 0.1h | ETA: 345m | LR: 0.000300
Epoch 964/3000: 100%|██████████████| 16/16 [00:03<00:00,  4.01it/s, loss=0.0883]
Epoch 964/3000 | Loss: 0.0409 | Best: 0.0259 | Time: 4.0s | Elapsed: 0.1h | ETA: 336m | LR: 0.000300
Epoch 965/3000: 100%|██████████████| 16/16 [00:03<00:00,  4.07it/s, loss=0.0431]
Epoch 965/3000 | Loss: 0.0486 | Best: 0.0259 | Time: 3.9s | Elapsed: 0.1h | ETA: 328m | LR: 0.000300
Epoch 966/3000: 100%|██████████████| 16/16 [00:03<00:00,  4.08it/s, loss=0.0499]
Epoch 966/3000 | Loss: 0.0463 | Best: 0.0259 | Time: 3.9s | Elapsed: 0.1h | ETA: 320m | LR: 0.000300
Epoch 967/3000: 100%|██████████████| 16/16 [00:03<00:00,  4.13it/s, loss=0.0552]
Epoch 967/3000 | Loss: 0.0436 | Best: 0.0259 | Time: 3.9s | Elapsed: 0.1h | ETA: 313m | LR: 0.000300
Epoch 968/3000: 100%|██████████████| 16/16 [00:03<00:00,  4.19it/s, loss=0.0228]
Epoch 968/3000 | Loss: 0.0519 | Best: 0.0259 | Time: 3.8s | Elapsed: 0.1h | ETA: 307m | LR: 0.000300
Epoch 969/3000: 100%|██████████████| 16/16 [00:03<00:00,  4.14it/s, loss=0.0227]
Epoch 969/3000 | Loss: 0.0533 | Best: 0.0259 | Time: 3.9s | Elapsed: 0.1h | ETA: 300m | LR: 0.000300
Epoch 970/3000: 100%|██████████████| 16/16 [00:03<00:00,  4.20it/s, loss=0.0682]
Epoch 970/3000 | Loss: 0.0479 | Best: 0.0259 | Time: 3.8s | Elapsed: 0.1h | ETA: 294m | LR: 0.000300
Epoch 971/3000: 100%|██████████████| 16/16 [00:03<00:00,  4.17it/s, loss=0.0669]
Epoch 971/3000 | Loss: 0.0678 | Best: 0.0259 | Time: 3.8s | Elapsed: 0.1h | ETA: 289m | LR: 0.000300
Epoch 972/3000: 100%|██████████████| 16/16 [00:03<00:00,  4.17it/s, loss=0.0521]
Epoch 972/3000 | Loss: 0.0457 | Best: 0.0259 | Time: 3.8s | Elapsed: 0.1h | ETA: 284m | LR: 0.000300
Epoch 973/3000: 100%|██████████████| 16/16 [00:03<00:00,  4.15it/s, loss=0.0345]
Epoch 973/3000 | Loss: 0.0470 | Best: 0.0259 | Time: 3.9s | Elapsed: 0.1h | ETA: 279m | LR: 0.000300
Epoch 974/3000: 100%|██████████████| 16/16 [00:03<00:00,  4.12it/s, loss=0.0943]
Epoch 974/3000 | Loss: 0.0567 | Best: 0.0259 | Time: 3.9s | Elapsed: 0.1h | ETA: 275m | LR: 0.000300
Epoch 975/3000: 100%|██████████████| 16/16 [00:03<00:00,  4.10it/s, loss=0.0581]
Epoch 975/3000 | Loss: 0.0474 | Best: 0.0259 | Time: 3.9s | Elapsed: 0.1h | ETA: 270m | LR: 0.000300
  Generating samples at epoch 975...
DDIM Sampling: 100%|████████████████████████████| 50/50 [00:01<00:00, 25.19it/s]
DDIM Sampling: 100%|████████████████████████████| 50/50 [00:01<00:00, 25.13it/s]
DDIM Sampling: 100%|████████████████████████████| 50/50 [00:01<00:00, 25.15it/s]
Epoch 976/3000: 100%|██████████████| 16/16 [00:03<00:00,  4.13it/s, loss=0.0595]
Epoch 976/3000 | Loss: 0.0493 | Best: 0.0259 | Time: 3.9s | Elapsed: 0.1h | ETA: 266m | LR: 0.000300
Epoch 977/3000: 100%|██████████████| 16/16 [00:03<00:00,  4.15it/s, loss=0.0204]
Epoch 977/3000 | Loss: 0.0452 | Best: 0.0259 | Time: 3.9s | Elapsed: 0.1h | ETA: 263m | LR: 0.000300
Epoch 978/3000: 100%|██████████████| 16/16 [00:03<00:00,  4.08it/s, loss=0.0131]
Epoch 978/3000 | Loss: 0.0396 | Best: 0.0259 | Time: 3.9s | Elapsed: 0.1h | ETA: 259m | LR: 0.000300
Epoch 979/3000: 100%|██████████████| 16/16 [00:03<00:00,  4.05it/s, loss=0.0595]
Epoch 979/3000 | Loss: 0.0619 | Best: 0.0259 | Time: 4.0s | Elapsed: 0.1h | ETA: 256m | LR: 0.000300
Epoch 980/3000: 100%|██████████████| 16/16 [00:03<00:00,  4.12it/s, loss=0.0574]
Epoch 980/3000 | Loss: 0.0540 | Best: 0.0259 | Time: 3.9s | Elapsed: 0.1h | ETA: 252m | LR: 0.000300
Epoch 981/3000: 100%|██████████████| 16/16 [00:03<00:00,  4.14it/s, loss=0.0141]
Epoch 981/3000 | Loss: 0.0381 | Best: 0.0259 | Time: 3.9s | Elapsed: 0.1h | ETA: 249m | LR: 0.000300
Epoch 982/3000: 100%|██████████████| 16/16 [00:03<00:00,  4.14it/s, loss=0.1244]
Epoch 982/3000 | Loss: 0.0494 | Best: 0.0259 | Time: 3.9s | Elapsed: 0.1h | ETA: 246m | LR: 0.000300
Epoch 983/3000: 100%|██████████████| 16/16 [00:03<00:00,  4.09it/s, loss=0.0572]
Epoch 983/3000 | Loss: 0.0419 | Best: 0.0259 | Time: 3.9s | Elapsed: 0.1h | ETA: 244m | LR: 0.000300
Epoch 984/3000: 100%|██████████████| 16/16 [00:03<00:00,  4.13it/s, loss=0.0160]
Epoch 984/3000 | Loss: 0.0486 | Best: 0.0259 | Time: 3.9s | Elapsed: 0.1h | ETA: 241m | LR: 0.000300
Epoch 985/3000: 100%|██████████████| 16/16 [00:03<00:00,  4.09it/s, loss=0.0277]
Epoch 985/3000 | Loss: 0.0469 | Best: 0.0259 | Time: 3.9s | Elapsed: 0.1h | ETA: 238m | LR: 0.000300
Epoch 986/3000: 100%|██████████████| 16/16 [00:03<00:00,  4.11it/s, loss=0.0338]
Epoch 986/3000 | Loss: 0.0495 | Best: 0.0259 | Time: 3.9s | Elapsed: 0.1h | ETA: 236m | LR: 0.000300
Epoch 987/3000: 100%|██████████████| 16/16 [00:03<00:00,  4.16it/s, loss=0.0743]
Epoch 987/3000 | Loss: 0.0616 | Best: 0.0259 | Time: 3.9s | Elapsed: 0.1h | ETA: 233m | LR: 0.000300
Epoch 988/3000: 100%|██████████████| 16/16 [00:03<00:00,  4.14it/s, loss=0.0203]
Epoch 988/3000 | Loss: 0.0435 | Best: 0.0259 | Time: 3.9s | Elapsed: 0.1h | ETA: 231m | LR: 0.000300
Epoch 989/3000: 100%|██████████████| 16/16 [00:03<00:00,  4.18it/s, loss=0.0544]
Epoch 989/3000 | Loss: 0.0515 | Best: 0.0259 | Time: 3.8s | Elapsed: 0.1h | ETA: 229m | LR: 0.000300
Epoch 990/3000: 100%|██████████████| 16/16 [00:03<00:00,  4.14it/s, loss=0.0630]
Epoch 990/3000 | Loss: 0.0552 | Best: 0.0259 | Time: 3.9s | Elapsed: 0.1h | ETA: 227m | LR: 0.000300
Epoch 991/3000: 100%|██████████████| 16/16 [00:03<00:00,  4.09it/s, loss=0.0882]
Epoch 991/3000 | Loss: 0.0462 | Best: 0.0259 | Time: 3.9s | Elapsed: 0.1h | ETA: 225m | LR: 0.000300
Epoch 992/3000: 100%|██████████████| 16/16 [00:03<00:00,  4.18it/s, loss=0.0525]
Epoch 992/3000 | Loss: 0.0475 | Best: 0.0259 | Time: 3.8s | Elapsed: 0.1h | ETA: 223m | LR: 0.000300
Epoch 993/3000: 100%|██████████████| 16/16 [00:03<00:00,  4.11it/s, loss=0.0555]
Epoch 993/3000 | Loss: 0.0496 | Best: 0.0259 | Time: 3.9s | Elapsed: 0.1h | ETA: 221m | LR: 0.000300
Epoch 994/3000: 100%|██████████████| 16/16 [00:03<00:00,  4.14it/s, loss=0.0965]
Epoch 994/3000 | Loss: 0.0544 | Best: 0.0259 | Time: 3.9s | Elapsed: 0.1h | ETA: 219m | LR: 0.000299
Epoch 995/3000: 100%|██████████████| 16/16 [00:03<00:00,  4.10it/s, loss=0.0308]
Epoch 995/3000 | Loss: 0.0567 | Best: 0.0259 | Time: 3.9s | Elapsed: 0.1h | ETA: 218m | LR: 0.000299
Epoch 996/3000: 100%|██████████████| 16/16 [00:03<00:00,  4.13it/s, loss=0.0135]
Epoch 996/3000 | Loss: 0.0421 | Best: 0.0259 | Time: 3.9s | Elapsed: 0.1h | ETA: 216m | LR: 0.000299
Epoch 997/3000: 100%|██████████████| 16/16 [00:03<00:00,  4.06it/s, loss=0.0251]
Epoch 997/3000 | Loss: 0.0540 | Best: 0.0259 | Time: 3.9s | Elapsed: 0.1h | ETA: 214m | LR: 0.000299
Epoch 998/3000: 100%|██████████████| 16/16 [00:03<00:00,  4.12it/s, loss=0.0633]
Epoch 998/3000 | Loss: 0.0669 | Best: 0.0259 | Time: 3.9s | Elapsed: 0.1h | ETA: 213m | LR: 0.000299
Epoch 999/3000: 100%|██████████████| 16/16 [00:03<00:00,  4.11it/s, loss=0.0170]
Epoch 999/3000 | Loss: 0.0612 | Best: 0.0259 | Time: 3.9s | Elapsed: 0.1h | ETA: 211m | LR: 0.000299
Epoch 1000/3000: 100%|█████████████| 16/16 [00:03<00:00,  4.15it/s, loss=0.0523]
Epoch 1000/3000 | Loss: 0.0399 | Best: 0.0259 | Time: 3.9s | Elapsed: 0.1h | ETA: 210m | LR: 0.000299
  Generating samples at epoch 1000...
DDIM Sampling: 100%|████████████████████████████| 50/50 [00:01<00:00, 25.13it/s]
DDIM Sampling: 100%|████████████████████████████| 50/50 [00:01<00:00, 25.09it/s]
DDIM Sampling: 100%|████████████████████████████| 50/50 [00:01<00:00, 25.13it/s]
Epoch 1001/3000: 100%|█████████████| 16/16 [00:03<00:00,  4.09it/s, loss=0.0569]
Epoch 1001/3000 | Loss: 0.0389 | Best: 0.0259 | Time: 3.9s | Elapsed: 0.1h | ETA: 208m | LR: 0.000299
Epoch 1002/3000: 100%|█████████████| 16/16 [00:03<00:00,  4.14it/s, loss=0.0369]
Epoch 1002/3000 | Loss: 0.0458 | Best: 0.0259 | Time: 3.9s | Elapsed: 0.1h | ETA: 207m | LR: 0.000299
Epoch 1003/3000: 100%|█████████████| 16/16 [00:03<00:00,  4.14it/s, loss=0.0588]
Epoch 1003/3000 | Loss: 0.0433 | Best: 0.0259 | Time: 3.9s | Elapsed: 0.1h | ETA: 206m | LR: 0.000299
Epoch 1004/3000: 100%|█████████████| 16/16 [00:03<00:00,  4.13it/s, loss=0.0693]
Epoch 1004/3000 | Loss: 0.0689 | Best: 0.0259 | Time: 3.9s | Elapsed: 0.1h | ETA: 204m | LR: 0.000299
Epoch 1005/3000: 100%|█████████████| 16/16 [00:03<00:00,  4.12it/s, loss=0.0776]
Epoch 1005/3000 | Loss: 0.0665 | Best: 0.0259 | Time: 3.9s | Elapsed: 0.1h | ETA: 203m | LR: 0.000299
Epoch 1006/3000: 100%|█████████████| 16/16 [00:03<00:00,  4.12it/s, loss=0.0439]
Epoch 1006/3000 | Loss: 0.0502 | Best: 0.0259 | Time: 3.9s | Elapsed: 0.1h | ETA: 202m | LR: 0.000299
Epoch 1007/3000: 100%|█████████████| 16/16 [00:03<00:00,  4.05it/s, loss=0.0502]
Epoch 1007/3000 | Loss: 0.0509 | Best: 0.0259 | Time: 4.0s | Elapsed: 0.1h | ETA: 201m | LR: 0.000299
Epoch 1008/3000: 100%|█████████████| 16/16 [00:03<00:00,  4.14it/s, loss=0.0412]
Epoch 1008/3000 | Loss: 0.0385 | Best: 0.0259 | Time: 3.9s | Elapsed: 0.1h | ETA: 199m | LR: 0.000299
Epoch 1009/3000: 100%|█████████████| 16/16 [00:03<00:00,  4.08it/s, loss=0.0721]
Epoch 1009/3000 | Loss: 0.0521 | Best: 0.0259 | Time: 3.9s | Elapsed: 0.1h | ETA: 198m | LR: 0.000299
Epoch 1010/3000: 100%|█████████████| 16/16 [00:03<00:00,  4.16it/s, loss=0.0849]
Epoch 1010/3000 | Loss: 0.0450 | Best: 0.0259 | Time: 3.8s | Elapsed: 0.1h | ETA: 197m | LR: 0.000299
Epoch 1011/3000: 100%|█████████████| 16/16 [00:03<00:00,  4.12it/s, loss=0.0807]
Epoch 1011/3000 | Loss: 0.0553 | Best: 0.0259 | Time: 3.9s | Elapsed: 0.1h | ETA: 196m | LR: 0.000299
Epoch 1012/3000: 100%|█████████████| 16/16 [00:03<00:00,  4.07it/s, loss=0.0858]
Epoch 1012/3000 | Loss: 0.0538 | Best: 0.0259 | Time: 3.9s | Elapsed: 0.1h | ETA: 195m | LR: 0.000299
Epoch 1013/3000: 100%|█████████████| 16/16 [00:03<00:00,  4.12it/s, loss=0.0386]
Epoch 1013/3000 | Loss: 0.0439 | Best: 0.0259 | Time: 3.9s | Elapsed: 0.1h | ETA: 194m | LR: 0.000299
Epoch 1014/3000: 100%|█████████████| 16/16 [00:03<00:00,  4.10it/s, loss=0.0351]
Epoch 1014/3000 | Loss: 0.0526 | Best: 0.0259 | Time: 3.9s | Elapsed: 0.1h | ETA: 193m | LR: 0.000299
Epoch 1015/3000: 100%|█████████████| 16/16 [00:03<00:00,  4.09it/s, loss=0.0151]
Epoch 1015/3000 | Loss: 0.0532 | Best: 0.0259 | Time: 3.9s | Elapsed: 0.1h | ETA: 192m | LR: 0.000299
Epoch 1016/3000: 100%|█████████████| 16/16 [00:03<00:00,  4.09it/s, loss=0.0456]
Epoch 1016/3000 | Loss: 0.0393 | Best: 0.0259 | Time: 3.9s | Elapsed: 0.1h | ETA: 191m | LR: 0.000299
Epoch 1017/3000: 100%|█████████████| 16/16 [00:03<00:00,  4.08it/s, loss=0.0331]
Epoch 1017/3000 | Loss: 0.0655 | Best: 0.0259 | Time: 3.9s | Elapsed: 0.1h | ETA: 190m | LR: 0.000299
Epoch 1018/3000: 100%|█████████████| 16/16 [00:03<00:00,  4.13it/s, loss=0.0418]
Epoch 1018/3000 | Loss: 0.0435 | Best: 0.0259 | Time: 3.9s | Elapsed: 0.1h | ETA: 190m | LR: 0.000299
Epoch 1019/3000: 100%|█████████████| 16/16 [00:03<00:00,  4.11it/s, loss=0.1142]
Epoch 1019/3000 | Loss: 0.0532 | Best: 0.0259 | Time: 3.9s | Elapsed: 0.1h | ETA: 189m | LR: 0.000299
Epoch 1020/3000: 100%|█████████████| 16/16 [00:03<00:00,  4.11it/s, loss=0.0621]
Epoch 1020/3000 | Loss: 0.0526 | Best: 0.0259 | Time: 3.9s | Elapsed: 0.1h | ETA: 188m | LR: 0.000299
Epoch 1021/3000: 100%|█████████████| 16/16 [00:03<00:00,  4.13it/s, loss=0.0448]
Epoch 1021/3000 | Loss: 0.0616 | Best: 0.0259 | Time: 3.9s | Elapsed: 0.1h | ETA: 187m | LR: 0.000299
Epoch 1022/3000: 100%|█████████████| 16/16 [00:03<00:00,  4.12it/s, loss=0.0577]
Epoch 1022/3000 | Loss: 0.0433 | Best: 0.0259 | Time: 3.9s | Elapsed: 0.1h | ETA: 186m | LR: 0.000299
Epoch 1023/3000: 100%|█████████████| 16/16 [00:03<00:00,  4.12it/s, loss=0.0314]
Epoch 1023/3000 | Loss: 0.0513 | Best: 0.0259 | Time: 3.9s | Elapsed: 0.1h | ETA: 185m | LR: 0.000299
Epoch 1024/3000: 100%|█████████████| 16/16 [00:03<00:00,  4.14it/s, loss=0.0370]
Epoch 1024/3000 | Loss: 0.0409 | Best: 0.0259 | Time: 3.9s | Elapsed: 0.1h | ETA: 185m | LR: 0.000299
Epoch 1025/3000: 100%|█████████████| 16/16 [00:03<00:00,  4.05it/s, loss=0.0312]
Epoch 1025/3000 | Loss: 0.0623 | Best: 0.0259 | Time: 3.9s | Elapsed: 0.1h | ETA: 184m | LR: 0.000299
  Generating samples at epoch 1025...
DDIM Sampling: 100%|████████████████████████████| 50/50 [00:01<00:00, 25.03it/s]
DDIM Sampling: 100%|████████████████████████████| 50/50 [00:01<00:00, 25.11it/s]
DDIM Sampling: 100%|████████████████████████████| 50/50 [00:01<00:00, 25.05it/s]
Epoch 1026/3000: 100%|█████████████| 16/16 [00:03<00:00,  4.10it/s, loss=0.0314]
Epoch 1026/3000 | Loss: 0.0509 | Best: 0.0259 | Time: 3.9s | Elapsed: 0.1h | ETA: 183m | LR: 0.000299
Epoch 1027/3000: 100%|█████████████| 16/16 [00:03<00:00,  4.07it/s, loss=0.0458]
Epoch 1027/3000 | Loss: 0.0513 | Best: 0.0259 | Time: 3.9s | Elapsed: 0.1h | ETA: 182m | LR: 0.000299
Epoch 1028/3000: 100%|█████████████| 16/16 [00:03<00:00,  4.09it/s, loss=0.0169]
Epoch 1028/3000 | Loss: 0.0344 | Best: 0.0259 | Time: 3.9s | Elapsed: 0.1h | ETA: 182m | LR: 0.000299
Epoch 1029/3000: 100%|█████████████| 16/16 [00:03<00:00,  4.12it/s, loss=0.1104]
Epoch 1029/3000 | Loss: 0.0528 | Best: 0.0259 | Time: 3.9s | Elapsed: 0.1h | ETA: 181m | LR: 0.000299
Epoch 1030/3000: 100%|█████████████| 16/16 [00:03<00:00,  4.11it/s, loss=0.0474]
Epoch 1030/3000 | Loss: 0.0505 | Best: 0.0259 | Time: 3.9s | Elapsed: 0.1h | ETA: 180m | LR: 0.000299
Epoch 1031/3000: 100%|█████████████| 16/16 [00:03<00:00,  4.12it/s, loss=0.0674]
Epoch 1031/3000 | Loss: 0.0510 | Best: 0.0259 | Time: 3.9s | Elapsed: 0.1h | ETA: 180m | LR: 0.000299
Epoch 1032/3000: 100%|█████████████| 16/16 [00:03<00:00,  4.11it/s, loss=0.0284]
Epoch 1032/3000 | Loss: 0.0592 | Best: 0.0259 | Time: 3.9s | Elapsed: 0.2h | ETA: 179m | LR: 0.000299
Epoch 1033/3000: 100%|█████████████| 16/16 [00:03<00:00,  4.12it/s, loss=0.0912]
Epoch 1033/3000 | Loss: 0.0452 | Best: 0.0259 | Time: 3.9s | Elapsed: 0.2h | ETA: 178m | LR: 0.000298
Epoch 1034/3000: 100%|█████████████| 16/16 [00:03<00:00,  4.13it/s, loss=0.0247]
Epoch 1034/3000 | Loss: 0.0483 | Best: 0.0259 | Time: 3.9s | Elapsed: 0.2h | ETA: 178m | LR: 0.000298
Epoch 1035/3000: 100%|█████████████| 16/16 [00:03<00:00,  4.11it/s, loss=0.0246]
Epoch 1035/3000 | Loss: 0.0378 | Best: 0.0259 | Time: 3.9s | Elapsed: 0.2h | ETA: 177m | LR: 0.000298
Epoch 1036/3000: 100%|█████████████| 16/16 [00:03<00:00,  4.08it/s, loss=0.0452]
Epoch 1036/3000 | Loss: 0.0466 | Best: 0.0259 | Time: 3.9s | Elapsed: 0.2h | ETA: 177m | LR: 0.000298
Epoch 1037/3000: 100%|█████████████| 16/16 [00:03<00:00,  4.12it/s, loss=0.0145]
Epoch 1037/3000 | Loss: 0.0544 | Best: 0.0259 | Time: 3.9s | Elapsed: 0.2h | ETA: 176m | LR: 0.000298
Epoch 1038/3000: 100%|█████████████| 16/16 [00:03<00:00,  4.10it/s, loss=0.1198]
Epoch 1038/3000 | Loss: 0.0517 | Best: 0.0259 | Time: 3.9s | Elapsed: 0.2h | ETA: 175m | LR: 0.000298
Epoch 1039/3000: 100%|█████████████| 16/16 [00:03<00:00,  4.10it/s, loss=0.0604]
Epoch 1039/3000 | Loss: 0.0539 | Best: 0.0259 | Time: 3.9s | Elapsed: 0.2h | ETA: 175m | LR: 0.000298
Epoch 1040/3000: 100%|█████████████| 16/16 [00:03<00:00,  4.11it/s, loss=0.0183]
Epoch 1040/3000 | Loss: 0.0487 | Best: 0.0259 | Time: 3.9s | Elapsed: 0.2h | ETA: 174m | LR: 0.000298
Epoch 1041/3000: 100%|█████████████| 16/16 [00:03<00:00,  4.07it/s, loss=0.0338]
Epoch 1041/3000 | Loss: 0.0435 | Best: 0.0259 | Time: 3.9s | Elapsed: 0.2h | ETA: 174m | LR: 0.000298
Epoch 1042/3000: 100%|█████████████| 16/16 [00:03<00:00,  4.13it/s, loss=0.0524]
Epoch 1042/3000 | Loss: 0.0556 | Best: 0.0259 | Time: 3.9s | Elapsed: 0.2h | ETA: 173m | LR: 0.000298
Epoch 1043/3000: 100%|█████████████| 16/16 [00:03<00:00,  4.10it/s, loss=0.0426]
Epoch 1043/3000 | Loss: 0.0544 | Best: 0.0259 | Time: 3.9s | Elapsed: 0.2h | ETA: 173m | LR: 0.000298
Epoch 1044/3000: 100%|█████████████| 16/16 [00:03<00:00,  4.08it/s, loss=0.0233]
Epoch 1044/3000 | Loss: 0.0476 | Best: 0.0259 | Time: 3.9s | Elapsed: 0.2h | ETA: 172m | LR: 0.000298
Epoch 1045/3000: 100%|█████████████| 16/16 [00:03<00:00,  4.15it/s, loss=0.0251]
Epoch 1045/3000 | Loss: 0.0396 | Best: 0.0259 | Time: 3.9s | Elapsed: 0.2h | ETA: 172m | LR: 0.000298
Epoch 1046/3000: 100%|█████████████| 16/16 [00:03<00:00,  4.10it/s, loss=0.0845]
Epoch 1046/3000 | Loss: 0.0404 | Best: 0.0259 | Time: 3.9s | Elapsed: 0.2h | ETA: 171m | LR: 0.000298
Epoch 1047/3000: 100%|█████████████| 16/16 [00:03<00:00,  4.12it/s, loss=0.0433]
Epoch 1047/3000 | Loss: 0.0361 | Best: 0.0259 | Time: 3.9s | Elapsed: 0.2h | ETA: 171m | LR: 0.000298
Epoch 1048/3000: 100%|█████████████| 16/16 [00:03<00:00,  4.12it/s, loss=0.0187]
Epoch 1048/3000 | Loss: 0.0368 | Best: 0.0259 | Time: 3.9s | Elapsed: 0.2h | ETA: 170m | LR: 0.000298
Epoch 1049/3000: 100%|█████████████| 16/16 [00:03<00:00,  4.07it/s, loss=0.0770]
Epoch 1049/3000 | Loss: 0.0545 | Best: 0.0259 | Time: 3.9s | Elapsed: 0.2h | ETA: 170m | LR: 0.000298
Epoch 1050/3000: 100%|█████████████| 16/16 [00:03<00:00,  4.13it/s, loss=0.0972]
Epoch 1050/3000 | Loss: 0.0441 | Best: 0.0259 | Time: 3.9s | Elapsed: 0.2h | ETA: 169m | LR: 0.000298
  Generating samples at epoch 1050...
DDIM Sampling: 100%|████████████████████████████| 50/50 [00:01<00:00, 25.04it/s]
DDIM Sampling: 100%|████████████████████████████| 50/50 [00:01<00:00, 25.11it/s]
DDIM Sampling: 100%|████████████████████████████| 50/50 [00:01<00:00, 25.14it/s]
Epoch 1051/3000: 100%|█████████████| 16/16 [00:03<00:00,  4.11it/s, loss=0.0747]
Epoch 1051/3000 | Loss: 0.0510 | Best: 0.0259 | Time: 3.9s | Elapsed: 0.2h | ETA: 169m | LR: 0.000298
Epoch 1052/3000: 100%|█████████████| 16/16 [00:03<00:00,  4.10it/s, loss=0.0913]
Epoch 1052/3000 | Loss: 0.0500 | Best: 0.0259 | Time: 3.9s | Elapsed: 0.2h | ETA: 168m | LR: 0.000298
Epoch 1053/3000: 100%|█████████████| 16/16 [00:03<00:00,  4.15it/s, loss=0.0286]
Epoch 1053/3000 | Loss: 0.0550 | Best: 0.0259 | Time: 3.9s | Elapsed: 0.2h | ETA: 168m | LR: 0.000298
Epoch 1054/3000: 100%|█████████████| 16/16 [00:03<00:00,  4.12it/s, loss=0.0707]
Epoch 1054/3000 | Loss: 0.0562 | Best: 0.0259 | Time: 3.9s | Elapsed: 0.2h | ETA: 167m | LR: 0.000298
Epoch 1055/3000: 100%|█████████████| 16/16 [00:03<00:00,  4.09it/s, loss=0.1013]
Epoch 1055/3000 | Loss: 0.0646 | Best: 0.0259 | Time: 3.9s | Elapsed: 0.2h | ETA: 167m | LR: 0.000298
Epoch 1056/3000: 100%|█████████████| 16/16 [00:03<00:00,  4.15it/s, loss=0.0215]
Epoch 1056/3000 | Loss: 0.0474 | Best: 0.0259 | Time: 3.9s | Elapsed: 0.2h | ETA: 166m | LR: 0.000298
Epoch 1057/3000: 100%|█████████████| 16/16 [00:03<00:00,  4.12it/s, loss=0.0417]
Epoch 1057/3000 | Loss: 0.0575 | Best: 0.0259 | Time: 3.9s | Elapsed: 0.2h | ETA: 166m | LR: 0.000298
Epoch 1058/3000: 100%|█████████████| 16/16 [00:03<00:00,  4.08it/s, loss=0.0741]
Epoch 1058/3000 | Loss: 0.0603 | Best: 0.0259 | Time: 3.9s | Elapsed: 0.2h | ETA: 166m | LR: 0.000298
Epoch 1059/3000: 100%|█████████████| 16/16 [00:03<00:00,  4.14it/s, loss=0.0477]
Epoch 1059/3000 | Loss: 0.0515 | Best: 0.0259 | Time: 3.9s | Elapsed: 0.2h | ETA: 165m | LR: 0.000298
Epoch 1060/3000: 100%|█████████████| 16/16 [00:03<00:00,  4.10it/s, loss=0.0074]
Epoch 1060/3000 | Loss: 0.0473 | Best: 0.0259 | Time: 3.9s | Elapsed: 0.2h | ETA: 165m | LR: 0.000297
Epoch 1061/3000: 100%|█████████████| 16/16 [00:03<00:00,  4.15it/s, loss=0.0924]
Epoch 1061/3000 | Loss: 0.0492 | Best: 0.0259 | Time: 3.9s | Elapsed: 0.2h | ETA: 164m | LR: 0.000297
Epoch 1062/3000: 100%|█████████████| 16/16 [00:03<00:00,  4.12it/s, loss=0.0164]
Epoch 1062/3000 | Loss: 0.0520 | Best: 0.0259 | Time: 3.9s | Elapsed: 0.2h | ETA: 164m | LR: 0.000297
Epoch 1063/3000: 100%|█████████████| 16/16 [00:03<00:00,  4.10it/s, loss=0.0091]
Epoch 1063/3000 | Loss: 0.0396 | Best: 0.0259 | Time: 3.9s | Elapsed: 0.2h | ETA: 163m | LR: 0.000297
Epoch 1064/3000: 100%|█████████████| 16/16 [00:03<00:00,  4.16it/s, loss=0.0675]
Epoch 1064/3000 | Loss: 0.0588 | Best: 0.0259 | Time: 3.8s | Elapsed: 0.2h | ETA: 163m | LR: 0.000297
Epoch 1065/3000: 100%|█████████████| 16/16 [00:03<00:00,  4.09it/s, loss=0.0875]
Epoch 1065/3000 | Loss: 0.0565 | Best: 0.0259 | Time: 3.9s | Elapsed: 0.2h | ETA: 163m | LR: 0.000297
Epoch 1066/3000: 100%|█████████████| 16/16 [00:03<00:00,  4.14it/s, loss=0.0671]
Epoch 1066/3000 | Loss: 0.0555 | Best: 0.0259 | Time: 3.9s | Elapsed: 0.2h | ETA: 162m | LR: 0.000297
Epoch 1067/3000: 100%|█████████████| 16/16 [00:03<00:00,  4.12it/s, loss=0.0215]
Epoch 1067/3000 | Loss: 0.0561 | Best: 0.0259 | Time: 3.9s | Elapsed: 0.2h | ETA: 162m | LR: 0.000297
Epoch 1068/3000: 100%|█████████████| 16/16 [00:03<00:00,  4.09it/s, loss=0.0063]
Epoch 1068/3000 | Loss: 0.0368 | Best: 0.0259 | Time: 3.9s | Elapsed: 0.2h | ETA: 162m | LR: 0.000297
Epoch 1069/3000: 100%|█████████████| 16/16 [00:03<00:00,  4.10it/s, loss=0.0449]
Epoch 1069/3000 | Loss: 0.0484 | Best: 0.0259 | Time: 3.9s | Elapsed: 0.2h | ETA: 161m | LR: 0.000297
Epoch 1070/3000: 100%|█████████████| 16/16 [00:03<00:00,  4.08it/s, loss=0.0642]
Epoch 1070/3000 | Loss: 0.0643 | Best: 0.0259 | Time: 3.9s | Elapsed: 0.2h | ETA: 161m | LR: 0.000297
Epoch 1071/3000: 100%|█████████████| 16/16 [00:03<00:00,  4.10it/s, loss=0.1015]
Epoch 1071/3000 | Loss: 0.0395 | Best: 0.0259 | Time: 3.9s | Elapsed: 0.2h | ETA: 161m | LR: 0.000297
Epoch 1072/3000: 100%|█████████████| 16/16 [00:03<00:00,  4.09it/s, loss=0.0687]
Epoch 1072/3000 | Loss: 0.0439 | Best: 0.0259 | Time: 3.9s | Elapsed: 0.2h | ETA: 160m | LR: 0.000297
Epoch 1073/3000: 100%|█████████████| 16/16 [00:03<00:00,  4.12it/s, loss=0.0377]
Epoch 1073/3000 | Loss: 0.0370 | Best: 0.0259 | Time: 3.9s | Elapsed: 0.2h | ETA: 160m | LR: 0.000297
Epoch 1074/3000: 100%|█████████████| 16/16 [00:03<00:00,  4.09it/s, loss=0.0164]
Epoch 1074/3000 | Loss: 0.0465 | Best: 0.0259 | Time: 3.9s | Elapsed: 0.2h | ETA: 159m | LR: 0.000297
Epoch 1075/3000: 100%|█████████████| 16/16 [00:03<00:00,  4.10it/s, loss=0.0839]
Epoch 1075/3000 | Loss: 0.0538 | Best: 0.0259 | Time: 3.9s | Elapsed: 0.2h | ETA: 159m | LR: 0.000297
  Generating samples at epoch 1075...
DDIM Sampling: 100%|████████████████████████████| 50/50 [00:01<00:00, 25.12it/s]
DDIM Sampling: 100%|████████████████████████████| 50/50 [00:01<00:00, 25.20it/s]
DDIM Sampling: 100%|████████████████████████████| 50/50 [00:01<00:00, 25.14it/s]
Epoch 1076/3000: 100%|█████████████| 16/16 [00:03<00:00,  4.11it/s, loss=0.0389]
Epoch 1076/3000 | Loss: 0.0647 | Best: 0.0259 | Time: 3.9s | Elapsed: 0.2h | ETA: 159m | LR: 0.000297
Epoch 1077/3000: 100%|█████████████| 16/16 [00:03<00:00,  4.08it/s, loss=0.0517]
Epoch 1077/3000 | Loss: 0.0488 | Best: 0.0259 | Time: 3.9s | Elapsed: 0.2h | ETA: 158m | LR: 0.000297
Epoch 1078/3000: 100%|█████████████| 16/16 [00:03<00:00,  4.12it/s, loss=0.0157]
Epoch 1078/3000 | Loss: 0.0536 | Best: 0.0259 | Time: 3.9s | Elapsed: 0.2h | ETA: 158m | LR: 0.000297
Epoch 1079/3000: 100%|█████████████| 16/16 [00:03<00:00,  4.09it/s, loss=0.0892]
Epoch 1079/3000 | Loss: 0.0617 | Best: 0.0259 | Time: 3.9s | Elapsed: 0.2h | ETA: 158m | LR: 0.000297
Epoch 1080/3000: 100%|█████████████| 16/16 [00:03<00:00,  4.14it/s, loss=0.0111]
Epoch 1080/3000 | Loss: 0.0371 | Best: 0.0259 | Time: 3.9s | Elapsed: 0.2h | ETA: 158m | LR: 0.000297
Epoch 1081/3000: 100%|█████████████| 16/16 [00:03<00:00,  4.10it/s, loss=0.0815]
Epoch 1081/3000 | Loss: 0.0553 | Best: 0.0259 | Time: 3.9s | Elapsed: 0.2h | ETA: 157m | LR: 0.000297
Epoch 1082/3000: 100%|█████████████| 16/16 [00:03<00:00,  4.07it/s, loss=0.1044]
Epoch 1082/3000 | Loss: 0.0434 | Best: 0.0259 | Time: 3.9s | Elapsed: 0.2h | ETA: 157m | LR: 0.000296
Epoch 1083/3000: 100%|█████████████| 16/16 [00:03<00:00,  4.09it/s, loss=0.0513]
Epoch 1083/3000 | Loss: 0.0400 | Best: 0.0259 | Time: 3.9s | Elapsed: 0.2h | ETA: 157m | LR: 0.000296
Epoch 1084/3000: 100%|█████████████| 16/16 [00:03<00:00,  4.10it/s, loss=0.0887]
Epoch 1084/3000 | Loss: 0.0511 | Best: 0.0259 | Time: 3.9s | Elapsed: 0.2h | ETA: 156m | LR: 0.000296
Epoch 1085/3000: 100%|█████████████| 16/16 [00:03<00:00,  4.14it/s, loss=0.0081]
Epoch 1085/3000 | Loss: 0.0445 | Best: 0.0259 | Time: 3.9s | Elapsed: 0.2h | ETA: 156m | LR: 0.000296
Epoch 1086/3000: 100%|█████████████| 16/16 [00:03<00:00,  4.10it/s, loss=0.0089]
Epoch 1086/3000 | Loss: 0.0466 | Best: 0.0259 | Time: 3.9s | Elapsed: 0.2h | ETA: 156m | LR: 0.000296
Epoch 1087/3000: 100%|█████████████| 16/16 [00:03<00:00,  4.14it/s, loss=0.0653]
Epoch 1087/3000 | Loss: 0.0413 | Best: 0.0259 | Time: 3.9s | Elapsed: 0.2h | ETA: 155m | LR: 0.000296
Epoch 1088/3000: 100%|█████████████| 16/16 [00:03<00:00,  4.12it/s, loss=0.0716]
Epoch 1088/3000 | Loss: 0.0492 | Best: 0.0259 | Time: 3.9s | Elapsed: 0.2h | ETA: 155m | LR: 0.000296
Epoch 1089/3000: 100%|█████████████| 16/16 [00:03<00:00,  4.08it/s, loss=0.0299]
Epoch 1089/3000 | Loss: 0.0508 | Best: 0.0259 | Time: 3.9s | Elapsed: 0.2h | ETA: 155m | LR: 0.000296
Epoch 1090/3000: 100%|█████████████| 16/16 [00:03<00:00,  4.14it/s, loss=0.0447]
Epoch 1090/3000 | Loss: 0.0538 | Best: 0.0259 | Time: 3.9s | Elapsed: 0.2h | ETA: 155m | LR: 0.000296
Epoch 1091/3000: 100%|█████████████| 16/16 [00:03<00:00,  4.15it/s, loss=0.0084]
Epoch 1091/3000 | Loss: 0.0489 | Best: 0.0259 | Time: 3.9s | Elapsed: 0.2h | ETA: 154m | LR: 0.000296
Epoch 1092/3000: 100%|█████████████| 16/16 [00:03<00:00,  4.09it/s, loss=0.0778]
Epoch 1092/3000 | Loss: 0.0462 | Best: 0.0259 | Time: 3.9s | Elapsed: 0.2h | ETA: 154m | LR: 0.000296
Epoch 1093/3000: 100%|█████████████| 16/16 [00:03<00:00,  4.11it/s, loss=0.0437]
Epoch 1093/3000 | Loss: 0.0543 | Best: 0.0259 | Time: 3.9s | Elapsed: 0.2h | ETA: 154m | LR: 0.000296
Epoch 1094/3000: 100%|█████████████| 16/16 [00:03<00:00,  4.12it/s, loss=0.0197]
Epoch 1094/3000 | Loss: 0.0423 | Best: 0.0259 | Time: 3.9s | Elapsed: 0.2h | ETA: 153m | LR: 0.000296
Epoch 1095/3000: 100%|█████████████| 16/16 [00:03<00:00,  4.10it/s, loss=0.0660]
Epoch 1095/3000 | Loss: 0.0494 | Best: 0.0259 | Time: 3.9s | Elapsed: 0.2h | ETA: 153m | LR: 0.000296
Epoch 1096/3000: 100%|█████████████| 16/16 [00:03<00:00,  4.10it/s, loss=0.0690]
Epoch 1096/3000 | Loss: 0.0526 | Best: 0.0259 | Time: 3.9s | Elapsed: 0.2h | ETA: 153m | LR: 0.000296
Epoch 1097/3000: 100%|█████████████| 16/16 [00:03<00:00,  4.08it/s, loss=0.0986]
Epoch 1097/3000 | Loss: 0.0625 | Best: 0.0259 | Time: 3.9s | Elapsed: 0.2h | ETA: 153m | LR: 0.000296
Epoch 1098/3000: 100%|█████████████| 16/16 [00:03<00:00,  4.06it/s, loss=0.0252]
Epoch 1098/3000 | Loss: 0.0486 | Best: 0.0259 | Time: 3.9s | Elapsed: 0.2h | ETA: 152m | LR: 0.000296
Epoch 1099/3000: 100%|█████████████| 16/16 [00:03<00:00,  4.08it/s, loss=0.0413]
Epoch 1099/3000 | Loss: 0.0613 | Best: 0.0259 | Time: 3.9s | Elapsed: 0.2h | ETA: 152m | LR: 0.000296
Epoch 1100/3000: 100%|█████████████| 16/16 [00:03<00:00,  4.08it/s, loss=0.0659]
Epoch 1100/3000 | Loss: 0.0488 | Best: 0.0259 | Time: 3.9s | Elapsed: 0.2h | ETA: 152m | LR: 0.000296
  Generating samples at epoch 1100...
DDIM Sampling: 100%|████████████████████████████| 50/50 [00:01<00:00, 25.12it/s]
DDIM Sampling: 100%|████████████████████████████| 50/50 [00:01<00:00, 25.12it/s]
DDIM Sampling: 100%|████████████████████████████| 50/50 [00:02<00:00, 24.91it/s]
Epoch 1101/3000: 100%|█████████████| 16/16 [00:03<00:00,  4.10it/s, loss=0.0981]
Epoch 1101/3000 | Loss: 0.0667 | Best: 0.0259 | Time: 3.9s | Elapsed: 0.2h | ETA: 152m | LR: 0.000296
Epoch 1102/3000: 100%|█████████████| 16/16 [00:03<00:00,  4.12it/s, loss=0.0686]
Epoch 1102/3000 | Loss: 0.0518 | Best: 0.0259 | Time: 3.9s | Elapsed: 0.2h | ETA: 151m | LR: 0.000295
Epoch 1103/3000: 100%|█████████████| 16/16 [00:03<00:00,  4.14it/s, loss=0.0187]
Epoch 1103/3000 | Loss: 0.0492 | Best: 0.0259 | Time: 3.9s | Elapsed: 0.2h | ETA: 151m | LR: 0.000295
Epoch 1104/3000: 100%|█████████████| 16/16 [00:03<00:00,  4.10it/s, loss=0.0431]
Epoch 1104/3000 | Loss: 0.0322 | Best: 0.0259 | Time: 3.9s | Elapsed: 0.2h | ETA: 151m | LR: 0.000295
Epoch 1105/3000: 100%|█████████████| 16/16 [00:03<00:00,  4.08it/s, loss=0.1479]
Epoch 1105/3000 | Loss: 0.0634 | Best: 0.0259 | Time: 3.9s | Elapsed: 0.2h | ETA: 151m | LR: 0.000295
Epoch 1106/3000: 100%|█████████████| 16/16 [00:03<00:00,  4.10it/s, loss=0.0624]
Epoch 1106/3000 | Loss: 0.0622 | Best: 0.0259 | Time: 3.9s | Elapsed: 0.2h | ETA: 150m | LR: 0.000295
Epoch 1107/3000: 100%|█████████████| 16/16 [00:03<00:00,  4.14it/s, loss=0.0597]
Epoch 1107/3000 | Loss: 0.0511 | Best: 0.0259 | Time: 3.9s | Elapsed: 0.2h | ETA: 150m | LR: 0.000295
Epoch 1108/3000: 100%|█████████████| 16/16 [00:03<00:00,  4.10it/s, loss=0.0306]
Epoch 1108/3000 | Loss: 0.0449 | Best: 0.0259 | Time: 3.9s | Elapsed: 0.2h | ETA: 150m | LR: 0.000295
Epoch 1109/3000: 100%|█████████████| 16/16 [00:03<00:00,  4.11it/s, loss=0.0398]
Epoch 1109/3000 | Loss: 0.0483 | Best: 0.0259 | Time: 3.9s | Elapsed: 0.2h | ETA: 150m | LR: 0.000295
Epoch 1110/3000: 100%|█████████████| 16/16 [00:03<00:00,  4.08it/s, loss=0.0671]
Epoch 1110/3000 | Loss: 0.0495 | Best: 0.0259 | Time: 3.9s | Elapsed: 0.2h | ETA: 149m | LR: 0.000295
Epoch 1111/3000: 100%|█████████████| 16/16 [00:03<00:00,  4.12it/s, loss=0.0450]
Epoch 1111/3000 | Loss: 0.0616 | Best: 0.0259 | Time: 3.9s | Elapsed: 0.2h | ETA: 149m | LR: 0.000295
Epoch 1112/3000: 100%|█████████████| 16/16 [00:03<00:00,  4.14it/s, loss=0.0307]
Epoch 1112/3000 | Loss: 0.0437 | Best: 0.0259 | Time: 3.9s | Elapsed: 0.2h | ETA: 149m | LR: 0.000295
Epoch 1113/3000: 100%|█████████████| 16/16 [00:03<00:00,  4.11it/s, loss=0.0125]
Epoch 1113/3000 | Loss: 0.0496 | Best: 0.0259 | Time: 3.9s | Elapsed: 0.2h | ETA: 149m | LR: 0.000295
Epoch 1114/3000: 100%|█████████████| 16/16 [00:03<00:00,  4.17it/s, loss=0.0248]
Epoch 1114/3000 | Loss: 0.0515 | Best: 0.0259 | Time: 3.8s | Elapsed: 0.2h | ETA: 148m | LR: 0.000295
Epoch 1115/3000: 100%|█████████████| 16/16 [00:03<00:00,  4.11it/s, loss=0.0530]
Epoch 1115/3000 | Loss: 0.0395 | Best: 0.0259 | Time: 3.9s | Elapsed: 0.2h | ETA: 148m | LR: 0.000295
Epoch 1116/3000: 100%|█████████████| 16/16 [00:03<00:00,  4.08it/s, loss=0.0721]
Epoch 1116/3000 | Loss: 0.0468 | Best: 0.0259 | Time: 3.9s | Elapsed: 0.2h | ETA: 148m | LR: 0.000295
Epoch 1117/3000: 100%|█████████████| 16/16 [00:03<00:00,  4.05it/s, loss=0.0351]
Epoch 1117/3000 | Loss: 0.0442 | Best: 0.0259 | Time: 4.0s | Elapsed: 0.2h | ETA: 148m | LR: 0.000295
Epoch 1118/3000: 100%|█████████████| 16/16 [00:03<00:00,  4.10it/s, loss=0.0466]
Epoch 1118/3000 | Loss: 0.0531 | Best: 0.0259 | Time: 3.9s | Elapsed: 0.2h | ETA: 148m | LR: 0.000295
Epoch 1119/3000: 100%|█████████████| 16/16 [00:03<00:00,  4.11it/s, loss=0.0408]
Epoch 1119/3000 | Loss: 0.0416 | Best: 0.0259 | Time: 3.9s | Elapsed: 0.2h | ETA: 147m | LR: 0.000294
Epoch 1120/3000: 100%|█████████████| 16/16 [00:03<00:00,  4.12it/s, loss=0.0472]
Epoch 1120/3000 | Loss: 0.0535 | Best: 0.0259 | Time: 3.9s | Elapsed: 0.3h | ETA: 147m | LR: 0.000294
Epoch 1121/3000: 100%|█████████████| 16/16 [00:03<00:00,  4.07it/s, loss=0.0589]
Epoch 1121/3000 | Loss: 0.0503 | Best: 0.0259 | Time: 3.9s | Elapsed: 0.3h | ETA: 147m | LR: 0.000294
Epoch 1122/3000: 100%|█████████████| 16/16 [00:03<00:00,  4.10it/s, loss=0.0463]
Epoch 1122/3000 | Loss: 0.0428 | Best: 0.0259 | Time: 3.9s | Elapsed: 0.3h | ETA: 147m | LR: 0.000294
Epoch 1123/3000: 100%|█████████████| 16/16 [00:03<00:00,  4.11it/s, loss=0.0574]
Epoch 1123/3000 | Loss: 0.0474 | Best: 0.0259 | Time: 3.9s | Elapsed: 0.3h | ETA: 146m | LR: 0.000294
Epoch 1124/3000: 100%|█████████████| 16/16 [00:03<00:00,  4.10it/s, loss=0.1483]
Epoch 1124/3000 | Loss: 0.0677 | Best: 0.0259 | Time: 3.9s | Elapsed: 0.3h | ETA: 146m | LR: 0.000294
Epoch 1125/3000: 100%|█████████████| 16/16 [00:03<00:00,  4.06it/s, loss=0.0321]
Epoch 1125/3000 | Loss: 0.0539 | Best: 0.0259 | Time: 3.9s | Elapsed: 0.3h | ETA: 146m | LR: 0.000294
  Generating samples at epoch 1125...
DDIM Sampling: 100%|████████████████████████████| 50/50 [00:02<00:00, 24.91it/s]
DDIM Sampling: 100%|████████████████████████████| 50/50 [00:01<00:00, 25.16it/s]
DDIM Sampling: 100%|████████████████████████████| 50/50 [00:01<00:00, 25.07it/s]
Epoch 1126/3000: 100%|█████████████| 16/16 [00:03<00:00,  4.12it/s, loss=0.0750]
Epoch 1126/3000 | Loss: 0.0549 | Best: 0.0259 | Time: 3.9s | Elapsed: 0.3h | ETA: 146m | LR: 0.000294
Epoch 1127/3000: 100%|█████████████| 16/16 [00:03<00:00,  4.03it/s, loss=0.0198]
Epoch 1127/3000 | Loss: 0.0572 | Best: 0.0259 | Time: 4.0s | Elapsed: 0.3h | ETA: 146m | LR: 0.000294
Epoch 1128/3000: 100%|█████████████| 16/16 [00:03<00:00,  4.16it/s, loss=0.1112]
Epoch 1128/3000 | Loss: 0.0518 | Best: 0.0259 | Time: 3.8s | Elapsed: 0.3h | ETA: 145m | LR: 0.000294
Epoch 1129/3000: 100%|█████████████| 16/16 [00:03<00:00,  4.07it/s, loss=0.0077]
Epoch 1129/3000 | Loss: 0.0540 | Best: 0.0259 | Time: 3.9s | Elapsed: 0.3h | ETA: 145m | LR: 0.000294
Epoch 1130/3000: 100%|█████████████| 16/16 [00:03<00:00,  4.12it/s, loss=0.0446]
Epoch 1130/3000 | Loss: 0.0538 | Best: 0.0259 | Time: 3.9s | Elapsed: 0.3h | ETA: 145m | LR: 0.000294
Epoch 1131/3000: 100%|█████████████| 16/16 [00:03<00:00,  4.11it/s, loss=0.0536]
Epoch 1131/3000 | Loss: 0.0490 | Best: 0.0259 | Time: 3.9s | Elapsed: 0.3h | ETA: 145m | LR: 0.000294
Epoch 1132/3000: 100%|█████████████| 16/16 [00:03<00:00,  4.11it/s, loss=0.0481]
Epoch 1132/3000 | Loss: 0.0493 | Best: 0.0259 | Time: 3.9s | Elapsed: 0.3h | ETA: 145m | LR: 0.000294
Epoch 1133/3000: 100%|█████████████| 16/16 [00:03<00:00,  4.12it/s, loss=0.1069]
Epoch 1133/3000 | Loss: 0.0476 | Best: 0.0259 | Time: 3.9s | Elapsed: 0.3h | ETA: 144m | LR: 0.000294
Epoch 1134/3000: 100%|█████████████| 16/16 [00:03<00:00,  4.12it/s, loss=0.0706]
Epoch 1134/3000 | Loss: 0.0598 | Best: 0.0259 | Time: 3.9s | Elapsed: 0.3h | ETA: 144m | LR: 0.000293
Epoch 1135/3000: 100%|█████████████| 16/16 [00:03<00:00,  4.10it/s, loss=0.0535]
Epoch 1135/3000 | Loss: 0.0465 | Best: 0.0259 | Time: 3.9s | Elapsed: 0.3h | ETA: 144m | LR: 0.000293
Epoch 1136/3000: 100%|█████████████| 16/16 [00:03<00:00,  4.13it/s, loss=0.0836]
Epoch 1136/3000 | Loss: 0.0727 | Best: 0.0259 | Time: 3.9s | Elapsed: 0.3h | ETA: 144m | LR: 0.000293
Epoch 1137/3000: 100%|█████████████| 16/16 [00:03<00:00,  4.06it/s, loss=0.0582]
Epoch 1137/3000 | Loss: 0.0450 | Best: 0.0259 | Time: 3.9s | Elapsed: 0.3h | ETA: 144m | LR: 0.000293
Epoch 1138/3000: 100%|█████████████| 16/16 [00:03<00:00,  4.13it/s, loss=0.0905]
Epoch 1138/3000 | Loss: 0.0664 | Best: 0.0259 | Time: 3.9s | Elapsed: 0.3h | ETA: 143m | LR: 0.000293
Epoch 1139/3000: 100%|█████████████| 16/16 [00:03<00:00,  4.03it/s, loss=0.0254]
Epoch 1139/3000 | Loss: 0.0452 | Best: 0.0259 | Time: 4.0s | Elapsed: 0.3h | ETA: 143m | LR: 0.000293
Epoch 1140/3000: 100%|█████████████| 16/16 [00:03<00:00,  4.08it/s, loss=0.0884]
Epoch 1140/3000 | Loss: 0.0490 | Best: 0.0259 | Time: 3.9s | Elapsed: 0.3h | ETA: 143m | LR: 0.000293
Epoch 1141/3000: 100%|█████████████| 16/16 [00:03<00:00,  4.13it/s, loss=0.1029]
Epoch 1141/3000 | Loss: 0.0486 | Best: 0.0259 | Time: 3.9s | Elapsed: 0.3h | ETA: 143m | LR: 0.000293
Epoch 1142/3000: 100%|█████████████| 16/16 [00:03<00:00,  4.13it/s, loss=0.0250]
Epoch 1142/3000 | Loss: 0.0515 | Best: 0.0259 | Time: 3.9s | Elapsed: 0.3h | ETA: 143m | LR: 0.000293
Epoch 1143/3000: 100%|█████████████| 16/16 [00:03<00:00,  4.14it/s, loss=0.1144]
Epoch 1143/3000 | Loss: 0.0633 | Best: 0.0259 | Time: 3.9s | Elapsed: 0.3h | ETA: 143m | LR: 0.000293
Epoch 1144/3000: 100%|█████████████| 16/16 [00:03<00:00,  4.10it/s, loss=0.0926]
Epoch 1144/3000 | Loss: 0.0430 | Best: 0.0259 | Time: 3.9s | Elapsed: 0.3h | ETA: 142m | LR: 0.000293
Epoch 1145/3000: 100%|█████████████| 16/16 [00:03<00:00,  4.07it/s, loss=0.0856]
Epoch 1145/3000 | Loss: 0.0572 | Best: 0.0259 | Time: 3.9s | Elapsed: 0.3h | ETA: 142m | LR: 0.000293
Epoch 1146/3000: 100%|█████████████| 16/16 [00:03<00:00,  4.10it/s, loss=0.0240]
Epoch 1146/3000 | Loss: 0.0570 | Best: 0.0259 | Time: 3.9s | Elapsed: 0.3h | ETA: 142m | LR: 0.000293
Epoch 1147/3000: 100%|█████████████| 16/16 [00:03<00:00,  4.09it/s, loss=0.0442]
Epoch 1147/3000 | Loss: 0.0473 | Best: 0.0259 | Time: 3.9s | Elapsed: 0.3h | ETA: 142m | LR: 0.000293
Epoch 1148/3000: 100%|█████████████| 16/16 [00:03<00:00,  4.09it/s, loss=0.0506]
Epoch 1148/3000 | Loss: 0.0474 | Best: 0.0259 | Time: 3.9s | Elapsed: 0.3h | ETA: 142m | LR: 0.000293
Epoch 1149/3000: 100%|█████████████| 16/16 [00:03<00:00,  4.08it/s, loss=0.0819]
Epoch 1149/3000 | Loss: 0.0714 | Best: 0.0259 | Time: 3.9s | Elapsed: 0.3h | ETA: 141m | LR: 0.000292
Epoch 1150/3000: 100%|█████████████| 16/16 [00:03<00:00,  4.10it/s, loss=0.0104]
Epoch 1150/3000 | Loss: 0.0360 | Best: 0.0259 | Time: 3.9s | Elapsed: 0.3h | ETA: 141m | LR: 0.000292
  Generating samples at epoch 1150...
DDIM Sampling: 100%|████████████████████████████| 50/50 [00:01<00:00, 25.03it/s]
DDIM Sampling: 100%|████████████████████████████| 50/50 [00:01<00:00, 25.09it/s]
DDIM Sampling: 100%|████████████████████████████| 50/50 [00:01<00:00, 25.13it/s]
Epoch 1151/3000: 100%|█████████████| 16/16 [00:03<00:00,  4.10it/s, loss=0.0373]
Epoch 1151/3000 | Loss: 0.0437 | Best: 0.0259 | Time: 3.9s | Elapsed: 0.3h | ETA: 141m | LR: 0.000292
Epoch 1152/3000: 100%|█████████████| 16/16 [00:03<00:00,  4.11it/s, loss=0.0258]
Epoch 1152/3000 | Loss: 0.0516 | Best: 0.0259 | Time: 3.9s | Elapsed: 0.3h | ETA: 141m | LR: 0.000292
Epoch 1153/3000: 100%|█████████████| 16/16 [00:03<00:00,  4.10it/s, loss=0.0299]
Epoch 1153/3000 | Loss: 0.0495 | Best: 0.0259 | Time: 3.9s | Elapsed: 0.3h | ETA: 141m | LR: 0.000292
Epoch 1154/3000: 100%|█████████████| 16/16 [00:03<00:00,  4.13it/s, loss=0.0480]
Epoch 1154/3000 | Loss: 0.0579 | Best: 0.0259 | Time: 3.9s | Elapsed: 0.3h | ETA: 141m | LR: 0.000292
Epoch 1155/3000: 100%|█████████████| 16/16 [00:03<00:00,  4.15it/s, loss=0.0538]
Epoch 1155/3000 | Loss: 0.0446 | Best: 0.0259 | Time: 3.9s | Elapsed: 0.3h | ETA: 140m | LR: 0.000292
Epoch 1156/3000: 100%|█████████████| 16/16 [00:03<00:00,  4.11it/s, loss=0.0606]
Epoch 1156/3000 | Loss: 0.0504 | Best: 0.0259 | Time: 3.9s | Elapsed: 0.3h | ETA: 140m | LR: 0.000292
Epoch 1157/3000: 100%|█████████████| 16/16 [00:03<00:00,  4.14it/s, loss=0.0213]
Epoch 1157/3000 | Loss: 0.0403 | Best: 0.0259 | Time: 3.9s | Elapsed: 0.3h | ETA: 140m | LR: 0.000292
Epoch 1158/3000: 100%|█████████████| 16/16 [00:03<00:00,  4.12it/s, loss=0.0592]
Epoch 1158/3000 | Loss: 0.0428 | Best: 0.0259 | Time: 3.9s | Elapsed: 0.3h | ETA: 140m | LR: 0.000292
Epoch 1159/3000: 100%|█████████████| 16/16 [00:03<00:00,  4.12it/s, loss=0.0644]
Epoch 1159/3000 | Loss: 0.0620 | Best: 0.0259 | Time: 3.9s | Elapsed: 0.3h | ETA: 140m | LR: 0.000292
Epoch 1160/3000: 100%|█████████████| 16/16 [00:03<00:00,  4.09it/s, loss=0.0551]
Epoch 1160/3000 | Loss: 0.0475 | Best: 0.0259 | Time: 3.9s | Elapsed: 0.3h | ETA: 140m | LR: 0.000292
Epoch 1161/3000: 100%|█████████████| 16/16 [00:03<00:00,  4.16it/s, loss=0.0874]
Epoch 1161/3000 | Loss: 0.0521 | Best: 0.0259 | Time: 3.8s | Elapsed: 0.3h | ETA: 139m | LR: 0.000292
Epoch 1162/3000: 100%|█████████████| 16/16 [00:03<00:00,  4.15it/s, loss=0.0305]
Epoch 1162/3000 | Loss: 0.0521 | Best: 0.0259 | Time: 3.9s | Elapsed: 0.3h | ETA: 139m | LR: 0.000291
Epoch 1163/3000: 100%|█████████████| 16/16 [00:03<00:00,  4.11it/s, loss=0.0587]
Epoch 1163/3000 | Loss: 0.0442 | Best: 0.0259 | Time: 3.9s | Elapsed: 0.3h | ETA: 139m | LR: 0.000291
Epoch 1164/3000: 100%|█████████████| 16/16 [00:03<00:00,  4.10it/s, loss=0.0537]
Epoch 1164/3000 | Loss: 0.0542 | Best: 0.0259 | Time: 3.9s | Elapsed: 0.3h | ETA: 139m | LR: 0.000291
Epoch 1165/3000: 100%|█████████████| 16/16 [00:03<00:00,  4.10it/s, loss=0.0853]
Epoch 1165/3000 | Loss: 0.0593 | Best: 0.0259 | Time: 3.9s | Elapsed: 0.3h | ETA: 139m | LR: 0.000291
Epoch 1166/3000: 100%|█████████████| 16/16 [00:03<00:00,  4.09it/s, loss=0.0496]
Epoch 1166/3000 | Loss: 0.0323 | Best: 0.0259 | Time: 3.9s | Elapsed: 0.3h | ETA: 139m | LR: 0.000291
Epoch 1167/3000: 100%|█████████████| 16/16 [00:03<00:00,  4.14it/s, loss=0.0253]
Epoch 1167/3000 | Loss: 0.0504 | Best: 0.0259 | Time: 3.9s | Elapsed: 0.3h | ETA: 138m | LR: 0.000291
Epoch 1168/3000: 100%|█████████████| 16/16 [00:03<00:00,  4.09it/s, loss=0.0338]
Epoch 1168/3000 | Loss: 0.0459 | Best: 0.0259 | Time: 3.9s | Elapsed: 0.3h | ETA: 138m | LR: 0.000291
Epoch 1169/3000: 100%|█████████████| 16/16 [00:03<00:00,  4.12it/s, loss=0.0719]
Epoch 1169/3000 | Loss: 0.0452 | Best: 0.0259 | Time: 3.9s | Elapsed: 0.3h | ETA: 138m | LR: 0.000291
Epoch 1170/3000: 100%|█████████████| 16/16 [00:03<00:00,  4.07it/s, loss=0.0619]
Epoch 1170/3000 | Loss: 0.0550 | Best: 0.0259 | Time: 3.9s | Elapsed: 0.3h | ETA: 138m | LR: 0.000291
Epoch 1171/3000: 100%|█████████████| 16/16 [00:03<00:00,  4.10it/s, loss=0.0142]
Epoch 1171/3000 | Loss: 0.0435 | Best: 0.0259 | Time: 3.9s | Elapsed: 0.3h | ETA: 138m | LR: 0.000291
Epoch 1172/3000: 100%|█████████████| 16/16 [00:03<00:00,  4.03it/s, loss=0.0537]
Epoch 1172/3000 | Loss: 0.0550 | Best: 0.0259 | Time: 4.0s | Elapsed: 0.3h | ETA: 138m | LR: 0.000291
Epoch 1173/3000: 100%|█████████████| 16/16 [00:03<00:00,  4.10it/s, loss=0.0803]
Epoch 1173/3000 | Loss: 0.0558 | Best: 0.0259 | Time: 3.9s | Elapsed: 0.3h | ETA: 137m | LR: 0.000291
Epoch 1174/3000: 100%|█████████████| 16/16 [00:03<00:00,  4.10it/s, loss=0.0299]
Epoch 1174/3000 | Loss: 0.0496 | Best: 0.0259 | Time: 3.9s | Elapsed: 0.3h | ETA: 137m | LR: 0.000291
Epoch 1175/3000: 100%|█████████████| 16/16 [00:03<00:00,  4.09it/s, loss=0.0308]
Epoch 1175/3000 | Loss: 0.0521 | Best: 0.0259 | Time: 3.9s | Elapsed: 0.3h | ETA: 137m | LR: 0.000290
  Generating samples at epoch 1175...
DDIM Sampling: 100%|████████████████████████████| 50/50 [00:02<00:00, 24.84it/s]
DDIM Sampling: 100%|████████████████████████████| 50/50 [00:02<00:00, 24.92it/s]
DDIM Sampling: 100%|████████████████████████████| 50/50 [00:01<00:00, 25.02it/s]
Epoch 1176/3000: 100%|█████████████| 16/16 [00:03<00:00,  4.05it/s, loss=0.0567]
Epoch 1176/3000 | Loss: 0.0489 | Best: 0.0259 | Time: 4.0s | Elapsed: 0.3h | ETA: 137m | LR: 0.000290
Epoch 1177/3000: 100%|█████████████| 16/16 [00:03<00:00,  4.10it/s, loss=0.0089]
Epoch 1177/3000 | Loss: 0.0400 | Best: 0.0259 | Time: 3.9s | Elapsed: 0.3h | ETA: 137m | LR: 0.000290
Epoch 1178/3000: 100%|█████████████| 16/16 [00:03<00:00,  4.14it/s, loss=0.0563]
Epoch 1178/3000 | Loss: 0.0437 | Best: 0.0259 | Time: 3.9s | Elapsed: 0.3h | ETA: 137m | LR: 0.000290
Epoch 1179/3000: 100%|█████████████| 16/16 [00:03<00:00,  4.10it/s, loss=0.0579]
Epoch 1179/3000 | Loss: 0.0398 | Best: 0.0259 | Time: 3.9s | Elapsed: 0.3h | ETA: 137m | LR: 0.000290
Epoch 1180/3000: 100%|█████████████| 16/16 [00:03<00:00,  4.06it/s, loss=0.0443]
Epoch 1180/3000 | Loss: 0.0407 | Best: 0.0259 | Time: 3.9s | Elapsed: 0.3h | ETA: 136m | LR: 0.000290
Epoch 1181/3000: 100%|█████████████| 16/16 [00:03<00:00,  4.10it/s, loss=0.0446]
Epoch 1181/3000 | Loss: 0.0574 | Best: 0.0259 | Time: 3.9s | Elapsed: 0.3h | ETA: 136m | LR: 0.000290
Epoch 1182/3000: 100%|█████████████| 16/16 [00:03<00:00,  4.13it/s, loss=0.0700]
Epoch 1182/3000 | Loss: 0.0406 | Best: 0.0259 | Time: 3.9s | Elapsed: 0.3h | ETA: 136m | LR: 0.000290
Epoch 1183/3000: 100%|█████████████| 16/16 [00:03<00:00,  4.13it/s, loss=0.1018]
Epoch 1183/3000 | Loss: 0.0607 | Best: 0.0259 | Time: 3.9s | Elapsed: 0.3h | ETA: 136m | LR: 0.000290
Epoch 1184/3000: 100%|█████████████| 16/16 [00:03<00:00,  4.10it/s, loss=0.0507]
Epoch 1184/3000 | Loss: 0.0501 | Best: 0.0259 | Time: 3.9s | Elapsed: 0.3h | ETA: 136m | LR: 0.000290
Epoch 1185/3000: 100%|█████████████| 16/16 [00:03<00:00,  4.12it/s, loss=0.0641]
Epoch 1185/3000 | Loss: 0.0604 | Best: 0.0259 | Time: 3.9s | Elapsed: 0.3h | ETA: 136m | LR: 0.000290
Epoch 1186/3000: 100%|█████████████| 16/16 [00:03<00:00,  4.14it/s, loss=0.0563]
Epoch 1186/3000 | Loss: 0.0496 | Best: 0.0259 | Time: 3.9s | Elapsed: 0.3h | ETA: 135m | LR: 0.000290
Epoch 1187/3000: 100%|█████████████| 16/16 [00:03<00:00,  4.10it/s, loss=0.1123]
Epoch 1187/3000 | Loss: 0.0423 | Best: 0.0259 | Time: 3.9s | Elapsed: 0.3h | ETA: 135m | LR: 0.000289
Epoch 1188/3000: 100%|█████████████| 16/16 [00:03<00:00,  4.06it/s, loss=0.1023]
Epoch 1188/3000 | Loss: 0.0455 | Best: 0.0259 | Time: 3.9s | Elapsed: 0.3h | ETA: 135m | LR: 0.000289
Epoch 1189/3000: 100%|█████████████| 16/16 [00:03<00:00,  4.11it/s, loss=0.0320]
Epoch 1189/3000 | Loss: 0.0529 | Best: 0.0259 | Time: 3.9s | Elapsed: 0.3h | ETA: 135m | LR: 0.000289
Epoch 1190/3000: 100%|█████████████| 16/16 [00:03<00:00,  4.02it/s, loss=0.0734]
Epoch 1190/3000 | Loss: 0.0507 | Best: 0.0259 | Time: 4.0s | Elapsed: 0.3h | ETA: 135m | LR: 0.000289
Epoch 1191/3000: 100%|█████████████| 16/16 [00:03<00:00,  4.13it/s, loss=0.0226]
Epoch 1191/3000 | Loss: 0.0479 | Best: 0.0259 | Time: 3.9s | Elapsed: 0.3h | ETA: 135m | LR: 0.000289
Epoch 1192/3000: 100%|█████████████| 16/16 [00:03<00:00,  4.12it/s, loss=0.0838]
Epoch 1192/3000 | Loss: 0.0621 | Best: 0.0259 | Time: 3.9s | Elapsed: 0.3h | ETA: 135m | LR: 0.000289
Epoch 1193/3000: 100%|█████████████| 16/16 [00:03<00:00,  4.08it/s, loss=0.0276]
Epoch 1193/3000 | Loss: 0.0348 | Best: 0.0259 | Time: 3.9s | Elapsed: 0.3h | ETA: 134m | LR: 0.000289
Epoch 1194/3000: 100%|█████████████| 16/16 [00:03<00:00,  4.09it/s, loss=0.0726]
Epoch 1194/3000 | Loss: 0.0578 | Best: 0.0259 | Time: 3.9s | Elapsed: 0.3h | ETA: 134m | LR: 0.000289
Epoch 1195/3000: 100%|█████████████| 16/16 [00:03<00:00,  4.06it/s, loss=0.0548]
Epoch 1195/3000 | Loss: 0.0472 | Best: 0.0259 | Time: 3.9s | Elapsed: 0.3h | ETA: 134m | LR: 0.000289
Epoch 1196/3000: 100%|█████████████| 16/16 [00:03<00:00,  4.05it/s, loss=0.0637]
Epoch 1196/3000 | Loss: 0.0449 | Best: 0.0259 | Time: 3.9s | Elapsed: 0.3h | ETA: 134m | LR: 0.000289
Epoch 1197/3000: 100%|█████████████| 16/16 [00:03<00:00,  4.11it/s, loss=0.0934]
Epoch 1197/3000 | Loss: 0.0661 | Best: 0.0259 | Time: 3.9s | Elapsed: 0.3h | ETA: 134m | LR: 0.000289
Epoch 1198/3000: 100%|█████████████| 16/16 [00:03<00:00,  4.12it/s, loss=0.0556]
Epoch 1198/3000 | Loss: 0.0385 | Best: 0.0259 | Time: 3.9s | Elapsed: 0.3h | ETA: 134m | LR: 0.000289
Epoch 1199/3000: 100%|█████████████| 16/16 [00:03<00:00,  4.15it/s, loss=0.1221]
Epoch 1199/3000 | Loss: 0.0508 | Best: 0.0259 | Time: 3.9s | Elapsed: 0.3h | ETA: 134m | LR: 0.000288
Epoch 1200/3000: 100%|█████████████| 16/16 [00:03<00:00,  4.13it/s, loss=0.0184]
Epoch 1200/3000 | Loss: 0.0524 | Best: 0.0259 | Time: 3.9s | Elapsed: 0.3h | ETA: 134m | LR: 0.000288
  Generating samples at epoch 1200...
DDIM Sampling: 100%|████████████████████████████| 50/50 [00:01<00:00, 25.19it/s]
DDIM Sampling: 100%|████████████████████████████| 50/50 [00:01<00:00, 25.17it/s]
DDIM Sampling: 100%|████████████████████████████| 50/50 [00:01<00:00, 25.17it/s]
Epoch 1201/3000: 100%|█████████████| 16/16 [00:03<00:00,  4.09it/s, loss=0.1082]
Epoch 1201/3000 | Loss: 0.0536 | Best: 0.0259 | Time: 3.9s | Elapsed: 0.3h | ETA: 133m | LR: 0.000288
Epoch 1202/3000: 100%|█████████████| 16/16 [00:03<00:00,  4.05it/s, loss=0.0340]
Epoch 1202/3000 | Loss: 0.0537 | Best: 0.0259 | Time: 3.9s | Elapsed: 0.3h | ETA: 133m | LR: 0.000288
Epoch 1203/3000: 100%|█████████████| 16/16 [00:03<00:00,  4.12it/s, loss=0.0794]
Epoch 1203/3000 | Loss: 0.0659 | Best: 0.0259 | Time: 3.9s | Elapsed: 0.3h | ETA: 133m | LR: 0.000288
Epoch 1204/3000: 100%|█████████████| 16/16 [00:03<00:00,  4.05it/s, loss=0.0501]
Epoch 1204/3000 | Loss: 0.0465 | Best: 0.0259 | Time: 4.0s | Elapsed: 0.3h | ETA: 133m | LR: 0.000288
Epoch 1205/3000: 100%|█████████████| 16/16 [00:03<00:00,  4.11it/s, loss=0.0517]
Epoch 1205/3000 | Loss: 0.0529 | Best: 0.0259 | Time: 3.9s | Elapsed: 0.3h | ETA: 133m | LR: 0.000288
Epoch 1206/3000: 100%|█████████████| 16/16 [00:03<00:00,  4.08it/s, loss=0.0136]
Epoch 1206/3000 | Loss: 0.0512 | Best: 0.0259 | Time: 3.9s | Elapsed: 0.4h | ETA: 133m | LR: 0.000288
Epoch 1207/3000: 100%|█████████████| 16/16 [00:03<00:00,  4.07it/s, loss=0.0652]
Epoch 1207/3000 | Loss: 0.0479 | Best: 0.0259 | Time: 3.9s | Elapsed: 0.4h | ETA: 133m | LR: 0.000288
Epoch 1208/3000: 100%|█████████████| 16/16 [00:03<00:00,  4.10it/s, loss=0.0319]
Epoch 1208/3000 | Loss: 0.0583 | Best: 0.0259 | Time: 3.9s | Elapsed: 0.4h | ETA: 132m | LR: 0.000288
Epoch 1209/3000: 100%|█████████████| 16/16 [00:03<00:00,  4.09it/s, loss=0.0274]
Epoch 1209/3000 | Loss: 0.0368 | Best: 0.0259 | Time: 3.9s | Elapsed: 0.4h | ETA: 132m | LR: 0.000288
Epoch 1210/3000: 100%|█████████████| 16/16 [00:03<00:00,  4.13it/s, loss=0.0232]
Epoch 1210/3000 | Loss: 0.0496 | Best: 0.0259 | Time: 3.9s | Elapsed: 0.4h | ETA: 132m | LR: 0.000287
Epoch 1211/3000: 100%|█████████████| 16/16 [00:03<00:00,  4.07it/s, loss=0.0423]
Epoch 1211/3000 | Loss: 0.0418 | Best: 0.0259 | Time: 3.9s | Elapsed: 0.4h | ETA: 132m | LR: 0.000287
Epoch 1212/3000: 100%|█████████████| 16/16 [00:03<00:00,  4.06it/s, loss=0.0372]
Epoch 1212/3000 | Loss: 0.0450 | Best: 0.0259 | Time: 3.9s | Elapsed: 0.4h | ETA: 132m | LR: 0.000287
Epoch 1213/3000: 100%|█████████████| 16/16 [00:03<00:00,  4.12it/s, loss=0.0283]
Epoch 1213/3000 | Loss: 0.0580 | Best: 0.0259 | Time: 3.9s | Elapsed: 0.4h | ETA: 132m | LR: 0.000287
Epoch 1214/3000: 100%|█████████████| 16/16 [00:03<00:00,  4.07it/s, loss=0.0400]
Epoch 1214/3000 | Loss: 0.0358 | Best: 0.0259 | Time: 3.9s | Elapsed: 0.4h | ETA: 132m | LR: 0.000287
Epoch 1215/3000: 100%|█████████████| 16/16 [00:03<00:00,  4.08it/s, loss=0.0297]
Epoch 1215/3000 | Loss: 0.0525 | Best: 0.0259 | Time: 3.9s | Elapsed: 0.4h | ETA: 132m | LR: 0.000287
Epoch 1216/3000: 100%|█████████████| 16/16 [00:03<00:00,  4.03it/s, loss=0.0552]
Epoch 1216/3000 | Loss: 0.0423 | Best: 0.0259 | Time: 4.0s | Elapsed: 0.4h | ETA: 131m | LR: 0.000287
Epoch 1217/3000: 100%|█████████████| 16/16 [00:03<00:00,  4.05it/s, loss=0.0945]
Epoch 1217/3000 | Loss: 0.0495 | Best: 0.0259 | Time: 4.0s | Elapsed: 0.4h | ETA: 131m | LR: 0.000287
Epoch 1218/3000: 100%|█████████████| 16/16 [00:03<00:00,  4.13it/s, loss=0.0209]
Epoch 1218/3000 | Loss: 0.0479 | Best: 0.0259 | Time: 3.9s | Elapsed: 0.4h | ETA: 131m | LR: 0.000287
Epoch 1219/3000: 100%|█████████████| 16/16 [00:03<00:00,  4.07it/s, loss=0.0893]
Epoch 1219/3000 | Loss: 0.0711 | Best: 0.0259 | Time: 3.9s | Elapsed: 0.4h | ETA: 131m | LR: 0.000287
Epoch 1220/3000: 100%|█████████████| 16/16 [00:03<00:00,  4.03it/s, loss=0.0437]
Epoch 1220/3000 | Loss: 0.0491 | Best: 0.0259 | Time: 4.0s | Elapsed: 0.4h | ETA: 131m | LR: 0.000287
Epoch 1221/3000: 100%|█████████████| 16/16 [00:03<00:00,  4.10it/s, loss=0.0499]
Epoch 1221/3000 | Loss: 0.0564 | Best: 0.0259 | Time: 3.9s | Elapsed: 0.4h | ETA: 131m | LR: 0.000286
Epoch 1222/3000: 100%|█████████████| 16/16 [00:03<00:00,  4.07it/s, loss=0.0163]
Epoch 1222/3000 | Loss: 0.0504 | Best: 0.0259 | Time: 3.9s | Elapsed: 0.4h | ETA: 131m | LR: 0.000286
Epoch 1223/3000: 100%|█████████████| 16/16 [00:03<00:00,  4.10it/s, loss=0.0140]
Epoch 1223/3000 | Loss: 0.0464 | Best: 0.0259 | Time: 3.9s | Elapsed: 0.4h | ETA: 131m | LR: 0.000286
Epoch 1224/3000: 100%|█████████████| 16/16 [00:03<00:00,  4.11it/s, loss=0.0546]
Epoch 1224/3000 | Loss: 0.0592 | Best: 0.0259 | Time: 3.9s | Elapsed: 0.4h | ETA: 130m | LR: 0.000286
Epoch 1225/3000: 100%|█████████████| 16/16 [00:03<00:00,  4.10it/s, loss=0.0637]
Epoch 1225/3000 | Loss: 0.0475 | Best: 0.0259 | Time: 3.9s | Elapsed: 0.4h | ETA: 130m | LR: 0.000286
  Generating samples at epoch 1225...
DDIM Sampling: 100%|████████████████████████████| 50/50 [00:02<00:00, 24.87it/s]
DDIM Sampling: 100%|████████████████████████████| 50/50 [00:01<00:00, 25.01it/s]
DDIM Sampling: 100%|████████████████████████████| 50/50 [00:01<00:00, 25.08it/s]
Epoch 1226/3000: 100%|█████████████| 16/16 [00:03<00:00,  4.10it/s, loss=0.0352]
Epoch 1226/3000 | Loss: 0.0446 | Best: 0.0259 | Time: 3.9s | Elapsed: 0.4h | ETA: 130m | LR: 0.000286
Epoch 1227/3000: 100%|█████████████| 16/16 [00:03<00:00,  4.10it/s, loss=0.0524]
Epoch 1227/3000 | Loss: 0.0382 | Best: 0.0259 | Time: 3.9s | Elapsed: 0.4h | ETA: 130m | LR: 0.000286
Epoch 1228/3000: 100%|█████████████| 16/16 [00:03<00:00,  4.07it/s, loss=0.0522]
Epoch 1228/3000 | Loss: 0.0503 | Best: 0.0259 | Time: 3.9s | Elapsed: 0.4h | ETA: 130m | LR: 0.000286
Epoch 1229/3000: 100%|█████████████| 16/16 [00:03<00:00,  4.09it/s, loss=0.0393]
Epoch 1229/3000 | Loss: 0.0613 | Best: 0.0259 | Time: 3.9s | Elapsed: 0.4h | ETA: 130m | LR: 0.000286
Epoch 1230/3000: 100%|█████████████| 16/16 [00:03<00:00,  4.01it/s, loss=0.0270]
Epoch 1230/3000 | Loss: 0.0442 | Best: 0.0259 | Time: 4.0s | Elapsed: 0.4h | ETA: 130m | LR: 0.000286
Epoch 1231/3000: 100%|█████████████| 16/16 [00:03<00:00,  4.08it/s, loss=0.0176]
Epoch 1231/3000 | Loss: 0.0509 | Best: 0.0259 | Time: 3.9s | Elapsed: 0.4h | ETA: 130m | LR: 0.000285
Epoch 1232/3000: 100%|█████████████| 16/16 [00:03<00:00,  4.09it/s, loss=0.0096]
Epoch 1232/3000 | Loss: 0.0617 | Best: 0.0259 | Time: 3.9s | Elapsed: 0.4h | ETA: 129m | LR: 0.000285
Epoch 1233/3000: 100%|█████████████| 16/16 [00:03<00:00,  4.11it/s, loss=0.0205]
Epoch 1233/3000 | Loss: 0.0461 | Best: 0.0259 | Time: 3.9s | Elapsed: 0.4h | ETA: 129m | LR: 0.000285
Epoch 1234/3000: 100%|█████████████| 16/16 [00:03<00:00,  4.06it/s, loss=0.0481]
Epoch 1234/3000 | Loss: 0.0442 | Best: 0.0259 | Time: 3.9s | Elapsed: 0.4h | ETA: 129m | LR: 0.000285
Epoch 1235/3000: 100%|█████████████| 16/16 [00:03<00:00,  4.12it/s, loss=0.0557]
Epoch 1235/3000 | Loss: 0.0591 | Best: 0.0259 | Time: 3.9s | Elapsed: 0.4h | ETA: 129m | LR: 0.000285
Epoch 1236/3000: 100%|█████████████| 16/16 [00:03<00:00,  4.02it/s, loss=0.0950]
Epoch 1236/3000 | Loss: 0.0540 | Best: 0.0259 | Time: 4.0s | Elapsed: 0.4h | ETA: 129m | LR: 0.000285
Epoch 1237/3000: 100%|█████████████| 16/16 [00:03<00:00,  4.09it/s, loss=0.0701]
Epoch 1237/3000 | Loss: 0.0482 | Best: 0.0259 | Time: 3.9s | Elapsed: 0.4h | ETA: 129m | LR: 0.000285
Epoch 1238/3000: 100%|█████████████| 16/16 [00:03<00:00,  4.08it/s, loss=0.0296]
Epoch 1238/3000 | Loss: 0.0460 | Best: 0.0259 | Time: 3.9s | Elapsed: 0.4h | ETA: 129m | LR: 0.000285
Epoch 1239/3000: 100%|█████████████| 16/16 [00:03<00:00,  4.09it/s, loss=0.0242]
Epoch 1239/3000 | Loss: 0.0389 | Best: 0.0259 | Time: 3.9s | Elapsed: 0.4h | ETA: 129m | LR: 0.000285
Epoch 1240/3000: 100%|█████████████| 16/16 [00:03<00:00,  4.09it/s, loss=0.0279]
Epoch 1240/3000 | Loss: 0.0462 | Best: 0.0259 | Time: 3.9s | Elapsed: 0.4h | ETA: 128m | LR: 0.000285
Epoch 1241/3000: 100%|█████████████| 16/16 [00:03<00:00,  4.11it/s, loss=0.0115]
Epoch 1241/3000 | Loss: 0.0479 | Best: 0.0259 | Time: 3.9s | Elapsed: 0.4h | ETA: 128m | LR: 0.000284
Epoch 1242/3000: 100%|█████████████| 16/16 [00:03<00:00,  4.02it/s, loss=0.0138]
Epoch 1242/3000 | Loss: 0.0454 | Best: 0.0259 | Time: 4.0s | Elapsed: 0.4h | ETA: 128m | LR: 0.000284
Epoch 1243/3000: 100%|█████████████| 16/16 [00:03<00:00,  4.08it/s, loss=0.0287]
Epoch 1243/3000 | Loss: 0.0494 | Best: 0.0259 | Time: 3.9s | Elapsed: 0.4h | ETA: 128m | LR: 0.000284
Epoch 1244/3000: 100%|█████████████| 16/16 [00:03<00:00,  4.07it/s, loss=0.0235]
Epoch 1244/3000 | Loss: 0.0453 | Best: 0.0259 | Time: 3.9s | Elapsed: 0.4h | ETA: 128m | LR: 0.000284
Epoch 1245/3000: 100%|█████████████| 16/16 [00:03<00:00,  4.09it/s, loss=0.0353]
Epoch 1245/3000 | Loss: 0.0566 | Best: 0.0259 | Time: 3.9s | Elapsed: 0.4h | ETA: 128m | LR: 0.000284
Epoch 1246/3000: 100%|█████████████| 16/16 [00:03<00:00,  4.08it/s, loss=0.0638]
Epoch 1246/3000 | Loss: 0.0390 | Best: 0.0259 | Time: 3.9s | Elapsed: 0.4h | ETA: 128m | LR: 0.000284
Epoch 1247/3000: 100%|█████████████| 16/16 [00:03<00:00,  4.13it/s, loss=0.0619]
Epoch 1247/3000 | Loss: 0.0516 | Best: 0.0259 | Time: 3.9s | Elapsed: 0.4h | ETA: 128m | LR: 0.000284
Epoch 1248/3000: 100%|█████████████| 16/16 [00:03<00:00,  4.02it/s, loss=0.0269]
Epoch 1248/3000 | Loss: 0.0369 | Best: 0.0259 | Time: 4.0s | Elapsed: 0.4h | ETA: 128m | LR: 0.000284
Epoch 1249/3000: 100%|█████████████| 16/16 [00:03<00:00,  4.10it/s, loss=0.0116]
Epoch 1249/3000 | Loss: 0.0288 | Best: 0.0259 | Time: 3.9s | Elapsed: 0.4h | ETA: 127m | LR: 0.000284
Epoch 1250/3000: 100%|█████████████| 16/16 [00:03<00:00,  4.08it/s, loss=0.0517]
Epoch 1250/3000 | Loss: 0.0440 | Best: 0.0259 | Time: 3.9s | Elapsed: 0.4h | ETA: 127m | LR: 0.000284
  Generating samples at epoch 1250...
DDIM Sampling: 100%|████████████████████████████| 50/50 [00:02<00:00, 24.99it/s]
DDIM Sampling: 100%|████████████████████████████| 50/50 [00:01<00:00, 25.15it/s]
DDIM Sampling: 100%|████████████████████████████| 50/50 [00:01<00:00, 25.07it/s]
Epoch 1251/3000: 100%|█████████████| 16/16 [00:03<00:00,  4.07it/s, loss=0.0788]
Epoch 1251/3000 | Loss: 0.0440 | Best: 0.0259 | Time: 3.9s | Elapsed: 0.4h | ETA: 127m | LR: 0.000283
Epoch 1252/3000: 100%|█████████████| 16/16 [00:03<00:00,  4.04it/s, loss=0.0640]
Epoch 1252/3000 | Loss: 0.0419 | Best: 0.0259 | Time: 4.0s | Elapsed: 0.4h | ETA: 127m | LR: 0.000283
Epoch 1253/3000: 100%|█████████████| 16/16 [00:03<00:00,  4.09it/s, loss=0.0527]
Epoch 1253/3000 | Loss: 0.0363 | Best: 0.0259 | Time: 3.9s | Elapsed: 0.4h | ETA: 127m | LR: 0.000283
Epoch 1254/3000: 100%|█████████████| 16/16 [00:03<00:00,  4.08it/s, loss=0.0297]
Epoch 1254/3000 | Loss: 0.0430 | Best: 0.0259 | Time: 3.9s | Elapsed: 0.4h | ETA: 127m | LR: 0.000283
Epoch 1255/3000: 100%|█████████████| 16/16 [00:03<00:00,  4.05it/s, loss=0.0214]
Epoch 1255/3000 | Loss: 0.0591 | Best: 0.0259 | Time: 4.0s | Elapsed: 0.4h | ETA: 127m | LR: 0.000283
Epoch 1256/3000: 100%|█████████████| 16/16 [00:03<00:00,  4.11it/s, loss=0.0901]
Epoch 1256/3000 | Loss: 0.0547 | Best: 0.0259 | Time: 3.9s | Elapsed: 0.4h | ETA: 127m | LR: 0.000283
Epoch 1257/3000: 100%|█████████████| 16/16 [00:03<00:00,  4.08it/s, loss=0.0579]
Epoch 1257/3000 | Loss: 0.0416 | Best: 0.0259 | Time: 3.9s | Elapsed: 0.4h | ETA: 127m | LR: 0.000283
Epoch 1258/3000: 100%|█████████████| 16/16 [00:03<00:00,  4.10it/s, loss=0.0488]
Epoch 1258/3000 | Loss: 0.0489 | Best: 0.0259 | Time: 3.9s | Elapsed: 0.4h | ETA: 126m | LR: 0.000283
Epoch 1259/3000: 100%|█████████████| 16/16 [00:03<00:00,  4.08it/s, loss=0.0515]
Epoch 1259/3000 | Loss: 0.0626 | Best: 0.0259 | Time: 3.9s | Elapsed: 0.4h | ETA: 126m | LR: 0.000283
Epoch 1260/3000: 100%|█████████████| 16/16 [00:03<00:00,  4.10it/s, loss=0.0151]
Epoch 1260/3000 | Loss: 0.0586 | Best: 0.0259 | Time: 3.9s | Elapsed: 0.4h | ETA: 126m | LR: 0.000282
Epoch 1261/3000: 100%|█████████████| 16/16 [00:03<00:00,  4.11it/s, loss=0.0071]
Epoch 1261/3000 | Loss: 0.0405 | Best: 0.0259 | Time: 3.9s | Elapsed: 0.4h | ETA: 126m | LR: 0.000282
Epoch 1262/3000: 100%|█████████████| 16/16 [00:03<00:00,  4.12it/s, loss=0.0842]
Epoch 1262/3000 | Loss: 0.0568 | Best: 0.0259 | Time: 3.9s | Elapsed: 0.4h | ETA: 126m | LR: 0.000282
Epoch 1263/3000: 100%|█████████████| 16/16 [00:03<00:00,  4.07it/s, loss=0.0635]
Epoch 1263/3000 | Loss: 0.0492 | Best: 0.0259 | Time: 3.9s | Elapsed: 0.4h | ETA: 126m | LR: 0.000282
Epoch 1264/3000: 100%|█████████████| 16/16 [00:03<00:00,  4.12it/s, loss=0.0931]
Epoch 1264/3000 | Loss: 0.0515 | Best: 0.0259 | Time: 3.9s | Elapsed: 0.4h | ETA: 126m | LR: 0.000282
Epoch 1265/3000: 100%|█████████████| 16/16 [00:03<00:00,  4.10it/s, loss=0.0548]
Epoch 1265/3000 | Loss: 0.0406 | Best: 0.0259 | Time: 3.9s | Elapsed: 0.4h | ETA: 126m | LR: 0.000282
Epoch 1266/3000: 100%|█████████████| 16/16 [00:03<00:00,  4.11it/s, loss=0.0783]
Epoch 1266/3000 | Loss: 0.0584 | Best: 0.0259 | Time: 3.9s | Elapsed: 0.4h | ETA: 126m | LR: 0.000282
Epoch 1267/3000: 100%|█████████████| 16/16 [00:03<00:00,  4.07it/s, loss=0.0264]
Epoch 1267/3000 | Loss: 0.0442 | Best: 0.0259 | Time: 3.9s | Elapsed: 0.4h | ETA: 125m | LR: 0.000282
Epoch 1268/3000: 100%|█████████████| 16/16 [00:03<00:00,  4.07it/s, loss=0.1044]
Epoch 1268/3000 | Loss: 0.0575 | Best: 0.0259 | Time: 3.9s | Elapsed: 0.4h | ETA: 125m | LR: 0.000282
Epoch 1269/3000: 100%|█████████████| 16/16 [00:03<00:00,  4.08it/s, loss=0.0327]
Epoch 1269/3000 | Loss: 0.0555 | Best: 0.0259 | Time: 3.9s | Elapsed: 0.4h | ETA: 125m | LR: 0.000282
Epoch 1270/3000: 100%|█████████████| 16/16 [00:03<00:00,  4.10it/s, loss=0.0167]
Epoch 1270/3000 | Loss: 0.0514 | Best: 0.0259 | Time: 3.9s | Elapsed: 0.4h | ETA: 125m | LR: 0.000281
Epoch 1271/3000: 100%|█████████████| 16/16 [00:03<00:00,  4.10it/s, loss=0.0968]
Epoch 1271/3000 | Loss: 0.0645 | Best: 0.0259 | Time: 3.9s | Elapsed: 0.4h | ETA: 125m | LR: 0.000281
Epoch 1272/3000: 100%|█████████████| 16/16 [00:03<00:00,  4.06it/s, loss=0.0962]
Epoch 1272/3000 | Loss: 0.0449 | Best: 0.0259 | Time: 3.9s | Elapsed: 0.4h | ETA: 125m | LR: 0.000281
Epoch 1273/3000: 100%|█████████████| 16/16 [00:03<00:00,  4.06it/s, loss=0.0567]
Epoch 1273/3000 | Loss: 0.0437 | Best: 0.0259 | Time: 3.9s | Elapsed: 0.4h | ETA: 125m | LR: 0.000281
Epoch 1274/3000: 100%|█████████████| 16/16 [00:03<00:00,  4.11it/s, loss=0.0768]
Epoch 1274/3000 | Loss: 0.0493 | Best: 0.0259 | Time: 3.9s | Elapsed: 0.4h | ETA: 125m | LR: 0.000281
Epoch 1275/3000: 100%|█████████████| 16/16 [00:03<00:00,  4.02it/s, loss=0.1197]
Epoch 1275/3000 | Loss: 0.0542 | Best: 0.0259 | Time: 4.0s | Elapsed: 0.4h | ETA: 125m | LR: 0.000281
  Generating samples at epoch 1275...
DDIM Sampling: 100%|████████████████████████████| 50/50 [00:01<00:00, 25.09it/s]
DDIM Sampling: 100%|████████████████████████████| 50/50 [00:01<00:00, 25.06it/s]
DDIM Sampling: 100%|████████████████████████████| 50/50 [00:01<00:00, 25.13it/s]
Epoch 1276/3000: 100%|█████████████| 16/16 [00:03<00:00,  4.06it/s, loss=0.0176]
Epoch 1276/3000 | Loss: 0.0369 | Best: 0.0259 | Time: 3.9s | Elapsed: 0.4h | ETA: 124m | LR: 0.000281
Epoch 1277/3000: 100%|█████████████| 16/16 [00:03<00:00,  4.09it/s, loss=0.0296]
Epoch 1277/3000 | Loss: 0.0502 | Best: 0.0259 | Time: 3.9s | Elapsed: 0.4h | ETA: 124m | LR: 0.000281
Epoch 1278/3000: 100%|█████████████| 16/16 [00:03<00:00,  4.02it/s, loss=0.0536]
Epoch 1278/3000 | Loss: 0.0531 | Best: 0.0259 | Time: 4.0s | Elapsed: 0.4h | ETA: 124m | LR: 0.000281
Epoch 1279/3000: 100%|█████████████| 16/16 [00:03<00:00,  4.08it/s, loss=0.0687]
Epoch 1279/3000 | Loss: 0.0412 | Best: 0.0259 | Time: 3.9s | Elapsed: 0.4h | ETA: 124m | LR: 0.000280
Epoch 1280/3000: 100%|█████████████| 16/16 [00:03<00:00,  4.05it/s, loss=0.0508]
Epoch 1280/3000 | Loss: 0.0530 | Best: 0.0259 | Time: 4.0s | Elapsed: 0.4h | ETA: 124m | LR: 0.000280
Epoch 1281/3000: 100%|█████████████| 16/16 [00:03<00:00,  4.02it/s, loss=0.0354]
Epoch 1281/3000 | Loss: 0.0429 | Best: 0.0259 | Time: 4.0s | Elapsed: 0.4h | ETA: 124m | LR: 0.000280
Epoch 1282/3000: 100%|█████████████| 16/16 [00:03<00:00,  4.09it/s, loss=0.0175]
Epoch 1282/3000 | Loss: 0.0477 | Best: 0.0259 | Time: 3.9s | Elapsed: 0.4h | ETA: 124m | LR: 0.000280
Epoch 1283/3000: 100%|█████████████| 16/16 [00:03<00:00,  4.08it/s, loss=0.0308]
Epoch 1283/3000 | Loss: 0.0518 | Best: 0.0259 | Time: 3.9s | Elapsed: 0.4h | ETA: 124m | LR: 0.000280
Epoch 1284/3000: 100%|█████████████| 16/16 [00:03<00:00,  4.08it/s, loss=0.0420]
Epoch 1284/3000 | Loss: 0.0477 | Best: 0.0259 | Time: 3.9s | Elapsed: 0.4h | ETA: 124m | LR: 0.000280
Epoch 1285/3000: 100%|█████████████| 16/16 [00:03<00:00,  4.07it/s, loss=0.0486]
Epoch 1285/3000 | Loss: 0.0578 | Best: 0.0259 | Time: 3.9s | Elapsed: 0.4h | ETA: 123m | LR: 0.000280
Epoch 1286/3000: 100%|█████████████| 16/16 [00:03<00:00,  4.09it/s, loss=0.0277]
Epoch 1286/3000 | Loss: 0.0560 | Best: 0.0259 | Time: 3.9s | Elapsed: 0.4h | ETA: 123m | LR: 0.000280
Epoch 1287/3000: 100%|█████████████| 16/16 [00:03<00:00,  4.10it/s, loss=0.0441]
Epoch 1287/3000 | Loss: 0.0359 | Best: 0.0259 | Time: 3.9s | Elapsed: 0.4h | ETA: 123m | LR: 0.000279
Epoch 1288/3000: 100%|█████████████| 16/16 [00:03<00:00,  4.07it/s, loss=0.0132]
Epoch 1288/3000 | Loss: 0.0555 | Best: 0.0259 | Time: 3.9s | Elapsed: 0.4h | ETA: 123m | LR: 0.000279
Epoch 1289/3000: 100%|█████████████| 16/16 [00:03<00:00,  4.10it/s, loss=0.0147]
Epoch 1289/3000 | Loss: 0.0344 | Best: 0.0259 | Time: 3.9s | Elapsed: 0.4h | ETA: 123m | LR: 0.000279
Epoch 1290/3000: 100%|█████████████| 16/16 [00:03<00:00,  4.05it/s, loss=0.0326]
Epoch 1290/3000 | Loss: 0.0526 | Best: 0.0259 | Time: 3.9s | Elapsed: 0.4h | ETA: 123m | LR: 0.000279
Epoch 1291/3000: 100%|█████████████| 16/16 [00:03<00:00,  4.07it/s, loss=0.0453]
Epoch 1291/3000 | Loss: 0.0472 | Best: 0.0259 | Time: 3.9s | Elapsed: 0.4h | ETA: 123m | LR: 0.000279
Epoch 1292/3000: 100%|█████████████| 16/16 [00:03<00:00,  4.09it/s, loss=0.0308]
Epoch 1292/3000 | Loss: 0.0460 | Best: 0.0259 | Time: 3.9s | Elapsed: 0.4h | ETA: 123m | LR: 0.000279
Epoch 1293/3000: 100%|█████████████| 16/16 [00:03<00:00,  4.03it/s, loss=0.0574]
Epoch 1293/3000 | Loss: 0.0503 | Best: 0.0259 | Time: 4.0s | Elapsed: 0.5h | ETA: 123m | LR: 0.000279
Epoch 1294/3000: 100%|█████████████| 16/16 [00:03<00:00,  4.01it/s, loss=0.0332]
Epoch 1294/3000 | Loss: 0.0412 | Best: 0.0259 | Time: 4.0s | Elapsed: 0.5h | ETA: 123m | LR: 0.000279
Epoch 1295/3000: 100%|█████████████| 16/16 [00:03<00:00,  4.05it/s, loss=0.0926]
Epoch 1295/3000 | Loss: 0.0585 | Best: 0.0259 | Time: 3.9s | Elapsed: 0.5h | ETA: 122m | LR: 0.000279
Epoch 1296/3000: 100%|█████████████| 16/16 [00:03<00:00,  4.06it/s, loss=0.0423]
Epoch 1296/3000 | Loss: 0.0439 | Best: 0.0259 | Time: 3.9s | Elapsed: 0.5h | ETA: 122m | LR: 0.000278
Epoch 1297/3000: 100%|█████████████| 16/16 [00:03<00:00,  4.05it/s, loss=0.0170]
Epoch 1297/3000 | Loss: 0.0600 | Best: 0.0259 | Time: 4.0s | Elapsed: 0.5h | ETA: 122m | LR: 0.000278
Epoch 1298/3000: 100%|█████████████| 16/16 [00:03<00:00,  4.07it/s, loss=0.0208]
Epoch 1298/3000 | Loss: 0.0387 | Best: 0.0259 | Time: 3.9s | Elapsed: 0.5h | ETA: 122m | LR: 0.000278
Epoch 1299/3000: 100%|█████████████| 16/16 [00:03<00:00,  4.09it/s, loss=0.0457]
Epoch 1299/3000 | Loss: 0.0515 | Best: 0.0259 | Time: 3.9s | Elapsed: 0.5h | ETA: 122m | LR: 0.000278
Epoch 1300/3000: 100%|█████████████| 16/16 [00:03<00:00,  4.09it/s, loss=0.0392]
Epoch 1300/3000 | Loss: 0.0450 | Best: 0.0259 | Time: 3.9s | Elapsed: 0.5h | ETA: 122m | LR: 0.000278
  Generating samples at epoch 1300...
DDIM Sampling: 100%|████████████████████████████| 50/50 [00:02<00:00, 24.83it/s]
DDIM Sampling: 100%|████████████████████████████| 50/50 [00:01<00:00, 25.06it/s]
DDIM Sampling: 100%|████████████████████████████| 50/50 [00:01<00:00, 25.08it/s]
Epoch 1301/3000: 100%|█████████████| 16/16 [00:03<00:00,  4.09it/s, loss=0.0205]
Epoch 1301/3000 | Loss: 0.0468 | Best: 0.0259 | Time: 3.9s | Elapsed: 0.5h | ETA: 122m | LR: 0.000278
Epoch 1302/3000: 100%|█████████████| 16/16 [00:03<00:00,  4.02it/s, loss=0.0456]
Epoch 1302/3000 | Loss: 0.0504 | Best: 0.0259 | Time: 4.0s | Elapsed: 0.5h | ETA: 122m | LR: 0.000278
Epoch 1303/3000: 100%|█████████████| 16/16 [00:03<00:00,  4.07it/s, loss=0.0427]
Epoch 1303/3000 | Loss: 0.0530 | Best: 0.0259 | Time: 3.9s | Elapsed: 0.5h | ETA: 122m | LR: 0.000278
Epoch 1304/3000: 100%|█████████████| 16/16 [00:03<00:00,  4.06it/s, loss=0.0784]
Epoch 1304/3000 | Loss: 0.0457 | Best: 0.0259 | Time: 3.9s | Elapsed: 0.5h | ETA: 122m | LR: 0.000277
Epoch 1305/3000: 100%|█████████████| 16/16 [00:03<00:00,  4.05it/s, loss=0.0384]
Epoch 1305/3000 | Loss: 0.0453 | Best: 0.0259 | Time: 4.0s | Elapsed: 0.5h | ETA: 121m | LR: 0.000277
Epoch 1306/3000: 100%|█████████████| 16/16 [00:03<00:00,  4.07it/s, loss=0.0172]
Epoch 1306/3000 | Loss: 0.0361 | Best: 0.0259 | Time: 3.9s | Elapsed: 0.5h | ETA: 121m | LR: 0.000277
Epoch 1307/3000: 100%|█████████████| 16/16 [00:04<00:00,  3.98it/s, loss=0.0225]
Epoch 1307/3000 | Loss: 0.0445 | Best: 0.0259 | Time: 4.0s | Elapsed: 0.5h | ETA: 121m | LR: 0.000277
Epoch 1308/3000: 100%|█████████████| 16/16 [00:03<00:00,  4.07it/s, loss=0.0412]
Epoch 1308/3000 | Loss: 0.0440 | Best: 0.0259 | Time: 3.9s | Elapsed: 0.5h | ETA: 121m | LR: 0.000277
Epoch 1309/3000: 100%|█████████████| 16/16 [00:03<00:00,  4.05it/s, loss=0.0675]
Epoch 1309/3000 | Loss: 0.0477 | Best: 0.0259 | Time: 4.0s | Elapsed: 0.5h | ETA: 121m | LR: 0.000277
Epoch 1310/3000: 100%|█████████████| 16/16 [00:03<00:00,  4.09it/s, loss=0.0245]
Epoch 1310/3000 | Loss: 0.0358 | Best: 0.0259 | Time: 3.9s | Elapsed: 0.5h | ETA: 121m | LR: 0.000277
Epoch 1311/3000: 100%|█████████████| 16/16 [00:03<00:00,  4.06it/s, loss=0.0799]
Epoch 1311/3000 | Loss: 0.0510 | Best: 0.0259 | Time: 3.9s | Elapsed: 0.5h | ETA: 121m | LR: 0.000277
Epoch 1312/3000: 100%|█████████████| 16/16 [00:03<00:00,  4.03it/s, loss=0.0240]
Epoch 1312/3000 | Loss: 0.0561 | Best: 0.0259 | Time: 4.0s | Elapsed: 0.5h | ETA: 121m | LR: 0.000277
Epoch 1313/3000: 100%|█████████████| 16/16 [00:03<00:00,  4.07it/s, loss=0.0139]
Epoch 1313/3000 | Loss: 0.0419 | Best: 0.0259 | Time: 3.9s | Elapsed: 0.5h | ETA: 121m | LR: 0.000276
Epoch 1314/3000: 100%|█████████████| 16/16 [00:03<00:00,  4.08it/s, loss=0.0772]
Epoch 1314/3000 | Loss: 0.0463 | Best: 0.0259 | Time: 3.9s | Elapsed: 0.5h | ETA: 121m | LR: 0.000276
Epoch 1315/3000: 100%|█████████████| 16/16 [00:03<00:00,  4.06it/s, loss=0.0813]
Epoch 1315/3000 | Loss: 0.0465 | Best: 0.0259 | Time: 3.9s | Elapsed: 0.5h | ETA: 120m | LR: 0.000276
Epoch 1316/3000: 100%|█████████████| 16/16 [00:03<00:00,  4.03it/s, loss=0.0300]
Epoch 1316/3000 | Loss: 0.0469 | Best: 0.0259 | Time: 4.0s | Elapsed: 0.5h | ETA: 120m | LR: 0.000276
Epoch 1317/3000: 100%|█████████████| 16/16 [00:03<00:00,  4.03it/s, loss=0.0435]
Epoch 1317/3000 | Loss: 0.0512 | Best: 0.0259 | Time: 4.0s | Elapsed: 0.5h | ETA: 120m | LR: 0.000276
Epoch 1318/3000: 100%|█████████████| 16/16 [00:03<00:00,  4.07it/s, loss=0.0506]
Epoch 1318/3000 | Loss: 0.0399 | Best: 0.0259 | Time: 3.9s | Elapsed: 0.5h | ETA: 120m | LR: 0.000276
Epoch 1319/3000: 100%|█████████████| 16/16 [00:03<00:00,  4.03it/s, loss=0.0137]
Epoch 1319/3000 | Loss: 0.0388 | Best: 0.0259 | Time: 4.0s | Elapsed: 0.5h | ETA: 120m | LR: 0.000276
Epoch 1320/3000: 100%|█████████████| 16/16 [00:03<00:00,  4.06it/s, loss=0.0804]
Epoch 1320/3000 | Loss: 0.0537 | Best: 0.0259 | Time: 3.9s | Elapsed: 0.5h | ETA: 120m | LR: 0.000276
Epoch 1321/3000: 100%|█████████████| 16/16 [00:03<00:00,  4.05it/s, loss=0.0701]
Epoch 1321/3000 | Loss: 0.0533 | Best: 0.0259 | Time: 3.9s | Elapsed: 0.5h | ETA: 120m | LR: 0.000275
Epoch 1322/3000: 100%|█████████████| 16/16 [00:03<00:00,  4.05it/s, loss=0.0385]
Epoch 1322/3000 | Loss: 0.0395 | Best: 0.0259 | Time: 4.0s | Elapsed: 0.5h | ETA: 120m | LR: 0.000275
Epoch 1323/3000: 100%|█████████████| 16/16 [00:03<00:00,  4.00it/s, loss=0.0513]
Epoch 1323/3000 | Loss: 0.0399 | Best: 0.0259 | Time: 4.0s | Elapsed: 0.5h | ETA: 120m | LR: 0.000275
Epoch 1324/3000: 100%|█████████████| 16/16 [00:03<00:00,  4.08it/s, loss=0.0329]
Epoch 1324/3000 | Loss: 0.0515 | Best: 0.0259 | Time: 3.9s | Elapsed: 0.5h | ETA: 120m | LR: 0.000275
Epoch 1325/3000: 100%|█████████████| 16/16 [00:03<00:00,  4.07it/s, loss=0.0398]
Epoch 1325/3000 | Loss: 0.0469 | Best: 0.0259 | Time: 3.9s | Elapsed: 0.5h | ETA: 120m | LR: 0.000275
  Generating samples at epoch 1325...
DDIM Sampling: 100%|████████████████████████████| 50/50 [00:01<00:00, 25.18it/s]
DDIM Sampling: 100%|████████████████████████████| 50/50 [00:01<00:00, 25.17it/s]
DDIM Sampling: 100%|████████████████████████████| 50/50 [00:01<00:00, 25.15it/s]
Epoch 1326/3000: 100%|█████████████| 16/16 [00:03<00:00,  4.08it/s, loss=0.0287]
Epoch 1326/3000 | Loss: 0.0413 | Best: 0.0259 | Time: 3.9s | Elapsed: 0.5h | ETA: 119m | LR: 0.000275
Epoch 1327/3000: 100%|█████████████| 16/16 [00:03<00:00,  4.14it/s, loss=0.0533]
Epoch 1327/3000 | Loss: 0.0449 | Best: 0.0259 | Time: 3.9s | Elapsed: 0.5h | ETA: 119m | LR: 0.000275
Epoch 1328/3000: 100%|█████████████| 16/16 [00:03<00:00,  4.08it/s, loss=0.0726]
Epoch 1328/3000 | Loss: 0.0601 | Best: 0.0259 | Time: 3.9s | Elapsed: 0.5h | ETA: 119m | LR: 0.000274
Epoch 1329/3000: 100%|█████████████| 16/16 [00:03<00:00,  4.04it/s, loss=0.0274]
Epoch 1329/3000 | Loss: 0.0555 | Best: 0.0259 | Time: 4.0s | Elapsed: 0.5h | ETA: 119m | LR: 0.000274
Epoch 1330/3000: 100%|█████████████| 16/16 [00:03<00:00,  4.07it/s, loss=0.1086]
Epoch 1330/3000 | Loss: 0.0556 | Best: 0.0259 | Time: 3.9s | Elapsed: 0.5h | ETA: 119m | LR: 0.000274
Epoch 1331/3000: 100%|█████████████| 16/16 [00:03<00:00,  4.01it/s, loss=0.1126]
Epoch 1331/3000 | Loss: 0.0489 | Best: 0.0259 | Time: 4.0s | Elapsed: 0.5h | ETA: 119m | LR: 0.000274
Epoch 1332/3000: 100%|█████████████| 16/16 [00:03<00:00,  4.09it/s, loss=0.0597]
Epoch 1332/3000 | Loss: 0.0520 | Best: 0.0259 | Time: 3.9s | Elapsed: 0.5h | ETA: 119m | LR: 0.000274
Epoch 1333/3000: 100%|█████████████| 16/16 [00:03<00:00,  4.07it/s, loss=0.0342]
Epoch 1333/3000 | Loss: 0.0460 | Best: 0.0259 | Time: 3.9s | Elapsed: 0.5h | ETA: 119m | LR: 0.000274
Epoch 1334/3000: 100%|█████████████| 16/16 [00:03<00:00,  4.08it/s, loss=0.0460]
Epoch 1334/3000 | Loss: 0.0592 | Best: 0.0259 | Time: 3.9s | Elapsed: 0.5h | ETA: 119m | LR: 0.000274
Epoch 1335/3000: 100%|█████████████| 16/16 [00:03<00:00,  4.12it/s, loss=0.0386]
Epoch 1335/3000 | Loss: 0.0550 | Best: 0.0259 | Time: 3.9s | Elapsed: 0.5h | ETA: 119m | LR: 0.000274
Epoch 1336/3000: 100%|█████████████| 16/16 [00:03<00:00,  4.07it/s, loss=0.0099]
Epoch 1336/3000 | Loss: 0.0556 | Best: 0.0259 | Time: 3.9s | Elapsed: 0.5h | ETA: 118m | LR: 0.000273
Epoch 1337/3000: 100%|█████████████| 16/16 [00:03<00:00,  4.07it/s, loss=0.1353]
Epoch 1337/3000 | Loss: 0.0561 | Best: 0.0259 | Time: 3.9s | Elapsed: 0.5h | ETA: 118m | LR: 0.000273
Epoch 1338/3000: 100%|█████████████| 16/16 [00:03<00:00,  4.06it/s, loss=0.1154]
Epoch 1338/3000 | Loss: 0.0607 | Best: 0.0259 | Time: 3.9s | Elapsed: 0.5h | ETA: 118m | LR: 0.000273
Epoch 1339/3000: 100%|█████████████| 16/16 [00:03<00:00,  4.11it/s, loss=0.0681]
Epoch 1339/3000 | Loss: 0.0486 | Best: 0.0259 | Time: 3.9s | Elapsed: 0.5h | ETA: 118m | LR: 0.000273
Epoch 1340/3000: 100%|█████████████| 16/16 [00:03<00:00,  4.10it/s, loss=0.0939]
Epoch 1340/3000 | Loss: 0.0534 | Best: 0.0259 | Time: 3.9s | Elapsed: 0.5h | ETA: 118m | LR: 0.000273
Epoch 1341/3000: 100%|█████████████| 16/16 [00:03<00:00,  4.05it/s, loss=0.0384]
Epoch 1341/3000 | Loss: 0.0615 | Best: 0.0259 | Time: 3.9s | Elapsed: 0.5h | ETA: 118m | LR: 0.000273
Epoch 1342/3000: 100%|█████████████| 16/16 [00:03<00:00,  4.11it/s, loss=0.0348]
Epoch 1342/3000 | Loss: 0.0546 | Best: 0.0259 | Time: 3.9s | Elapsed: 0.5h | ETA: 118m | LR: 0.000273
Epoch 1343/3000: 100%|█████████████| 16/16 [00:03<00:00,  4.09it/s, loss=0.0433]
Epoch 1343/3000 | Loss: 0.0664 | Best: 0.0259 | Time: 3.9s | Elapsed: 0.5h | ETA: 118m | LR: 0.000273
Epoch 1344/3000: 100%|█████████████| 16/16 [00:03<00:00,  4.08it/s, loss=0.0494]
Epoch 1344/3000 | Loss: 0.0469 | Best: 0.0259 | Time: 3.9s | Elapsed: 0.5h | ETA: 118m | LR: 0.000272
Epoch 1345/3000: 100%|█████████████| 16/16 [00:03<00:00,  4.00it/s, loss=0.0389]
Epoch 1345/3000 | Loss: 0.0483 | Best: 0.0259 | Time: 4.0s | Elapsed: 0.5h | ETA: 118m | LR: 0.000272
Epoch 1346/3000: 100%|█████████████| 16/16 [00:03<00:00,  4.06it/s, loss=0.0205]
Epoch 1346/3000 | Loss: 0.0505 | Best: 0.0259 | Time: 3.9s | Elapsed: 0.5h | ETA: 118m | LR: 0.000272
Epoch 1347/3000: 100%|█████████████| 16/16 [00:03<00:00,  4.06it/s, loss=0.0500]
Epoch 1347/3000 | Loss: 0.0417 | Best: 0.0259 | Time: 3.9s | Elapsed: 0.5h | ETA: 117m | LR: 0.000272
Epoch 1348/3000: 100%|█████████████| 16/16 [00:03<00:00,  4.08it/s, loss=0.0378]
Epoch 1348/3000 | Loss: 0.0559 | Best: 0.0259 | Time: 3.9s | Elapsed: 0.5h | ETA: 117m | LR: 0.000272
Epoch 1349/3000: 100%|█████████████| 16/16 [00:03<00:00,  4.08it/s, loss=0.0436]
Epoch 1349/3000 | Loss: 0.0414 | Best: 0.0259 | Time: 3.9s | Elapsed: 0.5h | ETA: 117m | LR: 0.000272
Epoch 1350/3000: 100%|█████████████| 16/16 [00:03<00:00,  4.05it/s, loss=0.0403]
Epoch 1350/3000 | Loss: 0.0477 | Best: 0.0259 | Time: 4.0s | Elapsed: 0.5h | ETA: 117m | LR: 0.000272
  Generating samples at epoch 1350...
DDIM Sampling: 100%|████████████████████████████| 50/50 [00:01<00:00, 25.02it/s]
DDIM Sampling: 100%|████████████████████████████| 50/50 [00:01<00:00, 25.12it/s]
DDIM Sampling: 100%|████████████████████████████| 50/50 [00:01<00:00, 25.01it/s]
Epoch 1351/3000: 100%|█████████████| 16/16 [00:03<00:00,  4.03it/s, loss=0.0499]
Epoch 1351/3000 | Loss: 0.0542 | Best: 0.0259 | Time: 4.0s | Elapsed: 0.5h | ETA: 117m | LR: 0.000271
Epoch 1352/3000: 100%|█████████████| 16/16 [00:03<00:00,  4.01it/s, loss=0.0347]
Epoch 1352/3000 | Loss: 0.0385 | Best: 0.0259 | Time: 4.0s | Elapsed: 0.5h | ETA: 117m | LR: 0.000271
Epoch 1353/3000: 100%|█████████████| 16/16 [00:03<00:00,  4.07it/s, loss=0.0135]
Epoch 1353/3000 | Loss: 0.0329 | Best: 0.0259 | Time: 3.9s | Elapsed: 0.5h | ETA: 117m | LR: 0.000271
Epoch 1354/3000: 100%|█████████████| 16/16 [00:03<00:00,  4.11it/s, loss=0.0090]
Epoch 1354/3000 | Loss: 0.0405 | Best: 0.0259 | Time: 3.9s | Elapsed: 0.5h | ETA: 117m | LR: 0.000271
Epoch 1355/3000: 100%|█████████████| 16/16 [00:03<00:00,  4.09it/s, loss=0.0110]
Epoch 1355/3000 | Loss: 0.0386 | Best: 0.0259 | Time: 3.9s | Elapsed: 0.5h | ETA: 117m | LR: 0.000271
Epoch 1356/3000: 100%|█████████████| 16/16 [00:03<00:00,  4.09it/s, loss=0.0505]
Epoch 1356/3000 | Loss: 0.0598 | Best: 0.0259 | Time: 3.9s | Elapsed: 0.5h | ETA: 117m | LR: 0.000271
Epoch 1357/3000: 100%|█████████████| 16/16 [00:03<00:00,  4.06it/s, loss=0.0374]
Epoch 1357/3000 | Loss: 0.0561 | Best: 0.0259 | Time: 3.9s | Elapsed: 0.5h | ETA: 117m | LR: 0.000271
Epoch 1358/3000: 100%|█████████████| 16/16 [00:03<00:00,  4.10it/s, loss=0.0840]
Epoch 1358/3000 | Loss: 0.0587 | Best: 0.0259 | Time: 3.9s | Elapsed: 0.5h | ETA: 116m | LR: 0.000271
Epoch 1359/3000: 100%|█████████████| 16/16 [00:03<00:00,  4.06it/s, loss=0.0309]
Epoch 1359/3000 | Loss: 0.0397 | Best: 0.0259 | Time: 3.9s | Elapsed: 0.5h | ETA: 116m | LR: 0.000270
Epoch 1360/3000: 100%|█████████████| 16/16 [00:03<00:00,  4.10it/s, loss=0.0428]
Epoch 1360/3000 | Loss: 0.0532 | Best: 0.0259 | Time: 3.9s | Elapsed: 0.5h | ETA: 116m | LR: 0.000270
Epoch 1361/3000: 100%|█████████████| 16/16 [00:03<00:00,  4.10it/s, loss=0.0228]
Epoch 1361/3000 | Loss: 0.0495 | Best: 0.0259 | Time: 3.9s | Elapsed: 0.5h | ETA: 116m | LR: 0.000270
Epoch 1362/3000: 100%|█████████████| 16/16 [00:03<00:00,  4.08it/s, loss=0.0768]
Epoch 1362/3000 | Loss: 0.0441 | Best: 0.0259 | Time: 3.9s | Elapsed: 0.5h | ETA: 116m | LR: 0.000270
Epoch 1363/3000: 100%|█████████████| 16/16 [00:03<00:00,  4.07it/s, loss=0.0220]
Epoch 1363/3000 | Loss: 0.0401 | Best: 0.0259 | Time: 3.9s | Elapsed: 0.5h | ETA: 116m | LR: 0.000270
Epoch 1364/3000: 100%|█████████████| 16/16 [00:03<00:00,  4.11it/s, loss=0.0950]
Epoch 1364/3000 | Loss: 0.0456 | Best: 0.0259 | Time: 3.9s | Elapsed: 0.5h | ETA: 116m | LR: 0.000270
Epoch 1365/3000: 100%|█████████████| 16/16 [00:03<00:00,  4.06it/s, loss=0.0919]
Epoch 1365/3000 | Loss: 0.0438 | Best: 0.0259 | Time: 3.9s | Elapsed: 0.5h | ETA: 116m | LR: 0.000270
Epoch 1366/3000: 100%|█████████████| 16/16 [00:03<00:00,  4.12it/s, loss=0.0337]
Epoch 1366/3000 | Loss: 0.0440 | Best: 0.0259 | Time: 3.9s | Elapsed: 0.5h | ETA: 116m | LR: 0.000269
Epoch 1367/3000: 100%|█████████████| 16/16 [00:03<00:00,  4.02it/s, loss=0.0477]
Epoch 1367/3000 | Loss: 0.0390 | Best: 0.0259 | Time: 4.0s | Elapsed: 0.5h | ETA: 116m | LR: 0.000269
Epoch 1368/3000: 100%|█████████████| 16/16 [00:03<00:00,  4.03it/s, loss=0.0901]
Epoch 1368/3000 | Loss: 0.0527 | Best: 0.0259 | Time: 4.0s | Elapsed: 0.5h | ETA: 115m | LR: 0.000269
Epoch 1369/3000: 100%|█████████████| 16/16 [00:03<00:00,  4.09it/s, loss=0.0236]
Epoch 1369/3000 | Loss: 0.0696 | Best: 0.0259 | Time: 3.9s | Elapsed: 0.5h | ETA: 115m | LR: 0.000269
Epoch 1370/3000: 100%|█████████████| 16/16 [00:03<00:00,  4.06it/s, loss=0.0246]
Epoch 1370/3000 | Loss: 0.0479 | Best: 0.0259 | Time: 3.9s | Elapsed: 0.5h | ETA: 115m | LR: 0.000269
Epoch 1371/3000: 100%|█████████████| 16/16 [00:03<00:00,  4.11it/s, loss=0.0272]
Epoch 1371/3000 | Loss: 0.0401 | Best: 0.0259 | Time: 3.9s | Elapsed: 0.5h | ETA: 115m | LR: 0.000269
Epoch 1372/3000: 100%|█████████████| 16/16 [00:03<00:00,  4.06it/s, loss=0.0340]
Epoch 1372/3000 | Loss: 0.0364 | Best: 0.0259 | Time: 3.9s | Elapsed: 0.5h | ETA: 115m | LR: 0.000269
Epoch 1373/3000: 100%|█████████████| 16/16 [00:03<00:00,  4.14it/s, loss=0.0430]
Epoch 1373/3000 | Loss: 0.0429 | Best: 0.0259 | Time: 3.9s | Elapsed: 0.5h | ETA: 115m | LR: 0.000268
Epoch 1374/3000: 100%|█████████████| 16/16 [00:03<00:00,  4.11it/s, loss=0.0785]
Epoch 1374/3000 | Loss: 0.0440 | Best: 0.0259 | Time: 3.9s | Elapsed: 0.5h | ETA: 115m | LR: 0.000268
Epoch 1375/3000: 100%|█████████████| 16/16 [00:03<00:00,  4.03it/s, loss=0.0429]
Epoch 1375/3000 | Loss: 0.0522 | Best: 0.0259 | Time: 4.0s | Elapsed: 0.5h | ETA: 115m | LR: 0.000268
  Generating samples at epoch 1375...
DDIM Sampling: 100%|████████████████████████████| 50/50 [00:01<00:00, 25.01it/s]
DDIM Sampling: 100%|████████████████████████████| 50/50 [00:01<00:00, 25.10it/s]
DDIM Sampling: 100%|████████████████████████████| 50/50 [00:01<00:00, 25.14it/s]
Epoch 1376/3000: 100%|█████████████| 16/16 [00:03<00:00,  4.06it/s, loss=0.0796]
Epoch 1376/3000 | Loss: 0.0625 | Best: 0.0259 | Time: 3.9s | Elapsed: 0.5h | ETA: 115m | LR: 0.000268
Epoch 1377/3000: 100%|█████████████| 16/16 [00:03<00:00,  4.10it/s, loss=0.0294]
Epoch 1377/3000 | Loss: 0.0423 | Best: 0.0259 | Time: 3.9s | Elapsed: 0.5h | ETA: 115m | LR: 0.000268
Epoch 1378/3000: 100%|█████████████| 16/16 [00:03<00:00,  4.10it/s, loss=0.0182]
Epoch 1378/3000 | Loss: 0.0443 | Best: 0.0259 | Time: 3.9s | Elapsed: 0.6h | ETA: 115m | LR: 0.000268
Epoch 1379/3000: 100%|█████████████| 16/16 [00:03<00:00,  4.10it/s, loss=0.0392]
Epoch 1379/3000 | Loss: 0.0461 | Best: 0.0259 | Time: 3.9s | Elapsed: 0.6h | ETA: 114m | LR: 0.000268
Epoch 1380/3000: 100%|█████████████| 16/16 [00:03<00:00,  4.07it/s, loss=0.0071]
Epoch 1380/3000 | Loss: 0.0586 | Best: 0.0259 | Time: 3.9s | Elapsed: 0.6h | ETA: 114m | LR: 0.000267
Epoch 1381/3000: 100%|█████████████| 16/16 [00:03<00:00,  4.04it/s, loss=0.0564]
Epoch 1381/3000 | Loss: 0.0515 | Best: 0.0259 | Time: 4.0s | Elapsed: 0.6h | ETA: 114m | LR: 0.000267
Epoch 1382/3000: 100%|█████████████| 16/16 [00:03<00:00,  4.14it/s, loss=0.0477]
Epoch 1382/3000 | Loss: 0.0419 | Best: 0.0259 | Time: 3.9s | Elapsed: 0.6h | ETA: 114m | LR: 0.000267
Epoch 1383/3000: 100%|█████████████| 16/16 [00:03<00:00,  4.13it/s, loss=0.0186]
Epoch 1383/3000 | Loss: 0.0396 | Best: 0.0259 | Time: 3.9s | Elapsed: 0.6h | ETA: 114m | LR: 0.000267
Epoch 1384/3000: 100%|█████████████| 16/16 [00:03<00:00,  4.09it/s, loss=0.0544]
Epoch 1384/3000 | Loss: 0.0538 | Best: 0.0259 | Time: 3.9s | Elapsed: 0.6h | ETA: 114m | LR: 0.000267
Epoch 1385/3000: 100%|█████████████| 16/16 [00:03<00:00,  4.11it/s, loss=0.0253]
Epoch 1385/3000 | Loss: 0.0351 | Best: 0.0259 | Time: 3.9s | Elapsed: 0.6h | ETA: 114m | LR: 0.000267
Epoch 1386/3000: 100%|█████████████| 16/16 [00:03<00:00,  4.09it/s, loss=0.0179]
Epoch 1386/3000 | Loss: 0.0471 | Best: 0.0259 | Time: 3.9s | Elapsed: 0.6h | ETA: 114m | LR: 0.000267
Epoch 1387/3000: 100%|█████████████| 16/16 [00:03<00:00,  4.08it/s, loss=0.0574]
Epoch 1387/3000 | Loss: 0.0501 | Best: 0.0259 | Time: 3.9s | Elapsed: 0.6h | ETA: 114m | LR: 0.000266
Epoch 1388/3000: 100%|█████████████| 16/16 [00:03<00:00,  4.08it/s, loss=0.0169]
Epoch 1388/3000 | Loss: 0.0435 | Best: 0.0259 | Time: 3.9s | Elapsed: 0.6h | ETA: 114m | LR: 0.000266
Epoch 1389/3000: 100%|█████████████| 16/16 [00:03<00:00,  4.03it/s, loss=0.0542]
Epoch 1389/3000 | Loss: 0.0455 | Best: 0.0259 | Time: 4.0s | Elapsed: 0.6h | ETA: 114m | LR: 0.000266
Epoch 1390/3000: 100%|█████████████| 16/16 [00:03<00:00,  4.08it/s, loss=0.0242]
Epoch 1390/3000 | Loss: 0.0453 | Best: 0.0259 | Time: 3.9s | Elapsed: 0.6h | ETA: 114m | LR: 0.000266
Epoch 1391/3000: 100%|█████████████| 16/16 [00:03<00:00,  4.07it/s, loss=0.0254]
Epoch 1391/3000 | Loss: 0.0379 | Best: 0.0259 | Time: 3.9s | Elapsed: 0.6h | ETA: 113m | LR: 0.000266
Epoch 1392/3000: 100%|█████████████| 16/16 [00:03<00:00,  4.11it/s, loss=0.0366]
Epoch 1392/3000 | Loss: 0.0408 | Best: 0.0259 | Time: 3.9s | Elapsed: 0.6h | ETA: 113m | LR: 0.000266
Epoch 1393/3000: 100%|█████████████| 16/16 [00:03<00:00,  4.10it/s, loss=0.1465]
Epoch 1393/3000 | Loss: 0.0613 | Best: 0.0259 | Time: 3.9s | Elapsed: 0.6h | ETA: 113m | LR: 0.000266
Epoch 1394/3000: 100%|█████████████| 16/16 [00:03<00:00,  4.09it/s, loss=0.0664]
Epoch 1394/3000 | Loss: 0.0457 | Best: 0.0259 | Time: 3.9s | Elapsed: 0.6h | ETA: 113m | LR: 0.000265
Epoch 1395/3000: 100%|█████████████| 16/16 [00:03<00:00,  4.09it/s, loss=0.0096]
Epoch 1395/3000 | Loss: 0.0401 | Best: 0.0259 | Time: 3.9s | Elapsed: 0.6h | ETA: 113m | LR: 0.000265
Epoch 1396/3000: 100%|█████████████| 16/16 [00:03<00:00,  4.02it/s, loss=0.0636]
Epoch 1396/3000 | Loss: 0.0479 | Best: 0.0259 | Time: 4.0s | Elapsed: 0.6h | ETA: 113m | LR: 0.000265
Epoch 1397/3000: 100%|█████████████| 16/16 [00:03<00:00,  4.01it/s, loss=0.0385]
Epoch 1397/3000 | Loss: 0.0599 | Best: 0.0259 | Time: 4.0s | Elapsed: 0.6h | ETA: 113m | LR: 0.000265
Epoch 1398/3000: 100%|█████████████| 16/16 [00:03<00:00,  4.09it/s, loss=0.0119]
Epoch 1398/3000 | Loss: 0.0387 | Best: 0.0259 | Time: 3.9s | Elapsed: 0.6h | ETA: 113m | LR: 0.000265
Epoch 1399/3000: 100%|█████████████| 16/16 [00:03<00:00,  4.06it/s, loss=0.1241]
Epoch 1399/3000 | Loss: 0.0487 | Best: 0.0259 | Time: 3.9s | Elapsed: 0.6h | ETA: 113m | LR: 0.000265
Epoch 1400/3000: 100%|█████████████| 16/16 [00:03<00:00,  4.05it/s, loss=0.0092]
Epoch 1400/3000 | Loss: 0.0437 | Best: 0.0259 | Time: 4.0s | Elapsed: 0.6h | ETA: 113m | LR: 0.000265
  Generating samples at epoch 1400...
DDIM Sampling: 100%|████████████████████████████| 50/50 [00:01<00:00, 25.03it/s]
DDIM Sampling: 100%|████████████████████████████| 50/50 [00:01<00:00, 25.05it/s]
DDIM Sampling: 100%|████████████████████████████| 50/50 [00:01<00:00, 25.10it/s]
Epoch 1401/3000: 100%|█████████████| 16/16 [00:03<00:00,  4.10it/s, loss=0.0655]
Epoch 1401/3000 | Loss: 0.0460 | Best: 0.0259 | Time: 3.9s | Elapsed: 0.6h | ETA: 113m | LR: 0.000264
Epoch 1402/3000: 100%|█████████████| 16/16 [00:03<00:00,  4.04it/s, loss=0.0360]
Epoch 1402/3000 | Loss: 0.0458 | Best: 0.0259 | Time: 4.0s | Elapsed: 0.6h | ETA: 112m | LR: 0.000264
Epoch 1403/3000: 100%|█████████████| 16/16 [00:03<00:00,  4.03it/s, loss=0.0519]
Epoch 1403/3000 | Loss: 0.0380 | Best: 0.0259 | Time: 4.0s | Elapsed: 0.6h | ETA: 112m | LR: 0.000264
Epoch 1404/3000: 100%|█████████████| 16/16 [00:03<00:00,  4.10it/s, loss=0.0181]
Epoch 1404/3000 | Loss: 0.0437 | Best: 0.0259 | Time: 3.9s | Elapsed: 0.6h | ETA: 112m | LR: 0.000264
Epoch 1405/3000: 100%|█████████████| 16/16 [00:03<00:00,  4.06it/s, loss=0.0238]
Epoch 1405/3000 | Loss: 0.0356 | Best: 0.0259 | Time: 3.9s | Elapsed: 0.6h | ETA: 112m | LR: 0.000264
Epoch 1406/3000: 100%|█████████████| 16/16 [00:03<00:00,  4.09it/s, loss=0.0665]
Epoch 1406/3000 | Loss: 0.0356 | Best: 0.0259 | Time: 3.9s | Elapsed: 0.6h | ETA: 112m | LR: 0.000264
Epoch 1407/3000: 100%|█████████████| 16/16 [00:03<00:00,  4.13it/s, loss=0.0147]
Epoch 1407/3000 | Loss: 0.0368 | Best: 0.0259 | Time: 3.9s | Elapsed: 0.6h | ETA: 112m | LR: 0.000264
Epoch 1408/3000: 100%|█████████████| 16/16 [00:03<00:00,  4.07it/s, loss=0.1186]
Epoch 1408/3000 | Loss: 0.0535 | Best: 0.0259 | Time: 3.9s | Elapsed: 0.6h | ETA: 112m | LR: 0.000263
Epoch 1409/3000: 100%|█████████████| 16/16 [00:03<00:00,  4.10it/s, loss=0.0544]
Epoch 1409/3000 | Loss: 0.0413 | Best: 0.0259 | Time: 3.9s | Elapsed: 0.6h | ETA: 112m | LR: 0.000263
Epoch 1410/3000: 100%|█████████████| 16/16 [00:03<00:00,  4.05it/s, loss=0.0170]
Epoch 1410/3000 | Loss: 0.0378 | Best: 0.0259 | Time: 3.9s | Elapsed: 0.6h | ETA: 112m | LR: 0.000263
Epoch 1411/3000: 100%|█████████████| 16/16 [00:03<00:00,  4.09it/s, loss=0.0568]
Epoch 1411/3000 | Loss: 0.0439 | Best: 0.0259 | Time: 3.9s | Elapsed: 0.6h | ETA: 112m | LR: 0.000263
Epoch 1412/3000: 100%|█████████████| 16/16 [00:03<00:00,  4.08it/s, loss=0.0152]
Epoch 1412/3000 | Loss: 0.0338 | Best: 0.0259 | Time: 3.9s | Elapsed: 0.6h | ETA: 112m | LR: 0.000263
Epoch 1413/3000: 100%|█████████████| 16/16 [00:03<00:00,  4.11it/s, loss=0.0618]
Epoch 1413/3000 | Loss: 0.0456 | Best: 0.0259 | Time: 3.9s | Elapsed: 0.6h | ETA: 111m | LR: 0.000263
Epoch 1414/3000: 100%|█████████████| 16/16 [00:03<00:00,  4.10it/s, loss=0.0288]
Epoch 1414/3000 | Loss: 0.0389 | Best: 0.0259 | Time: 3.9s | Elapsed: 0.6h | ETA: 111m | LR: 0.000262
Epoch 1415/3000: 100%|█████████████| 16/16 [00:03<00:00,  4.04it/s, loss=0.0704]
Epoch 1415/3000 | Loss: 0.0392 | Best: 0.0259 | Time: 4.0s | Elapsed: 0.6h | ETA: 111m | LR: 0.000262
Epoch 1416/3000: 100%|█████████████| 16/16 [00:03<00:00,  4.09it/s, loss=0.0512]
Epoch 1416/3000 | Loss: 0.0503 | Best: 0.0259 | Time: 3.9s | Elapsed: 0.6h | ETA: 111m | LR: 0.000262
Epoch 1417/3000: 100%|█████████████| 16/16 [00:03<00:00,  4.12it/s, loss=0.0428]
Epoch 1417/3000 | Loss: 0.0652 | Best: 0.0259 | Time: 3.9s | Elapsed: 0.6h | ETA: 111m | LR: 0.000262
Epoch 1418/3000: 100%|█████████████| 16/16 [00:03<00:00,  4.14it/s, loss=0.0177]
Epoch 1418/3000 | Loss: 0.0475 | Best: 0.0259 | Time: 3.9s | Elapsed: 0.6h | ETA: 111m | LR: 0.000262
Epoch 1419/3000: 100%|█████████████| 16/16 [00:03<00:00,  4.10it/s, loss=0.0564]
Epoch 1419/3000 | Loss: 0.0400 | Best: 0.0259 | Time: 3.9s | Elapsed: 0.6h | ETA: 111m | LR: 0.000262
Epoch 1420/3000: 100%|█████████████| 16/16 [00:03<00:00,  4.05it/s, loss=0.0134]
Epoch 1420/3000 | Loss: 0.0440 | Best: 0.0259 | Time: 3.9s | Elapsed: 0.6h | ETA: 111m | LR: 0.000262
Epoch 1421/3000: 100%|█████████████| 16/16 [00:03<00:00,  4.09it/s, loss=0.0588]
Epoch 1421/3000 | Loss: 0.0505 | Best: 0.0259 | Time: 3.9s | Elapsed: 0.6h | ETA: 111m | LR: 0.000261
Epoch 1422/3000: 100%|█████████████| 16/16 [00:03<00:00,  4.12it/s, loss=0.0488]
Epoch 1422/3000 | Loss: 0.0446 | Best: 0.0259 | Time: 3.9s | Elapsed: 0.6h | ETA: 111m | LR: 0.000261
Epoch 1423/3000: 100%|█████████████| 16/16 [00:03<00:00,  4.11it/s, loss=0.0321]
Epoch 1423/3000 | Loss: 0.0559 | Best: 0.0259 | Time: 3.9s | Elapsed: 0.6h | ETA: 111m | LR: 0.000261
Epoch 1424/3000: 100%|█████████████| 16/16 [00:03<00:00,  4.11it/s, loss=0.0773]
Epoch 1424/3000 | Loss: 0.0387 | Best: 0.0259 | Time: 3.9s | Elapsed: 0.6h | ETA: 111m | LR: 0.000261
Epoch 1425/3000: 100%|█████████████| 16/16 [00:03<00:00,  4.07it/s, loss=0.0501]
Epoch 1425/3000 | Loss: 0.0481 | Best: 0.0259 | Time: 3.9s | Elapsed: 0.6h | ETA: 110m | LR: 0.000261
  Generating samples at epoch 1425...
DDIM Sampling: 100%|████████████████████████████| 50/50 [00:01<00:00, 25.13it/s]
DDIM Sampling: 100%|████████████████████████████| 50/50 [00:01<00:00, 25.07it/s]
DDIM Sampling: 100%|████████████████████████████| 50/50 [00:01<00:00, 25.07it/s]
Epoch 1426/3000: 100%|█████████████| 16/16 [00:03<00:00,  4.11it/s, loss=0.0470]
Epoch 1426/3000 | Loss: 0.0459 | Best: 0.0259 | Time: 3.9s | Elapsed: 0.6h | ETA: 110m | LR: 0.000261
Epoch 1427/3000: 100%|█████████████| 16/16 [00:03<00:00,  4.04it/s, loss=0.0373]
Epoch 1427/3000 | Loss: 0.0469 | Best: 0.0259 | Time: 4.0s | Elapsed: 0.6h | ETA: 110m | LR: 0.000260
Epoch 1428/3000: 100%|█████████████| 16/16 [00:03<00:00,  4.07it/s, loss=0.0250]
Epoch 1428/3000 | Loss: 0.0500 | Best: 0.0259 | Time: 3.9s | Elapsed: 0.6h | ETA: 110m | LR: 0.000260
Epoch 1429/3000: 100%|█████████████| 16/16 [00:03<00:00,  4.06it/s, loss=0.0631]
Epoch 1429/3000 | Loss: 0.0520 | Best: 0.0259 | Time: 3.9s | Elapsed: 0.6h | ETA: 110m | LR: 0.000260
Epoch 1430/3000: 100%|█████████████| 16/16 [00:03<00:00,  4.11it/s, loss=0.0067]
Epoch 1430/3000 | Loss: 0.0488 | Best: 0.0259 | Time: 3.9s | Elapsed: 0.6h | ETA: 110m | LR: 0.000260
Epoch 1431/3000: 100%|█████████████| 16/16 [00:03<00:00,  4.05it/s, loss=0.0814]
Epoch 1431/3000 | Loss: 0.0436 | Best: 0.0259 | Time: 4.0s | Elapsed: 0.6h | ETA: 110m | LR: 0.000260
Epoch 1432/3000: 100%|█████████████| 16/16 [00:03<00:00,  4.08it/s, loss=0.0296]
Epoch 1432/3000 | Loss: 0.0379 | Best: 0.0259 | Time: 3.9s | Elapsed: 0.6h | ETA: 110m | LR: 0.000260
Epoch 1433/3000: 100%|█████████████| 16/16 [00:03<00:00,  4.06it/s, loss=0.0297]
Epoch 1433/3000 | Loss: 0.0510 | Best: 0.0259 | Time: 3.9s | Elapsed: 0.6h | ETA: 110m | LR: 0.000260
Epoch 1434/3000: 100%|█████████████| 16/16 [00:03<00:00,  4.08it/s, loss=0.0607]
Epoch 1434/3000 | Loss: 0.0471 | Best: 0.0259 | Time: 3.9s | Elapsed: 0.6h | ETA: 110m | LR: 0.000259
Epoch 1435/3000: 100%|█████████████| 16/16 [00:03<00:00,  4.09it/s, loss=0.0701]
Epoch 1435/3000 | Loss: 0.0415 | Best: 0.0259 | Time: 3.9s | Elapsed: 0.6h | ETA: 110m | LR: 0.000259
Epoch 1436/3000: 100%|█████████████| 16/16 [00:03<00:00,  4.04it/s, loss=0.0260]
Epoch 1436/3000 | Loss: 0.0532 | Best: 0.0259 | Time: 4.0s | Elapsed: 0.6h | ETA: 110m | LR: 0.000259
Epoch 1437/3000: 100%|█████████████| 16/16 [00:03<00:00,  4.06it/s, loss=0.1570]
Epoch 1437/3000 | Loss: 0.0580 | Best: 0.0259 | Time: 3.9s | Elapsed: 0.6h | ETA: 109m | LR: 0.000259
Epoch 1438/3000: 100%|█████████████| 16/16 [00:03<00:00,  4.09it/s, loss=0.0375]
Epoch 1438/3000 | Loss: 0.0431 | Best: 0.0259 | Time: 3.9s | Elapsed: 0.6h | ETA: 109m | LR: 0.000259
Epoch 1439/3000: 100%|█████████████| 16/16 [00:03<00:00,  4.05it/s, loss=0.0321]
Epoch 1439/3000 | Loss: 0.0288 | Best: 0.0259 | Time: 3.9s | Elapsed: 0.6h | ETA: 109m | LR: 0.000259
Epoch 1440/3000: 100%|█████████████| 16/16 [00:03<00:00,  4.05it/s, loss=0.0496]
Epoch 1440/3000 | Loss: 0.0392 | Best: 0.0259 | Time: 4.0s | Elapsed: 0.6h | ETA: 109m | LR: 0.000258
Epoch 1441/3000: 100%|█████████████| 16/16 [00:03<00:00,  4.06it/s, loss=0.0240]
Epoch 1441/3000 | Loss: 0.0406 | Best: 0.0259 | Time: 3.9s | Elapsed: 0.6h | ETA: 109m | LR: 0.000258
Epoch 1442/3000: 100%|█████████████| 16/16 [00:03<00:00,  4.06it/s, loss=0.0675]
Epoch 1442/3000 | Loss: 0.0484 | Best: 0.0259 | Time: 3.9s | Elapsed: 0.6h | ETA: 109m | LR: 0.000258
Epoch 1443/3000: 100%|█████████████| 16/16 [00:03<00:00,  4.10it/s, loss=0.0413]
Epoch 1443/3000 | Loss: 0.0414 | Best: 0.0259 | Time: 3.9s | Elapsed: 0.6h | ETA: 109m | LR: 0.000258
Epoch 1444/3000: 100%|█████████████| 16/16 [00:03<00:00,  4.03it/s, loss=0.0731]
Epoch 1444/3000 | Loss: 0.0461 | Best: 0.0259 | Time: 4.0s | Elapsed: 0.6h | ETA: 109m | LR: 0.000258
Epoch 1445/3000: 100%|█████████████| 16/16 [00:03<00:00,  4.09it/s, loss=0.0514]
Epoch 1445/3000 | Loss: 0.0583 | Best: 0.0259 | Time: 3.9s | Elapsed: 0.6h | ETA: 109m | LR: 0.000258
Epoch 1446/3000: 100%|█████████████| 16/16 [00:03<00:00,  4.04it/s, loss=0.0290]
Epoch 1446/3000 | Loss: 0.0483 | Best: 0.0259 | Time: 4.0s | Elapsed: 0.6h | ETA: 109m | LR: 0.000258
Epoch 1447/3000: 100%|█████████████| 16/16 [00:03<00:00,  4.03it/s, loss=0.0361]
Epoch 1447/3000 | Loss: 0.0388 | Best: 0.0259 | Time: 4.0s | Elapsed: 0.6h | ETA: 109m | LR: 0.000257
Epoch 1448/3000: 100%|█████████████| 16/16 [00:03<00:00,  4.12it/s, loss=0.0354]
Epoch 1448/3000 | Loss: 0.0502 | Best: 0.0259 | Time: 3.9s | Elapsed: 0.6h | ETA: 109m | LR: 0.000257
Epoch 1449/3000: 100%|█████████████| 16/16 [00:04<00:00,  3.99it/s, loss=0.0337]
Epoch 1449/3000 | Loss: 0.0528 | Best: 0.0259 | Time: 4.0s | Elapsed: 0.6h | ETA: 108m | LR: 0.000257
Epoch 1450/3000: 100%|█████████████| 16/16 [00:03<00:00,  4.08it/s, loss=0.0305]
Epoch 1450/3000 | Loss: 0.0514 | Best: 0.0259 | Time: 3.9s | Elapsed: 0.6h | ETA: 108m | LR: 0.000257
  Generating samples at epoch 1450...
DDIM Sampling: 100%|████████████████████████████| 50/50 [00:01<00:00, 25.08it/s]
DDIM Sampling: 100%|████████████████████████████| 50/50 [00:01<00:00, 25.05it/s]
DDIM Sampling: 100%|████████████████████████████| 50/50 [00:01<00:00, 25.12it/s]
Epoch 1451/3000: 100%|█████████████| 16/16 [00:03<00:00,  4.08it/s, loss=0.0433]
Epoch 1451/3000 | Loss: 0.0380 | Best: 0.0259 | Time: 3.9s | Elapsed: 0.6h | ETA: 108m | LR: 0.000257
Epoch 1452/3000: 100%|█████████████| 16/16 [00:03<00:00,  4.11it/s, loss=0.0640]
Epoch 1452/3000 | Loss: 0.0458 | Best: 0.0259 | Time: 3.9s | Elapsed: 0.6h | ETA: 108m | LR: 0.000257
Epoch 1453/3000: 100%|█████████████| 16/16 [00:03<00:00,  4.05it/s, loss=0.0526]
Epoch 1453/3000 | Loss: 0.0576 | Best: 0.0259 | Time: 4.0s | Elapsed: 0.6h | ETA: 108m | LR: 0.000256
Epoch 1454/3000: 100%|█████████████| 16/16 [00:03<00:00,  4.11it/s, loss=0.0402]
Epoch 1454/3000 | Loss: 0.0556 | Best: 0.0259 | Time: 3.9s | Elapsed: 0.6h | ETA: 108m | LR: 0.000256
Epoch 1455/3000: 100%|█████████████| 16/16 [00:03<00:00,  4.08it/s, loss=0.0331]
Epoch 1455/3000 | Loss: 0.0458 | Best: 0.0259 | Time: 3.9s | Elapsed: 0.6h | ETA: 108m | LR: 0.000256
Epoch 1456/3000: 100%|█████████████| 16/16 [00:03<00:00,  4.03it/s, loss=0.0394]
Epoch 1456/3000 | Loss: 0.0514 | Best: 0.0259 | Time: 4.0s | Elapsed: 0.6h | ETA: 108m | LR: 0.000256
Epoch 1457/3000: 100%|█████████████| 16/16 [00:03<00:00,  4.10it/s, loss=0.0316]
Epoch 1457/3000 | Loss: 0.0456 | Best: 0.0259 | Time: 3.9s | Elapsed: 0.6h | ETA: 108m | LR: 0.000256
Epoch 1458/3000: 100%|█████████████| 16/16 [00:03<00:00,  4.10it/s, loss=0.0362]
Epoch 1458/3000 | Loss: 0.0533 | Best: 0.0259 | Time: 3.9s | Elapsed: 0.6h | ETA: 108m | LR: 0.000256
Epoch 1459/3000: 100%|█████████████| 16/16 [00:03<00:00,  4.08it/s, loss=0.0477]
Epoch 1459/3000 | Loss: 0.0556 | Best: 0.0259 | Time: 3.9s | Elapsed: 0.6h | ETA: 108m | LR: 0.000255
Epoch 1460/3000: 100%|█████████████| 16/16 [00:03<00:00,  4.04it/s, loss=0.0129]
Epoch 1460/3000 | Loss: 0.0480 | Best: 0.0259 | Time: 4.0s | Elapsed: 0.6h | ETA: 108m | LR: 0.000255
Epoch 1461/3000: 100%|█████████████| 16/16 [00:03<00:00,  4.09it/s, loss=0.0724]
Epoch 1461/3000 | Loss: 0.0523 | Best: 0.0259 | Time: 3.9s | Elapsed: 0.6h | ETA: 107m | LR: 0.000255
Epoch 1462/3000: 100%|█████████████| 16/16 [00:03<00:00,  4.07it/s, loss=0.0049]
Epoch 1462/3000 | Loss: 0.0374 | Best: 0.0259 | Time: 3.9s | Elapsed: 0.6h | ETA: 107m | LR: 0.000255
Epoch 1463/3000: 100%|█████████████| 16/16 [00:04<00:00,  3.97it/s, loss=0.0726]
Epoch 1463/3000 | Loss: 0.0478 | Best: 0.0259 | Time: 4.0s | Elapsed: 0.6h | ETA: 107m | LR: 0.000255
Epoch 1464/3000: 100%|█████████████| 16/16 [00:03<00:00,  4.08it/s, loss=0.0865]
Epoch 1464/3000 | Loss: 0.0394 | Best: 0.0259 | Time: 3.9s | Elapsed: 0.7h | ETA: 107m | LR: 0.000255
Epoch 1465/3000: 100%|█████████████| 16/16 [00:03<00:00,  4.04it/s, loss=0.1150]
Epoch 1465/3000 | Loss: 0.0607 | Best: 0.0259 | Time: 4.0s | Elapsed: 0.7h | ETA: 107m | LR: 0.000254
Epoch 1466/3000: 100%|█████████████| 16/16 [00:03<00:00,  4.07it/s, loss=0.0747]
Epoch 1466/3000 | Loss: 0.0442 | Best: 0.0259 | Time: 3.9s | Elapsed: 0.7h | ETA: 107m | LR: 0.000254
Epoch 1467/3000: 100%|█████████████| 16/16 [00:03<00:00,  4.07it/s, loss=0.0085]
Epoch 1467/3000 | Loss: 0.0509 | Best: 0.0259 | Time: 3.9s | Elapsed: 0.7h | ETA: 107m | LR: 0.000254
Epoch 1468/3000: 100%|█████████████| 16/16 [00:03<00:00,  4.05it/s, loss=0.0893]
Epoch 1468/3000 | Loss: 0.0408 | Best: 0.0259 | Time: 4.0s | Elapsed: 0.7h | ETA: 107m | LR: 0.000254
Epoch 1469/3000: 100%|█████████████| 16/16 [00:03<00:00,  4.08it/s, loss=0.0331]
Epoch 1469/3000 | Loss: 0.0414 | Best: 0.0259 | Time: 3.9s | Elapsed: 0.7h | ETA: 107m | LR: 0.000254
Epoch 1470/3000: 100%|█████████████| 16/16 [00:03<00:00,  4.08it/s, loss=0.0420]
Epoch 1470/3000 | Loss: 0.0320 | Best: 0.0259 | Time: 3.9s | Elapsed: 0.7h | ETA: 107m | LR: 0.000254
Epoch 1471/3000: 100%|█████████████| 16/16 [00:03<00:00,  4.03it/s, loss=0.0498]
Epoch 1471/3000 | Loss: 0.0456 | Best: 0.0259 | Time: 4.0s | Elapsed: 0.7h | ETA: 107m | LR: 0.000253
Epoch 1472/3000: 100%|█████████████| 16/16 [00:03<00:00,  4.09it/s, loss=0.0647]
Epoch 1472/3000 | Loss: 0.0357 | Best: 0.0259 | Time: 3.9s | Elapsed: 0.7h | ETA: 107m | LR: 0.000253
Epoch 1473/3000: 100%|█████████████| 16/16 [00:03<00:00,  4.06it/s, loss=0.1245]
Epoch 1473/3000 | Loss: 0.0491 | Best: 0.0259 | Time: 3.9s | Elapsed: 0.7h | ETA: 106m | LR: 0.000253
Epoch 1474/3000: 100%|█████████████| 16/16 [00:03<00:00,  4.08it/s, loss=0.0371]
Epoch 1474/3000 | Loss: 0.0380 | Best: 0.0259 | Time: 3.9s | Elapsed: 0.7h | ETA: 106m | LR: 0.000253
Epoch 1475/3000: 100%|█████████████| 16/16 [00:03<00:00,  4.07it/s, loss=0.0875]
Epoch 1475/3000 | Loss: 0.0585 | Best: 0.0259 | Time: 3.9s | Elapsed: 0.7h | ETA: 106m | LR: 0.000253
  Generating samples at epoch 1475...
DDIM Sampling: 100%|████████████████████████████| 50/50 [00:01<00:00, 25.13it/s]
DDIM Sampling: 100%|████████████████████████████| 50/50 [00:01<00:00, 25.13it/s]
DDIM Sampling: 100%|████████████████████████████| 50/50 [00:01<00:00, 25.22it/s]
Epoch 1476/3000: 100%|█████████████| 16/16 [00:03<00:00,  4.09it/s, loss=0.0702]
Epoch 1476/3000 | Loss: 0.0613 | Best: 0.0259 | Time: 3.9s | Elapsed: 0.7h | ETA: 106m | LR: 0.000253
Epoch 1477/3000: 100%|█████████████| 16/16 [00:03<00:00,  4.11it/s, loss=0.0404]
Epoch 1477/3000 | Loss: 0.0440 | Best: 0.0259 | Time: 3.9s | Elapsed: 0.7h | ETA: 106m | LR: 0.000252
Epoch 1478/3000: 100%|█████████████| 16/16 [00:03<00:00,  4.10it/s, loss=0.0161]
Epoch 1478/3000 | Loss: 0.0402 | Best: 0.0259 | Time: 3.9s | Elapsed: 0.7h | ETA: 106m | LR: 0.000252
Epoch 1479/3000: 100%|█████████████| 16/16 [00:03<00:00,  4.10it/s, loss=0.0469]
Epoch 1479/3000 | Loss: 0.0419 | Best: 0.0259 | Time: 3.9s | Elapsed: 0.7h | ETA: 106m | LR: 0.000252
Epoch 1480/3000: 100%|█████████████| 16/16 [00:03<00:00,  4.07it/s, loss=0.0218]
Epoch 1480/3000 | Loss: 0.0438 | Best: 0.0259 | Time: 3.9s | Elapsed: 0.7h | ETA: 106m | LR: 0.000252
Epoch 1481/3000: 100%|█████████████| 16/16 [00:03<00:00,  4.08it/s, loss=0.0120]
Epoch 1481/3000 | Loss: 0.0406 | Best: 0.0259 | Time: 3.9s | Elapsed: 0.7h | ETA: 106m | LR: 0.000252
Epoch 1482/3000: 100%|█████████████| 16/16 [00:03<00:00,  4.08it/s, loss=0.0233]
Epoch 1482/3000 | Loss: 0.0498 | Best: 0.0259 | Time: 3.9s | Elapsed: 0.7h | ETA: 106m | LR: 0.000252
Epoch 1483/3000: 100%|█████████████| 16/16 [00:03<00:00,  4.13it/s, loss=0.1331]
Epoch 1483/3000 | Loss: 0.0584 | Best: 0.0259 | Time: 3.9s | Elapsed: 0.7h | ETA: 106m | LR: 0.000251
Epoch 1484/3000: 100%|█████████████| 16/16 [00:03<00:00,  4.09it/s, loss=0.0198]
Epoch 1484/3000 | Loss: 0.0516 | Best: 0.0259 | Time: 3.9s | Elapsed: 0.7h | ETA: 106m | LR: 0.000251
Epoch 1485/3000: 100%|█████████████| 16/16 [00:03<00:00,  4.07it/s, loss=0.0249]
Epoch 1485/3000 | Loss: 0.0390 | Best: 0.0259 | Time: 3.9s | Elapsed: 0.7h | ETA: 105m | LR: 0.000251
Epoch 1486/3000: 100%|█████████████| 16/16 [00:03<00:00,  4.12it/s, loss=0.0623]
Epoch 1486/3000 | Loss: 0.0566 | Best: 0.0259 | Time: 3.9s | Elapsed: 0.7h | ETA: 105m | LR: 0.000251
Epoch 1487/3000: 100%|█████████████| 16/16 [00:03<00:00,  4.07it/s, loss=0.0259]
Epoch 1487/3000 | Loss: 0.0438 | Best: 0.0259 | Time: 3.9s | Elapsed: 0.7h | ETA: 105m | LR: 0.000251
Epoch 1488/3000: 100%|█████████████| 16/16 [00:03<00:00,  4.10it/s, loss=0.0196]
Epoch 1488/3000 | Loss: 0.0501 | Best: 0.0259 | Time: 3.9s | Elapsed: 0.7h | ETA: 105m | LR: 0.000251
Epoch 1489/3000: 100%|█████████████| 16/16 [00:03<00:00,  4.03it/s, loss=0.0531]
Epoch 1489/3000 | Loss: 0.0511 | Best: 0.0259 | Time: 4.0s | Elapsed: 0.7h | ETA: 105m | LR: 0.000250
Epoch 1490/3000: 100%|█████████████| 16/16 [00:03<00:00,  4.04it/s, loss=0.0092]
Epoch 1490/3000 | Loss: 0.0397 | Best: 0.0259 | Time: 4.0s | Elapsed: 0.7h | ETA: 105m | LR: 0.000250
Epoch 1491/3000: 100%|█████████████| 16/16 [00:03<00:00,  4.07it/s, loss=0.0856]
Epoch 1491/3000 | Loss: 0.0570 | Best: 0.0259 | Time: 3.9s | Elapsed: 0.7h | ETA: 105m | LR: 0.000250
Epoch 1492/3000: 100%|█████████████| 16/16 [00:03<00:00,  4.09it/s, loss=0.0644]
Epoch 1492/3000 | Loss: 0.0479 | Best: 0.0259 | Time: 3.9s | Elapsed: 0.7h | ETA: 105m | LR: 0.000250
Epoch 1493/3000: 100%|█████████████| 16/16 [00:03<00:00,  4.02it/s, loss=0.0431]
Epoch 1493/3000 | Loss: 0.0597 | Best: 0.0259 | Time: 4.0s | Elapsed: 0.7h | ETA: 105m | LR: 0.000250
Epoch 1494/3000: 100%|█████████████| 16/16 [00:03<00:00,  4.02it/s, loss=0.0228]
Epoch 1494/3000 | Loss: 0.0446 | Best: 0.0259 | Time: 4.0s | Elapsed: 0.7h | ETA: 105m | LR: 0.000250
Epoch 1495/3000: 100%|█████████████| 16/16 [00:03<00:00,  4.08it/s, loss=0.0362]
Epoch 1495/3000 | Loss: 0.0544 | Best: 0.0259 | Time: 3.9s | Elapsed: 0.7h | ETA: 105m | LR: 0.000249
Epoch 1496/3000: 100%|█████████████| 16/16 [00:03<00:00,  4.08it/s, loss=0.0723]
Epoch 1496/3000 | Loss: 0.0455 | Best: 0.0259 | Time: 3.9s | Elapsed: 0.7h | ETA: 105m | LR: 0.000249
Epoch 1497/3000: 100%|█████████████| 16/16 [00:03<00:00,  4.06it/s, loss=0.0301]
Epoch 1497/3000 | Loss: 0.0602 | Best: 0.0259 | Time: 3.9s | Elapsed: 0.7h | ETA: 105m | LR: 0.000249
Epoch 1498/3000: 100%|█████████████| 16/16 [00:03<00:00,  4.11it/s, loss=0.0462]
Epoch 1498/3000 | Loss: 0.0647 | Best: 0.0259 | Time: 3.9s | Elapsed: 0.7h | ETA: 104m | LR: 0.000249
Epoch 1499/3000: 100%|█████████████| 16/16 [00:03<00:00,  4.08it/s, loss=0.0382]
Epoch 1499/3000 | Loss: 0.0389 | Best: 0.0259 | Time: 3.9s | Elapsed: 0.7h | ETA: 104m | LR: 0.000249
Epoch 1500/3000: 100%|█████████████| 16/16 [00:03<00:00,  4.09it/s, loss=0.0470]
Epoch 1500/3000 | Loss: 0.0522 | Best: 0.0259 | Time: 3.9s | Elapsed: 0.7h | ETA: 104m | LR: 0.000249
  Generating samples at epoch 1500...
DDIM Sampling: 100%|████████████████████████████| 50/50 [00:01<00:00, 25.13it/s]
DDIM Sampling: 100%|████████████████████████████| 50/50 [00:01<00:00, 25.08it/s]
DDIM Sampling: 100%|████████████████████████████| 50/50 [00:01<00:00, 25.20it/s]
Epoch 1501/3000: 100%|█████████████| 16/16 [00:03<00:00,  4.14it/s, loss=0.0401]
Epoch 1501/3000 | Loss: 0.0389 | Best: 0.0259 | Time: 3.9s | Elapsed: 0.7h | ETA: 104m | LR: 0.000248
Epoch 1502/3000: 100%|█████████████| 16/16 [00:03<00:00,  4.12it/s, loss=0.0174]
Epoch 1502/3000 | Loss: 0.0493 | Best: 0.0259 | Time: 3.9s | Elapsed: 0.7h | ETA: 104m | LR: 0.000248
Epoch 1503/3000: 100%|█████████████| 16/16 [00:03<00:00,  4.08it/s, loss=0.0344]
Epoch 1503/3000 | Loss: 0.0440 | Best: 0.0259 | Time: 3.9s | Elapsed: 0.7h | ETA: 104m | LR: 0.000248
Epoch 1504/3000: 100%|█████████████| 16/16 [00:03<00:00,  4.09it/s, loss=0.1249]
Epoch 1504/3000 | Loss: 0.0623 | Best: 0.0259 | Time: 3.9s | Elapsed: 0.7h | ETA: 104m | LR: 0.000248
Epoch 1505/3000: 100%|█████████████| 16/16 [00:03<00:00,  4.08it/s, loss=0.0966]
Epoch 1505/3000 | Loss: 0.0601 | Best: 0.0259 | Time: 3.9s | Elapsed: 0.7h | ETA: 104m | LR: 0.000248
Epoch 1506/3000: 100%|█████████████| 16/16 [00:03<00:00,  4.10it/s, loss=0.0119]
Epoch 1506/3000 | Loss: 0.0541 | Best: 0.0259 | Time: 3.9s | Elapsed: 0.7h | ETA: 104m | LR: 0.000248
Epoch 1507/3000: 100%|█████████████| 16/16 [00:03<00:00,  4.03it/s, loss=0.0124]
Epoch 1507/3000 | Loss: 0.0487 | Best: 0.0259 | Time: 4.0s | Elapsed: 0.7h | ETA: 104m | LR: 0.000247
Epoch 1508/3000: 100%|█████████████| 16/16 [00:03<00:00,  4.05it/s, loss=0.0496]
Epoch 1508/3000 | Loss: 0.0501 | Best: 0.0259 | Time: 3.9s | Elapsed: 0.7h | ETA: 104m | LR: 0.000247
Epoch 1509/3000: 100%|█████████████| 16/16 [00:03<00:00,  4.08it/s, loss=0.0317]
Epoch 1509/3000 | Loss: 0.0477 | Best: 0.0259 | Time: 3.9s | Elapsed: 0.7h | ETA: 104m | LR: 0.000247
Epoch 1510/3000: 100%|█████████████| 16/16 [00:03<00:00,  4.06it/s, loss=0.0226]
Epoch 1510/3000 | Loss: 0.0370 | Best: 0.0259 | Time: 3.9s | Elapsed: 0.7h | ETA: 103m | LR: 0.000247
Epoch 1511/3000: 100%|█████████████| 16/16 [00:03<00:00,  4.08it/s, loss=0.0310]
Epoch 1511/3000 | Loss: 0.0503 | Best: 0.0259 | Time: 3.9s | Elapsed: 0.7h | ETA: 103m | LR: 0.000247
Epoch 1512/3000: 100%|█████████████| 16/16 [00:03<00:00,  4.10it/s, loss=0.0107]
Epoch 1512/3000 | Loss: 0.0486 | Best: 0.0259 | Time: 3.9s | Elapsed: 0.7h | ETA: 103m | LR: 0.000246
Epoch 1513/3000: 100%|█████████████| 16/16 [00:03<00:00,  4.04it/s, loss=0.0115]
Epoch 1513/3000 | Loss: 0.0392 | Best: 0.0259 | Time: 4.0s | Elapsed: 0.7h | ETA: 103m | LR: 0.000246
Epoch 1514/3000: 100%|█████████████| 16/16 [00:03<00:00,  4.05it/s, loss=0.0526]
Epoch 1514/3000 | Loss: 0.0541 | Best: 0.0259 | Time: 4.0s | Elapsed: 0.7h | ETA: 103m | LR: 0.000246
Epoch 1515/3000: 100%|█████████████| 16/16 [00:03<00:00,  4.02it/s, loss=0.0853]
Epoch 1515/3000 | Loss: 0.0377 | Best: 0.0259 | Time: 4.0s | Elapsed: 0.7h | ETA: 103m | LR: 0.000246
Epoch 1516/3000: 100%|█████████████| 16/16 [00:03<00:00,  4.04it/s, loss=0.0151]
Epoch 1516/3000 | Loss: 0.0386 | Best: 0.0259 | Time: 4.0s | Elapsed: 0.7h | ETA: 103m | LR: 0.000246
Epoch 1517/3000: 100%|█████████████| 16/16 [00:03<00:00,  4.06it/s, loss=0.0246]
Epoch 1517/3000 | Loss: 0.0424 | Best: 0.0259 | Time: 3.9s | Elapsed: 0.7h | ETA: 103m | LR: 0.000246
Epoch 1518/3000: 100%|█████████████| 16/16 [00:03<00:00,  4.05it/s, loss=0.1277]
Epoch 1518/3000 | Loss: 0.0479 | Best: 0.0259 | Time: 3.9s | Elapsed: 0.7h | ETA: 103m | LR: 0.000245
Epoch 1519/3000: 100%|█████████████| 16/16 [00:03<00:00,  4.09it/s, loss=0.1244]
Epoch 1519/3000 | Loss: 0.0496 | Best: 0.0259 | Time: 3.9s | Elapsed: 0.7h | ETA: 103m | LR: 0.000245
Epoch 1520/3000: 100%|█████████████| 16/16 [00:03<00:00,  4.07it/s, loss=0.0431]
Epoch 1520/3000 | Loss: 0.0450 | Best: 0.0259 | Time: 3.9s | Elapsed: 0.7h | ETA: 103m | LR: 0.000245
Epoch 1521/3000: 100%|█████████████| 16/16 [00:03<00:00,  4.07it/s, loss=0.0298]
Epoch 1521/3000 | Loss: 0.0535 | Best: 0.0259 | Time: 3.9s | Elapsed: 0.7h | ETA: 103m | LR: 0.000245
Epoch 1522/3000: 100%|█████████████| 16/16 [00:03<00:00,  4.10it/s, loss=0.0732]
Epoch 1522/3000 | Loss: 0.0503 | Best: 0.0259 | Time: 3.9s | Elapsed: 0.7h | ETA: 103m | LR: 0.000245
Epoch 1523/3000: 100%|█████████████| 16/16 [00:03<00:00,  4.06it/s, loss=0.0460]
Epoch 1523/3000 | Loss: 0.0408 | Best: 0.0259 | Time: 3.9s | Elapsed: 0.7h | ETA: 102m | LR: 0.000245
Epoch 1524/3000: 100%|█████████████| 16/16 [00:03<00:00,  4.07it/s, loss=0.0230]
Epoch 1524/3000 | Loss: 0.0577 | Best: 0.0259 | Time: 3.9s | Elapsed: 0.7h | ETA: 102m | LR: 0.000244
Epoch 1525/3000: 100%|█████████████| 16/16 [00:03<00:00,  4.08it/s, loss=0.0410]
Epoch 1525/3000 | Loss: 0.0557 | Best: 0.0259 | Time: 3.9s | Elapsed: 0.7h | ETA: 102m | LR: 0.000244
  Generating samples at epoch 1525...
DDIM Sampling: 100%|████████████████████████████| 50/50 [00:02<00:00, 24.98it/s]
DDIM Sampling: 100%|████████████████████████████| 50/50 [00:01<00:00, 25.11it/s]
DDIM Sampling: 100%|████████████████████████████| 50/50 [00:01<00:00, 25.05it/s]
Epoch 1526/3000: 100%|█████████████| 16/16 [00:03<00:00,  4.06it/s, loss=0.0192]
Epoch 1526/3000 | Loss: 0.0478 | Best: 0.0259 | Time: 3.9s | Elapsed: 0.7h | ETA: 102m | LR: 0.000244
Epoch 1527/3000: 100%|█████████████| 16/16 [00:03<00:00,  4.08it/s, loss=0.0391]
Epoch 1527/3000 | Loss: 0.0636 | Best: 0.0259 | Time: 3.9s | Elapsed: 0.7h | ETA: 102m | LR: 0.000244
Epoch 1528/3000: 100%|█████████████| 16/16 [00:03<00:00,  4.07it/s, loss=0.0346]
Epoch 1528/3000 | Loss: 0.0359 | Best: 0.0259 | Time: 3.9s | Elapsed: 0.7h | ETA: 102m | LR: 0.000244
Epoch 1529/3000: 100%|█████████████| 16/16 [00:03<00:00,  4.02it/s, loss=0.0060]
Epoch 1529/3000 | Loss: 0.0376 | Best: 0.0259 | Time: 4.0s | Elapsed: 0.7h | ETA: 102m | LR: 0.000243
Epoch 1530/3000: 100%|█████████████| 16/16 [00:03<00:00,  4.08it/s, loss=0.0370]
Epoch 1530/3000 | Loss: 0.0432 | Best: 0.0259 | Time: 3.9s | Elapsed: 0.7h | ETA: 102m | LR: 0.000243
Epoch 1531/3000: 100%|█████████████| 16/16 [00:03<00:00,  4.09it/s, loss=0.0261]
Epoch 1531/3000 | Loss: 0.0398 | Best: 0.0259 | Time: 3.9s | Elapsed: 0.7h | ETA: 102m | LR: 0.000243
Epoch 1532/3000: 100%|█████████████| 16/16 [00:03<00:00,  4.11it/s, loss=0.0542]
Epoch 1532/3000 | Loss: 0.0450 | Best: 0.0259 | Time: 3.9s | Elapsed: 0.7h | ETA: 102m | LR: 0.000243
Epoch 1533/3000: 100%|█████████████| 16/16 [00:03<00:00,  4.12it/s, loss=0.0430]
Epoch 1533/3000 | Loss: 0.0585 | Best: 0.0259 | Time: 3.9s | Elapsed: 0.7h | ETA: 102m | LR: 0.000243
Epoch 1534/3000: 100%|█████████████| 16/16 [00:03<00:00,  4.10it/s, loss=0.0881]
Epoch 1534/3000 | Loss: 0.0571 | Best: 0.0259 | Time: 3.9s | Elapsed: 0.7h | ETA: 102m | LR: 0.000243
Epoch 1535/3000: 100%|█████████████| 16/16 [00:03<00:00,  4.08it/s, loss=0.0593]
Epoch 1535/3000 | Loss: 0.0569 | Best: 0.0259 | Time: 3.9s | Elapsed: 0.7h | ETA: 101m | LR: 0.000242
Epoch 1536/3000: 100%|█████████████| 16/16 [00:03<00:00,  4.09it/s, loss=0.0435]
Epoch 1536/3000 | Loss: 0.0445 | Best: 0.0259 | Time: 3.9s | Elapsed: 0.7h | ETA: 101m | LR: 0.000242
Epoch 1537/3000: 100%|█████████████| 16/16 [00:04<00:00,  4.00it/s, loss=0.0703]
Epoch 1537/3000 | Loss: 0.0523 | Best: 0.0259 | Time: 4.0s | Elapsed: 0.7h | ETA: 101m | LR: 0.000242
Epoch 1538/3000: 100%|█████████████| 16/16 [00:03<00:00,  4.06it/s, loss=0.0105]
Epoch 1538/3000 | Loss: 0.0354 | Best: 0.0259 | Time: 3.9s | Elapsed: 0.7h | ETA: 101m | LR: 0.000242
Epoch 1539/3000: 100%|█████████████| 16/16 [00:04<00:00,  3.99it/s, loss=0.0246]
Epoch 1539/3000 | Loss: 0.0487 | Best: 0.0259 | Time: 4.0s | Elapsed: 0.7h | ETA: 101m | LR: 0.000242
Epoch 1540/3000: 100%|█████████████| 16/16 [00:03<00:00,  4.04it/s, loss=0.0111]
Epoch 1540/3000 | Loss: 0.0457 | Best: 0.0259 | Time: 4.0s | Elapsed: 0.7h | ETA: 101m | LR: 0.000241
Epoch 1541/3000: 100%|█████████████| 16/16 [00:03<00:00,  4.06it/s, loss=0.0671]
Epoch 1541/3000 | Loss: 0.0518 | Best: 0.0259 | Time: 3.9s | Elapsed: 0.7h | ETA: 101m | LR: 0.000241
Epoch 1542/3000: 100%|█████████████| 16/16 [00:04<00:00,  4.00it/s, loss=0.0203]
Epoch 1542/3000 | Loss: 0.0523 | Best: 0.0259 | Time: 4.0s | Elapsed: 0.7h | ETA: 101m | LR: 0.000241
Epoch 1543/3000: 100%|█████████████| 16/16 [00:03<00:00,  4.09it/s, loss=0.0319]
Epoch 1543/3000 | Loss: 0.0360 | Best: 0.0259 | Time: 3.9s | Elapsed: 0.7h | ETA: 101m | LR: 0.000241
Epoch 1544/3000: 100%|█████████████| 16/16 [00:03<00:00,  4.03it/s, loss=0.0478]
Epoch 1544/3000 | Loss: 0.0504 | Best: 0.0259 | Time: 4.0s | Elapsed: 0.7h | ETA: 101m | LR: 0.000241
Epoch 1545/3000: 100%|█████████████| 16/16 [00:04<00:00,  3.97it/s, loss=0.0698]
Epoch 1545/3000 | Loss: 0.0354 | Best: 0.0259 | Time: 4.0s | Elapsed: 0.7h | ETA: 101m | LR: 0.000241
Epoch 1546/3000: 100%|█████████████| 16/16 [00:03<00:00,  4.01it/s, loss=0.0319]
Epoch 1546/3000 | Loss: 0.0522 | Best: 0.0259 | Time: 4.0s | Elapsed: 0.7h | ETA: 101m | LR: 0.000240
Epoch 1547/3000: 100%|█████████████| 16/16 [00:04<00:00,  3.99it/s, loss=0.0593]
Epoch 1547/3000 | Loss: 0.0496 | Best: 0.0259 | Time: 4.0s | Elapsed: 0.7h | ETA: 101m | LR: 0.000240
Epoch 1548/3000: 100%|█████████████| 16/16 [00:03<00:00,  4.07it/s, loss=0.0411]
Epoch 1548/3000 | Loss: 0.0578 | Best: 0.0259 | Time: 3.9s | Elapsed: 0.7h | ETA: 100m | LR: 0.000240
Epoch 1549/3000: 100%|█████████████| 16/16 [00:03<00:00,  4.04it/s, loss=0.0402]
Epoch 1549/3000 | Loss: 0.0472 | Best: 0.0259 | Time: 4.0s | Elapsed: 0.7h | ETA: 100m | LR: 0.000240
Epoch 1550/3000: 100%|█████████████| 16/16 [00:03<00:00,  4.08it/s, loss=0.0344]
Epoch 1550/3000 | Loss: 0.0441 | Best: 0.0259 | Time: 3.9s | Elapsed: 0.7h | ETA: 100m | LR: 0.000240
  Generating samples at epoch 1550...
DDIM Sampling: 100%|████████████████████████████| 50/50 [00:01<00:00, 25.10it/s]
DDIM Sampling: 100%|████████████████████████████| 50/50 [00:01<00:00, 25.18it/s]
DDIM Sampling: 100%|████████████████████████████| 50/50 [00:01<00:00, 25.02it/s]
Epoch 1551/3000: 100%|█████████████| 16/16 [00:03<00:00,  4.11it/s, loss=0.0160]
Epoch 1551/3000 | Loss: 0.0496 | Best: 0.0259 | Time: 3.9s | Elapsed: 0.8h | ETA: 100m | LR: 0.000239
Epoch 1552/3000: 100%|█████████████| 16/16 [00:03<00:00,  4.09it/s, loss=0.0298]
Epoch 1552/3000 | Loss: 0.0440 | Best: 0.0259 | Time: 3.9s | Elapsed: 0.8h | ETA: 100m | LR: 0.000239
Epoch 1553/3000: 100%|█████████████| 16/16 [00:03<00:00,  4.07it/s, loss=0.0431]
Epoch 1553/3000 | Loss: 0.0495 | Best: 0.0259 | Time: 3.9s | Elapsed: 0.8h | ETA: 100m | LR: 0.000239
Epoch 1554/3000: 100%|█████████████| 16/16 [00:03<00:00,  4.07it/s, loss=0.0657]
Epoch 1554/3000 | Loss: 0.0400 | Best: 0.0259 | Time: 3.9s | Elapsed: 0.8h | ETA: 100m | LR: 0.000239
Epoch 1555/3000: 100%|█████████████| 16/16 [00:03<00:00,  4.04it/s, loss=0.0553]
Epoch 1555/3000 | Loss: 0.0502 | Best: 0.0259 | Time: 4.0s | Elapsed: 0.8h | ETA: 100m | LR: 0.000239
Epoch 1556/3000: 100%|█████████████| 16/16 [00:03<00:00,  4.10it/s, loss=0.0451]
Epoch 1556/3000 | Loss: 0.0521 | Best: 0.0259 | Time: 3.9s | Elapsed: 0.8h | ETA: 100m | LR: 0.000239
Epoch 1557/3000: 100%|█████████████| 16/16 [00:03<00:00,  4.07it/s, loss=0.0539]
Epoch 1557/3000 | Loss: 0.0610 | Best: 0.0259 | Time: 3.9s | Elapsed: 0.8h | ETA: 100m | LR: 0.000238
Epoch 1558/3000: 100%|█████████████| 16/16 [00:03<00:00,  4.01it/s, loss=0.0118]
Epoch 1558/3000 | Loss: 0.0433 | Best: 0.0259 | Time: 4.0s | Elapsed: 0.8h | ETA: 100m | LR: 0.000238
Epoch 1559/3000: 100%|█████████████| 16/16 [00:03<00:00,  4.06it/s, loss=0.0603]
Epoch 1559/3000 | Loss: 0.0575 | Best: 0.0259 | Time: 3.9s | Elapsed: 0.8h | ETA: 100m | LR: 0.000238
Epoch 1560/3000: 100%|█████████████| 16/16 [00:03<00:00,  4.05it/s, loss=0.0419]
Epoch 1560/3000 | Loss: 0.0369 | Best: 0.0259 | Time: 4.0s | Elapsed: 0.8h | ETA: 100m | LR: 0.000238
Epoch 1561/3000: 100%|█████████████| 16/16 [00:03<00:00,  4.06it/s, loss=0.0676]
Epoch 1561/3000 | Loss: 0.0359 | Best: 0.0259 | Time: 3.9s | Elapsed: 0.8h | ETA: 99m | LR: 0.000238
Epoch 1562/3000: 100%|█████████████| 16/16 [00:03<00:00,  4.04it/s, loss=0.0400]
Epoch 1562/3000 | Loss: 0.0505 | Best: 0.0259 | Time: 4.0s | Elapsed: 0.8h | ETA: 99m | LR: 0.000237
Epoch 1563/3000: 100%|█████████████| 16/16 [00:03<00:00,  4.05it/s, loss=0.0514]
Epoch 1563/3000 | Loss: 0.0356 | Best: 0.0259 | Time: 4.0s | Elapsed: 0.8h | ETA: 99m | LR: 0.000237
Epoch 1564/3000: 100%|█████████████| 16/16 [00:03<00:00,  4.05it/s, loss=0.0320]
Epoch 1564/3000 | Loss: 0.0499 | Best: 0.0259 | Time: 4.0s | Elapsed: 0.8h | ETA: 99m | LR: 0.000237
Epoch 1565/3000: 100%|█████████████| 16/16 [00:03<00:00,  4.10it/s, loss=0.0331]
Epoch 1565/3000 | Loss: 0.0404 | Best: 0.0259 | Time: 3.9s | Elapsed: 0.8h | ETA: 99m | LR: 0.000237
Epoch 1566/3000: 100%|█████████████| 16/16 [00:03<00:00,  4.09it/s, loss=0.0319]
Epoch 1566/3000 | Loss: 0.0405 | Best: 0.0259 | Time: 3.9s | Elapsed: 0.8h | ETA: 99m | LR: 0.000237
Epoch 1567/3000: 100%|█████████████| 16/16 [00:03<00:00,  4.02it/s, loss=0.0192]
Epoch 1567/3000 | Loss: 0.0583 | Best: 0.0259 | Time: 4.0s | Elapsed: 0.8h | ETA: 99m | LR: 0.000236
Epoch 1568/3000: 100%|█████████████| 16/16 [00:03<00:00,  4.07it/s, loss=0.0198]
Epoch 1568/3000 | Loss: 0.0458 | Best: 0.0259 | Time: 3.9s | Elapsed: 0.8h | ETA: 99m | LR: 0.000236
Epoch 1569/3000: 100%|█████████████| 16/16 [00:03<00:00,  4.05it/s, loss=0.0403]
Epoch 1569/3000 | Loss: 0.0321 | Best: 0.0259 | Time: 3.9s | Elapsed: 0.8h | ETA: 99m | LR: 0.000236
Epoch 1570/3000: 100%|█████████████| 16/16 [00:03<00:00,  4.07it/s, loss=0.0358]
Epoch 1570/3000 | Loss: 0.0516 | Best: 0.0259 | Time: 3.9s | Elapsed: 0.8h | ETA: 99m | LR: 0.000236
Epoch 1571/3000: 100%|█████████████| 16/16 [00:03<00:00,  4.09it/s, loss=0.0210]
Epoch 1571/3000 | Loss: 0.0431 | Best: 0.0259 | Time: 3.9s | Elapsed: 0.8h | ETA: 99m | LR: 0.000236
Epoch 1572/3000: 100%|█████████████| 16/16 [00:03<00:00,  4.09it/s, loss=0.0905]
Epoch 1572/3000 | Loss: 0.0533 | Best: 0.0259 | Time: 3.9s | Elapsed: 0.8h | ETA: 99m | LR: 0.000236
Epoch 1573/3000: 100%|█████████████| 16/16 [00:03<00:00,  4.08it/s, loss=0.0413]
Epoch 1573/3000 | Loss: 0.0474 | Best: 0.0259 | Time: 3.9s | Elapsed: 0.8h | ETA: 99m | LR: 0.000235
Epoch 1574/3000: 100%|█████████████| 16/16 [00:03<00:00,  4.10it/s, loss=0.0852]
Epoch 1574/3000 | Loss: 0.0530 | Best: 0.0259 | Time: 3.9s | Elapsed: 0.8h | ETA: 98m | LR: 0.000235
Epoch 1575/3000: 100%|█████████████| 16/16 [00:03<00:00,  4.04it/s, loss=0.0851]
Epoch 1575/3000 | Loss: 0.0432 | Best: 0.0259 | Time: 4.0s | Elapsed: 0.8h | ETA: 98m | LR: 0.000235
  Generating samples at epoch 1575...
DDIM Sampling: 100%|████████████████████████████| 50/50 [00:01<00:00, 25.04it/s]
DDIM Sampling: 100%|████████████████████████████| 50/50 [00:01<00:00, 25.07it/s]
DDIM Sampling: 100%|████████████████████████████| 50/50 [00:01<00:00, 25.15it/s]
Epoch 1576/3000: 100%|█████████████| 16/16 [00:03<00:00,  4.10it/s, loss=0.0207]
Epoch 1576/3000 | Loss: 0.0430 | Best: 0.0259 | Time: 3.9s | Elapsed: 0.8h | ETA: 98m | LR: 0.000235
Epoch 1577/3000: 100%|█████████████| 16/16 [00:03<00:00,  4.07it/s, loss=0.1033]
Epoch 1577/3000 | Loss: 0.0469 | Best: 0.0259 | Time: 3.9s | Elapsed: 0.8h | ETA: 98m | LR: 0.000235
Epoch 1578/3000: 100%|█████████████| 16/16 [00:03<00:00,  4.08it/s, loss=0.0680]
Epoch 1578/3000 | Loss: 0.0401 | Best: 0.0259 | Time: 3.9s | Elapsed: 0.8h | ETA: 98m | LR: 0.000234
Epoch 1579/3000: 100%|█████████████| 16/16 [00:03<00:00,  4.10it/s, loss=0.0427]
Epoch 1579/3000 | Loss: 0.0508 | Best: 0.0259 | Time: 3.9s | Elapsed: 0.8h | ETA: 98m | LR: 0.000234
Epoch 1580/3000: 100%|█████████████| 16/16 [00:03<00:00,  4.09it/s, loss=0.0460]
Epoch 1580/3000 | Loss: 0.0476 | Best: 0.0259 | Time: 3.9s | Elapsed: 0.8h | ETA: 98m | LR: 0.000234
Epoch 1581/3000: 100%|█████████████| 16/16 [00:03<00:00,  4.05it/s, loss=0.0550]
Epoch 1581/3000 | Loss: 0.0453 | Best: 0.0259 | Time: 3.9s | Elapsed: 0.8h | ETA: 98m | LR: 0.000234
Epoch 1582/3000: 100%|█████████████| 16/16 [00:03<00:00,  4.01it/s, loss=0.0315]
Epoch 1582/3000 | Loss: 0.0532 | Best: 0.0259 | Time: 4.0s | Elapsed: 0.8h | ETA: 98m | LR: 0.000234
Epoch 1583/3000: 100%|█████████████| 16/16 [00:03<00:00,  4.12it/s, loss=0.1020]
Epoch 1583/3000 | Loss: 0.0407 | Best: 0.0259 | Time: 3.9s | Elapsed: 0.8h | ETA: 98m | LR: 0.000233
Epoch 1584/3000: 100%|█████████████| 16/16 [00:03<00:00,  4.07it/s, loss=0.0659]
Epoch 1584/3000 | Loss: 0.0475 | Best: 0.0259 | Time: 3.9s | Elapsed: 0.8h | ETA: 98m | LR: 0.000233
Epoch 1585/3000: 100%|█████████████| 16/16 [00:03<00:00,  4.04it/s, loss=0.0766]
Epoch 1585/3000 | Loss: 0.0583 | Best: 0.0259 | Time: 4.0s | Elapsed: 0.8h | ETA: 98m | LR: 0.000233
Epoch 1586/3000: 100%|█████████████| 16/16 [00:03<00:00,  4.08it/s, loss=0.0133]
Epoch 1586/3000 | Loss: 0.0457 | Best: 0.0259 | Time: 3.9s | Elapsed: 0.8h | ETA: 98m | LR: 0.000233
Epoch 1587/3000: 100%|█████████████| 16/16 [00:03<00:00,  4.07it/s, loss=0.0210]
Epoch 1587/3000 | Loss: 0.0427 | Best: 0.0259 | Time: 3.9s | Elapsed: 0.8h | ETA: 97m | LR: 0.000233
Epoch 1588/3000: 100%|█████████████| 16/16 [00:03<00:00,  4.09it/s, loss=0.0417]
Epoch 1588/3000 | Loss: 0.0437 | Best: 0.0259 | Time: 3.9s | Elapsed: 0.8h | ETA: 97m | LR: 0.000233
Epoch 1589/3000: 100%|█████████████| 16/16 [00:03<00:00,  4.05it/s, loss=0.0233]
Epoch 1589/3000 | Loss: 0.0488 | Best: 0.0259 | Time: 4.0s | Elapsed: 0.8h | ETA: 97m | LR: 0.000232
Epoch 1590/3000: 100%|█████████████| 16/16 [00:03<00:00,  4.11it/s, loss=0.0659]
Epoch 1590/3000 | Loss: 0.0371 | Best: 0.0259 | Time: 3.9s | Elapsed: 0.8h | ETA: 97m | LR: 0.000232
Epoch 1591/3000: 100%|█████████████| 16/16 [00:03<00:00,  4.07it/s, loss=0.0842]
Epoch 1591/3000 | Loss: 0.0447 | Best: 0.0259 | Time: 3.9s | Elapsed: 0.8h | ETA: 97m | LR: 0.000232
Epoch 1592/3000: 100%|█████████████| 16/16 [00:03<00:00,  4.05it/s, loss=0.0529]
Epoch 1592/3000 | Loss: 0.0539 | Best: 0.0259 | Time: 4.0s | Elapsed: 0.8h | ETA: 97m | LR: 0.000232
Epoch 1593/3000: 100%|█████████████| 16/16 [00:03<00:00,  4.08it/s, loss=0.0781]
Epoch 1593/3000 | Loss: 0.0404 | Best: 0.0259 | Time: 3.9s | Elapsed: 0.8h | ETA: 97m | LR: 0.000232
Epoch 1594/3000: 100%|█████████████| 16/16 [00:03<00:00,  4.06it/s, loss=0.0362]
Epoch 1594/3000 | Loss: 0.0406 | Best: 0.0259 | Time: 3.9s | Elapsed: 0.8h | ETA: 97m | LR: 0.000231
Epoch 1595/3000: 100%|█████████████| 16/16 [00:03<00:00,  4.07it/s, loss=0.0657]
Epoch 1595/3000 | Loss: 0.0539 | Best: 0.0259 | Time: 3.9s | Elapsed: 0.8h | ETA: 97m | LR: 0.000231
Epoch 1596/3000: 100%|█████████████| 16/16 [00:03<00:00,  4.07it/s, loss=0.0418]
Epoch 1596/3000 | Loss: 0.0438 | Best: 0.0259 | Time: 3.9s | Elapsed: 0.8h | ETA: 97m | LR: 0.000231
Epoch 1597/3000: 100%|█████████████| 16/16 [00:04<00:00,  3.99it/s, loss=0.0322]
Epoch 1597/3000 | Loss: 0.0400 | Best: 0.0259 | Time: 4.0s | Elapsed: 0.8h | ETA: 97m | LR: 0.000231
Epoch 1598/3000: 100%|█████████████| 16/16 [00:03<00:00,  4.02it/s, loss=0.0809]
Epoch 1598/3000 | Loss: 0.0491 | Best: 0.0259 | Time: 4.0s | Elapsed: 0.8h | ETA: 97m | LR: 0.000231
Epoch 1599/3000: 100%|█████████████| 16/16 [00:03<00:00,  4.03it/s, loss=0.0235]
Epoch 1599/3000 | Loss: 0.0522 | Best: 0.0259 | Time: 4.0s | Elapsed: 0.8h | ETA: 97m | LR: 0.000230
Epoch 1600/3000: 100%|█████████████| 16/16 [00:03<00:00,  4.04it/s, loss=0.0584]
Epoch 1600/3000 | Loss: 0.0457 | Best: 0.0259 | Time: 4.0s | Elapsed: 0.8h | ETA: 96m | LR: 0.000230
  Generating samples at epoch 1600...
DDIM Sampling: 100%|████████████████████████████| 50/50 [00:01<00:00, 25.08it/s]
DDIM Sampling: 100%|████████████████████████████| 50/50 [00:01<00:00, 25.07it/s]
DDIM Sampling: 100%|████████████████████████████| 50/50 [00:02<00:00, 24.97it/s]
Epoch 1601/3000: 100%|█████████████| 16/16 [00:03<00:00,  4.10it/s, loss=0.0176]
Epoch 1601/3000 | Loss: 0.0449 | Best: 0.0259 | Time: 3.9s | Elapsed: 0.8h | ETA: 96m | LR: 0.000230
Epoch 1602/3000: 100%|█████████████| 16/16 [00:03<00:00,  4.08it/s, loss=0.0976]
Epoch 1602/3000 | Loss: 0.0453 | Best: 0.0259 | Time: 3.9s | Elapsed: 0.8h | ETA: 96m | LR: 0.000230
Epoch 1603/3000: 100%|█████████████| 16/16 [00:03<00:00,  4.02it/s, loss=0.0707]
Epoch 1603/3000 | Loss: 0.0562 | Best: 0.0259 | Time: 4.0s | Elapsed: 0.8h | ETA: 96m | LR: 0.000230
Epoch 1604/3000: 100%|█████████████| 16/16 [00:03<00:00,  4.06it/s, loss=0.0118]
Epoch 1604/3000 | Loss: 0.0295 | Best: 0.0259 | Time: 3.9s | Elapsed: 0.8h | ETA: 96m | LR: 0.000229
Epoch 1605/3000: 100%|█████████████| 16/16 [00:03<00:00,  4.08it/s, loss=0.0273]
Epoch 1605/3000 | Loss: 0.0438 | Best: 0.0259 | Time: 3.9s | Elapsed: 0.8h | ETA: 96m | LR: 0.000229
Epoch 1606/3000: 100%|█████████████| 16/16 [00:03<00:00,  4.04it/s, loss=0.0584]
Epoch 1606/3000 | Loss: 0.0547 | Best: 0.0259 | Time: 4.0s | Elapsed: 0.8h | ETA: 96m | LR: 0.000229
Epoch 1607/3000: 100%|█████████████| 16/16 [00:03<00:00,  4.11it/s, loss=0.0544]
Epoch 1607/3000 | Loss: 0.0479 | Best: 0.0259 | Time: 3.9s | Elapsed: 0.8h | ETA: 96m | LR: 0.000229
Epoch 1608/3000: 100%|█████████████| 16/16 [00:03<00:00,  4.07it/s, loss=0.0822]
Epoch 1608/3000 | Loss: 0.0505 | Best: 0.0259 | Time: 3.9s | Elapsed: 0.8h | ETA: 96m | LR: 0.000229
Epoch 1609/3000: 100%|█████████████| 16/16 [00:03<00:00,  4.09it/s, loss=0.0085]
Epoch 1609/3000 | Loss: 0.0436 | Best: 0.0259 | Time: 3.9s | Elapsed: 0.8h | ETA: 96m | LR: 0.000228
Epoch 1610/3000: 100%|█████████████| 16/16 [00:03<00:00,  4.07it/s, loss=0.0860]
Epoch 1610/3000 | Loss: 0.0522 | Best: 0.0259 | Time: 3.9s | Elapsed: 0.8h | ETA: 96m | LR: 0.000228
Epoch 1611/3000: 100%|█████████████| 16/16 [00:03<00:00,  4.06it/s, loss=0.0210]
Epoch 1611/3000 | Loss: 0.0497 | Best: 0.0259 | Time: 3.9s | Elapsed: 0.8h | ETA: 96m | LR: 0.000228
Epoch 1612/3000: 100%|█████████████| 16/16 [00:03<00:00,  4.07it/s, loss=0.0233]
Epoch 1612/3000 | Loss: 0.0437 | Best: 0.0259 | Time: 3.9s | Elapsed: 0.8h | ETA: 96m | LR: 0.000228
Epoch 1613/3000: 100%|█████████████| 16/16 [00:03<00:00,  4.06it/s, loss=0.0621]
Epoch 1613/3000 | Loss: 0.0415 | Best: 0.0259 | Time: 3.9s | Elapsed: 0.8h | ETA: 96m | LR: 0.000228
Epoch 1614/3000: 100%|█████████████| 16/16 [00:03<00:00,  4.13it/s, loss=0.0121]
Epoch 1614/3000 | Loss: 0.0520 | Best: 0.0259 | Time: 3.9s | Elapsed: 0.8h | ETA: 95m | LR: 0.000227
Epoch 1615/3000: 100%|█████████████| 16/16 [00:03<00:00,  4.10it/s, loss=0.0119]
Epoch 1615/3000 | Loss: 0.0463 | Best: 0.0259 | Time: 3.9s | Elapsed: 0.8h | ETA: 95m | LR: 0.000227
Epoch 1616/3000: 100%|█████████████| 16/16 [00:03<00:00,  4.07it/s, loss=0.0470]
Epoch 1616/3000 | Loss: 0.0500 | Best: 0.0259 | Time: 3.9s | Elapsed: 0.8h | ETA: 95m | LR: 0.000227
Epoch 1617/3000: 100%|█████████████| 16/16 [00:03<00:00,  4.10it/s, loss=0.0176]
Epoch 1617/3000 | Loss: 0.0342 | Best: 0.0259 | Time: 3.9s | Elapsed: 0.8h | ETA: 95m | LR: 0.000227
Epoch 1618/3000: 100%|█████████████| 16/16 [00:03<00:00,  4.04it/s, loss=0.0333]
Epoch 1618/3000 | Loss: 0.0509 | Best: 0.0259 | Time: 4.0s | Elapsed: 0.8h | ETA: 95m | LR: 0.000227
Epoch 1619/3000: 100%|█████████████| 16/16 [00:03<00:00,  4.07it/s, loss=0.0483]
Epoch 1619/3000 | Loss: 0.0479 | Best: 0.0259 | Time: 3.9s | Elapsed: 0.8h | ETA: 95m | LR: 0.000227
Epoch 1620/3000: 100%|█████████████| 16/16 [00:03<00:00,  4.09it/s, loss=0.0118]
Epoch 1620/3000 | Loss: 0.0496 | Best: 0.0259 | Time: 3.9s | Elapsed: 0.8h | ETA: 95m | LR: 0.000226
Epoch 1621/3000: 100%|█████████████| 16/16 [00:03<00:00,  4.06it/s, loss=0.0405]
Epoch 1621/3000 | Loss: 0.0524 | Best: 0.0259 | Time: 3.9s | Elapsed: 0.8h | ETA: 95m | LR: 0.000226
Epoch 1622/3000: 100%|█████████████| 16/16 [00:03<00:00,  4.11it/s, loss=0.0263]
Epoch 1622/3000 | Loss: 0.0515 | Best: 0.0259 | Time: 3.9s | Elapsed: 0.8h | ETA: 95m | LR: 0.000226
Epoch 1623/3000: 100%|█████████████| 16/16 [00:03<00:00,  4.06it/s, loss=0.0481]
Epoch 1623/3000 | Loss: 0.0511 | Best: 0.0259 | Time: 3.9s | Elapsed: 0.8h | ETA: 95m | LR: 0.000226
Epoch 1624/3000: 100%|█████████████| 16/16 [00:03<00:00,  4.13it/s, loss=0.0661]
Epoch 1624/3000 | Loss: 0.0425 | Best: 0.0259 | Time: 3.9s | Elapsed: 0.8h | ETA: 95m | LR: 0.000226
Epoch 1625/3000: 100%|█████████████| 16/16 [00:03<00:00,  4.14it/s, loss=0.0563]
Epoch 1625/3000 | Loss: 0.0450 | Best: 0.0259 | Time: 3.9s | Elapsed: 0.8h | ETA: 95m | LR: 0.000225
  Generating samples at epoch 1625...
DDIM Sampling: 100%|████████████████████████████| 50/50 [00:01<00:00, 25.04it/s]
DDIM Sampling: 100%|████████████████████████████| 50/50 [00:01<00:00, 25.09it/s]
DDIM Sampling: 100%|████████████████████████████| 50/50 [00:01<00:00, 25.05it/s]
Epoch 1626/3000: 100%|█████████████| 16/16 [00:04<00:00,  3.99it/s, loss=0.0343]
Epoch 1626/3000 | Loss: 0.0520 | Best: 0.0259 | Time: 4.0s | Elapsed: 0.8h | ETA: 95m | LR: 0.000225
Epoch 1627/3000: 100%|█████████████| 16/16 [00:03<00:00,  4.11it/s, loss=0.0437]
Epoch 1627/3000 | Loss: 0.0400 | Best: 0.0259 | Time: 3.9s | Elapsed: 0.8h | ETA: 94m | LR: 0.000225
Epoch 1628/3000: 100%|█████████████| 16/16 [00:03<00:00,  4.11it/s, loss=0.0429]
Epoch 1628/3000 | Loss: 0.0419 | Best: 0.0259 | Time: 3.9s | Elapsed: 0.8h | ETA: 94m | LR: 0.000225
Epoch 1629/3000: 100%|█████████████| 16/16 [00:03<00:00,  4.10it/s, loss=0.0262]
Epoch 1629/3000 | Loss: 0.0372 | Best: 0.0259 | Time: 3.9s | Elapsed: 0.8h | ETA: 94m | LR: 0.000225
Epoch 1630/3000: 100%|█████████████| 16/16 [00:03<00:00,  4.11it/s, loss=0.0522]
Epoch 1630/3000 | Loss: 0.0471 | Best: 0.0259 | Time: 3.9s | Elapsed: 0.8h | ETA: 94m | LR: 0.000224
Epoch 1631/3000: 100%|█████████████| 16/16 [00:03<00:00,  4.09it/s, loss=0.0317]
Epoch 1631/3000 | Loss: 0.0414 | Best: 0.0259 | Time: 3.9s | Elapsed: 0.8h | ETA: 94m | LR: 0.000224
Epoch 1632/3000: 100%|█████████████| 16/16 [00:03<00:00,  4.05it/s, loss=0.0549]
Epoch 1632/3000 | Loss: 0.0386 | Best: 0.0259 | Time: 4.0s | Elapsed: 0.8h | ETA: 94m | LR: 0.000224
Epoch 1633/3000: 100%|█████████████| 16/16 [00:03<00:00,  4.10it/s, loss=0.0647]
Epoch 1633/3000 | Loss: 0.0461 | Best: 0.0259 | Time: 3.9s | Elapsed: 0.8h | ETA: 94m | LR: 0.000224
Epoch 1634/3000: 100%|█████████████| 16/16 [00:03<00:00,  4.02it/s, loss=0.0443]
Epoch 1634/3000 | Loss: 0.0471 | Best: 0.0259 | Time: 4.0s | Elapsed: 0.8h | ETA: 94m | LR: 0.000224
Epoch 1635/3000: 100%|█████████████| 16/16 [00:03<00:00,  4.10it/s, loss=0.0767]
Epoch 1635/3000 | Loss: 0.0444 | Best: 0.0259 | Time: 3.9s | Elapsed: 0.8h | ETA: 94m | LR: 0.000223
Epoch 1636/3000: 100%|█████████████| 16/16 [00:03<00:00,  4.08it/s, loss=0.0098]
Epoch 1636/3000 | Loss: 0.0486 | Best: 0.0259 | Time: 3.9s | Elapsed: 0.9h | ETA: 94m | LR: 0.000223
Epoch 1637/3000: 100%|█████████████| 16/16 [00:03<00:00,  4.07it/s, loss=0.0801]
Epoch 1637/3000 | Loss: 0.0515 | Best: 0.0259 | Time: 3.9s | Elapsed: 0.9h | ETA: 94m | LR: 0.000223
Epoch 1638/3000: 100%|█████████████| 16/16 [00:03<00:00,  4.07it/s, loss=0.0728]
Epoch 1638/3000 | Loss: 0.0405 | Best: 0.0259 | Time: 3.9s | Elapsed: 0.9h | ETA: 94m | LR: 0.000223
Epoch 1639/3000: 100%|█████████████| 16/16 [00:03<00:00,  4.09it/s, loss=0.0753]
Epoch 1639/3000 | Loss: 0.0495 | Best: 0.0259 | Time: 3.9s | Elapsed: 0.9h | ETA: 94m | LR: 0.000223
Epoch 1640/3000: 100%|█████████████| 16/16 [00:03<00:00,  4.12it/s, loss=0.0748]
Epoch 1640/3000 | Loss: 0.0492 | Best: 0.0259 | Time: 3.9s | Elapsed: 0.9h | ETA: 93m | LR: 0.000222
Epoch 1641/3000: 100%|█████████████| 16/16 [00:03<00:00,  4.10it/s, loss=0.0530]
Epoch 1641/3000 | Loss: 0.0521 | Best: 0.0259 | Time: 3.9s | Elapsed: 0.9h | ETA: 93m | LR: 0.000222
Epoch 1642/3000: 100%|█████████████| 16/16 [00:03<00:00,  4.02it/s, loss=0.0211]
Epoch 1642/3000 | Loss: 0.0345 | Best: 0.0259 | Time: 4.0s | Elapsed: 0.9h | ETA: 93m | LR: 0.000222
Epoch 1643/3000: 100%|█████████████| 16/16 [00:03<00:00,  4.12it/s, loss=0.0569]
Epoch 1643/3000 | Loss: 0.0476 | Best: 0.0259 | Time: 3.9s | Elapsed: 0.9h | ETA: 93m | LR: 0.000222
Epoch 1644/3000: 100%|█████████████| 16/16 [00:03<00:00,  4.10it/s, loss=0.0167]
Epoch 1644/3000 | Loss: 0.0415 | Best: 0.0259 | Time: 3.9s | Elapsed: 0.9h | ETA: 93m | LR: 0.000222
Epoch 1645/3000: 100%|█████████████| 16/16 [00:03<00:00,  4.10it/s, loss=0.0583]
Epoch 1645/3000 | Loss: 0.0468 | Best: 0.0259 | Time: 3.9s | Elapsed: 0.9h | ETA: 93m | LR: 0.000221
Epoch 1646/3000: 100%|█████████████| 16/16 [00:03<00:00,  4.08it/s, loss=0.0353]
Epoch 1646/3000 | Loss: 0.0412 | Best: 0.0259 | Time: 3.9s | Elapsed: 0.9h | ETA: 93m | LR: 0.000221
Epoch 1647/3000: 100%|█████████████| 16/16 [00:03<00:00,  4.03it/s, loss=0.0127]
Epoch 1647/3000 | Loss: 0.0382 | Best: 0.0259 | Time: 4.0s | Elapsed: 0.9h | ETA: 93m | LR: 0.000221
Epoch 1648/3000: 100%|█████████████| 16/16 [00:03<00:00,  4.07it/s, loss=0.0368]
Epoch 1648/3000 | Loss: 0.0388 | Best: 0.0259 | Time: 3.9s | Elapsed: 0.9h | ETA: 93m | LR: 0.000221
Epoch 1649/3000: 100%|█████████████| 16/16 [00:03<00:00,  4.06it/s, loss=0.0870]
Epoch 1649/3000 | Loss: 0.0537 | Best: 0.0259 | Time: 3.9s | Elapsed: 0.9h | ETA: 93m | LR: 0.000221
Epoch 1650/3000: 100%|█████████████| 16/16 [00:03<00:00,  4.09it/s, loss=0.0370]
Epoch 1650/3000 | Loss: 0.0622 | Best: 0.0259 | Time: 3.9s | Elapsed: 0.9h | ETA: 93m | LR: 0.000220
  Generating samples at epoch 1650...
DDIM Sampling: 100%|████████████████████████████| 50/50 [00:01<00:00, 25.07it/s]
DDIM Sampling: 100%|████████████████████████████| 50/50 [00:01<00:00, 25.14it/s]
DDIM Sampling: 100%|████████████████████████████| 50/50 [00:01<00:00, 25.01it/s]
Epoch 1651/3000: 100%|█████████████| 16/16 [00:03<00:00,  4.09it/s, loss=0.0236]
Epoch 1651/3000 | Loss: 0.0394 | Best: 0.0259 | Time: 3.9s | Elapsed: 0.9h | ETA: 93m | LR: 0.000220
Epoch 1652/3000: 100%|█████████████| 16/16 [00:03<00:00,  4.08it/s, loss=0.0263]
Epoch 1652/3000 | Loss: 0.0451 | Best: 0.0259 | Time: 3.9s | Elapsed: 0.9h | ETA: 93m | LR: 0.000220
Epoch 1653/3000: 100%|█████████████| 16/16 [00:03<00:00,  4.06it/s, loss=0.0136]
Epoch 1653/3000 | Loss: 0.0558 | Best: 0.0259 | Time: 3.9s | Elapsed: 0.9h | ETA: 92m | LR: 0.000220
Epoch 1654/3000: 100%|█████████████| 16/16 [00:03<00:00,  4.07it/s, loss=0.0291]
Epoch 1654/3000 | Loss: 0.0435 | Best: 0.0259 | Time: 3.9s | Elapsed: 0.9h | ETA: 92m | LR: 0.000220
Epoch 1655/3000: 100%|█████████████| 16/16 [00:03<00:00,  4.11it/s, loss=0.0257]
Epoch 1655/3000 | Loss: 0.0488 | Best: 0.0259 | Time: 3.9s | Elapsed: 0.9h | ETA: 92m | LR: 0.000219
Epoch 1656/3000: 100%|█████████████| 16/16 [00:03<00:00,  4.05it/s, loss=0.0382]
Epoch 1656/3000 | Loss: 0.0529 | Best: 0.0259 | Time: 4.0s | Elapsed: 0.9h | ETA: 92m | LR: 0.000219
Epoch 1657/3000: 100%|█████████████| 16/16 [00:03<00:00,  4.08it/s, loss=0.0232]
Epoch 1657/3000 | Loss: 0.0473 | Best: 0.0259 | Time: 3.9s | Elapsed: 0.9h | ETA: 92m | LR: 0.000219
Epoch 1658/3000: 100%|█████████████| 16/16 [00:03<00:00,  4.07it/s, loss=0.0359]
Epoch 1658/3000 | Loss: 0.0530 | Best: 0.0259 | Time: 3.9s | Elapsed: 0.9h | ETA: 92m | LR: 0.000219
Epoch 1659/3000: 100%|█████████████| 16/16 [00:03<00:00,  4.09it/s, loss=0.0420]
Epoch 1659/3000 | Loss: 0.0397 | Best: 0.0259 | Time: 3.9s | Elapsed: 0.9h | ETA: 92m | LR: 0.000219
Epoch 1660/3000: 100%|█████████████| 16/16 [00:03<00:00,  4.03it/s, loss=0.0458]
Epoch 1660/3000 | Loss: 0.0374 | Best: 0.0259 | Time: 4.0s | Elapsed: 0.9h | ETA: 92m | LR: 0.000218
Epoch 1661/3000: 100%|█████████████| 16/16 [00:03<00:00,  4.10it/s, loss=0.0087]
Epoch 1661/3000 | Loss: 0.0441 | Best: 0.0259 | Time: 3.9s | Elapsed: 0.9h | ETA: 92m | LR: 0.000218
Epoch 1662/3000: 100%|█████████████| 16/16 [00:03<00:00,  4.12it/s, loss=0.1040]
Epoch 1662/3000 | Loss: 0.0543 | Best: 0.0259 | Time: 3.9s | Elapsed: 0.9h | ETA: 92m | LR: 0.000218
Epoch 1663/3000: 100%|█████████████| 16/16 [00:03<00:00,  4.07it/s, loss=0.0361]
Epoch 1663/3000 | Loss: 0.0403 | Best: 0.0259 | Time: 3.9s | Elapsed: 0.9h | ETA: 92m | LR: 0.000218
Epoch 1664/3000: 100%|█████████████| 16/16 [00:03<00:00,  4.06it/s, loss=0.0638]
Epoch 1664/3000 | Loss: 0.0528 | Best: 0.0259 | Time: 3.9s | Elapsed: 0.9h | ETA: 92m | LR: 0.000217
Epoch 1665/3000: 100%|█████████████| 16/16 [00:03<00:00,  4.06it/s, loss=0.0199]
Epoch 1665/3000 | Loss: 0.0372 | Best: 0.0259 | Time: 3.9s | Elapsed: 0.9h | ETA: 92m | LR: 0.000217
Epoch 1666/3000: 100%|█████████████| 16/16 [00:03<00:00,  4.04it/s, loss=0.0517]
Epoch 1666/3000 | Loss: 0.0453 | Best: 0.0259 | Time: 4.0s | Elapsed: 0.9h | ETA: 92m | LR: 0.000217
Epoch 1667/3000: 100%|█████████████| 16/16 [00:03<00:00,  4.08it/s, loss=0.0761]
Epoch 1667/3000 | Loss: 0.0509 | Best: 0.0259 | Time: 3.9s | Elapsed: 0.9h | ETA: 91m | LR: 0.000217
Epoch 1668/3000: 100%|█████████████| 16/16 [00:03<00:00,  4.05it/s, loss=0.0067]
Epoch 1668/3000 | Loss: 0.0413 | Best: 0.0259 | Time: 3.9s | Elapsed: 0.9h | ETA: 91m | LR: 0.000217
Epoch 1669/3000: 100%|█████████████| 16/16 [00:03<00:00,  4.09it/s, loss=0.0432]
Epoch 1669/3000 | Loss: 0.0506 | Best: 0.0259 | Time: 3.9s | Elapsed: 0.9h | ETA: 91m | LR: 0.000216
Epoch 1670/3000: 100%|█████████████| 16/16 [00:03<00:00,  4.10it/s, loss=0.0094]
Epoch 1670/3000 | Loss: 0.0467 | Best: 0.0259 | Time: 3.9s | Elapsed: 0.9h | ETA: 91m | LR: 0.000216
Epoch 1671/3000: 100%|█████████████| 16/16 [00:03<00:00,  4.07it/s, loss=0.1017]
Epoch 1671/3000 | Loss: 0.0581 | Best: 0.0259 | Time: 3.9s | Elapsed: 0.9h | ETA: 91m | LR: 0.000216
Epoch 1672/3000: 100%|█████████████| 16/16 [00:03<00:00,  4.04it/s, loss=0.0376]
Epoch 1672/3000 | Loss: 0.0453 | Best: 0.0259 | Time: 4.0s | Elapsed: 0.9h | ETA: 91m | LR: 0.000216
Epoch 1673/3000: 100%|█████████████| 16/16 [00:03<00:00,  4.06it/s, loss=0.0475]
Epoch 1673/3000 | Loss: 0.0478 | Best: 0.0259 | Time: 3.9s | Elapsed: 0.9h | ETA: 91m | LR: 0.000216
Epoch 1674/3000: 100%|█████████████| 16/16 [00:03<00:00,  4.12it/s, loss=0.0490]
Epoch 1674/3000 | Loss: 0.0560 | Best: 0.0259 | Time: 3.9s | Elapsed: 0.9h | ETA: 91m | LR: 0.000215
Epoch 1675/3000: 100%|█████████████| 16/16 [00:03<00:00,  4.06it/s, loss=0.0206]
Epoch 1675/3000 | Loss: 0.0527 | Best: 0.0259 | Time: 3.9s | Elapsed: 0.9h | ETA: 91m | LR: 0.000215
  Generating samples at epoch 1675...
DDIM Sampling: 100%|████████████████████████████| 50/50 [00:02<00:00, 24.94it/s]
DDIM Sampling: 100%|████████████████████████████| 50/50 [00:01<00:00, 25.02it/s]
DDIM Sampling: 100%|████████████████████████████| 50/50 [00:01<00:00, 25.04it/s]
Epoch 1676/3000: 100%|█████████████| 16/16 [00:03<00:00,  4.10it/s, loss=0.0238]
Epoch 1676/3000 | Loss: 0.0441 | Best: 0.0259 | Time: 3.9s | Elapsed: 0.9h | ETA: 91m | LR: 0.000215
Epoch 1677/3000: 100%|█████████████| 16/16 [00:03<00:00,  4.03it/s, loss=0.1001]
Epoch 1677/3000 | Loss: 0.0517 | Best: 0.0259 | Time: 4.0s | Elapsed: 0.9h | ETA: 91m | LR: 0.000215
Epoch 1678/3000: 100%|█████████████| 16/16 [00:03<00:00,  4.06it/s, loss=0.0609]
Epoch 1678/3000 | Loss: 0.0418 | Best: 0.0259 | Time: 3.9s | Elapsed: 0.9h | ETA: 91m | LR: 0.000215
Epoch 1679/3000: 100%|█████████████| 16/16 [00:03<00:00,  4.01it/s, loss=0.0538]
Epoch 1679/3000 | Loss: 0.0383 | Best: 0.0259 | Time: 4.0s | Elapsed: 0.9h | ETA: 91m | LR: 0.000214
Epoch 1680/3000: 100%|█████████████| 16/16 [00:03<00:00,  4.09it/s, loss=0.0472]
Epoch 1680/3000 | Loss: 0.0442 | Best: 0.0259 | Time: 3.9s | Elapsed: 0.9h | ETA: 90m | LR: 0.000214
Epoch 1681/3000: 100%|█████████████| 16/16 [00:03<00:00,  4.10it/s, loss=0.0763]
Epoch 1681/3000 | Loss: 0.0496 | Best: 0.0259 | Time: 3.9s | Elapsed: 0.9h | ETA: 90m | LR: 0.000214
Epoch 1682/3000: 100%|█████████████| 16/16 [00:03<00:00,  4.09it/s, loss=0.0229]
Epoch 1682/3000 | Loss: 0.0581 | Best: 0.0259 | Time: 3.9s | Elapsed: 0.9h | ETA: 90m | LR: 0.000214
Epoch 1683/3000: 100%|█████████████| 16/16 [00:03<00:00,  4.14it/s, loss=0.0502]
Epoch 1683/3000 | Loss: 0.0460 | Best: 0.0259 | Time: 3.9s | Elapsed: 0.9h | ETA: 90m | LR: 0.000214
Epoch 1684/3000: 100%|█████████████| 16/16 [00:03<00:00,  4.10it/s, loss=0.0981]
Epoch 1684/3000 | Loss: 0.0479 | Best: 0.0259 | Time: 3.9s | Elapsed: 0.9h | ETA: 90m | LR: 0.000213
Epoch 1685/3000: 100%|█████████████| 16/16 [00:03<00:00,  4.05it/s, loss=0.0235]
Epoch 1685/3000 | Loss: 0.0445 | Best: 0.0259 | Time: 4.0s | Elapsed: 0.9h | ETA: 90m | LR: 0.000213
Epoch 1686/3000: 100%|█████████████| 16/16 [00:03<00:00,  4.07it/s, loss=0.0513]
Epoch 1686/3000 | Loss: 0.0579 | Best: 0.0259 | Time: 3.9s | Elapsed: 0.9h | ETA: 90m | LR: 0.000213
Epoch 1687/3000: 100%|█████████████| 16/16 [00:04<00:00,  3.97it/s, loss=0.0524]
Epoch 1687/3000 | Loss: 0.0471 | Best: 0.0259 | Time: 4.0s | Elapsed: 0.9h | ETA: 90m | LR: 0.000213
Epoch 1688/3000: 100%|█████████████| 16/16 [00:03<00:00,  4.08it/s, loss=0.0279]
Epoch 1688/3000 | Loss: 0.0452 | Best: 0.0259 | Time: 3.9s | Elapsed: 0.9h | ETA: 90m | LR: 0.000213
Epoch 1689/3000: 100%|█████████████| 16/16 [00:03<00:00,  4.07it/s, loss=0.0217]
Epoch 1689/3000 | Loss: 0.0340 | Best: 0.0259 | Time: 3.9s | Elapsed: 0.9h | ETA: 90m | LR: 0.000212
Epoch 1690/3000: 100%|█████████████| 16/16 [00:03<00:00,  4.06it/s, loss=0.0234]
Epoch 1690/3000 | Loss: 0.0499 | Best: 0.0259 | Time: 3.9s | Elapsed: 0.9h | ETA: 90m | LR: 0.000212
Epoch 1691/3000: 100%|█████████████| 16/16 [00:03<00:00,  4.09it/s, loss=0.0120]
Epoch 1691/3000 | Loss: 0.0397 | Best: 0.0259 | Time: 3.9s | Elapsed: 0.9h | ETA: 90m | LR: 0.000212
Epoch 1692/3000: 100%|█████████████| 16/16 [00:03<00:00,  4.07it/s, loss=0.0505]
Epoch 1692/3000 | Loss: 0.0367 | Best: 0.0259 | Time: 3.9s | Elapsed: 0.9h | ETA: 90m | LR: 0.000212
Epoch 1693/3000: 100%|█████████████| 16/16 [00:03<00:00,  4.11it/s, loss=0.0288]
Epoch 1693/3000 | Loss: 0.0487 | Best: 0.0259 | Time: 3.9s | Elapsed: 0.9h | ETA: 90m | LR: 0.000211
Epoch 1694/3000: 100%|█████████████| 16/16 [00:03<00:00,  4.08it/s, loss=0.0247]
Epoch 1694/3000 | Loss: 0.0523 | Best: 0.0259 | Time: 3.9s | Elapsed: 0.9h | ETA: 89m | LR: 0.000211
Epoch 1695/3000: 100%|█████████████| 16/16 [00:04<00:00,  3.90it/s, loss=0.0423]
Epoch 1695/3000 | Loss: 0.0337 | Best: 0.0259 | Time: 4.1s | Elapsed: 0.9h | ETA: 89m | LR: 0.000211
Epoch 1696/3000: 100%|█████████████| 16/16 [00:03<00:00,  4.07it/s, loss=0.0965]
Epoch 1696/3000 | Loss: 0.0467 | Best: 0.0259 | Time: 3.9s | Elapsed: 0.9h | ETA: 89m | LR: 0.000211
Epoch 1697/3000: 100%|█████████████| 16/16 [00:03<00:00,  4.05it/s, loss=0.0436]
Epoch 1697/3000 | Loss: 0.0532 | Best: 0.0259 | Time: 4.0s | Elapsed: 0.9h | ETA: 89m | LR: 0.000211
Epoch 1698/3000: 100%|█████████████| 16/16 [00:03<00:00,  4.05it/s, loss=0.0722]
Epoch 1698/3000 | Loss: 0.0432 | Best: 0.0259 | Time: 3.9s | Elapsed: 0.9h | ETA: 89m | LR: 0.000210
Epoch 1699/3000: 100%|█████████████| 16/16 [00:03<00:00,  4.05it/s, loss=0.0756]
Epoch 1699/3000 | Loss: 0.0323 | Best: 0.0259 | Time: 4.0s | Elapsed: 0.9h | ETA: 89m | LR: 0.000210
Epoch 1700/3000: 100%|█████████████| 16/16 [00:03<00:00,  4.02it/s, loss=0.0491]
Epoch 1700/3000 | Loss: 0.0592 | Best: 0.0259 | Time: 4.0s | Elapsed: 0.9h | ETA: 89m | LR: 0.000210
  Generating samples at epoch 1700...
DDIM Sampling: 100%|████████████████████████████| 50/50 [00:01<00:00, 25.22it/s]
DDIM Sampling: 100%|████████████████████████████| 50/50 [00:01<00:00, 25.14it/s]
DDIM Sampling: 100%|████████████████████████████| 50/50 [00:02<00:00, 24.95it/s]
Epoch 1701/3000: 100%|█████████████| 16/16 [00:03<00:00,  4.04it/s, loss=0.0304]
Epoch 1701/3000 | Loss: 0.0596 | Best: 0.0259 | Time: 4.0s | Elapsed: 0.9h | ETA: 89m | LR: 0.000210
Epoch 1702/3000: 100%|█████████████| 16/16 [00:03<00:00,  4.10it/s, loss=0.0353]
Epoch 1702/3000 | Loss: 0.0600 | Best: 0.0259 | Time: 3.9s | Elapsed: 0.9h | ETA: 89m | LR: 0.000210
Epoch 1703/3000: 100%|█████████████| 16/16 [00:03<00:00,  4.07it/s, loss=0.0600]
Epoch 1703/3000 | Loss: 0.0444 | Best: 0.0259 | Time: 3.9s | Elapsed: 0.9h | ETA: 89m | LR: 0.000209
Epoch 1704/3000: 100%|█████████████| 16/16 [00:03<00:00,  4.08it/s, loss=0.0251]
Epoch 1704/3000 | Loss: 0.0510 | Best: 0.0259 | Time: 3.9s | Elapsed: 0.9h | ETA: 89m | LR: 0.000209
Epoch 1705/3000: 100%|█████████████| 16/16 [00:03<00:00,  4.08it/s, loss=0.0288]
Epoch 1705/3000 | Loss: 0.0460 | Best: 0.0259 | Time: 3.9s | Elapsed: 0.9h | ETA: 89m | LR: 0.000209
Epoch 1706/3000: 100%|█████████████| 16/16 [00:03<00:00,  4.04it/s, loss=0.0394]
Epoch 1706/3000 | Loss: 0.0493 | Best: 0.0259 | Time: 4.0s | Elapsed: 0.9h | ETA: 89m | LR: 0.000209
Epoch 1707/3000: 100%|█████████████| 16/16 [00:03<00:00,  4.09it/s, loss=0.0536]
Epoch 1707/3000 | Loss: 0.0509 | Best: 0.0259 | Time: 3.9s | Elapsed: 0.9h | ETA: 88m | LR: 0.000209
Epoch 1708/3000: 100%|█████████████| 16/16 [00:03<00:00,  4.10it/s, loss=0.0347]
Epoch 1708/3000 | Loss: 0.0541 | Best: 0.0259 | Time: 3.9s | Elapsed: 0.9h | ETA: 88m | LR: 0.000208
Epoch 1709/3000: 100%|█████████████| 16/16 [00:03<00:00,  4.05it/s, loss=0.0431]
Epoch 1709/3000 | Loss: 0.0472 | Best: 0.0259 | Time: 3.9s | Elapsed: 0.9h | ETA: 88m | LR: 0.000208
Epoch 1710/3000: 100%|█████████████| 16/16 [00:03<00:00,  4.08it/s, loss=0.0222]
Epoch 1710/3000 | Loss: 0.0470 | Best: 0.0259 | Time: 3.9s | Elapsed: 0.9h | ETA: 88m | LR: 0.000208
Epoch 1711/3000: 100%|█████████████| 16/16 [00:03<00:00,  4.07it/s, loss=0.0125]
Epoch 1711/3000 | Loss: 0.0352 | Best: 0.0259 | Time: 3.9s | Elapsed: 0.9h | ETA: 88m | LR: 0.000208
Epoch 1712/3000: 100%|█████████████| 16/16 [00:03<00:00,  4.10it/s, loss=0.0715]
Epoch 1712/3000 | Loss: 0.0569 | Best: 0.0259 | Time: 3.9s | Elapsed: 0.9h | ETA: 88m | LR: 0.000208
Epoch 1713/3000: 100%|█████████████| 16/16 [00:03<00:00,  4.06it/s, loss=0.0153]
Epoch 1713/3000 | Loss: 0.0405 | Best: 0.0259 | Time: 3.9s | Elapsed: 0.9h | ETA: 88m | LR: 0.000207
Epoch 1714/3000: 100%|█████████████| 16/16 [00:03<00:00,  4.09it/s, loss=0.0325]
Epoch 1714/3000 | Loss: 0.0556 | Best: 0.0259 | Time: 3.9s | Elapsed: 0.9h | ETA: 88m | LR: 0.000207
Epoch 1715/3000: 100%|█████████████| 16/16 [00:03<00:00,  4.07it/s, loss=0.0236]
Epoch 1715/3000 | Loss: 0.0509 | Best: 0.0259 | Time: 3.9s | Elapsed: 0.9h | ETA: 88m | LR: 0.000207
Epoch 1716/3000: 100%|█████████████| 16/16 [00:03<00:00,  4.06it/s, loss=0.0838]
Epoch 1716/3000 | Loss: 0.0550 | Best: 0.0259 | Time: 3.9s | Elapsed: 0.9h | ETA: 88m | LR: 0.000207
Epoch 1717/3000: 100%|█████████████| 16/16 [00:03<00:00,  4.04it/s, loss=0.0619]
Epoch 1717/3000 | Loss: 0.0496 | Best: 0.0259 | Time: 4.0s | Elapsed: 0.9h | ETA: 88m | LR: 0.000206
Epoch 1718/3000: 100%|█████████████| 16/16 [00:03<00:00,  4.07it/s, loss=0.0370]
Epoch 1718/3000 | Loss: 0.0447 | Best: 0.0259 | Time: 3.9s | Elapsed: 0.9h | ETA: 88m | LR: 0.000206
Epoch 1719/3000: 100%|█████████████| 16/16 [00:03<00:00,  4.07it/s, loss=0.0122]
Epoch 1719/3000 | Loss: 0.0633 | Best: 0.0259 | Time: 3.9s | Elapsed: 0.9h | ETA: 88m | LR: 0.000206
Epoch 1720/3000: 100%|█████████████| 16/16 [00:03<00:00,  4.06it/s, loss=0.0767]
Epoch 1720/3000 | Loss: 0.0502 | Best: 0.0259 | Time: 3.9s | Elapsed: 0.9h | ETA: 88m | LR: 0.000206
Epoch 1721/3000: 100%|█████████████| 16/16 [00:03<00:00,  4.07it/s, loss=0.0580]
Epoch 1721/3000 | Loss: 0.0515 | Best: 0.0259 | Time: 3.9s | Elapsed: 0.9h | ETA: 87m | LR: 0.000206
Epoch 1722/3000: 100%|█████████████| 16/16 [00:03<00:00,  4.06it/s, loss=0.0323]
Epoch 1722/3000 | Loss: 0.0479 | Best: 0.0259 | Time: 3.9s | Elapsed: 0.9h | ETA: 87m | LR: 0.000205
Epoch 1723/3000: 100%|█████████████| 16/16 [00:03<00:00,  4.10it/s, loss=0.0541]
Epoch 1723/3000 | Loss: 0.0459 | Best: 0.0259 | Time: 3.9s | Elapsed: 1.0h | ETA: 87m | LR: 0.000205
Epoch 1724/3000: 100%|█████████████| 16/16 [00:03<00:00,  4.07it/s, loss=0.0130]
Epoch 1724/3000 | Loss: 0.0477 | Best: 0.0259 | Time: 3.9s | Elapsed: 1.0h | ETA: 87m | LR: 0.000205
Epoch 1725/3000: 100%|█████████████| 16/16 [00:03<00:00,  4.03it/s, loss=0.0072]
Epoch 1725/3000 | Loss: 0.0343 | Best: 0.0259 | Time: 4.0s | Elapsed: 1.0h | ETA: 87m | LR: 0.000205
  Generating samples at epoch 1725...
DDIM Sampling: 100%|████████████████████████████| 50/50 [00:01<00:00, 25.02it/s]
DDIM Sampling: 100%|████████████████████████████| 50/50 [00:01<00:00, 25.01it/s]
DDIM Sampling: 100%|████████████████████████████| 50/50 [00:01<00:00, 25.04it/s]
Epoch 1726/3000: 100%|█████████████| 16/16 [00:03<00:00,  4.03it/s, loss=0.0668]
Epoch 1726/3000 | Loss: 0.0809 | Best: 0.0259 | Time: 4.0s | Elapsed: 1.0h | ETA: 87m | LR: 0.000205
Epoch 1727/3000: 100%|█████████████| 16/16 [00:03<00:00,  4.03it/s, loss=0.0178]
Epoch 1727/3000 | Loss: 0.0336 | Best: 0.0259 | Time: 4.0s | Elapsed: 1.0h | ETA: 87m | LR: 0.000204
Epoch 1728/3000: 100%|█████████████| 16/16 [00:03<00:00,  4.05it/s, loss=0.0216]
Epoch 1728/3000 | Loss: 0.0472 | Best: 0.0259 | Time: 3.9s | Elapsed: 1.0h | ETA: 87m | LR: 0.000204
Epoch 1729/3000: 100%|█████████████| 16/16 [00:03<00:00,  4.06it/s, loss=0.0297]
Epoch 1729/3000 | Loss: 0.0495 | Best: 0.0259 | Time: 3.9s | Elapsed: 1.0h | ETA: 87m | LR: 0.000204
Epoch 1730/3000: 100%|█████████████| 16/16 [00:03<00:00,  4.05it/s, loss=0.0617]
Epoch 1730/3000 | Loss: 0.0464 | Best: 0.0259 | Time: 3.9s | Elapsed: 1.0h | ETA: 87m | LR: 0.000204
Epoch 1731/3000: 100%|█████████████| 16/16 [00:03<00:00,  4.05it/s, loss=0.0370]
Epoch 1731/3000 | Loss: 0.0336 | Best: 0.0259 | Time: 4.0s | Elapsed: 1.0h | ETA: 87m | LR: 0.000203
Epoch 1732/3000: 100%|█████████████| 16/16 [00:03<00:00,  4.01it/s, loss=0.0301]
Epoch 1732/3000 | Loss: 0.0567 | Best: 0.0259 | Time: 4.0s | Elapsed: 1.0h | ETA: 87m | LR: 0.000203
Epoch 1733/3000: 100%|█████████████| 16/16 [00:03<00:00,  4.01it/s, loss=0.0971]
Epoch 1733/3000 | Loss: 0.0361 | Best: 0.0259 | Time: 4.0s | Elapsed: 1.0h | ETA: 87m | LR: 0.000203
Epoch 1734/3000: 100%|█████████████| 16/16 [00:03<00:00,  4.10it/s, loss=0.0404]
Epoch 1734/3000 | Loss: 0.0377 | Best: 0.0259 | Time: 3.9s | Elapsed: 1.0h | ETA: 87m | LR: 0.000203
Epoch 1735/3000: 100%|█████████████| 16/16 [00:03<00:00,  4.09it/s, loss=0.0651]
Epoch 1735/3000 | Loss: 0.0480 | Best: 0.0259 | Time: 3.9s | Elapsed: 1.0h | ETA: 86m | LR: 0.000203
Epoch 1736/3000: 100%|█████████████| 16/16 [00:03<00:00,  4.11it/s, loss=0.0270]
Epoch 1736/3000 | Loss: 0.0422 | Best: 0.0259 | Time: 3.9s | Elapsed: 1.0h | ETA: 86m | LR: 0.000202
Epoch 1737/3000: 100%|█████████████| 16/16 [00:03<00:00,  4.05it/s, loss=0.0149]
Epoch 1737/3000 | Loss: 0.0468 | Best: 0.0259 | Time: 3.9s | Elapsed: 1.0h | ETA: 86m | LR: 0.000202
Epoch 1738/3000: 100%|█████████████| 16/16 [00:03<00:00,  4.06it/s, loss=0.0660]
Epoch 1738/3000 | Loss: 0.0473 | Best: 0.0259 | Time: 3.9s | Elapsed: 1.0h | ETA: 86m | LR: 0.000202
Epoch 1739/3000: 100%|█████████████| 16/16 [00:03<00:00,  4.06it/s, loss=0.0361]
Epoch 1739/3000 | Loss: 0.0490 | Best: 0.0259 | Time: 3.9s | Elapsed: 1.0h | ETA: 86m | LR: 0.000202
Epoch 1740/3000: 100%|█████████████| 16/16 [00:03<00:00,  4.07it/s, loss=0.0540]
Epoch 1740/3000 | Loss: 0.0451 | Best: 0.0259 | Time: 3.9s | Elapsed: 1.0h | ETA: 86m | LR: 0.000202
Epoch 1741/3000: 100%|█████████████| 16/16 [00:03<00:00,  4.09it/s, loss=0.0554]
Epoch 1741/3000 | Loss: 0.0520 | Best: 0.0259 | Time: 3.9s | Elapsed: 1.0h | ETA: 86m | LR: 0.000201
Epoch 1742/3000: 100%|█████████████| 16/16 [00:03<00:00,  4.05it/s, loss=0.0455]
Epoch 1742/3000 | Loss: 0.0492 | Best: 0.0259 | Time: 4.0s | Elapsed: 1.0h | ETA: 86m | LR: 0.000201
Epoch 1743/3000: 100%|█████████████| 16/16 [00:03<00:00,  4.07it/s, loss=0.0440]
Epoch 1743/3000 | Loss: 0.0693 | Best: 0.0259 | Time: 3.9s | Elapsed: 1.0h | ETA: 86m | LR: 0.000201
Epoch 1744/3000: 100%|█████████████| 16/16 [00:03<00:00,  4.07it/s, loss=0.0558]
Epoch 1744/3000 | Loss: 0.0560 | Best: 0.0259 | Time: 3.9s | Elapsed: 1.0h | ETA: 86m | LR: 0.000201
Epoch 1745/3000: 100%|█████████████| 16/16 [00:03<00:00,  4.05it/s, loss=0.0660]
Epoch 1745/3000 | Loss: 0.0530 | Best: 0.0259 | Time: 4.0s | Elapsed: 1.0h | ETA: 86m | LR: 0.000200
Epoch 1746/3000: 100%|█████████████| 16/16 [00:03<00:00,  4.11it/s, loss=0.0282]
Epoch 1746/3000 | Loss: 0.0463 | Best: 0.0259 | Time: 3.9s | Elapsed: 1.0h | ETA: 86m | LR: 0.000200
Epoch 1747/3000: 100%|█████████████| 16/16 [00:03<00:00,  4.07it/s, loss=0.0831]
Epoch 1747/3000 | Loss: 0.0486 | Best: 0.0259 | Time: 3.9s | Elapsed: 1.0h | ETA: 86m | LR: 0.000200
Epoch 1748/3000: 100%|█████████████| 16/16 [00:03<00:00,  4.09it/s, loss=0.0125]
Epoch 1748/3000 | Loss: 0.0552 | Best: 0.0259 | Time: 3.9s | Elapsed: 1.0h | ETA: 86m | LR: 0.000200
Epoch 1749/3000: 100%|█████████████| 16/16 [00:03<00:00,  4.10it/s, loss=0.0703]
Epoch 1749/3000 | Loss: 0.0488 | Best: 0.0259 | Time: 3.9s | Elapsed: 1.0h | ETA: 85m | LR: 0.000200
Epoch 1750/3000: 100%|█████████████| 16/16 [00:03<00:00,  4.06it/s, loss=0.0151]
Epoch 1750/3000 | Loss: 0.0540 | Best: 0.0259 | Time: 3.9s | Elapsed: 1.0h | ETA: 85m | LR: 0.000199
  Generating samples at epoch 1750...
DDIM Sampling: 100%|████████████████████████████| 50/50 [00:01<00:00, 25.01it/s]
DDIM Sampling: 100%|████████████████████████████| 50/50 [00:01<00:00, 25.01it/s]
DDIM Sampling: 100%|████████████████████████████| 50/50 [00:01<00:00, 25.09it/s]
Epoch 1751/3000: 100%|█████████████| 16/16 [00:03<00:00,  4.01it/s, loss=0.0099]
Epoch 1751/3000 | Loss: 0.0323 | Best: 0.0259 | Time: 4.0s | Elapsed: 1.0h | ETA: 85m | LR: 0.000199
Epoch 1752/3000: 100%|█████████████| 16/16 [00:03<00:00,  4.09it/s, loss=0.0080]
Epoch 1752/3000 | Loss: 0.0585 | Best: 0.0259 | Time: 3.9s | Elapsed: 1.0h | ETA: 85m | LR: 0.000199
Epoch 1753/3000: 100%|█████████████| 16/16 [00:03<00:00,  4.04it/s, loss=0.0062]
Epoch 1753/3000 | Loss: 0.0357 | Best: 0.0259 | Time: 4.0s | Elapsed: 1.0h | ETA: 85m | LR: 0.000199
Epoch 1754/3000: 100%|█████████████| 16/16 [00:04<00:00,  3.98it/s, loss=0.0420]
Epoch 1754/3000 | Loss: 0.0486 | Best: 0.0259 | Time: 4.0s | Elapsed: 1.0h | ETA: 85m | LR: 0.000199
Epoch 1755/3000: 100%|█████████████| 16/16 [00:03<00:00,  4.09it/s, loss=0.0435]
Epoch 1755/3000 | Loss: 0.0491 | Best: 0.0259 | Time: 3.9s | Elapsed: 1.0h | ETA: 85m | LR: 0.000198
Epoch 1756/3000: 100%|█████████████| 16/16 [00:03<00:00,  4.00it/s, loss=0.0314]
Epoch 1756/3000 | Loss: 0.0535 | Best: 0.0259 | Time: 4.0s | Elapsed: 1.0h | ETA: 85m | LR: 0.000198
Epoch 1757/3000: 100%|█████████████| 16/16 [00:03<00:00,  4.05it/s, loss=0.0490]
Epoch 1757/3000 | Loss: 0.0543 | Best: 0.0259 | Time: 4.0s | Elapsed: 1.0h | ETA: 85m | LR: 0.000198
Epoch 1758/3000: 100%|█████████████| 16/16 [00:03<00:00,  4.04it/s, loss=0.0284]
Epoch 1758/3000 | Loss: 0.0510 | Best: 0.0259 | Time: 4.0s | Elapsed: 1.0h | ETA: 85m | LR: 0.000198
Epoch 1759/3000: 100%|█████████████| 16/16 [00:03<00:00,  4.06it/s, loss=0.0285]
Epoch 1759/3000 | Loss: 0.0422 | Best: 0.0259 | Time: 3.9s | Elapsed: 1.0h | ETA: 85m | LR: 0.000197
Epoch 1760/3000: 100%|█████████████| 16/16 [00:03<00:00,  4.02it/s, loss=0.0612]
Epoch 1760/3000 | Loss: 0.0451 | Best: 0.0259 | Time: 4.0s | Elapsed: 1.0h | ETA: 85m | LR: 0.000197
Epoch 1761/3000: 100%|█████████████| 16/16 [00:03<00:00,  4.00it/s, loss=0.0178]
Epoch 1761/3000 | Loss: 0.0375 | Best: 0.0259 | Time: 4.0s | Elapsed: 1.0h | ETA: 85m | LR: 0.000197
Epoch 1762/3000: 100%|█████████████| 16/16 [00:04<00:00,  3.96it/s, loss=0.0418]
Epoch 1762/3000 | Loss: 0.0390 | Best: 0.0259 | Time: 4.0s | Elapsed: 1.0h | ETA: 85m | LR: 0.000197
Epoch 1763/3000: 100%|█████████████| 16/16 [00:03<00:00,  4.05it/s, loss=0.0386]
Epoch 1763/3000 | Loss: 0.0418 | Best: 0.0259 | Time: 4.0s | Elapsed: 1.0h | ETA: 84m | LR: 0.000197
Epoch 1764/3000: 100%|█████████████| 16/16 [00:03<00:00,  4.02it/s, loss=0.0438]
Epoch 1764/3000 | Loss: 0.0588 | Best: 0.0259 | Time: 4.0s | Elapsed: 1.0h | ETA: 84m | LR: 0.000196
Epoch 1765/3000: 100%|█████████████| 16/16 [00:03<00:00,  4.06it/s, loss=0.0727]
Epoch 1765/3000 | Loss: 0.0439 | Best: 0.0259 | Time: 3.9s | Elapsed: 1.0h | ETA: 84m | LR: 0.000196
Epoch 1766/3000: 100%|█████████████| 16/16 [00:03<00:00,  4.07it/s, loss=0.0169]
Epoch 1766/3000 | Loss: 0.0414 | Best: 0.0259 | Time: 3.9s | Elapsed: 1.0h | ETA: 84m | LR: 0.000196
Epoch 1767/3000: 100%|█████████████| 16/16 [00:03<00:00,  4.09it/s, loss=0.0568]
Epoch 1767/3000 | Loss: 0.0459 | Best: 0.0259 | Time: 3.9s | Elapsed: 1.0h | ETA: 84m | LR: 0.000196
Epoch 1768/3000: 100%|█████████████| 16/16 [00:03<00:00,  4.09it/s, loss=0.1102]
Epoch 1768/3000 | Loss: 0.0612 | Best: 0.0259 | Time: 3.9s | Elapsed: 1.0h | ETA: 84m | LR: 0.000195
Epoch 1769/3000: 100%|█████████████| 16/16 [00:03<00:00,  4.07it/s, loss=0.0811]
Epoch 1769/3000 | Loss: 0.0410 | Best: 0.0259 | Time: 3.9s | Elapsed: 1.0h | ETA: 84m | LR: 0.000195
Epoch 1770/3000: 100%|█████████████| 16/16 [00:03<00:00,  4.02it/s, loss=0.0928]
Epoch 1770/3000 | Loss: 0.0451 | Best: 0.0259 | Time: 4.0s | Elapsed: 1.0h | ETA: 84m | LR: 0.000195
Epoch 1771/3000: 100%|█████████████| 16/16 [00:03<00:00,  4.07it/s, loss=0.0239]
Epoch 1771/3000 | Loss: 0.0520 | Best: 0.0259 | Time: 3.9s | Elapsed: 1.0h | ETA: 84m | LR: 0.000195
Epoch 1772/3000: 100%|█████████████| 16/16 [00:03<00:00,  4.10it/s, loss=0.0602]
Epoch 1772/3000 | Loss: 0.0514 | Best: 0.0259 | Time: 3.9s | Elapsed: 1.0h | ETA: 84m | LR: 0.000195
Epoch 1773/3000: 100%|█████████████| 16/16 [00:03<00:00,  4.09it/s, loss=0.0460]
Epoch 1773/3000 | Loss: 0.0405 | Best: 0.0259 | Time: 3.9s | Elapsed: 1.0h | ETA: 84m | LR: 0.000194
Epoch 1774/3000: 100%|█████████████| 16/16 [00:03<00:00,  4.07it/s, loss=0.0251]
Epoch 1774/3000 | Loss: 0.0546 | Best: 0.0259 | Time: 3.9s | Elapsed: 1.0h | ETA: 84m | LR: 0.000194
Epoch 1775/3000: 100%|█████████████| 16/16 [00:03<00:00,  4.15it/s, loss=0.0533]
Epoch 1775/3000 | Loss: 0.0484 | Best: 0.0259 | Time: 3.9s | Elapsed: 1.0h | ETA: 84m | LR: 0.000194
  Generating samples at epoch 1775...
DDIM Sampling: 100%|████████████████████████████| 50/50 [00:01<00:00, 25.12it/s]
DDIM Sampling: 100%|████████████████████████████| 50/50 [00:01<00:00, 25.18it/s]
DDIM Sampling: 100%|████████████████████████████| 50/50 [00:01<00:00, 25.21it/s]
Epoch 1776/3000: 100%|█████████████| 16/16 [00:03<00:00,  4.10it/s, loss=0.0758]
Epoch 1776/3000 | Loss: 0.0452 | Best: 0.0259 | Time: 3.9s | Elapsed: 1.0h | ETA: 83m | LR: 0.000194
Epoch 1777/3000: 100%|█████████████| 16/16 [00:03<00:00,  4.02it/s, loss=0.0508]
Epoch 1777/3000 | Loss: 0.0529 | Best: 0.0259 | Time: 4.0s | Elapsed: 1.0h | ETA: 83m | LR: 0.000194
Epoch 1778/3000: 100%|█████████████| 16/16 [00:03<00:00,  4.07it/s, loss=0.0159]
Epoch 1778/3000 | Loss: 0.0512 | Best: 0.0259 | Time: 3.9s | Elapsed: 1.0h | ETA: 83m | LR: 0.000193
Epoch 1779/3000: 100%|█████████████| 16/16 [00:03<00:00,  4.12it/s, loss=0.0663]
Epoch 1779/3000 | Loss: 0.0582 | Best: 0.0259 | Time: 3.9s | Elapsed: 1.0h | ETA: 83m | LR: 0.000193
Epoch 1780/3000: 100%|█████████████| 16/16 [00:03<00:00,  4.04it/s, loss=0.0367]
Epoch 1780/3000 | Loss: 0.0432 | Best: 0.0259 | Time: 4.0s | Elapsed: 1.0h | ETA: 83m | LR: 0.000193
Epoch 1781/3000: 100%|█████████████| 16/16 [00:03<00:00,  4.11it/s, loss=0.0184]
Epoch 1781/3000 | Loss: 0.0585 | Best: 0.0259 | Time: 3.9s | Elapsed: 1.0h | ETA: 83m | LR: 0.000193
Epoch 1782/3000: 100%|█████████████| 16/16 [00:03<00:00,  4.06it/s, loss=0.0059]
Epoch 1782/3000 | Loss: 0.0611 | Best: 0.0259 | Time: 3.9s | Elapsed: 1.0h | ETA: 83m | LR: 0.000192
Epoch 1783/3000: 100%|█████████████| 16/16 [00:03<00:00,  4.06it/s, loss=0.0439]
Epoch 1783/3000 | Loss: 0.0418 | Best: 0.0259 | Time: 3.9s | Elapsed: 1.0h | ETA: 83m | LR: 0.000192
Epoch 1784/3000: 100%|█████████████| 16/16 [00:03<00:00,  4.10it/s, loss=0.0180]
Epoch 1784/3000 | Loss: 0.0376 | Best: 0.0259 | Time: 3.9s | Elapsed: 1.0h | ETA: 83m | LR: 0.000192
Epoch 1785/3000: 100%|█████████████| 16/16 [00:04<00:00,  3.99it/s, loss=0.0724]
Epoch 1785/3000 | Loss: 0.0570 | Best: 0.0259 | Time: 4.0s | Elapsed: 1.0h | ETA: 83m | LR: 0.000192
Epoch 1786/3000: 100%|█████████████| 16/16 [00:03<00:00,  4.13it/s, loss=0.0325]
Epoch 1786/3000 | Loss: 0.0555 | Best: 0.0259 | Time: 3.9s | Elapsed: 1.0h | ETA: 83m | LR: 0.000192
Epoch 1787/3000: 100%|█████████████| 16/16 [00:03<00:00,  4.11it/s, loss=0.0304]
Epoch 1787/3000 | Loss: 0.0436 | Best: 0.0259 | Time: 3.9s | Elapsed: 1.0h | ETA: 83m | LR: 0.000191
Epoch 1788/3000: 100%|█████████████| 16/16 [00:03<00:00,  4.08it/s, loss=0.0207]
Epoch 1788/3000 | Loss: 0.0528 | Best: 0.0259 | Time: 3.9s | Elapsed: 1.0h | ETA: 83m | LR: 0.000191
Epoch 1789/3000: 100%|█████████████| 16/16 [00:03<00:00,  4.07it/s, loss=0.0394]
Epoch 1789/3000 | Loss: 0.0470 | Best: 0.0259 | Time: 3.9s | Elapsed: 1.0h | ETA: 83m | LR: 0.000191
Epoch 1790/3000: 100%|█████████████| 16/16 [00:03<00:00,  4.04it/s, loss=0.0738]
Epoch 1790/3000 | Loss: 0.0499 | Best: 0.0259 | Time: 4.0s | Elapsed: 1.0h | ETA: 82m | LR: 0.000191
Epoch 1791/3000: 100%|█████████████| 16/16 [00:03<00:00,  4.08it/s, loss=0.0223]
Epoch 1791/3000 | Loss: 0.0467 | Best: 0.0259 | Time: 3.9s | Elapsed: 1.0h | ETA: 82m | LR: 0.000190
Epoch 1792/3000: 100%|█████████████| 16/16 [00:03<00:00,  4.02it/s, loss=0.0482]
Epoch 1792/3000 | Loss: 0.0448 | Best: 0.0259 | Time: 4.0s | Elapsed: 1.0h | ETA: 82m | LR: 0.000190
Epoch 1793/3000: 100%|█████████████| 16/16 [00:03<00:00,  4.04it/s, loss=0.0920]
Epoch 1793/3000 | Loss: 0.0516 | Best: 0.0259 | Time: 4.0s | Elapsed: 1.0h | ETA: 82m | LR: 0.000190
Epoch 1794/3000: 100%|█████████████| 16/16 [00:03<00:00,  4.07it/s, loss=0.0671]
Epoch 1794/3000 | Loss: 0.0511 | Best: 0.0259 | Time: 3.9s | Elapsed: 1.0h | ETA: 82m | LR: 0.000190
Epoch 1795/3000: 100%|█████████████| 16/16 [00:03<00:00,  4.03it/s, loss=0.0553]
Epoch 1795/3000 | Loss: 0.0493 | Best: 0.0259 | Time: 4.0s | Elapsed: 1.0h | ETA: 82m | LR: 0.000190
Epoch 1796/3000: 100%|█████████████| 16/16 [00:03<00:00,  4.08it/s, loss=0.0100]
Epoch 1796/3000 | Loss: 0.0238 | Best: 0.0259 | Time: 3.9s | Elapsed: 1.0h | ETA: 82m | LR: 0.000189
Epoch 1797/3000: 100%|█████████████| 16/16 [00:03<00:00,  4.09it/s, loss=0.0269]
Epoch 1797/3000 | Loss: 0.0448 | Best: 0.0238 | Time: 3.9s | Elapsed: 1.0h | ETA: 82m | LR: 0.000189
Epoch 1798/3000: 100%|█████████████| 16/16 [00:03<00:00,  4.08it/s, loss=0.0195]
Epoch 1798/3000 | Loss: 0.0450 | Best: 0.0238 | Time: 3.9s | Elapsed: 1.0h | ETA: 82m | LR: 0.000189
Epoch 1799/3000: 100%|█████████████| 16/16 [00:03<00:00,  4.12it/s, loss=0.0279]
Epoch 1799/3000 | Loss: 0.0418 | Best: 0.0238 | Time: 3.9s | Elapsed: 1.0h | ETA: 82m | LR: 0.000189
Epoch 1800/3000: 100%|█████████████| 16/16 [00:03<00:00,  4.05it/s, loss=0.0163]
Epoch 1800/3000 | Loss: 0.0424 | Best: 0.0238 | Time: 4.0s | Elapsed: 1.0h | ETA: 82m | LR: 0.000188
  Generating samples at epoch 1800...
DDIM Sampling: 100%|████████████████████████████| 50/50 [00:01<00:00, 25.10it/s]
DDIM Sampling: 100%|████████████████████████████| 50/50 [00:01<00:00, 25.23it/s]
DDIM Sampling: 100%|████████████████████████████| 50/50 [00:01<00:00, 25.11it/s]
Epoch 1801/3000: 100%|█████████████| 16/16 [00:03<00:00,  4.06it/s, loss=0.0552]
Epoch 1801/3000 | Loss: 0.0515 | Best: 0.0238 | Time: 3.9s | Elapsed: 1.0h | ETA: 82m | LR: 0.000188
Epoch 1802/3000: 100%|█████████████| 16/16 [00:03<00:00,  4.07it/s, loss=0.0329]
Epoch 1802/3000 | Loss: 0.0378 | Best: 0.0238 | Time: 3.9s | Elapsed: 1.0h | ETA: 82m | LR: 0.000188
Epoch 1803/3000: 100%|█████████████| 16/16 [00:03<00:00,  4.09it/s, loss=0.1223]
Epoch 1803/3000 | Loss: 0.0487 | Best: 0.0238 | Time: 3.9s | Elapsed: 1.0h | ETA: 82m | LR: 0.000188
Epoch 1804/3000: 100%|█████████████| 16/16 [00:03<00:00,  4.03it/s, loss=0.0775]
Epoch 1804/3000 | Loss: 0.0387 | Best: 0.0238 | Time: 4.0s | Elapsed: 1.0h | ETA: 81m | LR: 0.000188
Epoch 1805/3000: 100%|█████████████| 16/16 [00:03<00:00,  4.07it/s, loss=0.0411]
Epoch 1805/3000 | Loss: 0.0471 | Best: 0.0238 | Time: 3.9s | Elapsed: 1.0h | ETA: 81m | LR: 0.000187
Epoch 1806/3000: 100%|█████████████| 16/16 [00:03<00:00,  4.05it/s, loss=0.0178]
Epoch 1806/3000 | Loss: 0.0516 | Best: 0.0238 | Time: 4.0s | Elapsed: 1.0h | ETA: 81m | LR: 0.000187
Epoch 1807/3000: 100%|█████████████| 16/16 [00:03<00:00,  4.02it/s, loss=0.0436]
Epoch 1807/3000 | Loss: 0.0439 | Best: 0.0238 | Time: 4.0s | Elapsed: 1.1h | ETA: 81m | LR: 0.000187
Epoch 1808/3000: 100%|█████████████| 16/16 [00:03<00:00,  4.06it/s, loss=0.0153]
Epoch 1808/3000 | Loss: 0.0543 | Best: 0.0238 | Time: 3.9s | Elapsed: 1.1h | ETA: 81m | LR: 0.000187
Epoch 1809/3000: 100%|█████████████| 16/16 [00:03<00:00,  4.08it/s, loss=0.0658]
Epoch 1809/3000 | Loss: 0.0333 | Best: 0.0238 | Time: 3.9s | Elapsed: 1.1h | ETA: 81m | LR: 0.000186
Epoch 1810/3000: 100%|█████████████| 16/16 [00:03<00:00,  4.02it/s, loss=0.0943]
Epoch 1810/3000 | Loss: 0.0492 | Best: 0.0238 | Time: 4.0s | Elapsed: 1.1h | ETA: 81m | LR: 0.000186
Epoch 1811/3000: 100%|█████████████| 16/16 [00:04<00:00,  3.99it/s, loss=0.0760]
Epoch 1811/3000 | Loss: 0.0496 | Best: 0.0238 | Time: 4.0s | Elapsed: 1.1h | ETA: 81m | LR: 0.000186
Epoch 1812/3000: 100%|█████████████| 16/16 [00:03<00:00,  4.05it/s, loss=0.0098]
Epoch 1812/3000 | Loss: 0.0500 | Best: 0.0238 | Time: 4.0s | Elapsed: 1.1h | ETA: 81m | LR: 0.000186
Epoch 1813/3000: 100%|█████████████| 16/16 [00:03<00:00,  4.04it/s, loss=0.0150]
Epoch 1813/3000 | Loss: 0.0436 | Best: 0.0238 | Time: 4.0s | Elapsed: 1.1h | ETA: 81m | LR: 0.000186
Epoch 1814/3000: 100%|█████████████| 16/16 [00:03<00:00,  4.08it/s, loss=0.0563]
Epoch 1814/3000 | Loss: 0.0515 | Best: 0.0238 | Time: 3.9s | Elapsed: 1.1h | ETA: 81m | LR: 0.000185
Epoch 1815/3000: 100%|█████████████| 16/16 [00:03<00:00,  4.06it/s, loss=0.0175]
Epoch 1815/3000 | Loss: 0.0427 | Best: 0.0238 | Time: 3.9s | Elapsed: 1.1h | ETA: 81m | LR: 0.000185
Epoch 1816/3000: 100%|█████████████| 16/16 [00:03<00:00,  4.03it/s, loss=0.0719]
Epoch 1816/3000 | Loss: 0.0428 | Best: 0.0238 | Time: 4.0s | Elapsed: 1.1h | ETA: 81m | LR: 0.000185
Epoch 1817/3000: 100%|█████████████| 16/16 [00:03<00:00,  4.10it/s, loss=0.0187]
Epoch 1817/3000 | Loss: 0.0384 | Best: 0.0238 | Time: 3.9s | Elapsed: 1.1h | ETA: 81m | LR: 0.000185
Epoch 1818/3000: 100%|█████████████| 16/16 [00:03<00:00,  4.10it/s, loss=0.0175]
Epoch 1818/3000 | Loss: 0.0517 | Best: 0.0238 | Time: 3.9s | Elapsed: 1.1h | ETA: 80m | LR: 0.000184
Epoch 1819/3000: 100%|█████████████| 16/16 [00:03<00:00,  4.05it/s, loss=0.0503]
Epoch 1819/3000 | Loss: 0.0470 | Best: 0.0238 | Time: 4.0s | Elapsed: 1.1h | ETA: 80m | LR: 0.000184
Epoch 1820/3000: 100%|█████████████| 16/16 [00:03<00:00,  4.12it/s, loss=0.0495]
Epoch 1820/3000 | Loss: 0.0461 | Best: 0.0238 | Time: 3.9s | Elapsed: 1.1h | ETA: 80m | LR: 0.000184
Epoch 1821/3000: 100%|█████████████| 16/16 [00:03<00:00,  4.07it/s, loss=0.0984]
Epoch 1821/3000 | Loss: 0.0635 | Best: 0.0238 | Time: 3.9s | Elapsed: 1.1h | ETA: 80m | LR: 0.000184
Epoch 1822/3000: 100%|█████████████| 16/16 [00:03<00:00,  4.01it/s, loss=0.0382]
Epoch 1822/3000 | Loss: 0.0485 | Best: 0.0238 | Time: 4.0s | Elapsed: 1.1h | ETA: 80m | LR: 0.000184
Epoch 1823/3000: 100%|█████████████| 16/16 [00:03<00:00,  4.04it/s, loss=0.0073]
Epoch 1823/3000 | Loss: 0.0359 | Best: 0.0238 | Time: 4.0s | Elapsed: 1.1h | ETA: 80m | LR: 0.000183
Epoch 1824/3000: 100%|█████████████| 16/16 [00:03<00:00,  4.09it/s, loss=0.0196]
Epoch 1824/3000 | Loss: 0.0393 | Best: 0.0238 | Time: 3.9s | Elapsed: 1.1h | ETA: 80m | LR: 0.000183
Epoch 1825/3000: 100%|█████████████| 16/16 [00:03<00:00,  4.09it/s, loss=0.0168]
Epoch 1825/3000 | Loss: 0.0422 | Best: 0.0238 | Time: 3.9s | Elapsed: 1.1h | ETA: 80m | LR: 0.000183
  Generating samples at epoch 1825...
DDIM Sampling: 100%|████████████████████████████| 50/50 [00:01<00:00, 25.04it/s]
DDIM Sampling: 100%|████████████████████████████| 50/50 [00:01<00:00, 25.07it/s]
DDIM Sampling: 100%|████████████████████████████| 50/50 [00:01<00:00, 25.12it/s]
Epoch 1826/3000: 100%|█████████████| 16/16 [00:03<00:00,  4.07it/s, loss=0.0394]
Epoch 1826/3000 | Loss: 0.0388 | Best: 0.0238 | Time: 3.9s | Elapsed: 1.1h | ETA: 80m | LR: 0.000183
Epoch 1827/3000: 100%|█████████████| 16/16 [00:03<00:00,  4.07it/s, loss=0.0417]
Epoch 1827/3000 | Loss: 0.0436 | Best: 0.0238 | Time: 3.9s | Elapsed: 1.1h | ETA: 80m | LR: 0.000182
Epoch 1828/3000: 100%|█████████████| 16/16 [00:03<00:00,  4.04it/s, loss=0.0395]
Epoch 1828/3000 | Loss: 0.0397 | Best: 0.0238 | Time: 4.0s | Elapsed: 1.1h | ETA: 80m | LR: 0.000182
Epoch 1829/3000: 100%|█████████████| 16/16 [00:04<00:00,  3.97it/s, loss=0.0953]
Epoch 1829/3000 | Loss: 0.0621 | Best: 0.0238 | Time: 4.0s | Elapsed: 1.1h | ETA: 80m | LR: 0.000182
Epoch 1830/3000: 100%|█████████████| 16/16 [00:03<00:00,  4.00it/s, loss=0.0257]
Epoch 1830/3000 | Loss: 0.0350 | Best: 0.0238 | Time: 4.0s | Elapsed: 1.1h | ETA: 80m | LR: 0.000182
Epoch 1831/3000: 100%|█████████████| 16/16 [00:04<00:00,  3.98it/s, loss=0.0150]
Epoch 1831/3000 | Loss: 0.0351 | Best: 0.0238 | Time: 4.0s | Elapsed: 1.1h | ETA: 80m | LR: 0.000182
Epoch 1832/3000: 100%|█████████████| 16/16 [00:03<00:00,  4.05it/s, loss=0.0114]
Epoch 1832/3000 | Loss: 0.0350 | Best: 0.0238 | Time: 4.0s | Elapsed: 1.1h | ETA: 79m | LR: 0.000181
Epoch 1833/3000: 100%|█████████████| 16/16 [00:03<00:00,  4.06it/s, loss=0.0436]
Epoch 1833/3000 | Loss: 0.0320 | Best: 0.0238 | Time: 3.9s | Elapsed: 1.1h | ETA: 79m | LR: 0.000181
Epoch 1834/3000: 100%|█████████████| 16/16 [00:03<00:00,  4.06it/s, loss=0.0794]
Epoch 1834/3000 | Loss: 0.0603 | Best: 0.0238 | Time: 3.9s | Elapsed: 1.1h | ETA: 79m | LR: 0.000181
Epoch 1835/3000: 100%|█████████████| 16/16 [00:03<00:00,  4.08it/s, loss=0.0372]
Epoch 1835/3000 | Loss: 0.0547 | Best: 0.0238 | Time: 3.9s | Elapsed: 1.1h | ETA: 79m | LR: 0.000181
Epoch 1836/3000: 100%|█████████████| 16/16 [00:03<00:00,  4.03it/s, loss=0.0623]
Epoch 1836/3000 | Loss: 0.0505 | Best: 0.0238 | Time: 4.0s | Elapsed: 1.1h | ETA: 79m | LR: 0.000180
Epoch 1837/3000: 100%|█████████████| 16/16 [00:04<00:00,  3.95it/s, loss=0.0304]
Epoch 1837/3000 | Loss: 0.0382 | Best: 0.0238 | Time: 4.1s | Elapsed: 1.1h | ETA: 79m | LR: 0.000180
Epoch 1838/3000: 100%|█████████████| 16/16 [00:03<00:00,  4.06it/s, loss=0.0182]
Epoch 1838/3000 | Loss: 0.0597 | Best: 0.0238 | Time: 3.9s | Elapsed: 1.1h | ETA: 79m | LR: 0.000180
Epoch 1839/3000: 100%|█████████████| 16/16 [00:03<00:00,  4.07it/s, loss=0.0297]
Epoch 1839/3000 | Loss: 0.0617 | Best: 0.0238 | Time: 3.9s | Elapsed: 1.1h | ETA: 79m | LR: 0.000180
Epoch 1840/3000: 100%|█████████████| 16/16 [00:03<00:00,  4.05it/s, loss=0.0723]
Epoch 1840/3000 | Loss: 0.0470 | Best: 0.0238 | Time: 3.9s | Elapsed: 1.1h | ETA: 79m | LR: 0.000180
Epoch 1841/3000: 100%|█████████████| 16/16 [00:03<00:00,  4.07it/s, loss=0.0134]
Epoch 1841/3000 | Loss: 0.0435 | Best: 0.0238 | Time: 3.9s | Elapsed: 1.1h | ETA: 79m | LR: 0.000179
Epoch 1842/3000: 100%|█████████████| 16/16 [00:03<00:00,  4.01it/s, loss=0.0667]
Epoch 1842/3000 | Loss: 0.0473 | Best: 0.0238 | Time: 4.0s | Elapsed: 1.1h | ETA: 79m | LR: 0.000179
Epoch 1843/3000: 100%|█████████████| 16/16 [00:03<00:00,  4.04it/s, loss=0.0368]
Epoch 1843/3000 | Loss: 0.0431 | Best: 0.0238 | Time: 4.0s | Elapsed: 1.1h | ETA: 79m | LR: 0.000179
Epoch 1844/3000: 100%|█████████████| 16/16 [00:03<00:00,  4.07it/s, loss=0.0260]
Epoch 1844/3000 | Loss: 0.0532 | Best: 0.0238 | Time: 3.9s | Elapsed: 1.1h | ETA: 79m | LR: 0.000179
Epoch 1845/3000: 100%|█████████████| 16/16 [00:04<00:00,  3.98it/s, loss=0.0123]
Epoch 1845/3000 | Loss: 0.0448 | Best: 0.0238 | Time: 4.0s | Elapsed: 1.1h | ETA: 79m | LR: 0.000178
Epoch 1846/3000: 100%|█████████████| 16/16 [00:03<00:00,  4.05it/s, loss=0.0201]
Epoch 1846/3000 | Loss: 0.0555 | Best: 0.0238 | Time: 4.0s | Elapsed: 1.1h | ETA: 79m | LR: 0.000178
Epoch 1847/3000: 100%|█████████████| 16/16 [00:03<00:00,  4.05it/s, loss=0.0110]
Epoch 1847/3000 | Loss: 0.0351 | Best: 0.0238 | Time: 3.9s | Elapsed: 1.1h | ETA: 78m | LR: 0.000178
Epoch 1848/3000: 100%|█████████████| 16/16 [00:03<00:00,  4.07it/s, loss=0.0605]
Epoch 1848/3000 | Loss: 0.0550 | Best: 0.0238 | Time: 3.9s | Elapsed: 1.1h | ETA: 78m | LR: 0.000178
Epoch 1849/3000: 100%|█████████████| 16/16 [00:03<00:00,  4.05it/s, loss=0.0358]
Epoch 1849/3000 | Loss: 0.0542 | Best: 0.0238 | Time: 3.9s | Elapsed: 1.1h | ETA: 78m | LR: 0.000178
Epoch 1850/3000: 100%|█████████████| 16/16 [00:03<00:00,  4.07it/s, loss=0.0391]
Epoch 1850/3000 | Loss: 0.0449 | Best: 0.0238 | Time: 3.9s | Elapsed: 1.1h | ETA: 78m | LR: 0.000177
  Generating samples at epoch 1850...
DDIM Sampling: 100%|████████████████████████████| 50/50 [00:01<00:00, 25.09it/s]
DDIM Sampling: 100%|████████████████████████████| 50/50 [00:01<00:00, 25.03it/s]
DDIM Sampling: 100%|████████████████████████████| 50/50 [00:02<00:00, 24.96it/s]
Epoch 1851/3000: 100%|█████████████| 16/16 [00:03<00:00,  4.04it/s, loss=0.0538]
Epoch 1851/3000 | Loss: 0.0535 | Best: 0.0238 | Time: 4.0s | Elapsed: 1.1h | ETA: 78m | LR: 0.000177
Epoch 1852/3000: 100%|█████████████| 16/16 [00:03<00:00,  4.00it/s, loss=0.0894]
Epoch 1852/3000 | Loss: 0.0554 | Best: 0.0238 | Time: 4.0s | Elapsed: 1.1h | ETA: 78m | LR: 0.000177
Epoch 1853/3000: 100%|█████████████| 16/16 [00:03<00:00,  4.06it/s, loss=0.0971]
Epoch 1853/3000 | Loss: 0.0576 | Best: 0.0238 | Time: 3.9s | Elapsed: 1.1h | ETA: 78m | LR: 0.000177
Epoch 1854/3000: 100%|█████████████| 16/16 [00:03<00:00,  4.08it/s, loss=0.0468]
Epoch 1854/3000 | Loss: 0.0537 | Best: 0.0238 | Time: 3.9s | Elapsed: 1.1h | ETA: 78m | LR: 0.000176
Epoch 1855/3000: 100%|█████████████| 16/16 [00:03<00:00,  4.06it/s, loss=0.0306]
Epoch 1855/3000 | Loss: 0.0353 | Best: 0.0238 | Time: 3.9s | Elapsed: 1.1h | ETA: 78m | LR: 0.000176
Epoch 1856/3000: 100%|█████████████| 16/16 [00:03<00:00,  4.05it/s, loss=0.0894]
Epoch 1856/3000 | Loss: 0.0479 | Best: 0.0238 | Time: 4.0s | Elapsed: 1.1h | ETA: 78m | LR: 0.000176
Epoch 1857/3000: 100%|█████████████| 16/16 [00:03<00:00,  4.08it/s, loss=0.0252]
Epoch 1857/3000 | Loss: 0.0564 | Best: 0.0238 | Time: 3.9s | Elapsed: 1.1h | ETA: 78m | LR: 0.000176
Epoch 1858/3000: 100%|█████████████| 16/16 [00:03<00:00,  4.04it/s, loss=0.0365]
Epoch 1858/3000 | Loss: 0.0476 | Best: 0.0238 | Time: 4.0s | Elapsed: 1.1h | ETA: 78m | LR: 0.000175
Epoch 1859/3000: 100%|█████████████| 16/16 [00:03<00:00,  4.07it/s, loss=0.0207]
Epoch 1859/3000 | Loss: 0.0415 | Best: 0.0238 | Time: 3.9s | Elapsed: 1.1h | ETA: 78m | LR: 0.000175
Epoch 1860/3000: 100%|█████████████| 16/16 [00:03<00:00,  4.02it/s, loss=0.0380]
Epoch 1860/3000 | Loss: 0.0417 | Best: 0.0238 | Time: 4.0s | Elapsed: 1.1h | ETA: 78m | LR: 0.000175
Epoch 1861/3000: 100%|█████████████| 16/16 [00:04<00:00,  3.96it/s, loss=0.0391]
Epoch 1861/3000 | Loss: 0.0516 | Best: 0.0238 | Time: 4.0s | Elapsed: 1.1h | ETA: 77m | LR: 0.000175
Epoch 1862/3000: 100%|█████████████| 16/16 [00:03<00:00,  4.08it/s, loss=0.0270]
Epoch 1862/3000 | Loss: 0.0380 | Best: 0.0238 | Time: 3.9s | Elapsed: 1.1h | ETA: 77m | LR: 0.000175
Epoch 1863/3000: 100%|█████████████| 16/16 [00:03<00:00,  4.06it/s, loss=0.0549]
Epoch 1863/3000 | Loss: 0.0641 | Best: 0.0238 | Time: 3.9s | Elapsed: 1.1h | ETA: 77m | LR: 0.000174
Epoch 1864/3000: 100%|█████████████| 16/16 [00:03<00:00,  4.03it/s, loss=0.0128]
Epoch 1864/3000 | Loss: 0.0388 | Best: 0.0238 | Time: 4.0s | Elapsed: 1.1h | ETA: 77m | LR: 0.000174
Epoch 1865/3000: 100%|█████████████| 16/16 [00:03<00:00,  4.05it/s, loss=0.0523]
Epoch 1865/3000 | Loss: 0.0487 | Best: 0.0238 | Time: 4.0s | Elapsed: 1.1h | ETA: 77m | LR: 0.000174
Epoch 1866/3000: 100%|█████████████| 16/16 [00:03<00:00,  4.04it/s, loss=0.0201]
Epoch 1866/3000 | Loss: 0.0482 | Best: 0.0238 | Time: 4.0s | Elapsed: 1.1h | ETA: 77m | LR: 0.000174
Epoch 1867/3000: 100%|█████████████| 16/16 [00:03<00:00,  4.04it/s, loss=0.0324]
Epoch 1867/3000 | Loss: 0.0430 | Best: 0.0238 | Time: 4.0s | Elapsed: 1.1h | ETA: 77m | LR: 0.000173
Epoch 1868/3000: 100%|█████████████| 16/16 [00:03<00:00,  4.03it/s, loss=0.0738]
Epoch 1868/3000 | Loss: 0.0496 | Best: 0.0238 | Time: 4.0s | Elapsed: 1.1h | ETA: 77m | LR: 0.000173
Epoch 1869/3000: 100%|█████████████| 16/16 [00:03<00:00,  4.09it/s, loss=0.0346]
Epoch 1869/3000 | Loss: 0.0391 | Best: 0.0238 | Time: 3.9s | Elapsed: 1.1h | ETA: 77m | LR: 0.000173
Epoch 1870/3000: 100%|█████████████| 16/16 [00:03<00:00,  4.09it/s, loss=0.0768]
Epoch 1870/3000 | Loss: 0.0504 | Best: 0.0238 | Time: 3.9s | Elapsed: 1.1h | ETA: 77m | LR: 0.000173
Epoch 1871/3000: 100%|█████████████| 16/16 [00:03<00:00,  4.07it/s, loss=0.0456]
Epoch 1871/3000 | Loss: 0.0514 | Best: 0.0238 | Time: 3.9s | Elapsed: 1.1h | ETA: 77m | LR: 0.000173
Epoch 1872/3000: 100%|█████████████| 16/16 [00:03<00:00,  4.12it/s, loss=0.0147]
Epoch 1872/3000 | Loss: 0.0448 | Best: 0.0238 | Time: 3.9s | Elapsed: 1.1h | ETA: 77m | LR: 0.000172
Epoch 1873/3000: 100%|█████████████| 16/16 [00:03<00:00,  4.05it/s, loss=0.0242]
Epoch 1873/3000 | Loss: 0.0545 | Best: 0.0238 | Time: 3.9s | Elapsed: 1.1h | ETA: 77m | LR: 0.000172
Epoch 1874/3000: 100%|█████████████| 16/16 [00:03<00:00,  4.08it/s, loss=0.0654]
Epoch 1874/3000 | Loss: 0.0505 | Best: 0.0238 | Time: 3.9s | Elapsed: 1.1h | ETA: 77m | LR: 0.000172
Epoch 1875/3000: 100%|█████████████| 16/16 [00:03<00:00,  4.06it/s, loss=0.0668]
Epoch 1875/3000 | Loss: 0.0552 | Best: 0.0238 | Time: 3.9s | Elapsed: 1.1h | ETA: 76m | LR: 0.000172
  Generating samples at epoch 1875...
DDIM Sampling: 100%|████████████████████████████| 50/50 [00:02<00:00, 24.94it/s]
DDIM Sampling: 100%|████████████████████████████| 50/50 [00:01<00:00, 25.09it/s]
DDIM Sampling: 100%|████████████████████████████| 50/50 [00:01<00:00, 25.07it/s]
Epoch 1876/3000: 100%|█████████████| 16/16 [00:03<00:00,  4.08it/s, loss=0.0418]
Epoch 1876/3000 | Loss: 0.0373 | Best: 0.0238 | Time: 3.9s | Elapsed: 1.1h | ETA: 76m | LR: 0.000171
Epoch 1877/3000: 100%|█████████████| 16/16 [00:03<00:00,  4.07it/s, loss=0.0271]
Epoch 1877/3000 | Loss: 0.0596 | Best: 0.0238 | Time: 3.9s | Elapsed: 1.1h | ETA: 76m | LR: 0.000171
Epoch 1878/3000: 100%|█████████████| 16/16 [00:03<00:00,  4.09it/s, loss=0.0225]
Epoch 1878/3000 | Loss: 0.0530 | Best: 0.0238 | Time: 3.9s | Elapsed: 1.1h | ETA: 76m | LR: 0.000171
Epoch 1879/3000: 100%|█████████████| 16/16 [00:03<00:00,  4.09it/s, loss=0.0054]
Epoch 1879/3000 | Loss: 0.0407 | Best: 0.0238 | Time: 3.9s | Elapsed: 1.1h | ETA: 76m | LR: 0.000171
Epoch 1880/3000: 100%|█████████████| 16/16 [00:03<00:00,  4.06it/s, loss=0.1089]
Epoch 1880/3000 | Loss: 0.0432 | Best: 0.0238 | Time: 3.9s | Elapsed: 1.1h | ETA: 76m | LR: 0.000171
Epoch 1881/3000: 100%|█████████████| 16/16 [00:03<00:00,  4.08it/s, loss=0.1044]
Epoch 1881/3000 | Loss: 0.0440 | Best: 0.0238 | Time: 3.9s | Elapsed: 1.1h | ETA: 76m | LR: 0.000170
Epoch 1882/3000: 100%|█████████████| 16/16 [00:04<00:00,  3.93it/s, loss=0.0386]
Epoch 1882/3000 | Loss: 0.0491 | Best: 0.0238 | Time: 4.1s | Elapsed: 1.1h | ETA: 76m | LR: 0.000170
Epoch 1883/3000: 100%|█████████████| 16/16 [00:03<00:00,  4.06it/s, loss=0.0465]
Epoch 1883/3000 | Loss: 0.0444 | Best: 0.0238 | Time: 3.9s | Elapsed: 1.1h | ETA: 76m | LR: 0.000170
Epoch 1884/3000: 100%|█████████████| 16/16 [00:03<00:00,  4.09it/s, loss=0.0077]
Epoch 1884/3000 | Loss: 0.0399 | Best: 0.0238 | Time: 3.9s | Elapsed: 1.1h | ETA: 76m | LR: 0.000170
Epoch 1885/3000: 100%|█████████████| 16/16 [00:03<00:00,  4.08it/s, loss=0.0280]
Epoch 1885/3000 | Loss: 0.0484 | Best: 0.0238 | Time: 3.9s | Elapsed: 1.1h | ETA: 76m | LR: 0.000169
Epoch 1886/3000: 100%|█████████████| 16/16 [00:03<00:00,  4.07it/s, loss=0.0685]
Epoch 1886/3000 | Loss: 0.0413 | Best: 0.0238 | Time: 3.9s | Elapsed: 1.1h | ETA: 76m | LR: 0.000169
Epoch 1887/3000: 100%|█████████████| 16/16 [00:03<00:00,  4.05it/s, loss=0.0439]
Epoch 1887/3000 | Loss: 0.0447 | Best: 0.0238 | Time: 4.0s | Elapsed: 1.1h | ETA: 76m | LR: 0.000169
Epoch 1888/3000: 100%|█████████████| 16/16 [00:03<00:00,  4.10it/s, loss=0.0365]
Epoch 1888/3000 | Loss: 0.0462 | Best: 0.0238 | Time: 3.9s | Elapsed: 1.1h | ETA: 76m | LR: 0.000169
Epoch 1889/3000: 100%|█████████████| 16/16 [00:03<00:00,  4.07it/s, loss=0.0113]
Epoch 1889/3000 | Loss: 0.0415 | Best: 0.0238 | Time: 3.9s | Elapsed: 1.1h | ETA: 75m | LR: 0.000168
Epoch 1890/3000: 100%|█████████████| 16/16 [00:04<00:00,  3.98it/s, loss=0.0602]
Epoch 1890/3000 | Loss: 0.0453 | Best: 0.0238 | Time: 4.0s | Elapsed: 1.1h | ETA: 75m | LR: 0.000168
Epoch 1891/3000: 100%|█████████████| 16/16 [00:03<00:00,  4.07it/s, loss=0.0255]
Epoch 1891/3000 | Loss: 0.0526 | Best: 0.0238 | Time: 3.9s | Elapsed: 1.1h | ETA: 75m | LR: 0.000168
Epoch 1892/3000: 100%|█████████████| 16/16 [00:03<00:00,  4.07it/s, loss=0.0461]
Epoch 1892/3000 | Loss: 0.0514 | Best: 0.0238 | Time: 3.9s | Elapsed: 1.1h | ETA: 75m | LR: 0.000168
Epoch 1893/3000: 100%|█████████████| 16/16 [00:03<00:00,  4.05it/s, loss=0.0509]
Epoch 1893/3000 | Loss: 0.0419 | Best: 0.0238 | Time: 3.9s | Elapsed: 1.1h | ETA: 75m | LR: 0.000168
Epoch 1894/3000: 100%|█████████████| 16/16 [00:03<00:00,  4.07it/s, loss=0.0131]
Epoch 1894/3000 | Loss: 0.0486 | Best: 0.0238 | Time: 3.9s | Elapsed: 1.2h | ETA: 75m | LR: 0.000167
Epoch 1895/3000: 100%|█████████████| 16/16 [00:03<00:00,  4.05it/s, loss=0.0086]
Epoch 1895/3000 | Loss: 0.0508 | Best: 0.0238 | Time: 4.0s | Elapsed: 1.2h | ETA: 75m | LR: 0.000167
Epoch 1896/3000: 100%|█████████████| 16/16 [00:03<00:00,  4.07it/s, loss=0.0327]
Epoch 1896/3000 | Loss: 0.0304 | Best: 0.0238 | Time: 3.9s | Elapsed: 1.2h | ETA: 75m | LR: 0.000167
Epoch 1897/3000: 100%|█████████████| 16/16 [00:03<00:00,  4.05it/s, loss=0.0123]
Epoch 1897/3000 | Loss: 0.0571 | Best: 0.0238 | Time: 4.0s | Elapsed: 1.2h | ETA: 75m | LR: 0.000167
Epoch 1898/3000: 100%|█████████████| 16/16 [00:03<00:00,  4.04it/s, loss=0.0261]
Epoch 1898/3000 | Loss: 0.0394 | Best: 0.0238 | Time: 4.0s | Elapsed: 1.2h | ETA: 75m | LR: 0.000166
Epoch 1899/3000: 100%|█████████████| 16/16 [00:03<00:00,  4.05it/s, loss=0.0714]
Epoch 1899/3000 | Loss: 0.0540 | Best: 0.0238 | Time: 4.0s | Elapsed: 1.2h | ETA: 75m | LR: 0.000166
Epoch 1900/3000: 100%|█████████████| 16/16 [00:03<00:00,  4.06it/s, loss=0.0078]
Epoch 1900/3000 | Loss: 0.0466 | Best: 0.0238 | Time: 3.9s | Elapsed: 1.2h | ETA: 75m | LR: 0.000166
  Generating samples at epoch 1900...
DDIM Sampling: 100%|████████████████████████████| 50/50 [00:01<00:00, 25.08it/s]
DDIM Sampling: 100%|████████████████████████████| 50/50 [00:01<00:00, 25.13it/s]
DDIM Sampling: 100%|████████████████████████████| 50/50 [00:02<00:00, 24.87it/s]
Epoch 1901/3000: 100%|█████████████| 16/16 [00:03<00:00,  4.04it/s, loss=0.0707]
Epoch 1901/3000 | Loss: 0.0646 | Best: 0.0238 | Time: 4.0s | Elapsed: 1.2h | ETA: 75m | LR: 0.000166
Epoch 1902/3000: 100%|█████████████| 16/16 [00:03<00:00,  4.05it/s, loss=0.0844]
Epoch 1902/3000 | Loss: 0.0477 | Best: 0.0238 | Time: 4.0s | Elapsed: 1.2h | ETA: 75m | LR: 0.000166
Epoch 1903/3000: 100%|█████████████| 16/16 [00:03<00:00,  4.07it/s, loss=0.1134]
Epoch 1903/3000 | Loss: 0.0449 | Best: 0.0238 | Time: 3.9s | Elapsed: 1.2h | ETA: 74m | LR: 0.000165
Epoch 1904/3000: 100%|█████████████| 16/16 [00:03<00:00,  4.03it/s, loss=0.0171]
Epoch 1904/3000 | Loss: 0.0485 | Best: 0.0238 | Time: 4.0s | Elapsed: 1.2h | ETA: 74m | LR: 0.000165
Epoch 1905/3000: 100%|█████████████| 16/16 [00:03<00:00,  4.02it/s, loss=0.0780]
Epoch 1905/3000 | Loss: 0.0488 | Best: 0.0238 | Time: 4.0s | Elapsed: 1.2h | ETA: 74m | LR: 0.000165
Epoch 1906/3000: 100%|█████████████| 16/16 [00:03<00:00,  4.05it/s, loss=0.0545]
Epoch 1906/3000 | Loss: 0.0423 | Best: 0.0238 | Time: 4.0s | Elapsed: 1.2h | ETA: 74m | LR: 0.000165
Epoch 1907/3000: 100%|█████████████| 16/16 [00:03<00:00,  4.03it/s, loss=0.0563]
Epoch 1907/3000 | Loss: 0.0490 | Best: 0.0238 | Time: 4.0s | Elapsed: 1.2h | ETA: 74m | LR: 0.000164
Epoch 1908/3000: 100%|█████████████| 16/16 [00:03<00:00,  4.06it/s, loss=0.0528]
Epoch 1908/3000 | Loss: 0.0469 | Best: 0.0238 | Time: 3.9s | Elapsed: 1.2h | ETA: 74m | LR: 0.000164
Epoch 1909/3000: 100%|█████████████| 16/16 [00:03<00:00,  4.07it/s, loss=0.0222]
Epoch 1909/3000 | Loss: 0.0526 | Best: 0.0238 | Time: 3.9s | Elapsed: 1.2h | ETA: 74m | LR: 0.000164
Epoch 1910/3000: 100%|█████████████| 16/16 [00:03<00:00,  4.09it/s, loss=0.0425]
Epoch 1910/3000 | Loss: 0.0423 | Best: 0.0238 | Time: 3.9s | Elapsed: 1.2h | ETA: 74m | LR: 0.000164
Epoch 1911/3000: 100%|█████████████| 16/16 [00:03<00:00,  4.09it/s, loss=0.0742]
Epoch 1911/3000 | Loss: 0.0389 | Best: 0.0238 | Time: 3.9s | Elapsed: 1.2h | ETA: 74m | LR: 0.000163
Epoch 1912/3000: 100%|█████████████| 16/16 [00:04<00:00,  3.96it/s, loss=0.0464]
Epoch 1912/3000 | Loss: 0.0465 | Best: 0.0238 | Time: 4.0s | Elapsed: 1.2h | ETA: 74m | LR: 0.000163
Epoch 1913/3000: 100%|█████████████| 16/16 [00:03<00:00,  4.12it/s, loss=0.0429]
Epoch 1913/3000 | Loss: 0.0507 | Best: 0.0238 | Time: 3.9s | Elapsed: 1.2h | ETA: 74m | LR: 0.000163
Epoch 1914/3000: 100%|█████████████| 16/16 [00:03<00:00,  4.11it/s, loss=0.0602]
Epoch 1914/3000 | Loss: 0.0364 | Best: 0.0238 | Time: 3.9s | Elapsed: 1.2h | ETA: 74m | LR: 0.000163
Epoch 1915/3000: 100%|█████████████| 16/16 [00:03<00:00,  4.11it/s, loss=0.0180]
Epoch 1915/3000 | Loss: 0.0605 | Best: 0.0238 | Time: 3.9s | Elapsed: 1.2h | ETA: 74m | LR: 0.000163
Epoch 1916/3000: 100%|█████████████| 16/16 [00:03<00:00,  4.06it/s, loss=0.0424]
Epoch 1916/3000 | Loss: 0.0351 | Best: 0.0238 | Time: 3.9s | Elapsed: 1.2h | ETA: 74m | LR: 0.000162
Epoch 1917/3000: 100%|█████████████| 16/16 [00:03<00:00,  4.10it/s, loss=0.0356]
Epoch 1917/3000 | Loss: 0.0582 | Best: 0.0238 | Time: 3.9s | Elapsed: 1.2h | ETA: 73m | LR: 0.000162
Epoch 1918/3000: 100%|█████████████| 16/16 [00:03<00:00,  4.07it/s, loss=0.0265]
Epoch 1918/3000 | Loss: 0.0394 | Best: 0.0238 | Time: 3.9s | Elapsed: 1.2h | ETA: 73m | LR: 0.000162
Epoch 1919/3000: 100%|█████████████| 16/16 [00:03<00:00,  4.11it/s, loss=0.0584]
Epoch 1919/3000 | Loss: 0.0604 | Best: 0.0238 | Time: 3.9s | Elapsed: 1.2h | ETA: 73m | LR: 0.000162
Epoch 1920/3000: 100%|█████████████| 16/16 [00:03<00:00,  4.09it/s, loss=0.0315]
Epoch 1920/3000 | Loss: 0.0438 | Best: 0.0238 | Time: 3.9s | Elapsed: 1.2h | ETA: 73m | LR: 0.000161
Epoch 1921/3000: 100%|█████████████| 16/16 [00:03<00:00,  4.02it/s, loss=0.0257]
Epoch 1921/3000 | Loss: 0.0316 | Best: 0.0238 | Time: 4.0s | Elapsed: 1.2h | ETA: 73m | LR: 0.000161
Epoch 1922/3000: 100%|█████████████| 16/16 [00:03<00:00,  4.07it/s, loss=0.0571]
Epoch 1922/3000 | Loss: 0.0505 | Best: 0.0238 | Time: 3.9s | Elapsed: 1.2h | ETA: 73m | LR: 0.000161
Epoch 1923/3000: 100%|█████████████| 16/16 [00:03<00:00,  4.03it/s, loss=0.0464]
Epoch 1923/3000 | Loss: 0.0518 | Best: 0.0238 | Time: 4.0s | Elapsed: 1.2h | ETA: 73m | LR: 0.000161
Epoch 1924/3000: 100%|█████████████| 16/16 [00:03<00:00,  4.06it/s, loss=0.0279]
Epoch 1924/3000 | Loss: 0.0401 | Best: 0.0238 | Time: 3.9s | Elapsed: 1.2h | ETA: 73m | LR: 0.000161
Epoch 1925/3000: 100%|█████████████| 16/16 [00:03<00:00,  4.06it/s, loss=0.0821]
Epoch 1925/3000 | Loss: 0.0492 | Best: 0.0238 | Time: 3.9s | Elapsed: 1.2h | ETA: 73m | LR: 0.000160
  Generating samples at epoch 1925...
DDIM Sampling: 100%|████████████████████████████| 50/50 [00:01<00:00, 25.03it/s]
DDIM Sampling: 100%|████████████████████████████| 50/50 [00:01<00:00, 25.03it/s]
DDIM Sampling: 100%|████████████████████████████| 50/50 [00:01<00:00, 25.04it/s]
Epoch 1926/3000: 100%|█████████████| 16/16 [00:03<00:00,  4.10it/s, loss=0.0258]
Epoch 1926/3000 | Loss: 0.0350 | Best: 0.0238 | Time: 3.9s | Elapsed: 1.2h | ETA: 73m | LR: 0.000160
Epoch 1927/3000: 100%|█████████████| 16/16 [00:04<00:00,  3.95it/s, loss=0.0371]
Epoch 1927/3000 | Loss: 0.0414 | Best: 0.0238 | Time: 4.1s | Elapsed: 1.2h | ETA: 73m | LR: 0.000160
Epoch 1928/3000: 100%|█████████████| 16/16 [00:03<00:00,  4.05it/s, loss=0.0249]
Epoch 1928/3000 | Loss: 0.0435 | Best: 0.0238 | Time: 3.9s | Elapsed: 1.2h | ETA: 73m | LR: 0.000160
Epoch 1929/3000: 100%|█████████████| 16/16 [00:03<00:00,  4.04it/s, loss=0.0611]
Epoch 1929/3000 | Loss: 0.0374 | Best: 0.0238 | Time: 4.0s | Elapsed: 1.2h | ETA: 73m | LR: 0.000159
Epoch 1930/3000: 100%|█████████████| 16/16 [00:03<00:00,  4.09it/s, loss=0.0223]
Epoch 1930/3000 | Loss: 0.0365 | Best: 0.0238 | Time: 3.9s | Elapsed: 1.2h | ETA: 73m | LR: 0.000159
Epoch 1931/3000: 100%|█████████████| 16/16 [00:03<00:00,  4.06it/s, loss=0.0102]
Epoch 1931/3000 | Loss: 0.0291 | Best: 0.0238 | Time: 3.9s | Elapsed: 1.2h | ETA: 73m | LR: 0.000159
Epoch 1932/3000: 100%|█████████████| 16/16 [00:03<00:00,  4.06it/s, loss=0.0407]
Epoch 1932/3000 | Loss: 0.0539 | Best: 0.0238 | Time: 3.9s | Elapsed: 1.2h | ETA: 72m | LR: 0.000159
Epoch 1933/3000: 100%|█████████████| 16/16 [00:03<00:00,  4.04it/s, loss=0.0356]
Epoch 1933/3000 | Loss: 0.0501 | Best: 0.0238 | Time: 4.0s | Elapsed: 1.2h | ETA: 72m | LR: 0.000158
Epoch 1934/3000: 100%|█████████████| 16/16 [00:03<00:00,  4.07it/s, loss=0.0544]
Epoch 1934/3000 | Loss: 0.0354 | Best: 0.0238 | Time: 3.9s | Elapsed: 1.2h | ETA: 72m | LR: 0.000158
Epoch 1935/3000: 100%|█████████████| 16/16 [00:03<00:00,  4.05it/s, loss=0.0064]
Epoch 1935/3000 | Loss: 0.0366 | Best: 0.0238 | Time: 4.0s | Elapsed: 1.2h | ETA: 72m | LR: 0.000158
Epoch 1936/3000: 100%|█████████████| 16/16 [00:03<00:00,  4.10it/s, loss=0.0367]
Epoch 1936/3000 | Loss: 0.0434 | Best: 0.0238 | Time: 3.9s | Elapsed: 1.2h | ETA: 72m | LR: 0.000158
Epoch 1937/3000: 100%|█████████████| 16/16 [00:03<00:00,  4.06it/s, loss=0.0173]
Epoch 1937/3000 | Loss: 0.0470 | Best: 0.0238 | Time: 3.9s | Elapsed: 1.2h | ETA: 72m | LR: 0.000158
Epoch 1938/3000: 100%|█████████████| 16/16 [00:03<00:00,  4.08it/s, loss=0.0426]
Epoch 1938/3000 | Loss: 0.0532 | Best: 0.0238 | Time: 3.9s | Elapsed: 1.2h | ETA: 72m | LR: 0.000157
Epoch 1939/3000: 100%|█████████████| 16/16 [00:03<00:00,  4.06it/s, loss=0.0108]
Epoch 1939/3000 | Loss: 0.0550 | Best: 0.0238 | Time: 3.9s | Elapsed: 1.2h | ETA: 72m | LR: 0.000157
Epoch 1940/3000: 100%|█████████████| 16/16 [00:03<00:00,  4.06it/s, loss=0.0409]
Epoch 1940/3000 | Loss: 0.0304 | Best: 0.0238 | Time: 3.9s | Elapsed: 1.2h | ETA: 72m | LR: 0.000157
Epoch 1941/3000: 100%|█████████████| 16/16 [00:03<00:00,  4.10it/s, loss=0.0442]
Epoch 1941/3000 | Loss: 0.0543 | Best: 0.0238 | Time: 3.9s | Elapsed: 1.2h | ETA: 72m | LR: 0.000157
Epoch 1942/3000: 100%|█████████████| 16/16 [00:03<00:00,  4.03it/s, loss=0.0445]
Epoch 1942/3000 | Loss: 0.0420 | Best: 0.0238 | Time: 4.0s | Elapsed: 1.2h | ETA: 72m | LR: 0.000156
Epoch 1943/3000: 100%|█████████████| 16/16 [00:03<00:00,  4.05it/s, loss=0.0717]
Epoch 1943/3000 | Loss: 0.0496 | Best: 0.0238 | Time: 4.0s | Elapsed: 1.2h | ETA: 72m | LR: 0.000156
Epoch 1944/3000: 100%|█████████████| 16/16 [00:03<00:00,  4.06it/s, loss=0.1153]
Epoch 1944/3000 | Loss: 0.0553 | Best: 0.0238 | Time: 3.9s | Elapsed: 1.2h | ETA: 72m | LR: 0.000156
Epoch 1945/3000: 100%|█████████████| 16/16 [00:03<00:00,  4.08it/s, loss=0.0808]
Epoch 1945/3000 | Loss: 0.0436 | Best: 0.0238 | Time: 3.9s | Elapsed: 1.2h | ETA: 72m | LR: 0.000156
Epoch 1946/3000: 100%|█████████████| 16/16 [00:03<00:00,  4.08it/s, loss=0.0587]
Epoch 1946/3000 | Loss: 0.0486 | Best: 0.0238 | Time: 3.9s | Elapsed: 1.2h | ETA: 71m | LR: 0.000155
Epoch 1947/3000: 100%|█████████████| 16/16 [00:03<00:00,  4.08it/s, loss=0.0080]
Epoch 1947/3000 | Loss: 0.0398 | Best: 0.0238 | Time: 3.9s | Elapsed: 1.2h | ETA: 71m | LR: 0.000155
Epoch 1948/3000: 100%|█████████████| 16/16 [00:03<00:00,  4.10it/s, loss=0.0425]
Epoch 1948/3000 | Loss: 0.0566 | Best: 0.0238 | Time: 3.9s | Elapsed: 1.2h | ETA: 71m | LR: 0.000155
Epoch 1949/3000: 100%|█████████████| 16/16 [00:03<00:00,  4.07it/s, loss=0.1006]
Epoch 1949/3000 | Loss: 0.0547 | Best: 0.0238 | Time: 3.9s | Elapsed: 1.2h | ETA: 71m | LR: 0.000155
Epoch 1950/3000: 100%|█████████████| 16/16 [00:03<00:00,  4.12it/s, loss=0.0385]
Epoch 1950/3000 | Loss: 0.0389 | Best: 0.0238 | Time: 3.9s | Elapsed: 1.2h | ETA: 71m | LR: 0.000155
  Generating samples at epoch 1950...
DDIM Sampling: 100%|████████████████████████████| 50/50 [00:01<00:00, 25.13it/s]
DDIM Sampling: 100%|████████████████████████████| 50/50 [00:01<00:00, 25.07it/s]
DDIM Sampling: 100%|████████████████████████████| 50/50 [00:01<00:00, 25.03it/s]
Epoch 1951/3000: 100%|█████████████| 16/16 [00:03<00:00,  4.07it/s, loss=0.0686]
Epoch 1951/3000 | Loss: 0.0388 | Best: 0.0238 | Time: 3.9s | Elapsed: 1.2h | ETA: 71m | LR: 0.000154
Epoch 1952/3000: 100%|█████████████| 16/16 [00:03<00:00,  4.06it/s, loss=0.0080]
Epoch 1952/3000 | Loss: 0.0525 | Best: 0.0238 | Time: 3.9s | Elapsed: 1.2h | ETA: 71m | LR: 0.000154
Epoch 1953/3000: 100%|█████████████| 16/16 [00:03<00:00,  4.07it/s, loss=0.0069]
Epoch 1953/3000 | Loss: 0.0442 | Best: 0.0238 | Time: 3.9s | Elapsed: 1.2h | ETA: 71m | LR: 0.000154
Epoch 1954/3000: 100%|█████████████| 16/16 [00:03<00:00,  4.09it/s, loss=0.0336]
Epoch 1954/3000 | Loss: 0.0502 | Best: 0.0238 | Time: 3.9s | Elapsed: 1.2h | ETA: 71m | LR: 0.000154
Epoch 1955/3000: 100%|█████████████| 16/16 [00:03<00:00,  4.06it/s, loss=0.0135]
Epoch 1955/3000 | Loss: 0.0428 | Best: 0.0238 | Time: 3.9s | Elapsed: 1.2h | ETA: 71m | LR: 0.000153
Epoch 1956/3000: 100%|█████████████| 16/16 [00:04<00:00,  3.98it/s, loss=0.0727]
Epoch 1956/3000 | Loss: 0.0388 | Best: 0.0238 | Time: 4.0s | Elapsed: 1.2h | ETA: 71m | LR: 0.000153
Epoch 1957/3000: 100%|█████████████| 16/16 [00:03<00:00,  4.08it/s, loss=0.0914]
Epoch 1957/3000 | Loss: 0.0518 | Best: 0.0238 | Time: 3.9s | Elapsed: 1.2h | ETA: 71m | LR: 0.000153
Epoch 1958/3000: 100%|█████████████| 16/16 [00:04<00:00,  3.97it/s, loss=0.0313]
Epoch 1958/3000 | Loss: 0.0518 | Best: 0.0238 | Time: 4.0s | Elapsed: 1.2h | ETA: 71m | LR: 0.000153
Epoch 1959/3000: 100%|█████████████| 16/16 [00:03<00:00,  4.04it/s, loss=0.0442]
Epoch 1959/3000 | Loss: 0.0382 | Best: 0.0238 | Time: 4.0s | Elapsed: 1.2h | ETA: 71m | LR: 0.000153
Epoch 1960/3000: 100%|█████████████| 16/16 [00:03<00:00,  4.06it/s, loss=0.0378]
Epoch 1960/3000 | Loss: 0.0489 | Best: 0.0238 | Time: 3.9s | Elapsed: 1.2h | ETA: 70m | LR: 0.000152
Epoch 1961/3000: 100%|█████████████| 16/16 [00:03<00:00,  4.06it/s, loss=0.0719]
Epoch 1961/3000 | Loss: 0.0476 | Best: 0.0238 | Time: 3.9s | Elapsed: 1.2h | ETA: 70m | LR: 0.000152
Epoch 1962/3000: 100%|█████████████| 16/16 [00:03<00:00,  4.11it/s, loss=0.0172]
Epoch 1962/3000 | Loss: 0.0390 | Best: 0.0238 | Time: 3.9s | Elapsed: 1.2h | ETA: 70m | LR: 0.000152
Epoch 1963/3000: 100%|█████████████| 16/16 [00:03<00:00,  4.08it/s, loss=0.0097]
Epoch 1963/3000 | Loss: 0.0402 | Best: 0.0238 | Time: 3.9s | Elapsed: 1.2h | ETA: 70m | LR: 0.000152
Epoch 1964/3000: 100%|█████████████| 16/16 [00:03<00:00,  4.07it/s, loss=0.0379]
Epoch 1964/3000 | Loss: 0.0309 | Best: 0.0238 | Time: 3.9s | Elapsed: 1.2h | ETA: 70m | LR: 0.000151
Epoch 1965/3000: 100%|█████████████| 16/16 [00:03<00:00,  4.07it/s, loss=0.0297]
Epoch 1965/3000 | Loss: 0.0389 | Best: 0.0238 | Time: 3.9s | Elapsed: 1.2h | ETA: 70m | LR: 0.000151
Epoch 1966/3000: 100%|█████████████| 16/16 [00:04<00:00,  3.95it/s, loss=0.0370]
Epoch 1966/3000 | Loss: 0.0564 | Best: 0.0238 | Time: 4.1s | Elapsed: 1.2h | ETA: 70m | LR: 0.000151
Epoch 1967/3000: 100%|█████████████| 16/16 [00:03<00:00,  4.10it/s, loss=0.0924]
Epoch 1967/3000 | Loss: 0.0616 | Best: 0.0238 | Time: 3.9s | Elapsed: 1.2h | ETA: 70m | LR: 0.000151
Epoch 1968/3000: 100%|█████████████| 16/16 [00:03<00:00,  4.05it/s, loss=0.0613]
Epoch 1968/3000 | Loss: 0.0492 | Best: 0.0238 | Time: 3.9s | Elapsed: 1.2h | ETA: 70m | LR: 0.000150
Epoch 1969/3000: 100%|█████████████| 16/16 [00:03<00:00,  4.10it/s, loss=0.0858]
Epoch 1969/3000 | Loss: 0.0554 | Best: 0.0238 | Time: 3.9s | Elapsed: 1.2h | ETA: 70m | LR: 0.000150
Epoch 1970/3000: 100%|█████████████| 16/16 [00:03<00:00,  4.07it/s, loss=0.0304]
Epoch 1970/3000 | Loss: 0.0423 | Best: 0.0238 | Time: 3.9s | Elapsed: 1.2h | ETA: 70m | LR: 0.000150
Epoch 1971/3000: 100%|█████████████| 16/16 [00:03<00:00,  4.07it/s, loss=0.0279]
Epoch 1971/3000 | Loss: 0.0459 | Best: 0.0238 | Time: 3.9s | Elapsed: 1.2h | ETA: 70m | LR: 0.000150
Epoch 1972/3000: 100%|█████████████| 16/16 [00:03<00:00,  4.09it/s, loss=0.1076]
Epoch 1972/3000 | Loss: 0.0551 | Best: 0.0238 | Time: 3.9s | Elapsed: 1.2h | ETA: 70m | LR: 0.000150
Epoch 1973/3000: 100%|█████████████| 16/16 [00:03<00:00,  4.04it/s, loss=0.0174]
Epoch 1973/3000 | Loss: 0.0355 | Best: 0.0238 | Time: 4.0s | Elapsed: 1.2h | ETA: 70m | LR: 0.000149
Epoch 1974/3000: 100%|█████████████| 16/16 [00:03<00:00,  4.02it/s, loss=0.0757]
Epoch 1974/3000 | Loss: 0.0477 | Best: 0.0238 | Time: 4.0s | Elapsed: 1.2h | ETA: 70m | LR: 0.000149
Epoch 1975/3000: 100%|█████████████| 16/16 [00:03<00:00,  4.08it/s, loss=0.0770]
Epoch 1975/3000 | Loss: 0.0428 | Best: 0.0238 | Time: 3.9s | Elapsed: 1.2h | ETA: 69m | LR: 0.000149
  Generating samples at epoch 1975...
DDIM Sampling: 100%|████████████████████████████| 50/50 [00:02<00:00, 24.93it/s]
DDIM Sampling: 100%|████████████████████████████| 50/50 [00:01<00:00, 25.09it/s]
DDIM Sampling: 100%|████████████████████████████| 50/50 [00:01<00:00, 25.09it/s]
Epoch 1976/3000: 100%|█████████████| 16/16 [00:03<00:00,  4.11it/s, loss=0.0624]
Epoch 1976/3000 | Loss: 0.0475 | Best: 0.0238 | Time: 3.9s | Elapsed: 1.2h | ETA: 69m | LR: 0.000149
Epoch 1977/3000: 100%|█████████████| 16/16 [00:03<00:00,  4.07it/s, loss=0.0236]
Epoch 1977/3000 | Loss: 0.0416 | Best: 0.0238 | Time: 3.9s | Elapsed: 1.2h | ETA: 69m | LR: 0.000148
Epoch 1978/3000: 100%|█████████████| 16/16 [00:03<00:00,  4.05it/s, loss=0.0472]
Epoch 1978/3000 | Loss: 0.0403 | Best: 0.0238 | Time: 4.0s | Elapsed: 1.2h | ETA: 69m | LR: 0.000148
Epoch 1979/3000: 100%|█████████████| 16/16 [00:03<00:00,  4.03it/s, loss=0.0278]
Epoch 1979/3000 | Loss: 0.0450 | Best: 0.0238 | Time: 4.0s | Elapsed: 1.3h | ETA: 69m | LR: 0.000148
Epoch 1980/3000: 100%|█████████████| 16/16 [00:03<00:00,  4.05it/s, loss=0.0117]
Epoch 1980/3000 | Loss: 0.0465 | Best: 0.0238 | Time: 3.9s | Elapsed: 1.3h | ETA: 69m | LR: 0.000148
Epoch 1981/3000: 100%|█████████████| 16/16 [00:04<00:00,  3.98it/s, loss=0.0642]
Epoch 1981/3000 | Loss: 0.0391 | Best: 0.0238 | Time: 4.0s | Elapsed: 1.3h | ETA: 69m | LR: 0.000147
Epoch 1982/3000: 100%|█████████████| 16/16 [00:03<00:00,  4.07it/s, loss=0.0340]
Epoch 1982/3000 | Loss: 0.0485 | Best: 0.0238 | Time: 3.9s | Elapsed: 1.3h | ETA: 69m | LR: 0.000147
Epoch 1983/3000: 100%|█████████████| 16/16 [00:03<00:00,  4.10it/s, loss=0.0590]
Epoch 1983/3000 | Loss: 0.0315 | Best: 0.0238 | Time: 3.9s | Elapsed: 1.3h | ETA: 69m | LR: 0.000147
Epoch 1984/3000: 100%|█████████████| 16/16 [00:03<00:00,  4.09it/s, loss=0.0160]
Epoch 1984/3000 | Loss: 0.0491 | Best: 0.0238 | Time: 3.9s | Elapsed: 1.3h | ETA: 69m | LR: 0.000147
Epoch 1985/3000: 100%|█████████████| 16/16 [00:03<00:00,  4.12it/s, loss=0.0229]
Epoch 1985/3000 | Loss: 0.0420 | Best: 0.0238 | Time: 3.9s | Elapsed: 1.3h | ETA: 69m | LR: 0.000147
Epoch 1986/3000: 100%|█████████████| 16/16 [00:03<00:00,  4.11it/s, loss=0.0427]
Epoch 1986/3000 | Loss: 0.0437 | Best: 0.0238 | Time: 3.9s | Elapsed: 1.3h | ETA: 69m | LR: 0.000146
Epoch 1987/3000: 100%|█████████████| 16/16 [00:03<00:00,  4.08it/s, loss=0.0406]
Epoch 1987/3000 | Loss: 0.0468 | Best: 0.0238 | Time: 3.9s | Elapsed: 1.3h | ETA: 69m | LR: 0.000146
Epoch 1988/3000: 100%|█████████████| 16/16 [00:03<00:00,  4.09it/s, loss=0.0508]
Epoch 1988/3000 | Loss: 0.0606 | Best: 0.0238 | Time: 3.9s | Elapsed: 1.3h | ETA: 69m | LR: 0.000146
Epoch 1989/3000: 100%|█████████████| 16/16 [00:04<00:00,  3.95it/s, loss=0.0409]
Epoch 1989/3000 | Loss: 0.0384 | Best: 0.0238 | Time: 4.1s | Elapsed: 1.3h | ETA: 68m | LR: 0.000146
Epoch 1990/3000: 100%|█████████████| 16/16 [00:03<00:00,  4.06it/s, loss=0.0323]
Epoch 1990/3000 | Loss: 0.0524 | Best: 0.0238 | Time: 3.9s | Elapsed: 1.3h | ETA: 68m | LR: 0.000145
Epoch 1991/3000: 100%|█████████████| 16/16 [00:03<00:00,  4.12it/s, loss=0.0563]
Epoch 1991/3000 | Loss: 0.0476 | Best: 0.0238 | Time: 3.9s | Elapsed: 1.3h | ETA: 68m | LR: 0.000145
Epoch 1992/3000: 100%|█████████████| 16/16 [00:03<00:00,  4.03it/s, loss=0.0553]
Epoch 1992/3000 | Loss: 0.0413 | Best: 0.0238 | Time: 4.0s | Elapsed: 1.3h | ETA: 68m | LR: 0.000145
Epoch 1993/3000: 100%|█████████████| 16/16 [00:03<00:00,  4.07it/s, loss=0.0397]
Epoch 1993/3000 | Loss: 0.0451 | Best: 0.0238 | Time: 3.9s | Elapsed: 1.3h | ETA: 68m | LR: 0.000145
Epoch 1994/3000: 100%|█████████████| 16/16 [00:03<00:00,  4.09it/s, loss=0.0913]
Epoch 1994/3000 | Loss: 0.0521 | Best: 0.0238 | Time: 3.9s | Elapsed: 1.3h | ETA: 68m | LR: 0.000145
Epoch 1995/3000: 100%|█████████████| 16/16 [00:03<00:00,  4.02it/s, loss=0.0488]
Epoch 1995/3000 | Loss: 0.0571 | Best: 0.0238 | Time: 4.0s | Elapsed: 1.3h | ETA: 68m | LR: 0.000144
Epoch 1996/3000: 100%|█████████████| 16/16 [00:03<00:00,  4.07it/s, loss=0.0521]
Epoch 1996/3000 | Loss: 0.0424 | Best: 0.0238 | Time: 3.9s | Elapsed: 1.3h | ETA: 68m | LR: 0.000144
Epoch 1997/3000: 100%|█████████████| 16/16 [00:03<00:00,  4.03it/s, loss=0.0119]
Epoch 1997/3000 | Loss: 0.0390 | Best: 0.0238 | Time: 4.0s | Elapsed: 1.3h | ETA: 68m | LR: 0.000144
Epoch 1998/3000: 100%|█████████████| 16/16 [00:03<00:00,  4.08it/s, loss=0.0424]
Epoch 1998/3000 | Loss: 0.0421 | Best: 0.0238 | Time: 3.9s | Elapsed: 1.3h | ETA: 68m | LR: 0.000144
Epoch 1999/3000: 100%|█████████████| 16/16 [00:03<00:00,  4.10it/s, loss=0.0641]
Epoch 1999/3000 | Loss: 0.0497 | Best: 0.0238 | Time: 3.9s | Elapsed: 1.3h | ETA: 68m | LR: 0.000143
Epoch 2000/3000: 100%|█████████████| 16/16 [00:03<00:00,  4.06it/s, loss=0.0195]
Epoch 2000/3000 | Loss: 0.0384 | Best: 0.0238 | Time: 3.9s | Elapsed: 1.3h | ETA: 68m | LR: 0.000143
  Generating samples at epoch 2000...
DDIM Sampling: 100%|████████████████████████████| 50/50 [00:01<00:00, 25.10it/s]
DDIM Sampling: 100%|████████████████████████████| 50/50 [00:01<00:00, 25.13it/s]
DDIM Sampling: 100%|████████████████████████████| 50/50 [00:01<00:00, 25.07it/s]
Epoch 2001/3000: 100%|█████████████| 16/16 [00:03<00:00,  4.09it/s, loss=0.0111]
Epoch 2001/3000 | Loss: 0.0382 | Best: 0.0238 | Time: 3.9s | Elapsed: 1.3h | ETA: 68m | LR: 0.000143
Epoch 2002/3000: 100%|█████████████| 16/16 [00:03<00:00,  4.08it/s, loss=0.0214]
Epoch 2002/3000 | Loss: 0.0358 | Best: 0.0238 | Time: 3.9s | Elapsed: 1.3h | ETA: 68m | LR: 0.000143
Epoch 2003/3000: 100%|█████████████| 16/16 [00:03<00:00,  4.04it/s, loss=0.0802]
Epoch 2003/3000 | Loss: 0.0577 | Best: 0.0238 | Time: 4.0s | Elapsed: 1.3h | ETA: 67m | LR: 0.000142
Epoch 2004/3000: 100%|█████████████| 16/16 [00:04<00:00,  3.95it/s, loss=0.0704]
Epoch 2004/3000 | Loss: 0.0500 | Best: 0.0238 | Time: 4.1s | Elapsed: 1.3h | ETA: 67m | LR: 0.000142
Epoch 2005/3000: 100%|█████████████| 16/16 [00:03<00:00,  4.09it/s, loss=0.0661]
Epoch 2005/3000 | Loss: 0.0413 | Best: 0.0238 | Time: 3.9s | Elapsed: 1.3h | ETA: 67m | LR: 0.000142
Epoch 2006/3000: 100%|█████████████| 16/16 [00:03<00:00,  4.10it/s, loss=0.0599]
Epoch 2006/3000 | Loss: 0.0413 | Best: 0.0238 | Time: 3.9s | Elapsed: 1.3h | ETA: 67m | LR: 0.000142
Epoch 2007/3000: 100%|█████████████| 16/16 [00:03<00:00,  4.07it/s, loss=0.0949]
Epoch 2007/3000 | Loss: 0.0534 | Best: 0.0238 | Time: 3.9s | Elapsed: 1.3h | ETA: 67m | LR: 0.000142
Epoch 2008/3000: 100%|█████████████| 16/16 [00:03<00:00,  4.05it/s, loss=0.0108]
Epoch 2008/3000 | Loss: 0.0467 | Best: 0.0238 | Time: 4.0s | Elapsed: 1.3h | ETA: 67m | LR: 0.000141
Epoch 2009/3000: 100%|█████████████| 16/16 [00:03<00:00,  4.06it/s, loss=0.0469]
Epoch 2009/3000 | Loss: 0.0423 | Best: 0.0238 | Time: 3.9s | Elapsed: 1.3h | ETA: 67m | LR: 0.000141
Epoch 2010/3000: 100%|█████████████| 16/16 [00:03<00:00,  4.09it/s, loss=0.0236]
Epoch 2010/3000 | Loss: 0.0407 | Best: 0.0238 | Time: 3.9s | Elapsed: 1.3h | ETA: 67m | LR: 0.000141
Epoch 2011/3000: 100%|█████████████| 16/16 [00:03<00:00,  4.03it/s, loss=0.0128]
Epoch 2011/3000 | Loss: 0.0397 | Best: 0.0238 | Time: 4.0s | Elapsed: 1.3h | ETA: 67m | LR: 0.000141
Epoch 2012/3000: 100%|█████████████| 16/16 [00:04<00:00,  3.90it/s, loss=0.0068]
Epoch 2012/3000 | Loss: 0.0351 | Best: 0.0238 | Time: 4.1s | Elapsed: 1.3h | ETA: 67m | LR: 0.000140
Epoch 2013/3000: 100%|█████████████| 16/16 [00:03<00:00,  4.06it/s, loss=0.0122]
Epoch 2013/3000 | Loss: 0.0430 | Best: 0.0238 | Time: 3.9s | Elapsed: 1.3h | ETA: 67m | LR: 0.000140
Epoch 2014/3000: 100%|█████████████| 16/16 [00:03<00:00,  4.09it/s, loss=0.0188]
Epoch 2014/3000 | Loss: 0.0539 | Best: 0.0238 | Time: 3.9s | Elapsed: 1.3h | ETA: 67m | LR: 0.000140
Epoch 2015/3000: 100%|█████████████| 16/16 [00:03<00:00,  4.10it/s, loss=0.0529]
Epoch 2015/3000 | Loss: 0.0437 | Best: 0.0238 | Time: 3.9s | Elapsed: 1.3h | ETA: 67m | LR: 0.000140
Epoch 2016/3000: 100%|█████████████| 16/16 [00:03<00:00,  4.06it/s, loss=0.0335]
Epoch 2016/3000 | Loss: 0.0568 | Best: 0.0238 | Time: 3.9s | Elapsed: 1.3h | ETA: 67m | LR: 0.000139
Epoch 2017/3000: 100%|█████████████| 16/16 [00:03<00:00,  4.08it/s, loss=0.0845]
Epoch 2017/3000 | Loss: 0.0571 | Best: 0.0238 | Time: 3.9s | Elapsed: 1.3h | ETA: 67m | LR: 0.000139
Epoch 2018/3000: 100%|█████████████| 16/16 [00:03<00:00,  4.03it/s, loss=0.0513]
Epoch 2018/3000 | Loss: 0.0499 | Best: 0.0238 | Time: 4.0s | Elapsed: 1.3h | ETA: 66m | LR: 0.000139
Epoch 2019/3000: 100%|█████████████| 16/16 [00:03<00:00,  4.05it/s, loss=0.0353]
Epoch 2019/3000 | Loss: 0.0411 | Best: 0.0238 | Time: 3.9s | Elapsed: 1.3h | ETA: 66m | LR: 0.000139
Epoch 2020/3000: 100%|█████████████| 16/16 [00:04<00:00,  3.97it/s, loss=0.0172]
Epoch 2020/3000 | Loss: 0.0432 | Best: 0.0238 | Time: 4.0s | Elapsed: 1.3h | ETA: 66m | LR: 0.000139
Epoch 2021/3000: 100%|█████████████| 16/16 [00:03<00:00,  4.04it/s, loss=0.0610]
Epoch 2021/3000 | Loss: 0.0463 | Best: 0.0238 | Time: 4.0s | Elapsed: 1.3h | ETA: 66m | LR: 0.000138
Epoch 2022/3000: 100%|█████████████| 16/16 [00:03<00:00,  4.07it/s, loss=0.0455]
Epoch 2022/3000 | Loss: 0.0443 | Best: 0.0238 | Time: 3.9s | Elapsed: 1.3h | ETA: 66m | LR: 0.000138
Epoch 2023/3000: 100%|█████████████| 16/16 [00:03<00:00,  4.07it/s, loss=0.0357]
Epoch 2023/3000 | Loss: 0.0422 | Best: 0.0238 | Time: 3.9s | Elapsed: 1.3h | ETA: 66m | LR: 0.000138
Epoch 2024/3000: 100%|█████████████| 16/16 [00:03<00:00,  4.09it/s, loss=0.0751]
Epoch 2024/3000 | Loss: 0.0455 | Best: 0.0238 | Time: 3.9s | Elapsed: 1.3h | ETA: 66m | LR: 0.000138
Epoch 2025/3000: 100%|█████████████| 16/16 [00:03<00:00,  4.09it/s, loss=0.1401]
Epoch 2025/3000 | Loss: 0.0513 | Best: 0.0238 | Time: 3.9s | Elapsed: 1.3h | ETA: 66m | LR: 0.000137
  Generating samples at epoch 2025...
DDIM Sampling: 100%|████████████████████████████| 50/50 [00:02<00:00, 24.92it/s]
DDIM Sampling: 100%|████████████████████████████| 50/50 [00:01<00:00, 25.12it/s]
DDIM Sampling: 100%|████████████████████████████| 50/50 [00:01<00:00, 25.10it/s]
Epoch 2026/3000: 100%|█████████████| 16/16 [00:03<00:00,  4.08it/s, loss=0.0458]
Epoch 2026/3000 | Loss: 0.0424 | Best: 0.0238 | Time: 3.9s | Elapsed: 1.3h | ETA: 66m | LR: 0.000137
Epoch 2027/3000: 100%|█████████████| 16/16 [00:04<00:00,  3.94it/s, loss=0.0071]
Epoch 2027/3000 | Loss: 0.0316 | Best: 0.0238 | Time: 4.1s | Elapsed: 1.3h | ETA: 66m | LR: 0.000137
Epoch 2028/3000: 100%|█████████████| 16/16 [00:03<00:00,  4.05it/s, loss=0.0995]
Epoch 2028/3000 | Loss: 0.0501 | Best: 0.0238 | Time: 4.0s | Elapsed: 1.3h | ETA: 66m | LR: 0.000137
Epoch 2029/3000: 100%|█████████████| 16/16 [00:03<00:00,  4.12it/s, loss=0.0180]
Epoch 2029/3000 | Loss: 0.0418 | Best: 0.0238 | Time: 3.9s | Elapsed: 1.3h | ETA: 66m | LR: 0.000137
Epoch 2030/3000: 100%|█████████████| 16/16 [00:03<00:00,  4.06it/s, loss=0.0315]
Epoch 2030/3000 | Loss: 0.0428 | Best: 0.0238 | Time: 3.9s | Elapsed: 1.3h | ETA: 66m | LR: 0.000136
Epoch 2031/3000: 100%|█████████████| 16/16 [00:03<00:00,  4.09it/s, loss=0.0498]
Epoch 2031/3000 | Loss: 0.0440 | Best: 0.0238 | Time: 3.9s | Elapsed: 1.3h | ETA: 66m | LR: 0.000136
Epoch 2032/3000: 100%|█████████████| 16/16 [00:03<00:00,  4.06it/s, loss=0.0583]
Epoch 2032/3000 | Loss: 0.0506 | Best: 0.0238 | Time: 3.9s | Elapsed: 1.3h | ETA: 65m | LR: 0.000136
Epoch 2033/3000: 100%|█████████████| 16/16 [00:03<00:00,  4.09it/s, loss=0.0323]
Epoch 2033/3000 | Loss: 0.0567 | Best: 0.0238 | Time: 3.9s | Elapsed: 1.3h | ETA: 65m | LR: 0.000136
Epoch 2034/3000: 100%|█████████████| 16/16 [00:03<00:00,  4.11it/s, loss=0.0117]
Epoch 2034/3000 | Loss: 0.0393 | Best: 0.0238 | Time: 3.9s | Elapsed: 1.3h | ETA: 65m | LR: 0.000135
Epoch 2035/3000: 100%|█████████████| 16/16 [00:04<00:00,  3.95it/s, loss=0.0594]
Epoch 2035/3000 | Loss: 0.0518 | Best: 0.0238 | Time: 4.1s | Elapsed: 1.3h | ETA: 65m | LR: 0.000135
Epoch 2036/3000: 100%|█████████████| 16/16 [00:03<00:00,  4.12it/s, loss=0.0883]
Epoch 2036/3000 | Loss: 0.0489 | Best: 0.0238 | Time: 3.9s | Elapsed: 1.3h | ETA: 65m | LR: 0.000135
Epoch 2037/3000: 100%|█████████████| 16/16 [00:03<00:00,  4.08it/s, loss=0.0250]
Epoch 2037/3000 | Loss: 0.0421 | Best: 0.0238 | Time: 3.9s | Elapsed: 1.3h | ETA: 65m | LR: 0.000135
Epoch 2038/3000: 100%|█████████████| 16/16 [00:03<00:00,  4.08it/s, loss=0.0387]
Epoch 2038/3000 | Loss: 0.0431 | Best: 0.0238 | Time: 3.9s | Elapsed: 1.3h | ETA: 65m | LR: 0.000134
Epoch 2039/3000: 100%|█████████████| 16/16 [00:03<00:00,  4.06it/s, loss=0.0814]
Epoch 2039/3000 | Loss: 0.0540 | Best: 0.0238 | Time: 3.9s | Elapsed: 1.3h | ETA: 65m | LR: 0.000134
Epoch 2040/3000: 100%|█████████████| 16/16 [00:03<00:00,  4.06it/s, loss=0.0783]
Epoch 2040/3000 | Loss: 0.0510 | Best: 0.0238 | Time: 3.9s | Elapsed: 1.3h | ETA: 65m | LR: 0.000134
Epoch 2041/3000: 100%|█████████████| 16/16 [00:03<00:00,  4.03it/s, loss=0.0636]
Epoch 2041/3000 | Loss: 0.0699 | Best: 0.0238 | Time: 4.0s | Elapsed: 1.3h | ETA: 65m | LR: 0.000134
Epoch 2042/3000: 100%|█████████████| 16/16 [00:03<00:00,  4.07it/s, loss=0.0768]
Epoch 2042/3000 | Loss: 0.0444 | Best: 0.0238 | Time: 3.9s | Elapsed: 1.3h | ETA: 65m | LR: 0.000134
Epoch 2043/3000: 100%|█████████████| 16/16 [00:03<00:00,  4.02it/s, loss=0.0357]
Epoch 2043/3000 | Loss: 0.0529 | Best: 0.0238 | Time: 4.0s | Elapsed: 1.3h | ETA: 65m | LR: 0.000133
Epoch 2044/3000: 100%|█████████████| 16/16 [00:03<00:00,  4.06it/s, loss=0.0246]
Epoch 2044/3000 | Loss: 0.0418 | Best: 0.0238 | Time: 3.9s | Elapsed: 1.3h | ETA: 65m | LR: 0.000133
Epoch 2045/3000: 100%|█████████████| 16/16 [00:03<00:00,  4.07it/s, loss=0.1446]
Epoch 2045/3000 | Loss: 0.0551 | Best: 0.0238 | Time: 3.9s | Elapsed: 1.3h | ETA: 65m | LR: 0.000133
Epoch 2046/3000: 100%|█████████████| 16/16 [00:03<00:00,  4.07it/s, loss=0.0731]
Epoch 2046/3000 | Loss: 0.0556 | Best: 0.0238 | Time: 3.9s | Elapsed: 1.3h | ETA: 64m | LR: 0.000133
Epoch 2047/3000: 100%|█████████████| 16/16 [00:03<00:00,  4.04it/s, loss=0.0164]
Epoch 2047/3000 | Loss: 0.0498 | Best: 0.0238 | Time: 4.0s | Elapsed: 1.3h | ETA: 64m | LR: 0.000132
Epoch 2048/3000: 100%|█████████████| 16/16 [00:03<00:00,  4.05it/s, loss=0.1035]
Epoch 2048/3000 | Loss: 0.0580 | Best: 0.0238 | Time: 3.9s | Elapsed: 1.3h | ETA: 64m | LR: 0.000132
Epoch 2049/3000: 100%|█████████████| 16/16 [00:03<00:00,  4.04it/s, loss=0.0584]
Epoch 2049/3000 | Loss: 0.0441 | Best: 0.0238 | Time: 4.0s | Elapsed: 1.3h | ETA: 64m | LR: 0.000132
Epoch 2050/3000: 100%|█████████████| 16/16 [00:03<00:00,  4.08it/s, loss=0.0744]
Epoch 2050/3000 | Loss: 0.0411 | Best: 0.0238 | Time: 3.9s | Elapsed: 1.3h | ETA: 64m | LR: 0.000132
  Generating samples at epoch 2050...
DDIM Sampling: 100%|████████████████████████████| 50/50 [00:02<00:00, 24.88it/s]
DDIM Sampling: 100%|████████████████████████████| 50/50 [00:02<00:00, 24.97it/s]
DDIM Sampling: 100%|████████████████████████████| 50/50 [00:02<00:00, 24.83it/s]
Epoch 2051/3000: 100%|█████████████| 16/16 [00:03<00:00,  4.03it/s, loss=0.0753]
Epoch 2051/3000 | Loss: 0.0510 | Best: 0.0238 | Time: 4.0s | Elapsed: 1.3h | ETA: 64m | LR: 0.000132
Epoch 2052/3000: 100%|█████████████| 16/16 [00:03<00:00,  4.05it/s, loss=0.0832]
Epoch 2052/3000 | Loss: 0.0434 | Best: 0.0238 | Time: 4.0s | Elapsed: 1.3h | ETA: 64m | LR: 0.000131
Epoch 2053/3000: 100%|█████████████| 16/16 [00:03<00:00,  4.02it/s, loss=0.0145]
Epoch 2053/3000 | Loss: 0.0401 | Best: 0.0238 | Time: 4.0s | Elapsed: 1.3h | ETA: 64m | LR: 0.000131
Epoch 2054/3000: 100%|█████████████| 16/16 [00:03<00:00,  4.05it/s, loss=0.0560]
Epoch 2054/3000 | Loss: 0.0455 | Best: 0.0238 | Time: 3.9s | Elapsed: 1.3h | ETA: 64m | LR: 0.000131
Epoch 2055/3000: 100%|█████████████| 16/16 [00:03<00:00,  4.04it/s, loss=0.0164]
Epoch 2055/3000 | Loss: 0.0564 | Best: 0.0238 | Time: 4.0s | Elapsed: 1.3h | ETA: 64m | LR: 0.000131
Epoch 2056/3000: 100%|█████████████| 16/16 [00:03<00:00,  4.06it/s, loss=0.0565]
Epoch 2056/3000 | Loss: 0.0442 | Best: 0.0238 | Time: 3.9s | Elapsed: 1.3h | ETA: 64m | LR: 0.000130
Epoch 2057/3000: 100%|█████████████| 16/16 [00:03<00:00,  4.00it/s, loss=0.0575]
Epoch 2057/3000 | Loss: 0.0498 | Best: 0.0238 | Time: 4.0s | Elapsed: 1.3h | ETA: 64m | LR: 0.000130
Epoch 2058/3000: 100%|█████████████| 16/16 [00:03<00:00,  4.04it/s, loss=0.0424]
Epoch 2058/3000 | Loss: 0.0374 | Best: 0.0238 | Time: 4.0s | Elapsed: 1.3h | ETA: 64m | LR: 0.000130
Epoch 2059/3000: 100%|█████████████| 16/16 [00:03<00:00,  4.07it/s, loss=0.0981]
Epoch 2059/3000 | Loss: 0.0395 | Best: 0.0238 | Time: 3.9s | Elapsed: 1.3h | ETA: 64m | LR: 0.000130
Epoch 2060/3000: 100%|█████████████| 16/16 [00:03<00:00,  4.12it/s, loss=0.0255]
Epoch 2060/3000 | Loss: 0.0408 | Best: 0.0238 | Time: 3.9s | Elapsed: 1.3h | ETA: 64m | LR: 0.000129
Epoch 2061/3000: 100%|█████████████| 16/16 [00:03<00:00,  4.10it/s, loss=0.0741]
Epoch 2061/3000 | Loss: 0.0406 | Best: 0.0238 | Time: 3.9s | Elapsed: 1.3h | ETA: 63m | LR: 0.000129
Epoch 2062/3000: 100%|█████████████| 16/16 [00:03<00:00,  4.11it/s, loss=0.0596]
Epoch 2062/3000 | Loss: 0.0459 | Best: 0.0238 | Time: 3.9s | Elapsed: 1.3h | ETA: 63m | LR: 0.000129
Epoch 2063/3000: 100%|█████████████| 16/16 [00:03<00:00,  4.04it/s, loss=0.0113]
Epoch 2063/3000 | Loss: 0.0500 | Best: 0.0238 | Time: 4.0s | Elapsed: 1.3h | ETA: 63m | LR: 0.000129
Epoch 2064/3000: 100%|█████████████| 16/16 [00:03<00:00,  4.09it/s, loss=0.0197]
Epoch 2064/3000 | Loss: 0.0429 | Best: 0.0238 | Time: 3.9s | Elapsed: 1.3h | ETA: 63m | LR: 0.000129
Epoch 2065/3000: 100%|█████████████| 16/16 [00:03<00:00,  4.15it/s, loss=0.0214]
Epoch 2065/3000 | Loss: 0.0351 | Best: 0.0238 | Time: 3.9s | Elapsed: 1.4h | ETA: 63m | LR: 0.000128
Epoch 2066/3000: 100%|█████████████| 16/16 [00:04<00:00,  3.97it/s, loss=0.0163]
Epoch 2066/3000 | Loss: 0.0288 | Best: 0.0238 | Time: 4.0s | Elapsed: 1.4h | ETA: 63m | LR: 0.000128
Epoch 2067/3000: 100%|█████████████| 16/16 [00:03<00:00,  4.09it/s, loss=0.0637]
Epoch 2067/3000 | Loss: 0.0553 | Best: 0.0238 | Time: 3.9s | Elapsed: 1.4h | ETA: 63m | LR: 0.000128
Epoch 2068/3000: 100%|█████████████| 16/16 [00:03<00:00,  4.09it/s, loss=0.0394]
Epoch 2068/3000 | Loss: 0.0489 | Best: 0.0238 | Time: 3.9s | Elapsed: 1.4h | ETA: 63m | LR: 0.000128
Epoch 2069/3000: 100%|█████████████| 16/16 [00:03<00:00,  4.07it/s, loss=0.0047]
Epoch 2069/3000 | Loss: 0.0449 | Best: 0.0238 | Time: 3.9s | Elapsed: 1.4h | ETA: 63m | LR: 0.000127
Epoch 2070/3000: 100%|█████████████| 16/16 [00:03<00:00,  4.10it/s, loss=0.0140]
Epoch 2070/3000 | Loss: 0.0462 | Best: 0.0238 | Time: 3.9s | Elapsed: 1.4h | ETA: 63m | LR: 0.000127
Epoch 2071/3000: 100%|█████████████| 16/16 [00:03<00:00,  4.08it/s, loss=0.0064]
Epoch 2071/3000 | Loss: 0.0453 | Best: 0.0238 | Time: 3.9s | Elapsed: 1.4h | ETA: 63m | LR: 0.000127
Epoch 2072/3000: 100%|█████████████| 16/16 [00:03<00:00,  4.11it/s, loss=0.0574]
Epoch 2072/3000 | Loss: 0.0609 | Best: 0.0238 | Time: 3.9s | Elapsed: 1.4h | ETA: 63m | LR: 0.000127
Epoch 2073/3000: 100%|█████████████| 16/16 [00:03<00:00,  4.09it/s, loss=0.0354]
Epoch 2073/3000 | Loss: 0.0449 | Best: 0.0238 | Time: 3.9s | Elapsed: 1.4h | ETA: 63m | LR: 0.000127
Epoch 2074/3000: 100%|█████████████| 16/16 [00:04<00:00,  3.99it/s, loss=0.0172]
Epoch 2074/3000 | Loss: 0.0330 | Best: 0.0238 | Time: 4.0s | Elapsed: 1.4h | ETA: 63m | LR: 0.000126
Epoch 2075/3000: 100%|█████████████| 16/16 [00:03<00:00,  4.13it/s, loss=0.0294]
Epoch 2075/3000 | Loss: 0.0427 | Best: 0.0238 | Time: 3.9s | Elapsed: 1.4h | ETA: 62m | LR: 0.000126
  Generating samples at epoch 2075...
DDIM Sampling: 100%|████████████████████████████| 50/50 [00:02<00:00, 24.97it/s]
DDIM Sampling: 100%|████████████████████████████| 50/50 [00:02<00:00, 24.95it/s]
DDIM Sampling: 100%|████████████████████████████| 50/50 [00:02<00:00, 24.88it/s]
Epoch 2076/3000: 100%|█████████████| 16/16 [00:03<00:00,  4.06it/s, loss=0.0471]
Epoch 2076/3000 | Loss: 0.0330 | Best: 0.0238 | Time: 3.9s | Elapsed: 1.4h | ETA: 62m | LR: 0.000126
Epoch 2077/3000: 100%|█████████████| 16/16 [00:03<00:00,  4.05it/s, loss=0.0100]
Epoch 2077/3000 | Loss: 0.0330 | Best: 0.0238 | Time: 4.0s | Elapsed: 1.4h | ETA: 62m | LR: 0.000126
Epoch 2078/3000: 100%|█████████████| 16/16 [00:03<00:00,  4.07it/s, loss=0.0551]
Epoch 2078/3000 | Loss: 0.0539 | Best: 0.0238 | Time: 3.9s | Elapsed: 1.4h | ETA: 62m | LR: 0.000125
Epoch 2079/3000: 100%|█████████████| 16/16 [00:03<00:00,  4.05it/s, loss=0.0606]
Epoch 2079/3000 | Loss: 0.0582 | Best: 0.0238 | Time: 3.9s | Elapsed: 1.4h | ETA: 62m | LR: 0.000125
Epoch 2080/3000: 100%|█████████████| 16/16 [00:03<00:00,  4.08it/s, loss=0.0442]
Epoch 2080/3000 | Loss: 0.0433 | Best: 0.0238 | Time: 3.9s | Elapsed: 1.4h | ETA: 62m | LR: 0.000125
Epoch 2081/3000: 100%|█████████████| 16/16 [00:04<00:00,  3.88it/s, loss=0.1545]
Epoch 2081/3000 | Loss: 0.0690 | Best: 0.0238 | Time: 4.1s | Elapsed: 1.4h | ETA: 62m | LR: 0.000125
Epoch 2082/3000: 100%|█████████████| 16/16 [00:03<00:00,  4.04it/s, loss=0.0709]
Epoch 2082/3000 | Loss: 0.0457 | Best: 0.0238 | Time: 4.0s | Elapsed: 1.4h | ETA: 62m | LR: 0.000125
Epoch 2083/3000: 100%|█████████████| 16/16 [00:03<00:00,  4.12it/s, loss=0.0174]
Epoch 2083/3000 | Loss: 0.0477 | Best: 0.0238 | Time: 3.9s | Elapsed: 1.4h | ETA: 62m | LR: 0.000124
Epoch 2084/3000: 100%|█████████████| 16/16 [00:03<00:00,  4.05it/s, loss=0.0480]
Epoch 2084/3000 | Loss: 0.0440 | Best: 0.0238 | Time: 4.0s | Elapsed: 1.4h | ETA: 62m | LR: 0.000124
Epoch 2085/3000: 100%|█████████████| 16/16 [00:03<00:00,  4.11it/s, loss=0.0453]
Epoch 2085/3000 | Loss: 0.0450 | Best: 0.0238 | Time: 3.9s | Elapsed: 1.4h | ETA: 62m | LR: 0.000124
Epoch 2086/3000: 100%|█████████████| 16/16 [00:03<00:00,  4.12it/s, loss=0.0305]
Epoch 2086/3000 | Loss: 0.0485 | Best: 0.0238 | Time: 3.9s | Elapsed: 1.4h | ETA: 62m | LR: 0.000124
Epoch 2087/3000: 100%|█████████████| 16/16 [00:03<00:00,  4.09it/s, loss=0.0374]
Epoch 2087/3000 | Loss: 0.0423 | Best: 0.0238 | Time: 3.9s | Elapsed: 1.4h | ETA: 62m | LR: 0.000123
Epoch 2088/3000: 100%|█████████████| 16/16 [00:03<00:00,  4.09it/s, loss=0.0306]
Epoch 2088/3000 | Loss: 0.0431 | Best: 0.0238 | Time: 3.9s | Elapsed: 1.4h | ETA: 62m | LR: 0.000123
Epoch 2089/3000: 100%|█████████████| 16/16 [00:03<00:00,  4.05it/s, loss=0.0613]
Epoch 2089/3000 | Loss: 0.0634 | Best: 0.0238 | Time: 4.0s | Elapsed: 1.4h | ETA: 62m | LR: 0.000123
Epoch 2090/3000: 100%|█████████████| 16/16 [00:03<00:00,  4.09it/s, loss=0.0679]
Epoch 2090/3000 | Loss: 0.0478 | Best: 0.0238 | Time: 3.9s | Elapsed: 1.4h | ETA: 61m | LR: 0.000123
Epoch 2091/3000: 100%|█████████████| 16/16 [00:03<00:00,  4.06it/s, loss=0.0783]
Epoch 2091/3000 | Loss: 0.0490 | Best: 0.0238 | Time: 3.9s | Elapsed: 1.4h | ETA: 61m | LR: 0.000122
Epoch 2092/3000: 100%|█████████████| 16/16 [00:03<00:00,  4.08it/s, loss=0.0558]
Epoch 2092/3000 | Loss: 0.0429 | Best: 0.0238 | Time: 3.9s | Elapsed: 1.4h | ETA: 61m | LR: 0.000122
Epoch 2093/3000: 100%|█████████████| 16/16 [00:03<00:00,  4.08it/s, loss=0.0133]
Epoch 2093/3000 | Loss: 0.0588 | Best: 0.0238 | Time: 3.9s | Elapsed: 1.4h | ETA: 61m | LR: 0.000122
Epoch 2094/3000: 100%|█████████████| 16/16 [00:03<00:00,  4.12it/s, loss=0.0194]
Epoch 2094/3000 | Loss: 0.0344 | Best: 0.0238 | Time: 3.9s | Elapsed: 1.4h | ETA: 61m | LR: 0.000122
Epoch 2095/3000: 100%|█████████████| 16/16 [00:03<00:00,  4.08it/s, loss=0.0630]
Epoch 2095/3000 | Loss: 0.0386 | Best: 0.0238 | Time: 3.9s | Elapsed: 1.4h | ETA: 61m | LR: 0.000122
Epoch 2096/3000: 100%|█████████████| 16/16 [00:03<00:00,  4.11it/s, loss=0.0060]
Epoch 2096/3000 | Loss: 0.0375 | Best: 0.0238 | Time: 3.9s | Elapsed: 1.4h | ETA: 61m | LR: 0.000121
Epoch 2097/3000: 100%|█████████████| 16/16 [00:04<00:00,  4.00it/s, loss=0.0250]
Epoch 2097/3000 | Loss: 0.0424 | Best: 0.0238 | Time: 4.0s | Elapsed: 1.4h | ETA: 61m | LR: 0.000121
Epoch 2098/3000: 100%|█████████████| 16/16 [00:03<00:00,  4.06it/s, loss=0.0594]
Epoch 2098/3000 | Loss: 0.0437 | Best: 0.0238 | Time: 3.9s | Elapsed: 1.4h | ETA: 61m | LR: 0.000121
Epoch 2099/3000: 100%|█████████████| 16/16 [00:03<00:00,  4.08it/s, loss=0.0771]
Epoch 2099/3000 | Loss: 0.0572 | Best: 0.0238 | Time: 3.9s | Elapsed: 1.4h | ETA: 61m | LR: 0.000121
Epoch 2100/3000: 100%|█████████████| 16/16 [00:03<00:00,  4.03it/s, loss=0.0569]
Epoch 2100/3000 | Loss: 0.0384 | Best: 0.0238 | Time: 4.0s | Elapsed: 1.4h | ETA: 61m | LR: 0.000120
  Generating samples at epoch 2100...
DDIM Sampling: 100%|████████████████████████████| 50/50 [00:01<00:00, 25.05it/s]
DDIM Sampling: 100%|████████████████████████████| 50/50 [00:01<00:00, 25.02it/s]
DDIM Sampling: 100%|████████████████████████████| 50/50 [00:02<00:00, 24.96it/s]
Epoch 2101/3000: 100%|█████████████| 16/16 [00:03<00:00,  4.04it/s, loss=0.0430]
Epoch 2101/3000 | Loss: 0.0465 | Best: 0.0238 | Time: 4.0s | Elapsed: 1.4h | ETA: 61m | LR: 0.000120
Epoch 2102/3000: 100%|█████████████| 16/16 [00:03<00:00,  4.04it/s, loss=0.0545]
Epoch 2102/3000 | Loss: 0.0499 | Best: 0.0238 | Time: 4.0s | Elapsed: 1.4h | ETA: 61m | LR: 0.000120
Epoch 2103/3000: 100%|█████████████| 16/16 [00:03<00:00,  4.08it/s, loss=0.0161]
Epoch 2103/3000 | Loss: 0.0441 | Best: 0.0238 | Time: 3.9s | Elapsed: 1.4h | ETA: 61m | LR: 0.000120
Epoch 2104/3000: 100%|█████████████| 16/16 [00:04<00:00,  3.94it/s, loss=0.0776]
Epoch 2104/3000 | Loss: 0.0542 | Best: 0.0238 | Time: 4.1s | Elapsed: 1.4h | ETA: 60m | LR: 0.000120
Epoch 2105/3000: 100%|█████████████| 16/16 [00:03<00:00,  4.05it/s, loss=0.0111]
Epoch 2105/3000 | Loss: 0.0317 | Best: 0.0238 | Time: 4.0s | Elapsed: 1.4h | ETA: 60m | LR: 0.000119
Epoch 2106/3000: 100%|█████████████| 16/16 [00:03<00:00,  4.08it/s, loss=0.0134]
Epoch 2106/3000 | Loss: 0.0393 | Best: 0.0238 | Time: 3.9s | Elapsed: 1.4h | ETA: 60m | LR: 0.000119
Epoch 2107/3000: 100%|█████████████| 16/16 [00:03<00:00,  4.03it/s, loss=0.0354]
Epoch 2107/3000 | Loss: 0.0451 | Best: 0.0238 | Time: 4.0s | Elapsed: 1.4h | ETA: 60m | LR: 0.000119
Epoch 2108/3000: 100%|█████████████| 16/16 [00:03<00:00,  4.07it/s, loss=0.0609]
Epoch 2108/3000 | Loss: 0.0531 | Best: 0.0238 | Time: 3.9s | Elapsed: 1.4h | ETA: 60m | LR: 0.000119
Epoch 2109/3000: 100%|█████████████| 16/16 [00:03<00:00,  4.05it/s, loss=0.0123]
Epoch 2109/3000 | Loss: 0.0436 | Best: 0.0238 | Time: 3.9s | Elapsed: 1.4h | ETA: 60m | LR: 0.000118
Epoch 2110/3000: 100%|█████████████| 16/16 [00:03<00:00,  4.06it/s, loss=0.0277]
Epoch 2110/3000 | Loss: 0.0449 | Best: 0.0238 | Time: 3.9s | Elapsed: 1.4h | ETA: 60m | LR: 0.000118
Epoch 2111/3000: 100%|█████████████| 16/16 [00:03<00:00,  4.01it/s, loss=0.0606]
Epoch 2111/3000 | Loss: 0.0555 | Best: 0.0238 | Time: 4.0s | Elapsed: 1.4h | ETA: 60m | LR: 0.000118
Epoch 2112/3000: 100%|█████████████| 16/16 [00:04<00:00,  3.94it/s, loss=0.0534]
Epoch 2112/3000 | Loss: 0.0395 | Best: 0.0238 | Time: 4.1s | Elapsed: 1.4h | ETA: 60m | LR: 0.000118
Epoch 2113/3000: 100%|█████████████| 16/16 [00:03<00:00,  4.05it/s, loss=0.0082]
Epoch 2113/3000 | Loss: 0.0371 | Best: 0.0238 | Time: 4.0s | Elapsed: 1.4h | ETA: 60m | LR: 0.000118
Epoch 2114/3000: 100%|█████████████| 16/16 [00:03<00:00,  4.08it/s, loss=0.0369]
Epoch 2114/3000 | Loss: 0.0368 | Best: 0.0238 | Time: 3.9s | Elapsed: 1.4h | ETA: 60m | LR: 0.000117
Epoch 2115/3000: 100%|█████████████| 16/16 [00:03<00:00,  4.07it/s, loss=0.0095]
Epoch 2115/3000 | Loss: 0.0437 | Best: 0.0238 | Time: 3.9s | Elapsed: 1.4h | ETA: 60m | LR: 0.000117
Epoch 2116/3000: 100%|█████████████| 16/16 [00:03<00:00,  4.01it/s, loss=0.1028]
Epoch 2116/3000 | Loss: 0.0505 | Best: 0.0238 | Time: 4.0s | Elapsed: 1.4h | ETA: 60m | LR: 0.000117
Epoch 2117/3000: 100%|█████████████| 16/16 [00:03<00:00,  4.11it/s, loss=0.0891]
Epoch 2117/3000 | Loss: 0.0419 | Best: 0.0238 | Time: 3.9s | Elapsed: 1.4h | ETA: 60m | LR: 0.000117
Epoch 2118/3000: 100%|█████████████| 16/16 [00:03<00:00,  4.07it/s, loss=0.0152]
Epoch 2118/3000 | Loss: 0.0513 | Best: 0.0238 | Time: 3.9s | Elapsed: 1.4h | ETA: 60m | LR: 0.000116
Epoch 2119/3000: 100%|█████████████| 16/16 [00:03<00:00,  4.09it/s, loss=0.0345]
Epoch 2119/3000 | Loss: 0.0395 | Best: 0.0238 | Time: 3.9s | Elapsed: 1.4h | ETA: 59m | LR: 0.000116
Epoch 2120/3000: 100%|█████████████| 16/16 [00:03<00:00,  4.01it/s, loss=0.0394]
Epoch 2120/3000 | Loss: 0.0458 | Best: 0.0238 | Time: 4.0s | Elapsed: 1.4h | ETA: 59m | LR: 0.000116
Epoch 2121/3000: 100%|█████████████| 16/16 [00:03<00:00,  4.09it/s, loss=0.0463]
Epoch 2121/3000 | Loss: 0.0427 | Best: 0.0238 | Time: 3.9s | Elapsed: 1.4h | ETA: 59m | LR: 0.000116
Epoch 2122/3000: 100%|█████████████| 16/16 [00:03<00:00,  4.11it/s, loss=0.0293]
Epoch 2122/3000 | Loss: 0.0376 | Best: 0.0238 | Time: 3.9s | Elapsed: 1.4h | ETA: 59m | LR: 0.000116
Epoch 2123/3000: 100%|█████████████| 16/16 [00:03<00:00,  4.09it/s, loss=0.0593]
Epoch 2123/3000 | Loss: 0.0460 | Best: 0.0238 | Time: 3.9s | Elapsed: 1.4h | ETA: 59m | LR: 0.000115
Epoch 2124/3000: 100%|█████████████| 16/16 [00:03<00:00,  4.08it/s, loss=0.0071]
Epoch 2124/3000 | Loss: 0.0532 | Best: 0.0238 | Time: 3.9s | Elapsed: 1.4h | ETA: 59m | LR: 0.000115
Epoch 2125/3000: 100%|█████████████| 16/16 [00:03<00:00,  4.13it/s, loss=0.0297]
Epoch 2125/3000 | Loss: 0.0550 | Best: 0.0238 | Time: 3.9s | Elapsed: 1.4h | ETA: 59m | LR: 0.000115
  Generating samples at epoch 2125...
DDIM Sampling: 100%|████████████████████████████| 50/50 [00:01<00:00, 25.07it/s]
DDIM Sampling: 100%|████████████████████████████| 50/50 [00:01<00:00, 25.23it/s]
DDIM Sampling: 100%|████████████████████████████| 50/50 [00:01<00:00, 25.23it/s]
Epoch 2126/3000: 100%|█████████████| 16/16 [00:03<00:00,  4.10it/s, loss=0.0665]
Epoch 2126/3000 | Loss: 0.0534 | Best: 0.0238 | Time: 3.9s | Elapsed: 1.4h | ETA: 59m | LR: 0.000115
Epoch 2127/3000: 100%|█████████████| 16/16 [00:04<00:00,  3.92it/s, loss=0.0473]
Epoch 2127/3000 | Loss: 0.0425 | Best: 0.0238 | Time: 4.1s | Elapsed: 1.4h | ETA: 59m | LR: 0.000114
Epoch 2128/3000: 100%|█████████████| 16/16 [00:03<00:00,  4.08it/s, loss=0.0688]
Epoch 2128/3000 | Loss: 0.0512 | Best: 0.0238 | Time: 3.9s | Elapsed: 1.4h | ETA: 59m | LR: 0.000114
Epoch 2129/3000: 100%|█████████████| 16/16 [00:03<00:00,  4.12it/s, loss=0.0550]
Epoch 2129/3000 | Loss: 0.0562 | Best: 0.0238 | Time: 3.9s | Elapsed: 1.4h | ETA: 59m | LR: 0.000114
Epoch 2130/3000: 100%|█████████████| 16/16 [00:03<00:00,  4.09it/s, loss=0.0086]
Epoch 2130/3000 | Loss: 0.0306 | Best: 0.0238 | Time: 3.9s | Elapsed: 1.4h | ETA: 59m | LR: 0.000114
Epoch 2131/3000: 100%|█████████████| 16/16 [00:03<00:00,  4.08it/s, loss=0.0479]
Epoch 2131/3000 | Loss: 0.0441 | Best: 0.0238 | Time: 3.9s | Elapsed: 1.4h | ETA: 59m | LR: 0.000114
Epoch 2132/3000: 100%|█████████████| 16/16 [00:03<00:00,  4.05it/s, loss=0.0224]
Epoch 2132/3000 | Loss: 0.0378 | Best: 0.0238 | Time: 3.9s | Elapsed: 1.4h | ETA: 59m | LR: 0.000113
Epoch 2133/3000: 100%|█████████████| 16/16 [00:03<00:00,  4.08it/s, loss=0.0459]
Epoch 2133/3000 | Loss: 0.0414 | Best: 0.0238 | Time: 3.9s | Elapsed: 1.4h | ETA: 58m | LR: 0.000113
Epoch 2134/3000: 100%|█████████████| 16/16 [00:03<00:00,  4.07it/s, loss=0.0960]
Epoch 2134/3000 | Loss: 0.0486 | Best: 0.0238 | Time: 3.9s | Elapsed: 1.4h | ETA: 58m | LR: 0.000113
Epoch 2135/3000: 100%|█████████████| 16/16 [00:03<00:00,  4.01it/s, loss=0.0370]
Epoch 2135/3000 | Loss: 0.0516 | Best: 0.0238 | Time: 4.0s | Elapsed: 1.4h | ETA: 58m | LR: 0.000113
Epoch 2136/3000: 100%|█████████████| 16/16 [00:03<00:00,  4.04it/s, loss=0.0592]
Epoch 2136/3000 | Loss: 0.0415 | Best: 0.0238 | Time: 4.0s | Elapsed: 1.4h | ETA: 58m | LR: 0.000112
Epoch 2137/3000: 100%|█████████████| 16/16 [00:03<00:00,  4.11it/s, loss=0.0764]
Epoch 2137/3000 | Loss: 0.0411 | Best: 0.0238 | Time: 3.9s | Elapsed: 1.4h | ETA: 58m | LR: 0.000112
Epoch 2138/3000: 100%|█████████████| 16/16 [00:03<00:00,  4.07it/s, loss=0.0120]
Epoch 2138/3000 | Loss: 0.0427 | Best: 0.0238 | Time: 3.9s | Elapsed: 1.4h | ETA: 58m | LR: 0.000112
Epoch 2139/3000: 100%|█████████████| 16/16 [00:03<00:00,  4.02it/s, loss=0.0466]
Epoch 2139/3000 | Loss: 0.0409 | Best: 0.0238 | Time: 4.0s | Elapsed: 1.4h | ETA: 58m | LR: 0.000112
Epoch 2140/3000: 100%|█████████████| 16/16 [00:03<00:00,  4.08it/s, loss=0.0337]
Epoch 2140/3000 | Loss: 0.0541 | Best: 0.0238 | Time: 3.9s | Elapsed: 1.4h | ETA: 58m | LR: 0.000112
Epoch 2141/3000: 100%|█████████████| 16/16 [00:03<00:00,  4.10it/s, loss=0.0145]
Epoch 2141/3000 | Loss: 0.0385 | Best: 0.0238 | Time: 3.9s | Elapsed: 1.4h | ETA: 58m | LR: 0.000111
Epoch 2142/3000: 100%|█████████████| 16/16 [00:03<00:00,  4.04it/s, loss=0.0761]
Epoch 2142/3000 | Loss: 0.0505 | Best: 0.0238 | Time: 4.0s | Elapsed: 1.4h | ETA: 58m | LR: 0.000111
Epoch 2143/3000: 100%|█████████████| 16/16 [00:04<00:00,  3.97it/s, loss=0.0298]
Epoch 2143/3000 | Loss: 0.0414 | Best: 0.0238 | Time: 4.0s | Elapsed: 1.4h | ETA: 58m | LR: 0.000111
Epoch 2144/3000: 100%|█████████████| 16/16 [00:03<00:00,  4.07it/s, loss=0.0746]
Epoch 2144/3000 | Loss: 0.0708 | Best: 0.0238 | Time: 3.9s | Elapsed: 1.4h | ETA: 58m | LR: 0.000111
Epoch 2145/3000: 100%|█████████████| 16/16 [00:03<00:00,  4.08it/s, loss=0.0665]
Epoch 2145/3000 | Loss: 0.0511 | Best: 0.0238 | Time: 3.9s | Elapsed: 1.4h | ETA: 58m | LR: 0.000110
Epoch 2146/3000: 100%|█████████████| 16/16 [00:03<00:00,  4.05it/s, loss=0.0340]
Epoch 2146/3000 | Loss: 0.0529 | Best: 0.0238 | Time: 4.0s | Elapsed: 1.4h | ETA: 58m | LR: 0.000110
Epoch 2147/3000: 100%|█████████████| 16/16 [00:03<00:00,  4.05it/s, loss=0.0360]
Epoch 2147/3000 | Loss: 0.0616 | Best: 0.0238 | Time: 3.9s | Elapsed: 1.4h | ETA: 58m | LR: 0.000110
Epoch 2148/3000: 100%|█████████████| 16/16 [00:03<00:00,  4.02it/s, loss=0.0519]
Epoch 2148/3000 | Loss: 0.0568 | Best: 0.0238 | Time: 4.0s | Elapsed: 1.4h | ETA: 57m | LR: 0.000110
Epoch 2149/3000: 100%|█████████████| 16/16 [00:03<00:00,  4.11it/s, loss=0.0493]
Epoch 2149/3000 | Loss: 0.0326 | Best: 0.0238 | Time: 3.9s | Elapsed: 1.4h | ETA: 57m | LR: 0.000110
Epoch 2150/3000: 100%|█████████████| 16/16 [00:03<00:00,  4.07it/s, loss=0.0624]
Epoch 2150/3000 | Loss: 0.0508 | Best: 0.0238 | Time: 3.9s | Elapsed: 1.4h | ETA: 57m | LR: 0.000109
  Generating samples at epoch 2150...
DDIM Sampling: 100%|████████████████████████████| 50/50 [00:01<00:00, 25.17it/s]
DDIM Sampling: 100%|████████████████████████████| 50/50 [00:01<00:00, 25.13it/s]
DDIM Sampling: 100%|████████████████████████████| 50/50 [00:01<00:00, 25.12it/s]
Epoch 2151/3000: 100%|█████████████| 16/16 [00:04<00:00,  3.99it/s, loss=0.0096]
Epoch 2151/3000 | Loss: 0.0468 | Best: 0.0238 | Time: 4.0s | Elapsed: 1.5h | ETA: 57m | LR: 0.000109
Epoch 2152/3000: 100%|█████████████| 16/16 [00:03<00:00,  4.12it/s, loss=0.0329]
Epoch 2152/3000 | Loss: 0.0493 | Best: 0.0238 | Time: 3.9s | Elapsed: 1.5h | ETA: 57m | LR: 0.000109
Epoch 2153/3000: 100%|█████████████| 16/16 [00:03<00:00,  4.07it/s, loss=0.0651]
Epoch 2153/3000 | Loss: 0.0399 | Best: 0.0238 | Time: 3.9s | Elapsed: 1.5h | ETA: 57m | LR: 0.000109
Epoch 2154/3000: 100%|█████████████| 16/16 [00:03<00:00,  4.04it/s, loss=0.0497]
Epoch 2154/3000 | Loss: 0.0600 | Best: 0.0238 | Time: 4.0s | Elapsed: 1.5h | ETA: 57m | LR: 0.000108
Epoch 2155/3000: 100%|█████████████| 16/16 [00:03<00:00,  4.10it/s, loss=0.0140]
Epoch 2155/3000 | Loss: 0.0401 | Best: 0.0238 | Time: 3.9s | Elapsed: 1.5h | ETA: 57m | LR: 0.000108
Epoch 2156/3000: 100%|█████████████| 16/16 [00:03<00:00,  4.04it/s, loss=0.0311]
Epoch 2156/3000 | Loss: 0.0544 | Best: 0.0238 | Time: 4.0s | Elapsed: 1.5h | ETA: 57m | LR: 0.000108
Epoch 2157/3000: 100%|█████████████| 16/16 [00:03<00:00,  4.12it/s, loss=0.0360]
Epoch 2157/3000 | Loss: 0.0425 | Best: 0.0238 | Time: 3.9s | Elapsed: 1.5h | ETA: 57m | LR: 0.000108
Epoch 2158/3000: 100%|█████████████| 16/16 [00:04<00:00,  3.99it/s, loss=0.1036]
Epoch 2158/3000 | Loss: 0.0467 | Best: 0.0238 | Time: 4.0s | Elapsed: 1.5h | ETA: 57m | LR: 0.000108
Epoch 2159/3000: 100%|█████████████| 16/16 [00:03<00:00,  4.10it/s, loss=0.0442]
Epoch 2159/3000 | Loss: 0.0507 | Best: 0.0238 | Time: 3.9s | Elapsed: 1.5h | ETA: 57m | LR: 0.000107
Epoch 2160/3000: 100%|█████████████| 16/16 [00:03<00:00,  4.05it/s, loss=0.0877]
Epoch 2160/3000 | Loss: 0.0444 | Best: 0.0238 | Time: 4.0s | Elapsed: 1.5h | ETA: 57m | LR: 0.000107
Epoch 2161/3000: 100%|█████████████| 16/16 [00:04<00:00,  4.00it/s, loss=0.0647]
Epoch 2161/3000 | Loss: 0.0626 | Best: 0.0238 | Time: 4.0s | Elapsed: 1.5h | ETA: 57m | LR: 0.000107
Epoch 2162/3000: 100%|█████████████| 16/16 [00:03<00:00,  4.02it/s, loss=0.0434]
Epoch 2162/3000 | Loss: 0.0500 | Best: 0.0238 | Time: 4.0s | Elapsed: 1.5h | ETA: 57m | LR: 0.000107
Epoch 2163/3000: 100%|█████████████| 16/16 [00:03<00:00,  4.01it/s, loss=0.0557]
Epoch 2163/3000 | Loss: 0.0462 | Best: 0.0238 | Time: 4.0s | Elapsed: 1.5h | ETA: 56m | LR: 0.000106
Epoch 2164/3000: 100%|█████████████| 16/16 [00:03<00:00,  4.06it/s, loss=0.0283]
Epoch 2164/3000 | Loss: 0.0616 | Best: 0.0238 | Time: 3.9s | Elapsed: 1.5h | ETA: 56m | LR: 0.000106
Epoch 2165/3000: 100%|█████████████| 16/16 [00:03<00:00,  4.07it/s, loss=0.0433]
Epoch 2165/3000 | Loss: 0.0383 | Best: 0.0238 | Time: 3.9s | Elapsed: 1.5h | ETA: 56m | LR: 0.000106
Epoch 2166/3000: 100%|█████████████| 16/16 [00:04<00:00,  3.95it/s, loss=0.0570]
Epoch 2166/3000 | Loss: 0.0524 | Best: 0.0238 | Time: 4.0s | Elapsed: 1.5h | ETA: 56m | LR: 0.000106
Epoch 2167/3000: 100%|█████████████| 16/16 [00:03<00:00,  4.02it/s, loss=0.0323]
Epoch 2167/3000 | Loss: 0.0481 | Best: 0.0238 | Time: 4.0s | Elapsed: 1.5h | ETA: 56m | LR: 0.000106
Epoch 2168/3000: 100%|█████████████| 16/16 [00:03<00:00,  4.05it/s, loss=0.0054]
Epoch 2168/3000 | Loss: 0.0490 | Best: 0.0238 | Time: 4.0s | Elapsed: 1.5h | ETA: 56m | LR: 0.000105
Epoch 2169/3000: 100%|█████████████| 16/16 [00:03<00:00,  4.05it/s, loss=0.0536]
Epoch 2169/3000 | Loss: 0.0445 | Best: 0.0238 | Time: 4.0s | Elapsed: 1.5h | ETA: 56m | LR: 0.000105
Epoch 2170/3000: 100%|█████████████| 16/16 [00:03<00:00,  4.06it/s, loss=0.0579]
Epoch 2170/3000 | Loss: 0.0522 | Best: 0.0238 | Time: 3.9s | Elapsed: 1.5h | ETA: 56m | LR: 0.000105
Epoch 2171/3000: 100%|█████████████| 16/16 [00:03<00:00,  4.06it/s, loss=0.0313]
Epoch 2171/3000 | Loss: 0.0441 | Best: 0.0238 | Time: 3.9s | Elapsed: 1.5h | ETA: 56m | LR: 0.000105
Epoch 2172/3000: 100%|█████████████| 16/16 [00:03<00:00,  4.09it/s, loss=0.0435]
Epoch 2172/3000 | Loss: 0.0467 | Best: 0.0238 | Time: 3.9s | Elapsed: 1.5h | ETA: 56m | LR: 0.000105
Epoch 2173/3000: 100%|█████████████| 16/16 [00:03<00:00,  4.05it/s, loss=0.0466]
Epoch 2173/3000 | Loss: 0.0512 | Best: 0.0238 | Time: 3.9s | Elapsed: 1.5h | ETA: 56m | LR: 0.000104
Epoch 2174/3000: 100%|█████████████| 16/16 [00:03<00:00,  4.03it/s, loss=0.0636]
Epoch 2174/3000 | Loss: 0.0435 | Best: 0.0238 | Time: 4.0s | Elapsed: 1.5h | ETA: 56m | LR: 0.000104
Epoch 2175/3000: 100%|█████████████| 16/16 [00:03<00:00,  4.09it/s, loss=0.0627]
Epoch 2175/3000 | Loss: 0.0485 | Best: 0.0238 | Time: 3.9s | Elapsed: 1.5h | ETA: 56m | LR: 0.000104
  Generating samples at epoch 2175...
DDIM Sampling: 100%|████████████████████████████| 50/50 [00:02<00:00, 24.86it/s]
DDIM Sampling: 100%|████████████████████████████| 50/50 [00:01<00:00, 25.01it/s]
DDIM Sampling: 100%|████████████████████████████| 50/50 [00:01<00:00, 25.04it/s]
Epoch 2176/3000: 100%|█████████████| 16/16 [00:03<00:00,  4.07it/s, loss=0.0063]
Epoch 2176/3000 | Loss: 0.0455 | Best: 0.0238 | Time: 3.9s | Elapsed: 1.5h | ETA: 56m | LR: 0.000104
Epoch 2177/3000: 100%|█████████████| 16/16 [00:03<00:00,  4.07it/s, loss=0.0380]
Epoch 2177/3000 | Loss: 0.0463 | Best: 0.0238 | Time: 3.9s | Elapsed: 1.5h | ETA: 55m | LR: 0.000103
Epoch 2178/3000: 100%|█████████████| 16/16 [00:03<00:00,  4.03it/s, loss=0.0109]
Epoch 2178/3000 | Loss: 0.0502 | Best: 0.0238 | Time: 4.0s | Elapsed: 1.5h | ETA: 55m | LR: 0.000103
Epoch 2179/3000: 100%|█████████████| 16/16 [00:03<00:00,  4.04it/s, loss=0.0258]
Epoch 2179/3000 | Loss: 0.0359 | Best: 0.0238 | Time: 4.0s | Elapsed: 1.5h | ETA: 55m | LR: 0.000103
Epoch 2180/3000: 100%|█████████████| 16/16 [00:03<00:00,  4.01it/s, loss=0.0461]
Epoch 2180/3000 | Loss: 0.0487 | Best: 0.0238 | Time: 4.0s | Elapsed: 1.5h | ETA: 55m | LR: 0.000103
Epoch 2181/3000: 100%|█████████████| 16/16 [00:04<00:00,  4.00it/s, loss=0.0755]
Epoch 2181/3000 | Loss: 0.0462 | Best: 0.0238 | Time: 4.0s | Elapsed: 1.5h | ETA: 55m | LR: 0.000103
Epoch 2182/3000: 100%|█████████████| 16/16 [00:03<00:00,  4.07it/s, loss=0.0141]
Epoch 2182/3000 | Loss: 0.0446 | Best: 0.0238 | Time: 3.9s | Elapsed: 1.5h | ETA: 55m | LR: 0.000102
Epoch 2183/3000: 100%|█████████████| 16/16 [00:03<00:00,  4.08it/s, loss=0.0096]
Epoch 2183/3000 | Loss: 0.0516 | Best: 0.0238 | Time: 3.9s | Elapsed: 1.5h | ETA: 55m | LR: 0.000102
Epoch 2184/3000: 100%|█████████████| 16/16 [00:03<00:00,  4.10it/s, loss=0.0782]
Epoch 2184/3000 | Loss: 0.0333 | Best: 0.0238 | Time: 3.9s | Elapsed: 1.5h | ETA: 55m | LR: 0.000102
Epoch 2185/3000: 100%|█████████████| 16/16 [00:03<00:00,  4.08it/s, loss=0.0794]
Epoch 2185/3000 | Loss: 0.0388 | Best: 0.0238 | Time: 3.9s | Elapsed: 1.5h | ETA: 55m | LR: 0.000102
Epoch 2186/3000: 100%|█████████████| 16/16 [00:03<00:00,  4.09it/s, loss=0.0598]
Epoch 2186/3000 | Loss: 0.0307 | Best: 0.0238 | Time: 3.9s | Elapsed: 1.5h | ETA: 55m | LR: 0.000101
Epoch 2187/3000: 100%|█████████████| 16/16 [00:03<00:00,  4.10it/s, loss=0.0104]
Epoch 2187/3000 | Loss: 0.0425 | Best: 0.0238 | Time: 3.9s | Elapsed: 1.5h | ETA: 55m | LR: 0.000101
Epoch 2188/3000: 100%|█████████████| 16/16 [00:03<00:00,  4.06it/s, loss=0.0428]
Epoch 2188/3000 | Loss: 0.0365 | Best: 0.0238 | Time: 3.9s | Elapsed: 1.5h | ETA: 55m | LR: 0.000101
Epoch 2189/3000: 100%|█████████████| 16/16 [00:03<00:00,  4.01it/s, loss=0.0438]
Epoch 2189/3000 | Loss: 0.0397 | Best: 0.0238 | Time: 4.0s | Elapsed: 1.5h | ETA: 55m | LR: 0.000101
Epoch 2190/3000: 100%|█████████████| 16/16 [00:03<00:00,  4.06it/s, loss=0.1388]
Epoch 2190/3000 | Loss: 0.0566 | Best: 0.0238 | Time: 3.9s | Elapsed: 1.5h | ETA: 55m | LR: 0.000101
Epoch 2191/3000: 100%|█████████████| 16/16 [00:03<00:00,  4.07it/s, loss=0.1280]
Epoch 2191/3000 | Loss: 0.0533 | Best: 0.0238 | Time: 3.9s | Elapsed: 1.5h | ETA: 55m | LR: 0.000100
Epoch 2192/3000: 100%|█████████████| 16/16 [00:03<00:00,  4.03it/s, loss=0.0538]
Epoch 2192/3000 | Loss: 0.0573 | Best: 0.0238 | Time: 4.0s | Elapsed: 1.5h | ETA: 54m | LR: 0.000100
Epoch 2193/3000: 100%|█████████████| 16/16 [00:03<00:00,  4.07it/s, loss=0.0112]
Epoch 2193/3000 | Loss: 0.0427 | Best: 0.0238 | Time: 3.9s | Elapsed: 1.5h | ETA: 54m | LR: 0.000100
Epoch 2194/3000: 100%|█████████████| 16/16 [00:03<00:00,  4.09it/s, loss=0.0110]
Epoch 2194/3000 | Loss: 0.0431 | Best: 0.0238 | Time: 3.9s | Elapsed: 1.5h | ETA: 54m | LR: 0.000100
Epoch 2195/3000: 100%|█████████████| 16/16 [00:03<00:00,  4.02it/s, loss=0.0475]
Epoch 2195/3000 | Loss: 0.0444 | Best: 0.0238 | Time: 4.0s | Elapsed: 1.5h | ETA: 54m | LR: 0.000100
Epoch 2196/3000: 100%|█████████████| 16/16 [00:03<00:00,  4.09it/s, loss=0.0156]
Epoch 2196/3000 | Loss: 0.0393 | Best: 0.0238 | Time: 3.9s | Elapsed: 1.5h | ETA: 54m | LR: 0.000099
Epoch 2197/3000: 100%|█████████████| 16/16 [00:03<00:00,  4.04it/s, loss=0.0730]
Epoch 2197/3000 | Loss: 0.0433 | Best: 0.0238 | Time: 4.0s | Elapsed: 1.5h | ETA: 54m | LR: 0.000099
Epoch 2198/3000: 100%|█████████████| 16/16 [00:04<00:00,  3.99it/s, loss=0.0679]
Epoch 2198/3000 | Loss: 0.0460 | Best: 0.0238 | Time: 4.0s | Elapsed: 1.5h | ETA: 54m | LR: 0.000099
Epoch 2199/3000: 100%|█████████████| 16/16 [00:03<00:00,  4.05it/s, loss=0.0319]
Epoch 2199/3000 | Loss: 0.0517 | Best: 0.0238 | Time: 4.0s | Elapsed: 1.5h | ETA: 54m | LR: 0.000099
Epoch 2200/3000: 100%|█████████████| 16/16 [00:03<00:00,  4.05it/s, loss=0.0464]
Epoch 2200/3000 | Loss: 0.0417 | Best: 0.0238 | Time: 4.0s | Elapsed: 1.5h | ETA: 54m | LR: 0.000098
  Generating samples at epoch 2200...
DDIM Sampling: 100%|████████████████████████████| 50/50 [00:01<00:00, 25.16it/s]
DDIM Sampling: 100%|████████████████████████████| 50/50 [00:01<00:00, 25.12it/s]
DDIM Sampling: 100%|████████████████████████████| 50/50 [00:02<00:00, 24.92it/s]
Epoch 2201/3000: 100%|█████████████| 16/16 [00:03<00:00,  4.06it/s, loss=0.0482]
Epoch 2201/3000 | Loss: 0.0470 | Best: 0.0238 | Time: 3.9s | Elapsed: 1.5h | ETA: 54m | LR: 0.000098
Epoch 2202/3000: 100%|█████████████| 16/16 [00:03<00:00,  4.08it/s, loss=0.0226]
Epoch 2202/3000 | Loss: 0.0441 | Best: 0.0238 | Time: 3.9s | Elapsed: 1.5h | ETA: 54m | LR: 0.000098
Epoch 2203/3000: 100%|█████████████| 16/16 [00:03<00:00,  4.07it/s, loss=0.0088]
Epoch 2203/3000 | Loss: 0.0361 | Best: 0.0238 | Time: 3.9s | Elapsed: 1.5h | ETA: 54m | LR: 0.000098
Epoch 2204/3000: 100%|█████████████| 16/16 [00:04<00:00,  3.91it/s, loss=0.0425]
Epoch 2204/3000 | Loss: 0.0498 | Best: 0.0238 | Time: 4.1s | Elapsed: 1.5h | ETA: 54m | LR: 0.000098
Epoch 2205/3000: 100%|█████████████| 16/16 [00:03<00:00,  4.05it/s, loss=0.0675]
Epoch 2205/3000 | Loss: 0.0458 | Best: 0.0238 | Time: 3.9s | Elapsed: 1.5h | ETA: 54m | LR: 0.000097
Epoch 2206/3000: 100%|█████████████| 16/16 [00:03<00:00,  4.03it/s, loss=0.0697]
Epoch 2206/3000 | Loss: 0.0449 | Best: 0.0238 | Time: 4.0s | Elapsed: 1.5h | ETA: 53m | LR: 0.000097
Epoch 2207/3000: 100%|█████████████| 16/16 [00:03<00:00,  4.05it/s, loss=0.0245]
Epoch 2207/3000 | Loss: 0.0512 | Best: 0.0238 | Time: 4.0s | Elapsed: 1.5h | ETA: 53m | LR: 0.000097
Epoch 2208/3000: 100%|█████████████| 16/16 [00:03<00:00,  4.07it/s, loss=0.0448]
Epoch 2208/3000 | Loss: 0.0418 | Best: 0.0238 | Time: 3.9s | Elapsed: 1.5h | ETA: 53m | LR: 0.000097
Epoch 2209/3000: 100%|█████████████| 16/16 [00:03<00:00,  4.04it/s, loss=0.0208]
Epoch 2209/3000 | Loss: 0.0376 | Best: 0.0238 | Time: 4.0s | Elapsed: 1.5h | ETA: 53m | LR: 0.000097
Epoch 2210/3000: 100%|█████████████| 16/16 [00:03<00:00,  4.09it/s, loss=0.0381]
Epoch 2210/3000 | Loss: 0.0526 | Best: 0.0238 | Time: 3.9s | Elapsed: 1.5h | ETA: 53m | LR: 0.000096
Epoch 2211/3000: 100%|█████████████| 16/16 [00:03<00:00,  4.00it/s, loss=0.0393]
Epoch 2211/3000 | Loss: 0.0338 | Best: 0.0238 | Time: 4.0s | Elapsed: 1.5h | ETA: 53m | LR: 0.000096
Epoch 2212/3000: 100%|█████████████| 16/16 [00:04<00:00,  4.00it/s, loss=0.0904]
Epoch 2212/3000 | Loss: 0.0431 | Best: 0.0238 | Time: 4.0s | Elapsed: 1.5h | ETA: 53m | LR: 0.000096
Epoch 2213/3000: 100%|█████████████| 16/16 [00:03<00:00,  4.05it/s, loss=0.0721]
Epoch 2213/3000 | Loss: 0.0352 | Best: 0.0238 | Time: 4.0s | Elapsed: 1.5h | ETA: 53m | LR: 0.000096
Epoch 2214/3000: 100%|█████████████| 16/16 [00:03<00:00,  4.06it/s, loss=0.0357]
Epoch 2214/3000 | Loss: 0.0506 | Best: 0.0238 | Time: 3.9s | Elapsed: 1.5h | ETA: 53m | LR: 0.000095
Epoch 2215/3000: 100%|█████████████| 16/16 [00:03<00:00,  4.04it/s, loss=0.0124]
Epoch 2215/3000 | Loss: 0.0344 | Best: 0.0238 | Time: 4.0s | Elapsed: 1.5h | ETA: 53m | LR: 0.000095
Epoch 2216/3000: 100%|█████████████| 16/16 [00:03<00:00,  4.02it/s, loss=0.0473]
Epoch 2216/3000 | Loss: 0.0482 | Best: 0.0238 | Time: 4.0s | Elapsed: 1.5h | ETA: 53m | LR: 0.000095
Epoch 2217/3000: 100%|█████████████| 16/16 [00:03<00:00,  4.08it/s, loss=0.0758]
Epoch 2217/3000 | Loss: 0.0533 | Best: 0.0238 | Time: 3.9s | Elapsed: 1.5h | ETA: 53m | LR: 0.000095
Epoch 2218/3000: 100%|█████████████| 16/16 [00:03<00:00,  4.11it/s, loss=0.0186]
Epoch 2218/3000 | Loss: 0.0464 | Best: 0.0238 | Time: 3.9s | Elapsed: 1.5h | ETA: 53m | LR: 0.000095
Epoch 2219/3000: 100%|█████████████| 16/16 [00:03<00:00,  4.08it/s, loss=0.0762]
Epoch 2219/3000 | Loss: 0.0481 | Best: 0.0238 | Time: 3.9s | Elapsed: 1.5h | ETA: 53m | LR: 0.000094
Epoch 2220/3000: 100%|█████████████| 16/16 [00:03<00:00,  4.01it/s, loss=0.0174]
Epoch 2220/3000 | Loss: 0.0579 | Best: 0.0238 | Time: 4.0s | Elapsed: 1.5h | ETA: 53m | LR: 0.000094
Epoch 2221/3000: 100%|█████████████| 16/16 [00:03<00:00,  4.03it/s, loss=0.0641]
Epoch 2221/3000 | Loss: 0.0456 | Best: 0.0238 | Time: 4.0s | Elapsed: 1.5h | ETA: 52m | LR: 0.000094
Epoch 2222/3000: 100%|█████████████| 16/16 [00:03<00:00,  4.08it/s, loss=0.0684]
Epoch 2222/3000 | Loss: 0.0417 | Best: 0.0238 | Time: 3.9s | Elapsed: 1.5h | ETA: 52m | LR: 0.000094
Epoch 2223/3000: 100%|█████████████| 16/16 [00:03<00:00,  4.07it/s, loss=0.0285]
Epoch 2223/3000 | Loss: 0.0412 | Best: 0.0238 | Time: 3.9s | Elapsed: 1.5h | ETA: 52m | LR: 0.000094
Epoch 2224/3000: 100%|█████████████| 16/16 [00:03<00:00,  4.07it/s, loss=0.0604]
Epoch 2224/3000 | Loss: 0.0587 | Best: 0.0238 | Time: 3.9s | Elapsed: 1.5h | ETA: 52m | LR: 0.000093
Epoch 2225/3000: 100%|█████████████| 16/16 [00:03<00:00,  4.07it/s, loss=0.0463]
Epoch 2225/3000 | Loss: 0.0404 | Best: 0.0238 | Time: 3.9s | Elapsed: 1.5h | ETA: 52m | LR: 0.000093
  Generating samples at epoch 2225...
DDIM Sampling: 100%|████████████████████████████| 50/50 [00:02<00:00, 24.91it/s]
DDIM Sampling: 100%|████████████████████████████| 50/50 [00:02<00:00, 24.94it/s]
DDIM Sampling: 100%|████████████████████████████| 50/50 [00:01<00:00, 25.00it/s]
Epoch 2226/3000: 100%|█████████████| 16/16 [00:03<00:00,  4.07it/s, loss=0.0676]
Epoch 2226/3000 | Loss: 0.0427 | Best: 0.0238 | Time: 3.9s | Elapsed: 1.5h | ETA: 52m | LR: 0.000093
Epoch 2227/3000: 100%|█████████████| 16/16 [00:04<00:00,  3.98it/s, loss=0.0474]
Epoch 2227/3000 | Loss: 0.0389 | Best: 0.0238 | Time: 4.0s | Elapsed: 1.5h | ETA: 52m | LR: 0.000093
Epoch 2228/3000: 100%|█████████████| 16/16 [00:03<00:00,  4.06it/s, loss=0.0266]
Epoch 2228/3000 | Loss: 0.0484 | Best: 0.0238 | Time: 3.9s | Elapsed: 1.5h | ETA: 52m | LR: 0.000092
Epoch 2229/3000: 100%|█████████████| 16/16 [00:03<00:00,  4.05it/s, loss=0.0233]
Epoch 2229/3000 | Loss: 0.0433 | Best: 0.0238 | Time: 4.0s | Elapsed: 1.5h | ETA: 52m | LR: 0.000092
Epoch 2230/3000: 100%|█████████████| 16/16 [00:03<00:00,  4.09it/s, loss=0.0558]
Epoch 2230/3000 | Loss: 0.0492 | Best: 0.0238 | Time: 3.9s | Elapsed: 1.5h | ETA: 52m | LR: 0.000092
Epoch 2231/3000: 100%|█████████████| 16/16 [00:03<00:00,  4.09it/s, loss=0.0448]
Epoch 2231/3000 | Loss: 0.0498 | Best: 0.0238 | Time: 3.9s | Elapsed: 1.5h | ETA: 52m | LR: 0.000092
Epoch 2232/3000: 100%|█████████████| 16/16 [00:03<00:00,  4.04it/s, loss=0.0884]
Epoch 2232/3000 | Loss: 0.0514 | Best: 0.0238 | Time: 4.0s | Elapsed: 1.5h | ETA: 52m | LR: 0.000092
Epoch 2233/3000: 100%|█████████████| 16/16 [00:03<00:00,  4.06it/s, loss=0.0666]
Epoch 2233/3000 | Loss: 0.0577 | Best: 0.0238 | Time: 3.9s | Elapsed: 1.5h | ETA: 52m | LR: 0.000091
Epoch 2234/3000: 100%|█████████████| 16/16 [00:03<00:00,  4.08it/s, loss=0.0592]
Epoch 2234/3000 | Loss: 0.0489 | Best: 0.0238 | Time: 3.9s | Elapsed: 1.5h | ETA: 52m | LR: 0.000091
Epoch 2235/3000: 100%|█████████████| 16/16 [00:04<00:00,  3.95it/s, loss=0.0650]
Epoch 2235/3000 | Loss: 0.0524 | Best: 0.0238 | Time: 4.0s | Elapsed: 1.5h | ETA: 52m | LR: 0.000091
Epoch 2236/3000: 100%|█████████████| 16/16 [00:03<00:00,  4.03it/s, loss=0.0520]
Epoch 2236/3000 | Loss: 0.0435 | Best: 0.0238 | Time: 4.0s | Elapsed: 1.6h | ETA: 51m | LR: 0.000091
Epoch 2237/3000: 100%|█████████████| 16/16 [00:03<00:00,  4.08it/s, loss=0.0278]
Epoch 2237/3000 | Loss: 0.0515 | Best: 0.0238 | Time: 3.9s | Elapsed: 1.6h | ETA: 51m | LR: 0.000091
Epoch 2238/3000: 100%|█████████████| 16/16 [00:03<00:00,  4.05it/s, loss=0.0222]
Epoch 2238/3000 | Loss: 0.0504 | Best: 0.0238 | Time: 4.0s | Elapsed: 1.6h | ETA: 51m | LR: 0.000090
Epoch 2239/3000: 100%|█████████████| 16/16 [00:03<00:00,  4.02it/s, loss=0.0188]
Epoch 2239/3000 | Loss: 0.0477 | Best: 0.0238 | Time: 4.0s | Elapsed: 1.6h | ETA: 51m | LR: 0.000090
Epoch 2240/3000: 100%|█████████████| 16/16 [00:03<00:00,  4.08it/s, loss=0.0452]
Epoch 2240/3000 | Loss: 0.0487 | Best: 0.0238 | Time: 3.9s | Elapsed: 1.6h | ETA: 51m | LR: 0.000090
Epoch 2241/3000: 100%|█████████████| 16/16 [00:03<00:00,  4.06it/s, loss=0.0262]
Epoch 2241/3000 | Loss: 0.0394 | Best: 0.0238 | Time: 3.9s | Elapsed: 1.6h | ETA: 51m | LR: 0.000090
Epoch 2242/3000: 100%|█████████████| 16/16 [00:03<00:00,  4.12it/s, loss=0.0166]
Epoch 2242/3000 | Loss: 0.0409 | Best: 0.0238 | Time: 3.9s | Elapsed: 1.6h | ETA: 51m | LR: 0.000090
Epoch 2243/3000: 100%|█████████████| 16/16 [00:03<00:00,  4.06it/s, loss=0.0417]
Epoch 2243/3000 | Loss: 0.0434 | Best: 0.0238 | Time: 3.9s | Elapsed: 1.6h | ETA: 51m | LR: 0.000089
Epoch 2244/3000: 100%|█████████████| 16/16 [00:04<00:00,  3.96it/s, loss=0.0673]
Epoch 2244/3000 | Loss: 0.0482 | Best: 0.0238 | Time: 4.0s | Elapsed: 1.6h | ETA: 51m | LR: 0.000089
Epoch 2245/3000: 100%|█████████████| 16/16 [00:03<00:00,  4.03it/s, loss=0.0424]
Epoch 2245/3000 | Loss: 0.0401 | Best: 0.0238 | Time: 4.0s | Elapsed: 1.6h | ETA: 51m | LR: 0.000089
Epoch 2246/3000: 100%|█████████████| 16/16 [00:03<00:00,  4.04it/s, loss=0.0644]
Epoch 2246/3000 | Loss: 0.0506 | Best: 0.0238 | Time: 4.0s | Elapsed: 1.6h | ETA: 51m | LR: 0.000089
Epoch 2247/3000: 100%|█████████████| 16/16 [00:03<00:00,  4.01it/s, loss=0.0527]
Epoch 2247/3000 | Loss: 0.0339 | Best: 0.0238 | Time: 4.0s | Elapsed: 1.6h | ETA: 51m | LR: 0.000089
Epoch 2248/3000: 100%|█████████████| 16/16 [00:03<00:00,  4.07it/s, loss=0.0547]
Epoch 2248/3000 | Loss: 0.0502 | Best: 0.0238 | Time: 3.9s | Elapsed: 1.6h | ETA: 51m | LR: 0.000088
Epoch 2249/3000: 100%|█████████████| 16/16 [00:03<00:00,  4.03it/s, loss=0.0494]
Epoch 2249/3000 | Loss: 0.0470 | Best: 0.0238 | Time: 4.0s | Elapsed: 1.6h | ETA: 51m | LR: 0.000088
Epoch 2250/3000: 100%|█████████████| 16/16 [00:03<00:00,  4.06it/s, loss=0.0077]
Epoch 2250/3000 | Loss: 0.0447 | Best: 0.0238 | Time: 3.9s | Elapsed: 1.6h | ETA: 50m | LR: 0.000088
  Generating samples at epoch 2250...
DDIM Sampling: 100%|████████████████████████████| 50/50 [00:01<00:00, 25.09it/s]
DDIM Sampling: 100%|████████████████████████████| 50/50 [00:02<00:00, 24.66it/s]
DDIM Sampling: 100%|████████████████████████████| 50/50 [00:02<00:00, 24.78it/s]
Epoch 2251/3000: 100%|█████████████| 16/16 [00:03<00:00,  4.04it/s, loss=0.0835]
Epoch 2251/3000 | Loss: 0.0515 | Best: 0.0238 | Time: 4.0s | Elapsed: 1.6h | ETA: 50m | LR: 0.000088
Epoch 2252/3000: 100%|█████████████| 16/16 [00:03<00:00,  4.08it/s, loss=0.0310]
Epoch 2252/3000 | Loss: 0.0425 | Best: 0.0238 | Time: 3.9s | Elapsed: 1.6h | ETA: 50m | LR: 0.000087
Epoch 2253/3000: 100%|█████████████| 16/16 [00:03<00:00,  4.06it/s, loss=0.0274]
Epoch 2253/3000 | Loss: 0.0332 | Best: 0.0238 | Time: 3.9s | Elapsed: 1.6h | ETA: 50m | LR: 0.000087
Epoch 2254/3000: 100%|█████████████| 16/16 [00:03<00:00,  4.05it/s, loss=0.0136]
Epoch 2254/3000 | Loss: 0.0423 | Best: 0.0238 | Time: 3.9s | Elapsed: 1.6h | ETA: 50m | LR: 0.000087
Epoch 2255/3000: 100%|█████████████| 16/16 [00:03<00:00,  4.05it/s, loss=0.0218]
Epoch 2255/3000 | Loss: 0.0349 | Best: 0.0238 | Time: 4.0s | Elapsed: 1.6h | ETA: 50m | LR: 0.000087
Epoch 2256/3000: 100%|█████████████| 16/16 [00:03<00:00,  4.04it/s, loss=0.0555]
Epoch 2256/3000 | Loss: 0.0321 | Best: 0.0238 | Time: 4.0s | Elapsed: 1.6h | ETA: 50m | LR: 0.000087
Epoch 2257/3000: 100%|█████████████| 16/16 [00:03<00:00,  4.03it/s, loss=0.0276]
Epoch 2257/3000 | Loss: 0.0397 | Best: 0.0238 | Time: 4.0s | Elapsed: 1.6h | ETA: 50m | LR: 0.000086
Epoch 2258/3000: 100%|█████████████| 16/16 [00:04<00:00,  3.99it/s, loss=0.0438]
Epoch 2258/3000 | Loss: 0.0406 | Best: 0.0238 | Time: 4.0s | Elapsed: 1.6h | ETA: 50m | LR: 0.000086
Epoch 2259/3000: 100%|█████████████| 16/16 [00:03<00:00,  4.08it/s, loss=0.0492]
Epoch 2259/3000 | Loss: 0.0443 | Best: 0.0238 | Time: 3.9s | Elapsed: 1.6h | ETA: 50m | LR: 0.000086
Epoch 2260/3000: 100%|█████████████| 16/16 [00:03<00:00,  4.03it/s, loss=0.0481]
Epoch 2260/3000 | Loss: 0.0416 | Best: 0.0238 | Time: 4.0s | Elapsed: 1.6h | ETA: 50m | LR: 0.000086
Epoch 2261/3000: 100%|█████████████| 16/16 [00:03<00:00,  4.04it/s, loss=0.0409]
Epoch 2261/3000 | Loss: 0.0425 | Best: 0.0238 | Time: 4.0s | Elapsed: 1.6h | ETA: 50m | LR: 0.000086
Epoch 2262/3000: 100%|█████████████| 16/16 [00:03<00:00,  4.05it/s, loss=0.0539]
Epoch 2262/3000 | Loss: 0.0546 | Best: 0.0238 | Time: 4.0s | Elapsed: 1.6h | ETA: 50m | LR: 0.000085
Epoch 2263/3000: 100%|█████████████| 16/16 [00:03<00:00,  4.04it/s, loss=0.0075]
Epoch 2263/3000 | Loss: 0.0448 | Best: 0.0238 | Time: 4.0s | Elapsed: 1.6h | ETA: 50m | LR: 0.000085
Epoch 2264/3000: 100%|█████████████| 16/16 [00:03<00:00,  4.10it/s, loss=0.0346]
Epoch 2264/3000 | Loss: 0.0453 | Best: 0.0238 | Time: 3.9s | Elapsed: 1.6h | ETA: 50m | LR: 0.000085
Epoch 2265/3000: 100%|█████████████| 16/16 [00:03<00:00,  4.08it/s, loss=0.0420]
Epoch 2265/3000 | Loss: 0.0539 | Best: 0.0238 | Time: 3.9s | Elapsed: 1.6h | ETA: 49m | LR: 0.000085
Epoch 2266/3000: 100%|█████████████| 16/16 [00:04<00:00,  4.00it/s, loss=0.0478]
Epoch 2266/3000 | Loss: 0.0577 | Best: 0.0238 | Time: 4.0s | Elapsed: 1.6h | ETA: 49m | LR: 0.000085
Epoch 2267/3000: 100%|█████████████| 16/16 [00:03<00:00,  4.03it/s, loss=0.0530]
Epoch 2267/3000 | Loss: 0.0439 | Best: 0.0238 | Time: 4.0s | Elapsed: 1.6h | ETA: 49m | LR: 0.000084
Epoch 2268/3000: 100%|█████████████| 16/16 [00:03<00:00,  4.05it/s, loss=0.1072]
Epoch 2268/3000 | Loss: 0.0568 | Best: 0.0238 | Time: 4.0s | Elapsed: 1.6h | ETA: 49m | LR: 0.000084
Epoch 2269/3000: 100%|█████████████| 16/16 [00:03<00:00,  4.06it/s, loss=0.0573]
Epoch 2269/3000 | Loss: 0.0424 | Best: 0.0238 | Time: 3.9s | Elapsed: 1.6h | ETA: 49m | LR: 0.000084
Epoch 2270/3000: 100%|█████████████| 16/16 [00:03<00:00,  4.09it/s, loss=0.0731]
Epoch 2270/3000 | Loss: 0.0420 | Best: 0.0238 | Time: 3.9s | Elapsed: 1.6h | ETA: 49m | LR: 0.000084
Epoch 2271/3000: 100%|█████████████| 16/16 [00:03<00:00,  4.07it/s, loss=0.0381]
Epoch 2271/3000 | Loss: 0.0388 | Best: 0.0238 | Time: 3.9s | Elapsed: 1.6h | ETA: 49m | LR: 0.000084
Epoch 2272/3000: 100%|█████████████| 16/16 [00:03<00:00,  4.11it/s, loss=0.0442]
Epoch 2272/3000 | Loss: 0.0462 | Best: 0.0238 | Time: 3.9s | Elapsed: 1.6h | ETA: 49m | LR: 0.000083
Epoch 2273/3000: 100%|█████████████| 16/16 [00:03<00:00,  4.08it/s, loss=0.1089]
Epoch 2273/3000 | Loss: 0.0621 | Best: 0.0238 | Time: 3.9s | Elapsed: 1.6h | ETA: 49m | LR: 0.000083
Epoch 2274/3000: 100%|█████████████| 16/16 [00:03<00:00,  4.03it/s, loss=0.0678]
Epoch 2274/3000 | Loss: 0.0418 | Best: 0.0238 | Time: 4.0s | Elapsed: 1.6h | ETA: 49m | LR: 0.000083
Epoch 2275/3000: 100%|█████████████| 16/16 [00:03<00:00,  4.01it/s, loss=0.0811]
Epoch 2275/3000 | Loss: 0.0471 | Best: 0.0238 | Time: 4.0s | Elapsed: 1.6h | ETA: 49m | LR: 0.000083
  Generating samples at epoch 2275...
DDIM Sampling: 100%|████████████████████████████| 50/50 [00:02<00:00, 24.97it/s]
DDIM Sampling: 100%|████████████████████████████| 50/50 [00:01<00:00, 25.08it/s]
DDIM Sampling: 100%|████████████████████████████| 50/50 [00:01<00:00, 25.11it/s]
Epoch 2276/3000: 100%|█████████████| 16/16 [00:03<00:00,  4.04it/s, loss=0.0571]
Epoch 2276/3000 | Loss: 0.0498 | Best: 0.0238 | Time: 4.0s | Elapsed: 1.6h | ETA: 49m | LR: 0.000083
Epoch 2277/3000: 100%|█████████████| 16/16 [00:03<00:00,  4.01it/s, loss=0.0477]
Epoch 2277/3000 | Loss: 0.0572 | Best: 0.0238 | Time: 4.0s | Elapsed: 1.6h | ETA: 49m | LR: 0.000082
Epoch 2278/3000: 100%|█████████████| 16/16 [00:03<00:00,  4.06it/s, loss=0.0094]
Epoch 2278/3000 | Loss: 0.0392 | Best: 0.0238 | Time: 3.9s | Elapsed: 1.6h | ETA: 49m | LR: 0.000082
Epoch 2279/3000: 100%|█████████████| 16/16 [00:03<00:00,  4.02it/s, loss=0.0271]
Epoch 2279/3000 | Loss: 0.0455 | Best: 0.0238 | Time: 4.0s | Elapsed: 1.6h | ETA: 49m | LR: 0.000082
Epoch 2280/3000: 100%|█████████████| 16/16 [00:03<00:00,  4.04it/s, loss=0.0383]
Epoch 2280/3000 | Loss: 0.0404 | Best: 0.0238 | Time: 4.0s | Elapsed: 1.6h | ETA: 48m | LR: 0.000082
Epoch 2281/3000: 100%|█████████████| 16/16 [00:04<00:00,  3.98it/s, loss=0.0267]
Epoch 2281/3000 | Loss: 0.0264 | Best: 0.0238 | Time: 4.0s | Elapsed: 1.6h | ETA: 48m | LR: 0.000081
Epoch 2282/3000: 100%|█████████████| 16/16 [00:03<00:00,  4.02it/s, loss=0.0862]
Epoch 2282/3000 | Loss: 0.0371 | Best: 0.0238 | Time: 4.0s | Elapsed: 1.6h | ETA: 48m | LR: 0.000081
Epoch 2283/3000: 100%|█████████████| 16/16 [00:03<00:00,  4.07it/s, loss=0.0425]
Epoch 2283/3000 | Loss: 0.0470 | Best: 0.0238 | Time: 3.9s | Elapsed: 1.6h | ETA: 48m | LR: 0.000081
Epoch 2284/3000: 100%|█████████████| 16/16 [00:04<00:00,  3.98it/s, loss=0.0555]
Epoch 2284/3000 | Loss: 0.0540 | Best: 0.0238 | Time: 4.0s | Elapsed: 1.6h | ETA: 48m | LR: 0.000081
Epoch 2285/3000: 100%|█████████████| 16/16 [00:03<00:00,  4.08it/s, loss=0.0702]
Epoch 2285/3000 | Loss: 0.0414 | Best: 0.0238 | Time: 3.9s | Elapsed: 1.6h | ETA: 48m | LR: 0.000081
Epoch 2286/3000: 100%|█████████████| 16/16 [00:03<00:00,  4.05it/s, loss=0.0538]
Epoch 2286/3000 | Loss: 0.0542 | Best: 0.0238 | Time: 4.0s | Elapsed: 1.6h | ETA: 48m | LR: 0.000080
Epoch 2287/3000: 100%|█████████████| 16/16 [00:03<00:00,  4.03it/s, loss=0.1084]
Epoch 2287/3000 | Loss: 0.0564 | Best: 0.0238 | Time: 4.0s | Elapsed: 1.6h | ETA: 48m | LR: 0.000080
Epoch 2288/3000: 100%|█████████████| 16/16 [00:03<00:00,  4.04it/s, loss=0.0192]
Epoch 2288/3000 | Loss: 0.0311 | Best: 0.0238 | Time: 4.0s | Elapsed: 1.6h | ETA: 48m | LR: 0.000080
Epoch 2289/3000: 100%|█████████████| 16/16 [00:04<00:00,  3.99it/s, loss=0.0134]
Epoch 2289/3000 | Loss: 0.0477 | Best: 0.0238 | Time: 4.0s | Elapsed: 1.6h | ETA: 48m | LR: 0.000080
Epoch 2290/3000: 100%|█████████████| 16/16 [00:03<00:00,  4.04it/s, loss=0.0232]
Epoch 2290/3000 | Loss: 0.0485 | Best: 0.0238 | Time: 4.0s | Elapsed: 1.6h | ETA: 48m | LR: 0.000080
Epoch 2291/3000: 100%|█████████████| 16/16 [00:03<00:00,  4.10it/s, loss=0.0422]
Epoch 2291/3000 | Loss: 0.0528 | Best: 0.0238 | Time: 3.9s | Elapsed: 1.6h | ETA: 48m | LR: 0.000079
Epoch 2292/3000: 100%|█████████████| 16/16 [00:03<00:00,  4.02it/s, loss=0.0185]
Epoch 2292/3000 | Loss: 0.0350 | Best: 0.0238 | Time: 4.0s | Elapsed: 1.6h | ETA: 48m | LR: 0.000079
Epoch 2293/3000: 100%|█████████████| 16/16 [00:03<00:00,  4.05it/s, loss=0.0403]
Epoch 2293/3000 | Loss: 0.0456 | Best: 0.0238 | Time: 3.9s | Elapsed: 1.6h | ETA: 48m | LR: 0.000079
Epoch 2294/3000: 100%|█████████████| 16/16 [00:03<00:00,  4.02it/s, loss=0.0675]
Epoch 2294/3000 | Loss: 0.0551 | Best: 0.0238 | Time: 4.0s | Elapsed: 1.6h | ETA: 48m | LR: 0.000079
Epoch 2295/3000: 100%|█████████████| 16/16 [00:03<00:00,  4.06it/s, loss=0.0178]
Epoch 2295/3000 | Loss: 0.0373 | Best: 0.0238 | Time: 3.9s | Elapsed: 1.6h | ETA: 47m | LR: 0.000079
Epoch 2296/3000: 100%|█████████████| 16/16 [00:03<00:00,  4.05it/s, loss=0.1143]
Epoch 2296/3000 | Loss: 0.0436 | Best: 0.0238 | Time: 4.0s | Elapsed: 1.6h | ETA: 47m | LR: 0.000078
Epoch 2297/3000: 100%|█████████████| 16/16 [00:04<00:00,  3.99it/s, loss=0.0688]
Epoch 2297/3000 | Loss: 0.0424 | Best: 0.0238 | Time: 4.0s | Elapsed: 1.6h | ETA: 47m | LR: 0.000078
Epoch 2298/3000: 100%|█████████████| 16/16 [00:03<00:00,  4.00it/s, loss=0.0654]
Epoch 2298/3000 | Loss: 0.0554 | Best: 0.0238 | Time: 4.0s | Elapsed: 1.6h | ETA: 47m | LR: 0.000078
Epoch 2299/3000: 100%|█████████████| 16/16 [00:03<00:00,  4.11it/s, loss=0.0596]
Epoch 2299/3000 | Loss: 0.0440 | Best: 0.0238 | Time: 3.9s | Elapsed: 1.6h | ETA: 47m | LR: 0.000078
Epoch 2300/3000: 100%|█████████████| 16/16 [00:03<00:00,  4.07it/s, loss=0.0423]
Epoch 2300/3000 | Loss: 0.0499 | Best: 0.0238 | Time: 3.9s | Elapsed: 1.6h | ETA: 47m | LR: 0.000078
  Generating samples at epoch 2300...
DDIM Sampling: 100%|████████████████████████████| 50/50 [00:01<00:00, 25.15it/s]
DDIM Sampling: 100%|████████████████████████████| 50/50 [00:02<00:00, 24.95it/s]
DDIM Sampling: 100%|████████████████████████████| 50/50 [00:01<00:00, 25.01it/s]
Epoch 2301/3000: 100%|█████████████| 16/16 [00:03<00:00,  4.01it/s, loss=0.0323]
Epoch 2301/3000 | Loss: 0.0348 | Best: 0.0238 | Time: 4.0s | Elapsed: 1.6h | ETA: 47m | LR: 0.000077
Epoch 2302/3000: 100%|█████████████| 16/16 [00:03<00:00,  4.01it/s, loss=0.0492]
Epoch 2302/3000 | Loss: 0.0462 | Best: 0.0238 | Time: 4.0s | Elapsed: 1.6h | ETA: 47m | LR: 0.000077
Epoch 2303/3000: 100%|█████████████| 16/16 [00:03<00:00,  4.00it/s, loss=0.0724]
Epoch 2303/3000 | Loss: 0.0472 | Best: 0.0238 | Time: 4.0s | Elapsed: 1.6h | ETA: 47m | LR: 0.000077
Epoch 2304/3000: 100%|█████████████| 16/16 [00:04<00:00,  3.97it/s, loss=0.0091]
Epoch 2304/3000 | Loss: 0.0460 | Best: 0.0238 | Time: 4.0s | Elapsed: 1.6h | ETA: 47m | LR: 0.000077
Epoch 2305/3000: 100%|█████████████| 16/16 [00:03<00:00,  4.03it/s, loss=0.0542]
Epoch 2305/3000 | Loss: 0.0533 | Best: 0.0238 | Time: 4.0s | Elapsed: 1.6h | ETA: 47m | LR: 0.000077
Epoch 2306/3000: 100%|█████████████| 16/16 [00:03<00:00,  4.05it/s, loss=0.0576]
Epoch 2306/3000 | Loss: 0.0424 | Best: 0.0238 | Time: 4.0s | Elapsed: 1.6h | ETA: 47m | LR: 0.000076
Epoch 2307/3000: 100%|█████████████| 16/16 [00:03<00:00,  4.09it/s, loss=0.0131]
Epoch 2307/3000 | Loss: 0.0499 | Best: 0.0238 | Time: 3.9s | Elapsed: 1.6h | ETA: 47m | LR: 0.000076
Epoch 2308/3000: 100%|█████████████| 16/16 [00:03<00:00,  4.01it/s, loss=0.0063]
Epoch 2308/3000 | Loss: 0.0469 | Best: 0.0238 | Time: 4.0s | Elapsed: 1.6h | ETA: 47m | LR: 0.000076
Epoch 2309/3000: 100%|█████████████| 16/16 [00:03<00:00,  4.07it/s, loss=0.0178]
Epoch 2309/3000 | Loss: 0.0529 | Best: 0.0238 | Time: 3.9s | Elapsed: 1.6h | ETA: 46m | LR: 0.000076
Epoch 2310/3000: 100%|█████████████| 16/16 [00:03<00:00,  4.07it/s, loss=0.0209]
Epoch 2310/3000 | Loss: 0.0339 | Best: 0.0238 | Time: 3.9s | Elapsed: 1.6h | ETA: 46m | LR: 0.000076
Epoch 2311/3000: 100%|█████████████| 16/16 [00:03<00:00,  4.09it/s, loss=0.0539]
Epoch 2311/3000 | Loss: 0.0671 | Best: 0.0238 | Time: 3.9s | Elapsed: 1.6h | ETA: 46m | LR: 0.000075
Epoch 2312/3000: 100%|█████████████| 16/16 [00:03<00:00,  4.02it/s, loss=0.0407]
Epoch 2312/3000 | Loss: 0.0396 | Best: 0.0238 | Time: 4.0s | Elapsed: 1.6h | ETA: 46m | LR: 0.000075
Epoch 2313/3000: 100%|█████████████| 16/16 [00:04<00:00,  3.98it/s, loss=0.0527]
Epoch 2313/3000 | Loss: 0.0305 | Best: 0.0238 | Time: 4.0s | Elapsed: 1.6h | ETA: 46m | LR: 0.000075
Epoch 2314/3000: 100%|█████████████| 16/16 [00:03<00:00,  4.08it/s, loss=0.0386]
Epoch 2314/3000 | Loss: 0.0529 | Best: 0.0238 | Time: 3.9s | Elapsed: 1.6h | ETA: 46m | LR: 0.000075
Epoch 2315/3000: 100%|█████████████| 16/16 [00:03<00:00,  4.10it/s, loss=0.0590]
Epoch 2315/3000 | Loss: 0.0556 | Best: 0.0238 | Time: 3.9s | Elapsed: 1.6h | ETA: 46m | LR: 0.000075
Epoch 2316/3000: 100%|█████████████| 16/16 [00:03<00:00,  4.10it/s, loss=0.0066]
Epoch 2316/3000 | Loss: 0.0422 | Best: 0.0238 | Time: 3.9s | Elapsed: 1.6h | ETA: 46m | LR: 0.000074
Epoch 2317/3000: 100%|█████████████| 16/16 [00:03<00:00,  4.06it/s, loss=0.0340]
Epoch 2317/3000 | Loss: 0.0459 | Best: 0.0238 | Time: 3.9s | Elapsed: 1.6h | ETA: 46m | LR: 0.000074
Epoch 2318/3000: 100%|█████████████| 16/16 [00:03<00:00,  4.06it/s, loss=0.0823]
Epoch 2318/3000 | Loss: 0.0457 | Best: 0.0238 | Time: 3.9s | Elapsed: 1.6h | ETA: 46m | LR: 0.000074
Epoch 2319/3000: 100%|█████████████| 16/16 [00:03<00:00,  4.07it/s, loss=0.0178]
Epoch 2319/3000 | Loss: 0.0483 | Best: 0.0238 | Time: 3.9s | Elapsed: 1.6h | ETA: 46m | LR: 0.000074
Epoch 2320/3000: 100%|█████████████| 16/16 [00:03<00:00,  4.08it/s, loss=0.0261]
Epoch 2320/3000 | Loss: 0.0399 | Best: 0.0238 | Time: 3.9s | Elapsed: 1.6h | ETA: 46m | LR: 0.000074
Epoch 2321/3000: 100%|█████████████| 16/16 [00:03<00:00,  4.01it/s, loss=0.0181]
Epoch 2321/3000 | Loss: 0.0333 | Best: 0.0238 | Time: 4.0s | Elapsed: 1.6h | ETA: 46m | LR: 0.000073
Epoch 2322/3000: 100%|█████████████| 16/16 [00:03<00:00,  4.13it/s, loss=0.0176]
Epoch 2322/3000 | Loss: 0.0326 | Best: 0.0238 | Time: 3.9s | Elapsed: 1.7h | ETA: 46m | LR: 0.000073
Epoch 2323/3000: 100%|█████████████| 16/16 [00:03<00:00,  4.03it/s, loss=0.0909]
Epoch 2323/3000 | Loss: 0.0590 | Best: 0.0238 | Time: 4.0s | Elapsed: 1.7h | ETA: 46m | LR: 0.000073
Epoch 2324/3000: 100%|█████████████| 16/16 [00:03<00:00,  4.11it/s, loss=0.0247]
Epoch 2324/3000 | Loss: 0.0562 | Best: 0.0238 | Time: 3.9s | Elapsed: 1.7h | ETA: 45m | LR: 0.000073
Epoch 2325/3000: 100%|█████████████| 16/16 [00:03<00:00,  4.08it/s, loss=0.0829]
Epoch 2325/3000 | Loss: 0.0515 | Best: 0.0238 | Time: 3.9s | Elapsed: 1.7h | ETA: 45m | LR: 0.000073
  Generating samples at epoch 2325...
DDIM Sampling: 100%|████████████████████████████| 50/50 [00:02<00:00, 24.96it/s]
DDIM Sampling: 100%|████████████████████████████| 50/50 [00:01<00:00, 25.04it/s]
DDIM Sampling: 100%|████████████████████████████| 50/50 [00:01<00:00, 25.11it/s]
Epoch 2326/3000: 100%|█████████████| 16/16 [00:03<00:00,  4.07it/s, loss=0.0188]
Epoch 2326/3000 | Loss: 0.0411 | Best: 0.0238 | Time: 3.9s | Elapsed: 1.7h | ETA: 45m | LR: 0.000073
Epoch 2327/3000: 100%|█████████████| 16/16 [00:04<00:00,  4.00it/s, loss=0.0141]
Epoch 2327/3000 | Loss: 0.0355 | Best: 0.0238 | Time: 4.0s | Elapsed: 1.7h | ETA: 45m | LR: 0.000072
Epoch 2328/3000: 100%|█████████████| 16/16 [00:03<00:00,  4.05it/s, loss=0.0513]
Epoch 2328/3000 | Loss: 0.0498 | Best: 0.0238 | Time: 3.9s | Elapsed: 1.7h | ETA: 45m | LR: 0.000072
Epoch 2329/3000: 100%|█████████████| 16/16 [00:03<00:00,  4.07it/s, loss=0.0486]
Epoch 2329/3000 | Loss: 0.0465 | Best: 0.0238 | Time: 3.9s | Elapsed: 1.7h | ETA: 45m | LR: 0.000072
Epoch 2330/3000: 100%|█████████████| 16/16 [00:03<00:00,  4.07it/s, loss=0.0460]
Epoch 2330/3000 | Loss: 0.0460 | Best: 0.0238 | Time: 3.9s | Elapsed: 1.7h | ETA: 45m | LR: 0.000072
Epoch 2331/3000: 100%|█████████████| 16/16 [00:03<00:00,  4.03it/s, loss=0.0413]
Epoch 2331/3000 | Loss: 0.0459 | Best: 0.0238 | Time: 4.0s | Elapsed: 1.7h | ETA: 45m | LR: 0.000072
Epoch 2332/3000: 100%|█████████████| 16/16 [00:03<00:00,  4.10it/s, loss=0.0497]
Epoch 2332/3000 | Loss: 0.0462 | Best: 0.0238 | Time: 3.9s | Elapsed: 1.7h | ETA: 45m | LR: 0.000071
Epoch 2333/3000: 100%|█████████████| 16/16 [00:03<00:00,  4.11it/s, loss=0.1074]
Epoch 2333/3000 | Loss: 0.0504 | Best: 0.0238 | Time: 3.9s | Elapsed: 1.7h | ETA: 45m | LR: 0.000071
Epoch 2334/3000: 100%|█████████████| 16/16 [00:03<00:00,  4.08it/s, loss=0.0167]
Epoch 2334/3000 | Loss: 0.0384 | Best: 0.0238 | Time: 3.9s | Elapsed: 1.7h | ETA: 45m | LR: 0.000071
Epoch 2335/3000: 100%|█████████████| 16/16 [00:03<00:00,  4.04it/s, loss=0.0500]
Epoch 2335/3000 | Loss: 0.0409 | Best: 0.0238 | Time: 4.0s | Elapsed: 1.7h | ETA: 45m | LR: 0.000071
Epoch 2336/3000: 100%|█████████████| 16/16 [00:03<00:00,  4.01it/s, loss=0.0261]
Epoch 2336/3000 | Loss: 0.0450 | Best: 0.0238 | Time: 4.0s | Elapsed: 1.7h | ETA: 45m | LR: 0.000071
Epoch 2337/3000: 100%|█████████████| 16/16 [00:03<00:00,  4.07it/s, loss=0.0692]
Epoch 2337/3000 | Loss: 0.0417 | Best: 0.0238 | Time: 3.9s | Elapsed: 1.7h | ETA: 45m | LR: 0.000070
Epoch 2338/3000: 100%|█████████████| 16/16 [00:03<00:00,  4.04it/s, loss=0.0183]
Epoch 2338/3000 | Loss: 0.0535 | Best: 0.0238 | Time: 4.0s | Elapsed: 1.7h | ETA: 45m | LR: 0.000070
Epoch 2339/3000: 100%|█████████████| 16/16 [00:03<00:00,  4.03it/s, loss=0.1309]
Epoch 2339/3000 | Loss: 0.0529 | Best: 0.0238 | Time: 4.0s | Elapsed: 1.7h | ETA: 44m | LR: 0.000070
Epoch 2340/3000: 100%|█████████████| 16/16 [00:03<00:00,  4.08it/s, loss=0.0759]
Epoch 2340/3000 | Loss: 0.0625 | Best: 0.0238 | Time: 3.9s | Elapsed: 1.7h | ETA: 44m | LR: 0.000070
Epoch 2341/3000: 100%|█████████████| 16/16 [00:03<00:00,  4.09it/s, loss=0.0470]
Epoch 2341/3000 | Loss: 0.0425 | Best: 0.0238 | Time: 3.9s | Elapsed: 1.7h | ETA: 44m | LR: 0.000070
Epoch 2342/3000: 100%|█████████████| 16/16 [00:03<00:00,  4.05it/s, loss=0.0135]
Epoch 2342/3000 | Loss: 0.0307 | Best: 0.0238 | Time: 4.0s | Elapsed: 1.7h | ETA: 44m | LR: 0.000069
Epoch 2343/3000: 100%|█████████████| 16/16 [00:03<00:00,  4.08it/s, loss=0.0097]
Epoch 2343/3000 | Loss: 0.0485 | Best: 0.0238 | Time: 3.9s | Elapsed: 1.7h | ETA: 44m | LR: 0.000069
Epoch 2344/3000: 100%|█████████████| 16/16 [00:04<00:00,  3.89it/s, loss=0.0447]
Epoch 2344/3000 | Loss: 0.0428 | Best: 0.0238 | Time: 4.1s | Elapsed: 1.7h | ETA: 44m | LR: 0.000069
Epoch 2345/3000: 100%|█████████████| 16/16 [00:03<00:00,  4.10it/s, loss=0.0690]
Epoch 2345/3000 | Loss: 0.0539 | Best: 0.0238 | Time: 3.9s | Elapsed: 1.7h | ETA: 44m | LR: 0.000069
Epoch 2346/3000: 100%|█████████████| 16/16 [00:03<00:00,  4.05it/s, loss=0.0232]
Epoch 2346/3000 | Loss: 0.0321 | Best: 0.0238 | Time: 4.0s | Elapsed: 1.7h | ETA: 44m | LR: 0.000069
Epoch 2347/3000: 100%|█████████████| 16/16 [00:03<00:00,  4.09it/s, loss=0.0174]
Epoch 2347/3000 | Loss: 0.0335 | Best: 0.0238 | Time: 3.9s | Elapsed: 1.7h | ETA: 44m | LR: 0.000068
Epoch 2348/3000: 100%|█████████████| 16/16 [00:03<00:00,  4.07it/s, loss=0.0686]
Epoch 2348/3000 | Loss: 0.0358 | Best: 0.0238 | Time: 3.9s | Elapsed: 1.7h | ETA: 44m | LR: 0.000068
Epoch 2349/3000: 100%|█████████████| 16/16 [00:03<00:00,  4.06it/s, loss=0.0416]
Epoch 2349/3000 | Loss: 0.0430 | Best: 0.0238 | Time: 3.9s | Elapsed: 1.7h | ETA: 44m | LR: 0.000068
Epoch 2350/3000: 100%|█████████████| 16/16 [00:03<00:00,  4.06it/s, loss=0.0787]
Epoch 2350/3000 | Loss: 0.0443 | Best: 0.0238 | Time: 3.9s | Elapsed: 1.7h | ETA: 44m | LR: 0.000068
  Generating samples at epoch 2350...
DDIM Sampling: 100%|████████████████████████████| 50/50 [00:01<00:00, 25.01it/s]
DDIM Sampling: 100%|████████████████████████████| 50/50 [00:01<00:00, 25.07it/s]
DDIM Sampling: 100%|████████████████████████████| 50/50 [00:01<00:00, 25.00it/s]
Epoch 2351/3000: 100%|█████████████| 16/16 [00:03<00:00,  4.03it/s, loss=0.0529]
Epoch 2351/3000 | Loss: 0.0420 | Best: 0.0238 | Time: 4.0s | Elapsed: 1.7h | ETA: 44m | LR: 0.000068
Epoch 2352/3000: 100%|█████████████| 16/16 [00:03<00:00,  4.09it/s, loss=0.0569]
Epoch 2352/3000 | Loss: 0.0560 | Best: 0.0238 | Time: 3.9s | Elapsed: 1.7h | ETA: 44m | LR: 0.000067
Epoch 2353/3000: 100%|█████████████| 16/16 [00:03<00:00,  4.04it/s, loss=0.0484]
Epoch 2353/3000 | Loss: 0.0411 | Best: 0.0238 | Time: 4.0s | Elapsed: 1.7h | ETA: 43m | LR: 0.000067
Epoch 2354/3000: 100%|█████████████| 16/16 [00:03<00:00,  4.07it/s, loss=0.0430]
Epoch 2354/3000 | Loss: 0.0470 | Best: 0.0238 | Time: 3.9s | Elapsed: 1.7h | ETA: 43m | LR: 0.000067
Epoch 2355/3000: 100%|█████████████| 16/16 [00:03<00:00,  4.09it/s, loss=0.1051]
Epoch 2355/3000 | Loss: 0.0524 | Best: 0.0238 | Time: 3.9s | Elapsed: 1.7h | ETA: 43m | LR: 0.000067
Epoch 2356/3000: 100%|█████████████| 16/16 [00:03<00:00,  4.11it/s, loss=0.0379]
Epoch 2356/3000 | Loss: 0.0405 | Best: 0.0238 | Time: 3.9s | Elapsed: 1.7h | ETA: 43m | LR: 0.000067
Epoch 2357/3000: 100%|█████████████| 16/16 [00:03<00:00,  4.12it/s, loss=0.0621]
Epoch 2357/3000 | Loss: 0.0407 | Best: 0.0238 | Time: 3.9s | Elapsed: 1.7h | ETA: 43m | LR: 0.000067
Epoch 2358/3000: 100%|█████████████| 16/16 [00:03<00:00,  4.06it/s, loss=0.0115]
Epoch 2358/3000 | Loss: 0.0361 | Best: 0.0238 | Time: 3.9s | Elapsed: 1.7h | ETA: 43m | LR: 0.000066
Epoch 2359/3000: 100%|█████████████| 16/16 [00:04<00:00,  3.95it/s, loss=0.0201]
Epoch 2359/3000 | Loss: 0.0520 | Best: 0.0238 | Time: 4.1s | Elapsed: 1.7h | ETA: 43m | LR: 0.000066
Epoch 2360/3000: 100%|█████████████| 16/16 [00:03<00:00,  4.09it/s, loss=0.0139]
Epoch 2360/3000 | Loss: 0.0516 | Best: 0.0238 | Time: 3.9s | Elapsed: 1.7h | ETA: 43m | LR: 0.000066
Epoch 2361/3000: 100%|█████████████| 16/16 [00:03<00:00,  4.10it/s, loss=0.0875]
Epoch 2361/3000 | Loss: 0.0482 | Best: 0.0238 | Time: 3.9s | Elapsed: 1.7h | ETA: 43m | LR: 0.000066
Epoch 2362/3000: 100%|█████████████| 16/16 [00:03<00:00,  4.08it/s, loss=0.0327]
Epoch 2362/3000 | Loss: 0.0361 | Best: 0.0238 | Time: 3.9s | Elapsed: 1.7h | ETA: 43m | LR: 0.000066
Epoch 2363/3000: 100%|█████████████| 16/16 [00:03<00:00,  4.07it/s, loss=0.0499]
Epoch 2363/3000 | Loss: 0.0398 | Best: 0.0238 | Time: 3.9s | Elapsed: 1.7h | ETA: 43m | LR: 0.000065
Epoch 2364/3000: 100%|█████████████| 16/16 [00:03<00:00,  4.11it/s, loss=0.0427]
Epoch 2364/3000 | Loss: 0.0602 | Best: 0.0238 | Time: 3.9s | Elapsed: 1.7h | ETA: 43m | LR: 0.000065
Epoch 2365/3000: 100%|█████████████| 16/16 [00:03<00:00,  4.08it/s, loss=0.0242]
Epoch 2365/3000 | Loss: 0.0434 | Best: 0.0238 | Time: 3.9s | Elapsed: 1.7h | ETA: 43m | LR: 0.000065
Epoch 2366/3000: 100%|█████████████| 16/16 [00:03<00:00,  4.08it/s, loss=0.0271]
Epoch 2366/3000 | Loss: 0.0439 | Best: 0.0238 | Time: 3.9s | Elapsed: 1.7h | ETA: 43m | LR: 0.000065
Epoch 2367/3000: 100%|█████████████| 16/16 [00:04<00:00,  3.89it/s, loss=0.0455]
Epoch 2367/3000 | Loss: 0.0391 | Best: 0.0238 | Time: 4.1s | Elapsed: 1.7h | ETA: 43m | LR: 0.000065
Epoch 2368/3000: 100%|█████████████| 16/16 [00:03<00:00,  4.08it/s, loss=0.0130]
Epoch 2368/3000 | Loss: 0.0479 | Best: 0.0238 | Time: 3.9s | Elapsed: 1.7h | ETA: 42m | LR: 0.000064
Epoch 2369/3000: 100%|█████████████| 16/16 [00:03<00:00,  4.08it/s, loss=0.0418]
Epoch 2369/3000 | Loss: 0.0478 | Best: 0.0238 | Time: 3.9s | Elapsed: 1.7h | ETA: 42m | LR: 0.000064
Epoch 2370/3000: 100%|█████████████| 16/16 [00:03<00:00,  4.12it/s, loss=0.0464]
Epoch 2370/3000 | Loss: 0.0505 | Best: 0.0238 | Time: 3.9s | Elapsed: 1.7h | ETA: 42m | LR: 0.000064
Epoch 2371/3000: 100%|█████████████| 16/16 [00:03<00:00,  4.12it/s, loss=0.0143]
Epoch 2371/3000 | Loss: 0.0488 | Best: 0.0238 | Time: 3.9s | Elapsed: 1.7h | ETA: 42m | LR: 0.000064
Epoch 2372/3000: 100%|█████████████| 16/16 [00:03<00:00,  4.03it/s, loss=0.0443]
Epoch 2372/3000 | Loss: 0.0377 | Best: 0.0238 | Time: 4.0s | Elapsed: 1.7h | ETA: 42m | LR: 0.000064
Epoch 2373/3000: 100%|█████████████| 16/16 [00:03<00:00,  4.08it/s, loss=0.0073]
Epoch 2373/3000 | Loss: 0.0394 | Best: 0.0238 | Time: 3.9s | Elapsed: 1.7h | ETA: 42m | LR: 0.000064
Epoch 2374/3000: 100%|█████████████| 16/16 [00:03<00:00,  4.08it/s, loss=0.0268]
Epoch 2374/3000 | Loss: 0.0443 | Best: 0.0238 | Time: 3.9s | Elapsed: 1.7h | ETA: 42m | LR: 0.000063
Epoch 2375/3000: 100%|█████████████| 16/16 [00:03<00:00,  4.01it/s, loss=0.0148]
Epoch 2375/3000 | Loss: 0.0405 | Best: 0.0238 | Time: 4.0s | Elapsed: 1.7h | ETA: 42m | LR: 0.000063
  Generating samples at epoch 2375...
DDIM Sampling: 100%|████████████████████████████| 50/50 [00:01<00:00, 25.07it/s]
DDIM Sampling: 100%|████████████████████████████| 50/50 [00:01<00:00, 25.13it/s]
DDIM Sampling: 100%|████████████████████████████| 50/50 [00:01<00:00, 25.15it/s]
Epoch 2376/3000: 100%|█████████████| 16/16 [00:03<00:00,  4.11it/s, loss=0.0715]
Epoch 2376/3000 | Loss: 0.0470 | Best: 0.0238 | Time: 3.9s | Elapsed: 1.7h | ETA: 42m | LR: 0.000063
Epoch 2377/3000: 100%|█████████████| 16/16 [00:03<00:00,  4.05it/s, loss=0.0205]
Epoch 2377/3000 | Loss: 0.0421 | Best: 0.0238 | Time: 4.0s | Elapsed: 1.7h | ETA: 42m | LR: 0.000063
Epoch 2378/3000: 100%|█████████████| 16/16 [00:03<00:00,  4.08it/s, loss=0.0172]
Epoch 2378/3000 | Loss: 0.0563 | Best: 0.0238 | Time: 3.9s | Elapsed: 1.7h | ETA: 42m | LR: 0.000063
Epoch 2379/3000: 100%|█████████████| 16/16 [00:03<00:00,  4.09it/s, loss=0.0342]
Epoch 2379/3000 | Loss: 0.0443 | Best: 0.0238 | Time: 3.9s | Elapsed: 1.7h | ETA: 42m | LR: 0.000062
Epoch 2380/3000: 100%|█████████████| 16/16 [00:03<00:00,  4.05it/s, loss=0.0425]
Epoch 2380/3000 | Loss: 0.0511 | Best: 0.0238 | Time: 4.0s | Elapsed: 1.7h | ETA: 42m | LR: 0.000062
Epoch 2381/3000: 100%|█████████████| 16/16 [00:03<00:00,  4.07it/s, loss=0.0656]
Epoch 2381/3000 | Loss: 0.0408 | Best: 0.0238 | Time: 3.9s | Elapsed: 1.7h | ETA: 42m | LR: 0.000062
Epoch 2382/3000: 100%|█████████████| 16/16 [00:04<00:00,  3.97it/s, loss=0.0292]
Epoch 2382/3000 | Loss: 0.0473 | Best: 0.0238 | Time: 4.0s | Elapsed: 1.7h | ETA: 42m | LR: 0.000062
Epoch 2383/3000: 100%|█████████████| 16/16 [00:03<00:00,  4.09it/s, loss=0.0399]
Epoch 2383/3000 | Loss: 0.0509 | Best: 0.0238 | Time: 3.9s | Elapsed: 1.7h | ETA: 41m | LR: 0.000062
Epoch 2384/3000: 100%|█████████████| 16/16 [00:03<00:00,  4.09it/s, loss=0.0449]
Epoch 2384/3000 | Loss: 0.0423 | Best: 0.0238 | Time: 3.9s | Elapsed: 1.7h | ETA: 41m | LR: 0.000061
Epoch 2385/3000: 100%|█████████████| 16/16 [00:03<00:00,  4.04it/s, loss=0.0185]
Epoch 2385/3000 | Loss: 0.0367 | Best: 0.0238 | Time: 4.0s | Elapsed: 1.7h | ETA: 41m | LR: 0.000061
Epoch 2386/3000: 100%|█████████████| 16/16 [00:03<00:00,  4.05it/s, loss=0.1175]
Epoch 2386/3000 | Loss: 0.0575 | Best: 0.0238 | Time: 4.0s | Elapsed: 1.7h | ETA: 41m | LR: 0.000061
Epoch 2387/3000: 100%|█████████████| 16/16 [00:03<00:00,  4.04it/s, loss=0.0339]
Epoch 2387/3000 | Loss: 0.0542 | Best: 0.0238 | Time: 4.0s | Elapsed: 1.7h | ETA: 41m | LR: 0.000061
Epoch 2388/3000: 100%|█████████████| 16/16 [00:03<00:00,  4.08it/s, loss=0.0990]
Epoch 2388/3000 | Loss: 0.0599 | Best: 0.0238 | Time: 3.9s | Elapsed: 1.7h | ETA: 41m | LR: 0.000061
Epoch 2389/3000: 100%|█████████████| 16/16 [00:03<00:00,  4.04it/s, loss=0.0339]
Epoch 2389/3000 | Loss: 0.0465 | Best: 0.0238 | Time: 4.0s | Elapsed: 1.7h | ETA: 41m | LR: 0.000061
Epoch 2390/3000: 100%|█████████████| 16/16 [00:03<00:00,  4.03it/s, loss=0.0215]
Epoch 2390/3000 | Loss: 0.0429 | Best: 0.0238 | Time: 4.0s | Elapsed: 1.7h | ETA: 41m | LR: 0.000060
Epoch 2391/3000: 100%|█████████████| 16/16 [00:03<00:00,  4.03it/s, loss=0.0489]
Epoch 2391/3000 | Loss: 0.0475 | Best: 0.0238 | Time: 4.0s | Elapsed: 1.7h | ETA: 41m | LR: 0.000060
Epoch 2392/3000: 100%|█████████████| 16/16 [00:03<00:00,  4.02it/s, loss=0.0246]
Epoch 2392/3000 | Loss: 0.0466 | Best: 0.0238 | Time: 4.0s | Elapsed: 1.7h | ETA: 41m | LR: 0.000060
Epoch 2393/3000: 100%|█████████████| 16/16 [00:03<00:00,  4.08it/s, loss=0.0503]
Epoch 2393/3000 | Loss: 0.0420 | Best: 0.0238 | Time: 3.9s | Elapsed: 1.7h | ETA: 41m | LR: 0.000060
Epoch 2394/3000: 100%|█████████████| 16/16 [00:03<00:00,  4.09it/s, loss=0.0126]
Epoch 2394/3000 | Loss: 0.0377 | Best: 0.0238 | Time: 3.9s | Elapsed: 1.7h | ETA: 41m | LR: 0.000060
Epoch 2395/3000: 100%|█████████████| 16/16 [00:03<00:00,  4.10it/s, loss=0.0255]
Epoch 2395/3000 | Loss: 0.0495 | Best: 0.0238 | Time: 3.9s | Elapsed: 1.7h | ETA: 41m | LR: 0.000059
Epoch 2396/3000: 100%|█████████████| 16/16 [00:03<00:00,  4.07it/s, loss=0.0777]
Epoch 2396/3000 | Loss: 0.0474 | Best: 0.0238 | Time: 3.9s | Elapsed: 1.7h | ETA: 41m | LR: 0.000059
Epoch 2397/3000: 100%|█████████████| 16/16 [00:03<00:00,  4.07it/s, loss=0.0665]
Epoch 2397/3000 | Loss: 0.0521 | Best: 0.0238 | Time: 3.9s | Elapsed: 1.7h | ETA: 41m | LR: 0.000059
Epoch 2398/3000: 100%|█████████████| 16/16 [00:03<00:00,  4.07it/s, loss=0.0848]
Epoch 2398/3000 | Loss: 0.0576 | Best: 0.0238 | Time: 3.9s | Elapsed: 1.7h | ETA: 40m | LR: 0.000059
Epoch 2399/3000: 100%|█████████████| 16/16 [00:04<00:00,  4.00it/s, loss=0.0446]
Epoch 2399/3000 | Loss: 0.0398 | Best: 0.0238 | Time: 4.0s | Elapsed: 1.7h | ETA: 40m | LR: 0.000059
Epoch 2400/3000: 100%|█████████████| 16/16 [00:03<00:00,  4.08it/s, loss=0.0294]
Epoch 2400/3000 | Loss: 0.0442 | Best: 0.0238 | Time: 3.9s | Elapsed: 1.7h | ETA: 40m | LR: 0.000059
  Generating samples at epoch 2400...
DDIM Sampling: 100%|████████████████████████████| 50/50 [00:01<00:00, 25.14it/s]
DDIM Sampling: 100%|████████████████████████████| 50/50 [00:01<00:00, 25.08it/s]
DDIM Sampling: 100%|████████████████████████████| 50/50 [00:01<00:00, 25.06it/s]
Epoch 2401/3000: 100%|█████████████| 16/16 [00:03<00:00,  4.04it/s, loss=0.0329]
Epoch 2401/3000 | Loss: 0.0517 | Best: 0.0238 | Time: 4.0s | Elapsed: 1.7h | ETA: 40m | LR: 0.000058
Epoch 2402/3000: 100%|█████████████| 16/16 [00:03<00:00,  4.09it/s, loss=0.0677]
Epoch 2402/3000 | Loss: 0.0534 | Best: 0.0238 | Time: 3.9s | Elapsed: 1.7h | ETA: 40m | LR: 0.000058
Epoch 2403/3000: 100%|█████████████| 16/16 [00:03<00:00,  4.07it/s, loss=0.0338]
Epoch 2403/3000 | Loss: 0.0508 | Best: 0.0238 | Time: 3.9s | Elapsed: 1.7h | ETA: 40m | LR: 0.000058
Epoch 2404/3000: 100%|█████████████| 16/16 [00:03<00:00,  4.06it/s, loss=0.0162]
Epoch 2404/3000 | Loss: 0.0539 | Best: 0.0238 | Time: 3.9s | Elapsed: 1.7h | ETA: 40m | LR: 0.000058
Epoch 2405/3000: 100%|█████████████| 16/16 [00:04<00:00,  3.96it/s, loss=0.0234]
Epoch 2405/3000 | Loss: 0.0498 | Best: 0.0238 | Time: 4.0s | Elapsed: 1.7h | ETA: 40m | LR: 0.000058
Epoch 2406/3000: 100%|█████████████| 16/16 [00:03<00:00,  4.10it/s, loss=0.0149]
Epoch 2406/3000 | Loss: 0.0479 | Best: 0.0238 | Time: 3.9s | Elapsed: 1.7h | ETA: 40m | LR: 0.000057
Epoch 2407/3000: 100%|█████████████| 16/16 [00:03<00:00,  4.05it/s, loss=0.0743]
Epoch 2407/3000 | Loss: 0.0493 | Best: 0.0238 | Time: 4.0s | Elapsed: 1.8h | ETA: 40m | LR: 0.000057
Epoch 2408/3000: 100%|█████████████| 16/16 [00:03<00:00,  4.05it/s, loss=0.0190]
Epoch 2408/3000 | Loss: 0.0365 | Best: 0.0238 | Time: 4.0s | Elapsed: 1.8h | ETA: 40m | LR: 0.000057
Epoch 2409/3000: 100%|█████████████| 16/16 [00:03<00:00,  4.13it/s, loss=0.0824]
Epoch 2409/3000 | Loss: 0.0386 | Best: 0.0238 | Time: 3.9s | Elapsed: 1.8h | ETA: 40m | LR: 0.000057
Epoch 2410/3000: 100%|█████████████| 16/16 [00:03<00:00,  4.04it/s, loss=0.0716]
Epoch 2410/3000 | Loss: 0.0431 | Best: 0.0238 | Time: 4.0s | Elapsed: 1.8h | ETA: 40m | LR: 0.000057
Epoch 2411/3000: 100%|█████████████| 16/16 [00:03<00:00,  4.10it/s, loss=0.0849]
Epoch 2411/3000 | Loss: 0.0423 | Best: 0.0238 | Time: 3.9s | Elapsed: 1.8h | ETA: 40m | LR: 0.000057
Epoch 2412/3000: 100%|█████████████| 16/16 [00:03<00:00,  4.09it/s, loss=0.0389]
Epoch 2412/3000 | Loss: 0.0478 | Best: 0.0238 | Time: 3.9s | Elapsed: 1.8h | ETA: 39m | LR: 0.000056
Epoch 2413/3000: 100%|█████████████| 16/16 [00:03<00:00,  4.03it/s, loss=0.0416]
Epoch 2413/3000 | Loss: 0.0595 | Best: 0.0238 | Time: 4.0s | Elapsed: 1.8h | ETA: 39m | LR: 0.000056
Epoch 2414/3000: 100%|█████████████| 16/16 [00:04<00:00,  3.97it/s, loss=0.0198]
Epoch 2414/3000 | Loss: 0.0454 | Best: 0.0238 | Time: 4.0s | Elapsed: 1.8h | ETA: 39m | LR: 0.000056
Epoch 2415/3000: 100%|█████████████| 16/16 [00:03<00:00,  4.05it/s, loss=0.0142]
Epoch 2415/3000 | Loss: 0.0323 | Best: 0.0238 | Time: 4.0s | Elapsed: 1.8h | ETA: 39m | LR: 0.000056
Epoch 2416/3000: 100%|█████████████| 16/16 [00:03<00:00,  4.15it/s, loss=0.0264]
Epoch 2416/3000 | Loss: 0.0470 | Best: 0.0238 | Time: 3.9s | Elapsed: 1.8h | ETA: 39m | LR: 0.000056
Epoch 2417/3000: 100%|█████████████| 16/16 [00:03<00:00,  4.10it/s, loss=0.0996]
Epoch 2417/3000 | Loss: 0.0519 | Best: 0.0238 | Time: 3.9s | Elapsed: 1.8h | ETA: 39m | LR: 0.000055
Epoch 2418/3000: 100%|█████████████| 16/16 [00:03<00:00,  4.03it/s, loss=0.1234]
Epoch 2418/3000 | Loss: 0.0451 | Best: 0.0238 | Time: 4.0s | Elapsed: 1.8h | ETA: 39m | LR: 0.000055
Epoch 2419/3000: 100%|█████████████| 16/16 [00:03<00:00,  4.07it/s, loss=0.0217]
Epoch 2419/3000 | Loss: 0.0402 | Best: 0.0238 | Time: 3.9s | Elapsed: 1.8h | ETA: 39m | LR: 0.000055
Epoch 2420/3000: 100%|█████████████| 16/16 [00:03<00:00,  4.06it/s, loss=0.0819]
Epoch 2420/3000 | Loss: 0.0477 | Best: 0.0238 | Time: 3.9s | Elapsed: 1.8h | ETA: 39m | LR: 0.000055
Epoch 2421/3000: 100%|█████████████| 16/16 [00:03<00:00,  4.06it/s, loss=0.0477]
Epoch 2421/3000 | Loss: 0.0423 | Best: 0.0238 | Time: 3.9s | Elapsed: 1.8h | ETA: 39m | LR: 0.000055
Epoch 2422/3000: 100%|█████████████| 16/16 [00:04<00:00,  3.89it/s, loss=0.0085]
Epoch 2422/3000 | Loss: 0.0425 | Best: 0.0238 | Time: 4.1s | Elapsed: 1.8h | ETA: 39m | LR: 0.000055
Epoch 2423/3000: 100%|█████████████| 16/16 [00:03<00:00,  4.07it/s, loss=0.0742]
Epoch 2423/3000 | Loss: 0.0535 | Best: 0.0238 | Time: 3.9s | Elapsed: 1.8h | ETA: 39m | LR: 0.000054
Epoch 2424/3000: 100%|█████████████| 16/16 [00:03<00:00,  4.09it/s, loss=0.0414]
Epoch 2424/3000 | Loss: 0.0476 | Best: 0.0238 | Time: 3.9s | Elapsed: 1.8h | ETA: 39m | LR: 0.000054
Epoch 2425/3000: 100%|█████████████| 16/16 [00:03<00:00,  4.09it/s, loss=0.0349]
Epoch 2425/3000 | Loss: 0.0510 | Best: 0.0238 | Time: 3.9s | Elapsed: 1.8h | ETA: 39m | LR: 0.000054
  Generating samples at epoch 2425...
DDIM Sampling: 100%|████████████████████████████| 50/50 [00:01<00:00, 25.04it/s]
DDIM Sampling: 100%|████████████████████████████| 50/50 [00:02<00:00, 24.98it/s]
DDIM Sampling: 100%|████████████████████████████| 50/50 [00:01<00:00, 25.02it/s]
Epoch 2426/3000: 100%|█████████████| 16/16 [00:03<00:00,  4.03it/s, loss=0.0206]
Epoch 2426/3000 | Loss: 0.0470 | Best: 0.0238 | Time: 4.0s | Elapsed: 1.8h | ETA: 39m | LR: 0.000054
Epoch 2427/3000: 100%|█████████████| 16/16 [00:03<00:00,  4.07it/s, loss=0.0280]
Epoch 2427/3000 | Loss: 0.0512 | Best: 0.0238 | Time: 3.9s | Elapsed: 1.8h | ETA: 38m | LR: 0.000054
Epoch 2428/3000: 100%|█████████████| 16/16 [00:03<00:00,  4.02it/s, loss=0.0426]
Epoch 2428/3000 | Loss: 0.0435 | Best: 0.0238 | Time: 4.0s | Elapsed: 1.8h | ETA: 38m | LR: 0.000054
Epoch 2429/3000: 100%|█████████████| 16/16 [00:04<00:00,  3.83it/s, loss=0.0991]
Epoch 2429/3000 | Loss: 0.0533 | Best: 0.0238 | Time: 4.2s | Elapsed: 1.8h | ETA: 38m | LR: 0.000053
Epoch 2430/3000: 100%|█████████████| 16/16 [00:03<00:00,  4.05it/s, loss=0.0388]
Epoch 2430/3000 | Loss: 0.0500 | Best: 0.0238 | Time: 4.0s | Elapsed: 1.8h | ETA: 38m | LR: 0.000053
Epoch 2431/3000: 100%|█████████████| 16/16 [00:03<00:00,  4.02it/s, loss=0.0431]
Epoch 2431/3000 | Loss: 0.0410 | Best: 0.0238 | Time: 4.0s | Elapsed: 1.8h | ETA: 38m | LR: 0.000053
Epoch 2432/3000: 100%|█████████████| 16/16 [00:03<00:00,  4.07it/s, loss=0.0245]
Epoch 2432/3000 | Loss: 0.0460 | Best: 0.0238 | Time: 3.9s | Elapsed: 1.8h | ETA: 38m | LR: 0.000053
Epoch 2433/3000: 100%|█████████████| 16/16 [00:03<00:00,  4.09it/s, loss=0.0456]
Epoch 2433/3000 | Loss: 0.0522 | Best: 0.0238 | Time: 3.9s | Elapsed: 1.8h | ETA: 38m | LR: 0.000053
Epoch 2434/3000: 100%|█████████████| 16/16 [00:03<00:00,  4.09it/s, loss=0.0395]
Epoch 2434/3000 | Loss: 0.0642 | Best: 0.0238 | Time: 3.9s | Elapsed: 1.8h | ETA: 38m | LR: 0.000052
Epoch 2435/3000: 100%|█████████████| 16/16 [00:03<00:00,  4.09it/s, loss=0.0364]
Epoch 2435/3000 | Loss: 0.0529 | Best: 0.0238 | Time: 3.9s | Elapsed: 1.8h | ETA: 38m | LR: 0.000052
Epoch 2436/3000: 100%|█████████████| 16/16 [00:03<00:00,  4.09it/s, loss=0.0069]
Epoch 2436/3000 | Loss: 0.0402 | Best: 0.0238 | Time: 3.9s | Elapsed: 1.8h | ETA: 38m | LR: 0.000052
Epoch 2437/3000: 100%|█████████████| 16/16 [00:04<00:00,  3.90it/s, loss=0.0201]
Epoch 2437/3000 | Loss: 0.0373 | Best: 0.0238 | Time: 4.1s | Elapsed: 1.8h | ETA: 38m | LR: 0.000052
Epoch 2438/3000: 100%|█████████████| 16/16 [00:03<00:00,  4.09it/s, loss=0.0058]
Epoch 2438/3000 | Loss: 0.0525 | Best: 0.0238 | Time: 3.9s | Elapsed: 1.8h | ETA: 38m | LR: 0.000052
Epoch 2439/3000: 100%|█████████████| 16/16 [00:03<00:00,  4.07it/s, loss=0.0282]
Epoch 2439/3000 | Loss: 0.0360 | Best: 0.0238 | Time: 3.9s | Elapsed: 1.8h | ETA: 38m | LR: 0.000052
Epoch 2440/3000: 100%|█████████████| 16/16 [00:03<00:00,  4.10it/s, loss=0.0285]
Epoch 2440/3000 | Loss: 0.0443 | Best: 0.0238 | Time: 3.9s | Elapsed: 1.8h | ETA: 38m | LR: 0.000051
Epoch 2441/3000: 100%|█████████████| 16/16 [00:03<00:00,  4.09it/s, loss=0.0074]
Epoch 2441/3000 | Loss: 0.0420 | Best: 0.0238 | Time: 3.9s | Elapsed: 1.8h | ETA: 38m | LR: 0.000051
Epoch 2442/3000: 100%|█████████████| 16/16 [00:03<00:00,  4.09it/s, loss=0.0440]
Epoch 2442/3000 | Loss: 0.0396 | Best: 0.0238 | Time: 3.9s | Elapsed: 1.8h | ETA: 37m | LR: 0.000051
Epoch 2443/3000: 100%|█████████████| 16/16 [00:03<00:00,  4.06it/s, loss=0.0387]
Epoch 2443/3000 | Loss: 0.0339 | Best: 0.0238 | Time: 3.9s | Elapsed: 1.8h | ETA: 37m | LR: 0.000051
Epoch 2444/3000: 100%|█████████████| 16/16 [00:03<00:00,  4.05it/s, loss=0.0221]
Epoch 2444/3000 | Loss: 0.0437 | Best: 0.0238 | Time: 3.9s | Elapsed: 1.8h | ETA: 37m | LR: 0.000051
Epoch 2445/3000: 100%|█████████████| 16/16 [00:03<00:00,  4.03it/s, loss=0.0835]
Epoch 2445/3000 | Loss: 0.0425 | Best: 0.0238 | Time: 4.0s | Elapsed: 1.8h | ETA: 37m | LR: 0.000051
Epoch 2446/3000: 100%|█████████████| 16/16 [00:03<00:00,  4.10it/s, loss=0.0106]
Epoch 2446/3000 | Loss: 0.0432 | Best: 0.0238 | Time: 3.9s | Elapsed: 1.8h | ETA: 37m | LR: 0.000050
Epoch 2447/3000: 100%|█████████████| 16/16 [00:03<00:00,  4.07it/s, loss=0.0257]
Epoch 2447/3000 | Loss: 0.0297 | Best: 0.0238 | Time: 3.9s | Elapsed: 1.8h | ETA: 37m | LR: 0.000050
Epoch 2448/3000: 100%|█████████████| 16/16 [00:03<00:00,  4.09it/s, loss=0.0746]
Epoch 2448/3000 | Loss: 0.0475 | Best: 0.0238 | Time: 3.9s | Elapsed: 1.8h | ETA: 37m | LR: 0.000050
Epoch 2449/3000: 100%|█████████████| 16/16 [00:03<00:00,  4.04it/s, loss=0.0102]
Epoch 2449/3000 | Loss: 0.0464 | Best: 0.0238 | Time: 4.0s | Elapsed: 1.8h | ETA: 37m | LR: 0.000050
Epoch 2450/3000: 100%|█████████████| 16/16 [00:03<00:00,  4.08it/s, loss=0.0745]
Epoch 2450/3000 | Loss: 0.0446 | Best: 0.0238 | Time: 3.9s | Elapsed: 1.8h | ETA: 37m | LR: 0.000050
  Generating samples at epoch 2450...
DDIM Sampling: 100%|████████████████████████████| 50/50 [00:01<00:00, 25.01it/s]
DDIM Sampling: 100%|████████████████████████████| 50/50 [00:01<00:00, 25.03it/s]
DDIM Sampling: 100%|████████████████████████████| 50/50 [00:02<00:00, 24.97it/s]
Epoch 2451/3000: 100%|█████████████| 16/16 [00:03<00:00,  4.07it/s, loss=0.0309]
Epoch 2451/3000 | Loss: 0.0374 | Best: 0.0238 | Time: 3.9s | Elapsed: 1.8h | ETA: 37m | LR: 0.000050
Epoch 2452/3000: 100%|█████████████| 16/16 [00:04<00:00,  3.92it/s, loss=0.0195]
Epoch 2452/3000 | Loss: 0.0454 | Best: 0.0238 | Time: 4.1s | Elapsed: 1.8h | ETA: 37m | LR: 0.000049
Epoch 2453/3000: 100%|█████████████| 16/16 [00:03<00:00,  4.05it/s, loss=0.0381]
Epoch 2453/3000 | Loss: 0.0535 | Best: 0.0238 | Time: 3.9s | Elapsed: 1.8h | ETA: 37m | LR: 0.000049
Epoch 2454/3000: 100%|█████████████| 16/16 [00:03<00:00,  4.08it/s, loss=0.0309]
Epoch 2454/3000 | Loss: 0.0413 | Best: 0.0238 | Time: 3.9s | Elapsed: 1.8h | ETA: 37m | LR: 0.000049
Epoch 2455/3000: 100%|█████████████| 16/16 [00:03<00:00,  4.08it/s, loss=0.0500]
Epoch 2455/3000 | Loss: 0.0508 | Best: 0.0238 | Time: 3.9s | Elapsed: 1.8h | ETA: 37m | LR: 0.000049
Epoch 2456/3000: 100%|█████████████| 16/16 [00:03<00:00,  4.09it/s, loss=0.0098]
Epoch 2456/3000 | Loss: 0.0543 | Best: 0.0238 | Time: 3.9s | Elapsed: 1.8h | ETA: 37m | LR: 0.000049
Epoch 2457/3000: 100%|█████████████| 16/16 [00:03<00:00,  4.07it/s, loss=0.0119]
Epoch 2457/3000 | Loss: 0.0410 | Best: 0.0238 | Time: 3.9s | Elapsed: 1.8h | ETA: 36m | LR: 0.000049
Epoch 2458/3000: 100%|█████████████| 16/16 [00:03<00:00,  4.11it/s, loss=0.0372]
Epoch 2458/3000 | Loss: 0.0419 | Best: 0.0238 | Time: 3.9s | Elapsed: 1.8h | ETA: 36m | LR: 0.000048
Epoch 2459/3000: 100%|█████████████| 16/16 [00:03<00:00,  4.06it/s, loss=0.0791]
Epoch 2459/3000 | Loss: 0.0422 | Best: 0.0238 | Time: 3.9s | Elapsed: 1.8h | ETA: 36m | LR: 0.000048
Epoch 2460/3000: 100%|█████████████| 16/16 [00:03<00:00,  4.03it/s, loss=0.0725]
Epoch 2460/3000 | Loss: 0.0354 | Best: 0.0238 | Time: 4.0s | Elapsed: 1.8h | ETA: 36m | LR: 0.000048
Epoch 2461/3000: 100%|█████████████| 16/16 [00:04<00:00,  4.00it/s, loss=0.0510]
Epoch 2461/3000 | Loss: 0.0450 | Best: 0.0238 | Time: 4.0s | Elapsed: 1.8h | ETA: 36m | LR: 0.000048
Epoch 2462/3000: 100%|█████████████| 16/16 [00:03<00:00,  4.09it/s, loss=0.0226]
Epoch 2462/3000 | Loss: 0.0474 | Best: 0.0238 | Time: 3.9s | Elapsed: 1.8h | ETA: 36m | LR: 0.000048
Epoch 2463/3000: 100%|█████████████| 16/16 [00:03<00:00,  4.08it/s, loss=0.0928]
Epoch 2463/3000 | Loss: 0.0450 | Best: 0.0238 | Time: 3.9s | Elapsed: 1.8h | ETA: 36m | LR: 0.000048
Epoch 2464/3000: 100%|█████████████| 16/16 [00:03<00:00,  4.10it/s, loss=0.0271]
Epoch 2464/3000 | Loss: 0.0396 | Best: 0.0238 | Time: 3.9s | Elapsed: 1.8h | ETA: 36m | LR: 0.000047
Epoch 2465/3000: 100%|█████████████| 16/16 [00:03<00:00,  4.09it/s, loss=0.0242]
Epoch 2465/3000 | Loss: 0.0342 | Best: 0.0238 | Time: 3.9s | Elapsed: 1.8h | ETA: 36m | LR: 0.000047
Epoch 2466/3000: 100%|█████████████| 16/16 [00:03<00:00,  4.06it/s, loss=0.0478]
Epoch 2466/3000 | Loss: 0.0440 | Best: 0.0238 | Time: 3.9s | Elapsed: 1.8h | ETA: 36m | LR: 0.000047
Epoch 2467/3000: 100%|█████████████| 16/16 [00:03<00:00,  4.09it/s, loss=0.0149]
Epoch 2467/3000 | Loss: 0.0404 | Best: 0.0238 | Time: 3.9s | Elapsed: 1.8h | ETA: 36m | LR: 0.000047
Epoch 2468/3000: 100%|█████████████| 16/16 [00:03<00:00,  4.06it/s, loss=0.0869]
Epoch 2468/3000 | Loss: 0.0494 | Best: 0.0238 | Time: 3.9s | Elapsed: 1.8h | ETA: 36m | LR: 0.000047
Epoch 2469/3000: 100%|█████████████| 16/16 [00:04<00:00,  3.94it/s, loss=0.0305]
Epoch 2469/3000 | Loss: 0.0404 | Best: 0.0238 | Time: 4.1s | Elapsed: 1.8h | ETA: 36m | LR: 0.000047
Epoch 2470/3000: 100%|█████████████| 16/16 [00:03<00:00,  4.07it/s, loss=0.0439]
Epoch 2470/3000 | Loss: 0.0572 | Best: 0.0238 | Time: 3.9s | Elapsed: 1.8h | ETA: 36m | LR: 0.000046
Epoch 2471/3000: 100%|█████████████| 16/16 [00:03<00:00,  4.08it/s, loss=0.0439]
Epoch 2471/3000 | Loss: 0.0462 | Best: 0.0238 | Time: 3.9s | Elapsed: 1.8h | ETA: 35m | LR: 0.000046
Epoch 2472/3000: 100%|█████████████| 16/16 [00:03<00:00,  4.04it/s, loss=0.0751]
Epoch 2472/3000 | Loss: 0.0591 | Best: 0.0238 | Time: 4.0s | Elapsed: 1.8h | ETA: 35m | LR: 0.000046
Epoch 2473/3000: 100%|█████████████| 16/16 [00:03<00:00,  4.08it/s, loss=0.0590]
Epoch 2473/3000 | Loss: 0.0436 | Best: 0.0238 | Time: 3.9s | Elapsed: 1.8h | ETA: 35m | LR: 0.000046
Epoch 2474/3000: 100%|█████████████| 16/16 [00:03<00:00,  4.05it/s, loss=0.0468]
Epoch 2474/3000 | Loss: 0.0427 | Best: 0.0238 | Time: 4.0s | Elapsed: 1.8h | ETA: 35m | LR: 0.000046
Epoch 2475/3000: 100%|█████████████| 16/16 [00:03<00:00,  4.06it/s, loss=0.1166]
Epoch 2475/3000 | Loss: 0.0416 | Best: 0.0238 | Time: 3.9s | Elapsed: 1.8h | ETA: 35m | LR: 0.000046
  Generating samples at epoch 2475...
DDIM Sampling: 100%|████████████████████████████| 50/50 [00:02<00:00, 24.94it/s]
DDIM Sampling: 100%|████████████████████████████| 50/50 [00:01<00:00, 25.06it/s]
DDIM Sampling: 100%|████████████████████████████| 50/50 [00:02<00:00, 24.53it/s]
Epoch 2476/3000: 100%|█████████████| 16/16 [00:04<00:00,  4.00it/s, loss=0.0343]
Epoch 2476/3000 | Loss: 0.0364 | Best: 0.0238 | Time: 4.0s | Elapsed: 1.8h | ETA: 35m | LR: 0.000045
Epoch 2477/3000: 100%|█████████████| 16/16 [00:03<00:00,  4.03it/s, loss=0.0260]
Epoch 2477/3000 | Loss: 0.0513 | Best: 0.0238 | Time: 4.0s | Elapsed: 1.8h | ETA: 35m | LR: 0.000045
Epoch 2478/3000: 100%|█████████████| 16/16 [00:03<00:00,  4.07it/s, loss=0.0486]
Epoch 2478/3000 | Loss: 0.0509 | Best: 0.0238 | Time: 3.9s | Elapsed: 1.8h | ETA: 35m | LR: 0.000045
Epoch 2479/3000: 100%|█████████████| 16/16 [00:03<00:00,  4.07it/s, loss=0.0285]
Epoch 2479/3000 | Loss: 0.0402 | Best: 0.0238 | Time: 3.9s | Elapsed: 1.8h | ETA: 35m | LR: 0.000045
Epoch 2480/3000: 100%|█████████████| 16/16 [00:03<00:00,  4.04it/s, loss=0.0346]
Epoch 2480/3000 | Loss: 0.0374 | Best: 0.0238 | Time: 4.0s | Elapsed: 1.8h | ETA: 35m | LR: 0.000045
Epoch 2481/3000: 100%|█████████████| 16/16 [00:03<00:00,  4.04it/s, loss=0.0392]
Epoch 2481/3000 | Loss: 0.0430 | Best: 0.0238 | Time: 4.0s | Elapsed: 1.8h | ETA: 35m | LR: 0.000045
Epoch 2482/3000: 100%|█████████████| 16/16 [00:03<00:00,  4.04it/s, loss=0.0344]
Epoch 2482/3000 | Loss: 0.0369 | Best: 0.0238 | Time: 4.0s | Elapsed: 1.8h | ETA: 35m | LR: 0.000044
Epoch 2483/3000: 100%|█████████████| 16/16 [00:04<00:00,  3.97it/s, loss=0.0414]
Epoch 2483/3000 | Loss: 0.0483 | Best: 0.0238 | Time: 4.0s | Elapsed: 1.8h | ETA: 35m | LR: 0.000044
Epoch 2484/3000: 100%|█████████████| 16/16 [00:04<00:00,  3.91it/s, loss=0.0481]
Epoch 2484/3000 | Loss: 0.0424 | Best: 0.0238 | Time: 4.1s | Elapsed: 1.8h | ETA: 35m | LR: 0.000044
Epoch 2485/3000: 100%|█████████████| 16/16 [00:03<00:00,  4.10it/s, loss=0.0206]
Epoch 2485/3000 | Loss: 0.0343 | Best: 0.0238 | Time: 3.9s | Elapsed: 1.8h | ETA: 35m | LR: 0.000044
Epoch 2486/3000: 100%|█████████████| 16/16 [00:03<00:00,  4.08it/s, loss=0.0498]
Epoch 2486/3000 | Loss: 0.0537 | Best: 0.0238 | Time: 3.9s | Elapsed: 1.8h | ETA: 34m | LR: 0.000044
Epoch 2487/3000: 100%|█████████████| 16/16 [00:03<00:00,  4.08it/s, loss=0.0695]
Epoch 2487/3000 | Loss: 0.0658 | Best: 0.0238 | Time: 3.9s | Elapsed: 1.8h | ETA: 34m | LR: 0.000044
Epoch 2488/3000: 100%|█████████████| 16/16 [00:03<00:00,  4.06it/s, loss=0.0618]
Epoch 2488/3000 | Loss: 0.0457 | Best: 0.0238 | Time: 3.9s | Elapsed: 1.8h | ETA: 34m | LR: 0.000043
Epoch 2489/3000: 100%|█████████████| 16/16 [00:03<00:00,  4.00it/s, loss=0.0138]
Epoch 2489/3000 | Loss: 0.0532 | Best: 0.0238 | Time: 4.0s | Elapsed: 1.8h | ETA: 34m | LR: 0.000043
Epoch 2490/3000: 100%|█████████████| 16/16 [00:03<00:00,  4.08it/s, loss=0.0455]
Epoch 2490/3000 | Loss: 0.0500 | Best: 0.0238 | Time: 3.9s | Elapsed: 1.8h | ETA: 34m | LR: 0.000043
Epoch 2491/3000: 100%|█████████████| 16/16 [00:03<00:00,  4.04it/s, loss=0.0178]
Epoch 2491/3000 | Loss: 0.0550 | Best: 0.0238 | Time: 4.0s | Elapsed: 1.8h | ETA: 34m | LR: 0.000043
Epoch 2492/3000: 100%|█████████████| 16/16 [00:04<00:00,  3.86it/s, loss=0.0653]
Epoch 2492/3000 | Loss: 0.0611 | Best: 0.0238 | Time: 4.1s | Elapsed: 1.8h | ETA: 34m | LR: 0.000043
Epoch 2493/3000: 100%|█████████████| 16/16 [00:03<00:00,  4.08it/s, loss=0.0392]
Epoch 2493/3000 | Loss: 0.0450 | Best: 0.0238 | Time: 3.9s | Elapsed: 1.9h | ETA: 34m | LR: 0.000043
Epoch 2494/3000: 100%|█████████████| 16/16 [00:03<00:00,  4.05it/s, loss=0.0932]
Epoch 2494/3000 | Loss: 0.0424 | Best: 0.0238 | Time: 4.0s | Elapsed: 1.9h | ETA: 34m | LR: 0.000042
Epoch 2495/3000: 100%|█████████████| 16/16 [00:03<00:00,  4.08it/s, loss=0.0370]
Epoch 2495/3000 | Loss: 0.0432 | Best: 0.0238 | Time: 3.9s | Elapsed: 1.9h | ETA: 34m | LR: 0.000042
Epoch 2496/3000: 100%|█████████████| 16/16 [00:03<00:00,  4.06it/s, loss=0.0180]
Epoch 2496/3000 | Loss: 0.0374 | Best: 0.0238 | Time: 3.9s | Elapsed: 1.9h | ETA: 34m | LR: 0.000042
Epoch 2497/3000: 100%|█████████████| 16/16 [00:03<00:00,  4.07it/s, loss=0.0454]
Epoch 2497/3000 | Loss: 0.0398 | Best: 0.0238 | Time: 3.9s | Elapsed: 1.9h | ETA: 34m | LR: 0.000042
Epoch 2498/3000: 100%|█████████████| 16/16 [00:03<00:00,  4.09it/s, loss=0.0331]
Epoch 2498/3000 | Loss: 0.0320 | Best: 0.0238 | Time: 3.9s | Elapsed: 1.9h | ETA: 34m | LR: 0.000042
Epoch 2499/3000: 100%|█████████████| 16/16 [00:03<00:00,  4.04it/s, loss=0.0698]
Epoch 2499/3000 | Loss: 0.0523 | Best: 0.0238 | Time: 4.0s | Elapsed: 1.9h | ETA: 34m | LR: 0.000042
Epoch 2500/3000: 100%|█████████████| 16/16 [00:04<00:00,  3.99it/s, loss=0.0271]
Epoch 2500/3000 | Loss: 0.0389 | Best: 0.0238 | Time: 4.0s | Elapsed: 1.9h | ETA: 34m | LR: 0.000042
  Generating samples at epoch 2500...
DDIM Sampling: 100%|████████████████████████████| 50/50 [00:01<00:00, 25.05it/s]
DDIM Sampling: 100%|████████████████████████████| 50/50 [00:02<00:00, 24.92it/s]
DDIM Sampling: 100%|████████████████████████████| 50/50 [00:02<00:00, 24.93it/s]
Epoch 2501/3000: 100%|█████████████| 16/16 [00:03<00:00,  4.08it/s, loss=0.0507]
Epoch 2501/3000 | Loss: 0.0405 | Best: 0.0238 | Time: 3.9s | Elapsed: 1.9h | ETA: 33m | LR: 0.000041
Epoch 2502/3000: 100%|█████████████| 16/16 [00:03<00:00,  4.07it/s, loss=0.0414]
Epoch 2502/3000 | Loss: 0.0582 | Best: 0.0238 | Time: 3.9s | Elapsed: 1.9h | ETA: 33m | LR: 0.000041
Epoch 2503/3000: 100%|█████████████| 16/16 [00:03<00:00,  4.05it/s, loss=0.0503]
Epoch 2503/3000 | Loss: 0.0677 | Best: 0.0238 | Time: 4.0s | Elapsed: 1.9h | ETA: 33m | LR: 0.000041
Epoch 2504/3000: 100%|█████████████| 16/16 [00:03<00:00,  4.08it/s, loss=0.0615]
Epoch 2504/3000 | Loss: 0.0607 | Best: 0.0238 | Time: 3.9s | Elapsed: 1.9h | ETA: 33m | LR: 0.000041
Epoch 2505/3000: 100%|█████████████| 16/16 [00:03<00:00,  4.07it/s, loss=0.1053]
Epoch 2505/3000 | Loss: 0.0566 | Best: 0.0238 | Time: 3.9s | Elapsed: 1.9h | ETA: 33m | LR: 0.000041
Epoch 2506/3000: 100%|█████████████| 16/16 [00:03<00:00,  4.04it/s, loss=0.1239]
Epoch 2506/3000 | Loss: 0.0530 | Best: 0.0238 | Time: 4.0s | Elapsed: 1.9h | ETA: 33m | LR: 0.000041
Epoch 2507/3000: 100%|█████████████| 16/16 [00:04<00:00,  3.83it/s, loss=0.0514]
Epoch 2507/3000 | Loss: 0.0448 | Best: 0.0238 | Time: 4.2s | Elapsed: 1.9h | ETA: 33m | LR: 0.000040
Epoch 2508/3000: 100%|█████████████| 16/16 [00:03<00:00,  4.05it/s, loss=0.0429]
Epoch 2508/3000 | Loss: 0.0381 | Best: 0.0238 | Time: 4.0s | Elapsed: 1.9h | ETA: 33m | LR: 0.000040
Epoch 2509/3000: 100%|█████████████| 16/16 [00:03<00:00,  4.02it/s, loss=0.0194]
Epoch 2509/3000 | Loss: 0.0468 | Best: 0.0238 | Time: 4.0s | Elapsed: 1.9h | ETA: 33m | LR: 0.000040
Epoch 2510/3000: 100%|█████████████| 16/16 [00:03<00:00,  4.00it/s, loss=0.0403]
Epoch 2510/3000 | Loss: 0.0493 | Best: 0.0238 | Time: 4.0s | Elapsed: 1.9h | ETA: 33m | LR: 0.000040
Epoch 2511/3000: 100%|█████████████| 16/16 [00:03<00:00,  4.01it/s, loss=0.0659]
Epoch 2511/3000 | Loss: 0.0454 | Best: 0.0238 | Time: 4.0s | Elapsed: 1.9h | ETA: 33m | LR: 0.000040
Epoch 2512/3000: 100%|█████████████| 16/16 [00:03<00:00,  4.05it/s, loss=0.0478]
Epoch 2512/3000 | Loss: 0.0382 | Best: 0.0238 | Time: 4.0s | Elapsed: 1.9h | ETA: 33m | LR: 0.000040
Epoch 2513/3000: 100%|█████████████| 16/16 [00:03<00:00,  4.04it/s, loss=0.0325]
Epoch 2513/3000 | Loss: 0.0492 | Best: 0.0238 | Time: 4.0s | Elapsed: 1.9h | ETA: 33m | LR: 0.000040
Epoch 2514/3000: 100%|█████████████| 16/16 [00:03<00:00,  4.03it/s, loss=0.0413]
Epoch 2514/3000 | Loss: 0.0567 | Best: 0.0238 | Time: 4.0s | Elapsed: 1.9h | ETA: 33m | LR: 0.000039
Epoch 2515/3000: 100%|█████████████| 16/16 [00:04<00:00,  3.96it/s, loss=0.0543]
Epoch 2515/3000 | Loss: 0.0494 | Best: 0.0238 | Time: 4.0s | Elapsed: 1.9h | ETA: 33m | LR: 0.000039
Epoch 2516/3000: 100%|█████████████| 16/16 [00:04<00:00,  3.98it/s, loss=0.0387]
Epoch 2516/3000 | Loss: 0.0411 | Best: 0.0238 | Time: 4.0s | Elapsed: 1.9h | ETA: 32m | LR: 0.000039
Epoch 2517/3000: 100%|█████████████| 16/16 [00:03<00:00,  4.05it/s, loss=0.0141]
Epoch 2517/3000 | Loss: 0.0421 | Best: 0.0238 | Time: 4.0s | Elapsed: 1.9h | ETA: 32m | LR: 0.000039
Epoch 2518/3000: 100%|█████████████| 16/16 [00:04<00:00,  3.99it/s, loss=0.0422]
Epoch 2518/3000 | Loss: 0.0353 | Best: 0.0238 | Time: 4.0s | Elapsed: 1.9h | ETA: 32m | LR: 0.000039
Epoch 2519/3000: 100%|█████████████| 16/16 [00:03<00:00,  4.07it/s, loss=0.0322]
Epoch 2519/3000 | Loss: 0.0384 | Best: 0.0238 | Time: 3.9s | Elapsed: 1.9h | ETA: 32m | LR: 0.000039
Epoch 2520/3000: 100%|█████████████| 16/16 [00:03<00:00,  4.07it/s, loss=0.0520]
Epoch 2520/3000 | Loss: 0.0556 | Best: 0.0238 | Time: 3.9s | Elapsed: 1.9h | ETA: 32m | LR: 0.000038
Epoch 2521/3000: 100%|█████████████| 16/16 [00:03<00:00,  4.04it/s, loss=0.0760]
Epoch 2521/3000 | Loss: 0.0499 | Best: 0.0238 | Time: 4.0s | Elapsed: 1.9h | ETA: 32m | LR: 0.000038
Epoch 2522/3000: 100%|█████████████| 16/16 [00:03<00:00,  4.04it/s, loss=0.0507]
Epoch 2522/3000 | Loss: 0.0502 | Best: 0.0238 | Time: 4.0s | Elapsed: 1.9h | ETA: 32m | LR: 0.000038
Epoch 2523/3000: 100%|█████████████| 16/16 [00:03<00:00,  4.02it/s, loss=0.0307]
Epoch 2523/3000 | Loss: 0.0380 | Best: 0.0238 | Time: 4.0s | Elapsed: 1.9h | ETA: 32m | LR: 0.000038
Epoch 2524/3000: 100%|█████████████| 16/16 [00:04<00:00,  3.92it/s, loss=0.0231]
Epoch 2524/3000 | Loss: 0.0408 | Best: 0.0238 | Time: 4.1s | Elapsed: 1.9h | ETA: 32m | LR: 0.000038
Epoch 2525/3000: 100%|█████████████| 16/16 [00:04<00:00,  3.99it/s, loss=0.0480]
Epoch 2525/3000 | Loss: 0.0412 | Best: 0.0238 | Time: 4.0s | Elapsed: 1.9h | ETA: 32m | LR: 0.000038
  Generating samples at epoch 2525...
DDIM Sampling: 100%|████████████████████████████| 50/50 [00:01<00:00, 25.12it/s]
DDIM Sampling: 100%|████████████████████████████| 50/50 [00:01<00:00, 25.17it/s]
DDIM Sampling: 100%|████████████████████████████| 50/50 [00:01<00:00, 25.22it/s]
Epoch 2526/3000: 100%|█████████████| 16/16 [00:03<00:00,  4.09it/s, loss=0.0428]
Epoch 2526/3000 | Loss: 0.0419 | Best: 0.0238 | Time: 3.9s | Elapsed: 1.9h | ETA: 32m | LR: 0.000038
Epoch 2527/3000: 100%|█████████████| 16/16 [00:03<00:00,  4.05it/s, loss=0.0487]
Epoch 2527/3000 | Loss: 0.0432 | Best: 0.0238 | Time: 3.9s | Elapsed: 1.9h | ETA: 32m | LR: 0.000037
Epoch 2528/3000: 100%|█████████████| 16/16 [00:03<00:00,  4.08it/s, loss=0.0356]
Epoch 2528/3000 | Loss: 0.0358 | Best: 0.0238 | Time: 3.9s | Elapsed: 1.9h | ETA: 32m | LR: 0.000037
Epoch 2529/3000: 100%|█████████████| 16/16 [00:03<00:00,  4.06it/s, loss=0.0922]
Epoch 2529/3000 | Loss: 0.0476 | Best: 0.0238 | Time: 3.9s | Elapsed: 1.9h | ETA: 32m | LR: 0.000037
Epoch 2530/3000: 100%|█████████████| 16/16 [00:03<00:00,  4.01it/s, loss=0.0667]
Epoch 2530/3000 | Loss: 0.0574 | Best: 0.0238 | Time: 4.0s | Elapsed: 1.9h | ETA: 32m | LR: 0.000037
Epoch 2531/3000: 100%|█████████████| 16/16 [00:04<00:00,  3.95it/s, loss=0.0868]
Epoch 2531/3000 | Loss: 0.0437 | Best: 0.0238 | Time: 4.0s | Elapsed: 1.9h | ETA: 31m | LR: 0.000037
Epoch 2532/3000: 100%|█████████████| 16/16 [00:03<00:00,  4.11it/s, loss=0.0536]
Epoch 2532/3000 | Loss: 0.0456 | Best: 0.0238 | Time: 3.9s | Elapsed: 1.9h | ETA: 31m | LR: 0.000037
Epoch 2533/3000: 100%|█████████████| 16/16 [00:03<00:00,  4.08it/s, loss=0.0231]
Epoch 2533/3000 | Loss: 0.0612 | Best: 0.0238 | Time: 3.9s | Elapsed: 1.9h | ETA: 31m | LR: 0.000036
Epoch 2534/3000: 100%|█████████████| 16/16 [00:03<00:00,  4.07it/s, loss=0.0660]
Epoch 2534/3000 | Loss: 0.0447 | Best: 0.0238 | Time: 3.9s | Elapsed: 1.9h | ETA: 31m | LR: 0.000036
Epoch 2535/3000: 100%|█████████████| 16/16 [00:03<00:00,  4.09it/s, loss=0.0147]
Epoch 2535/3000 | Loss: 0.0384 | Best: 0.0238 | Time: 3.9s | Elapsed: 1.9h | ETA: 31m | LR: 0.000036
Epoch 2536/3000: 100%|█████████████| 16/16 [00:03<00:00,  4.09it/s, loss=0.0238]
Epoch 2536/3000 | Loss: 0.0519 | Best: 0.0238 | Time: 3.9s | Elapsed: 1.9h | ETA: 31m | LR: 0.000036
Epoch 2537/3000: 100%|█████████████| 16/16 [00:03<00:00,  4.10it/s, loss=0.0423]
Epoch 2537/3000 | Loss: 0.0607 | Best: 0.0238 | Time: 3.9s | Elapsed: 1.9h | ETA: 31m | LR: 0.000036
Epoch 2538/3000: 100%|█████████████| 16/16 [00:03<00:00,  4.06it/s, loss=0.0429]
Epoch 2538/3000 | Loss: 0.0507 | Best: 0.0238 | Time: 3.9s | Elapsed: 1.9h | ETA: 31m | LR: 0.000036
Epoch 2539/3000: 100%|█████████████| 16/16 [00:04<00:00,  3.90it/s, loss=0.0241]
Epoch 2539/3000 | Loss: 0.0394 | Best: 0.0238 | Time: 4.1s | Elapsed: 1.9h | ETA: 31m | LR: 0.000036
Epoch 2540/3000: 100%|█████████████| 16/16 [00:03<00:00,  4.05it/s, loss=0.0132]
Epoch 2540/3000 | Loss: 0.0350 | Best: 0.0238 | Time: 3.9s | Elapsed: 1.9h | ETA: 31m | LR: 0.000035
Epoch 2541/3000: 100%|█████████████| 16/16 [00:03<00:00,  4.07it/s, loss=0.0170]
Epoch 2541/3000 | Loss: 0.0441 | Best: 0.0238 | Time: 3.9s | Elapsed: 1.9h | ETA: 31m | LR: 0.000035
Epoch 2542/3000: 100%|█████████████| 16/16 [00:03<00:00,  4.07it/s, loss=0.0197]
Epoch 2542/3000 | Loss: 0.0387 | Best: 0.0238 | Time: 3.9s | Elapsed: 1.9h | ETA: 31m | LR: 0.000035
Epoch 2543/3000: 100%|█████████████| 16/16 [00:03<00:00,  4.09it/s, loss=0.0259]
Epoch 2543/3000 | Loss: 0.0348 | Best: 0.0238 | Time: 3.9s | Elapsed: 1.9h | ETA: 31m | LR: 0.000035
Epoch 2544/3000: 100%|█████████████| 16/16 [00:03<00:00,  4.04it/s, loss=0.0640]
Epoch 2544/3000 | Loss: 0.0408 | Best: 0.0238 | Time: 4.0s | Elapsed: 1.9h | ETA: 31m | LR: 0.000035
Epoch 2545/3000: 100%|█████████████| 16/16 [00:03<00:00,  4.04it/s, loss=0.0147]
Epoch 2545/3000 | Loss: 0.0270 | Best: 0.0238 | Time: 4.0s | Elapsed: 1.9h | ETA: 31m | LR: 0.000035
Epoch 2546/3000: 100%|█████████████| 16/16 [00:04<00:00,  4.00it/s, loss=0.0665]
Epoch 2546/3000 | Loss: 0.0320 | Best: 0.0238 | Time: 4.0s | Elapsed: 1.9h | ETA: 30m | LR: 0.000035
Epoch 2547/3000: 100%|█████████████| 16/16 [00:04<00:00,  3.90it/s, loss=0.0213]
Epoch 2547/3000 | Loss: 0.0439 | Best: 0.0238 | Time: 4.1s | Elapsed: 1.9h | ETA: 30m | LR: 0.000034
Epoch 2548/3000: 100%|█████████████| 16/16 [00:03<00:00,  4.07it/s, loss=0.0569]
Epoch 2548/3000 | Loss: 0.0438 | Best: 0.0238 | Time: 3.9s | Elapsed: 1.9h | ETA: 30m | LR: 0.000034
Epoch 2549/3000: 100%|█████████████| 16/16 [00:03<00:00,  4.03it/s, loss=0.0604]
Epoch 2549/3000 | Loss: 0.0546 | Best: 0.0238 | Time: 4.0s | Elapsed: 1.9h | ETA: 30m | LR: 0.000034
Epoch 2550/3000: 100%|█████████████| 16/16 [00:03<00:00,  4.05it/s, loss=0.0402]
Epoch 2550/3000 | Loss: 0.0511 | Best: 0.0238 | Time: 3.9s | Elapsed: 1.9h | ETA: 30m | LR: 0.000034
  Generating samples at epoch 2550...
DDIM Sampling: 100%|████████████████████████████| 50/50 [00:01<00:00, 25.00it/s]
DDIM Sampling: 100%|████████████████████████████| 50/50 [00:02<00:00, 24.88it/s]
DDIM Sampling: 100%|████████████████████████████| 50/50 [00:01<00:00, 25.08it/s]
Epoch 2551/3000: 100%|█████████████| 16/16 [00:03<00:00,  4.08it/s, loss=0.0168]
Epoch 2551/3000 | Loss: 0.0442 | Best: 0.0238 | Time: 3.9s | Elapsed: 1.9h | ETA: 30m | LR: 0.000034
Epoch 2552/3000: 100%|█████████████| 16/16 [00:03<00:00,  4.05it/s, loss=0.0421]
Epoch 2552/3000 | Loss: 0.0515 | Best: 0.0238 | Time: 4.0s | Elapsed: 1.9h | ETA: 30m | LR: 0.000034
Epoch 2553/3000: 100%|█████████████| 16/16 [00:03<00:00,  4.04it/s, loss=0.1208]
Epoch 2553/3000 | Loss: 0.0437 | Best: 0.0238 | Time: 4.0s | Elapsed: 1.9h | ETA: 30m | LR: 0.000034
Epoch 2554/3000: 100%|█████████████| 16/16 [00:04<00:00,  3.86it/s, loss=0.0245]
Epoch 2554/3000 | Loss: 0.0368 | Best: 0.0238 | Time: 4.1s | Elapsed: 1.9h | ETA: 30m | LR: 0.000033
Epoch 2555/3000: 100%|█████████████| 16/16 [00:03<00:00,  4.04it/s, loss=0.0092]
Epoch 2555/3000 | Loss: 0.0521 | Best: 0.0238 | Time: 4.0s | Elapsed: 1.9h | ETA: 30m | LR: 0.000033
Epoch 2556/3000: 100%|█████████████| 16/16 [00:03<00:00,  4.08it/s, loss=0.0387]
Epoch 2556/3000 | Loss: 0.0464 | Best: 0.0238 | Time: 3.9s | Elapsed: 1.9h | ETA: 30m | LR: 0.000033
Epoch 2557/3000: 100%|█████████████| 16/16 [00:03<00:00,  4.02it/s, loss=0.0210]
Epoch 2557/3000 | Loss: 0.0356 | Best: 0.0238 | Time: 4.0s | Elapsed: 1.9h | ETA: 30m | LR: 0.000033
Epoch 2558/3000: 100%|█████████████| 16/16 [00:03<00:00,  4.06it/s, loss=0.0472]
Epoch 2558/3000 | Loss: 0.0402 | Best: 0.0238 | Time: 3.9s | Elapsed: 1.9h | ETA: 30m | LR: 0.000033
Epoch 2559/3000: 100%|█████████████| 16/16 [00:03<00:00,  4.06it/s, loss=0.0239]
Epoch 2559/3000 | Loss: 0.0425 | Best: 0.0238 | Time: 3.9s | Elapsed: 1.9h | ETA: 30m | LR: 0.000033
Epoch 2560/3000: 100%|█████████████| 16/16 [00:03<00:00,  4.04it/s, loss=0.0079]
Epoch 2560/3000 | Loss: 0.0416 | Best: 0.0238 | Time: 4.0s | Elapsed: 1.9h | ETA: 30m | LR: 0.000033
Epoch 2561/3000: 100%|█████████████| 16/16 [00:03<00:00,  4.09it/s, loss=0.0632]
Epoch 2561/3000 | Loss: 0.0477 | Best: 0.0238 | Time: 3.9s | Elapsed: 1.9h | ETA: 29m | LR: 0.000032
Epoch 2562/3000: 100%|█████████████| 16/16 [00:04<00:00,  3.97it/s, loss=0.0915]
Epoch 2562/3000 | Loss: 0.0581 | Best: 0.0238 | Time: 4.0s | Elapsed: 1.9h | ETA: 29m | LR: 0.000032
Epoch 2563/3000: 100%|█████████████| 16/16 [00:03<00:00,  4.04it/s, loss=0.0202]
Epoch 2563/3000 | Loss: 0.0493 | Best: 0.0238 | Time: 4.0s | Elapsed: 1.9h | ETA: 29m | LR: 0.000032
Epoch 2564/3000: 100%|█████████████| 16/16 [00:03<00:00,  4.08it/s, loss=0.0108]
Epoch 2564/3000 | Loss: 0.0726 | Best: 0.0238 | Time: 3.9s | Elapsed: 1.9h | ETA: 29m | LR: 0.000032
Epoch 2565/3000: 100%|█████████████| 16/16 [00:03<00:00,  4.06it/s, loss=0.0396]
Epoch 2565/3000 | Loss: 0.0565 | Best: 0.0238 | Time: 3.9s | Elapsed: 1.9h | ETA: 29m | LR: 0.000032
Epoch 2566/3000: 100%|█████████████| 16/16 [00:03<00:00,  4.06it/s, loss=0.1042]
Epoch 2566/3000 | Loss: 0.0539 | Best: 0.0238 | Time: 3.9s | Elapsed: 1.9h | ETA: 29m | LR: 0.000032
Epoch 2567/3000: 100%|█████████████| 16/16 [00:03<00:00,  4.02it/s, loss=0.0279]
Epoch 2567/3000 | Loss: 0.0417 | Best: 0.0238 | Time: 4.0s | Elapsed: 1.9h | ETA: 29m | LR: 0.000032
Epoch 2568/3000: 100%|█████████████| 16/16 [00:03<00:00,  4.08it/s, loss=0.0539]
Epoch 2568/3000 | Loss: 0.0422 | Best: 0.0238 | Time: 3.9s | Elapsed: 1.9h | ETA: 29m | LR: 0.000031
Epoch 2569/3000: 100%|█████████████| 16/16 [00:03<00:00,  4.05it/s, loss=0.0495]
Epoch 2569/3000 | Loss: 0.0411 | Best: 0.0238 | Time: 4.0s | Elapsed: 1.9h | ETA: 29m | LR: 0.000031
Epoch 2570/3000: 100%|█████████████| 16/16 [00:04<00:00,  3.97it/s, loss=0.0361]
Epoch 2570/3000 | Loss: 0.0429 | Best: 0.0238 | Time: 4.0s | Elapsed: 1.9h | ETA: 29m | LR: 0.000031
Epoch 2571/3000: 100%|█████████████| 16/16 [00:04<00:00,  3.96it/s, loss=0.0254]
Epoch 2571/3000 | Loss: 0.0440 | Best: 0.0238 | Time: 4.0s | Elapsed: 1.9h | ETA: 29m | LR: 0.000031
Epoch 2572/3000: 100%|█████████████| 16/16 [00:03<00:00,  4.09it/s, loss=0.0037]
Epoch 2572/3000 | Loss: 0.0410 | Best: 0.0238 | Time: 3.9s | Elapsed: 1.9h | ETA: 29m | LR: 0.000031
Epoch 2573/3000: 100%|█████████████| 16/16 [00:03<00:00,  4.07it/s, loss=0.1045]
Epoch 2573/3000 | Loss: 0.0550 | Best: 0.0238 | Time: 3.9s | Elapsed: 1.9h | ETA: 29m | LR: 0.000031
Epoch 2574/3000: 100%|█████████████| 16/16 [00:03<00:00,  4.09it/s, loss=0.0523]
Epoch 2574/3000 | Loss: 0.0589 | Best: 0.0238 | Time: 3.9s | Elapsed: 1.9h | ETA: 29m | LR: 0.000031
Epoch 2575/3000: 100%|█████████████| 16/16 [00:03<00:00,  4.02it/s, loss=0.0591]
Epoch 2575/3000 | Loss: 0.0646 | Best: 0.0238 | Time: 4.0s | Elapsed: 1.9h | ETA: 28m | LR: 0.000030
  Generating samples at epoch 2575...
DDIM Sampling: 100%|████████████████████████████| 50/50 [00:01<00:00, 25.01it/s]
DDIM Sampling: 100%|████████████████████████████| 50/50 [00:01<00:00, 25.05it/s]
DDIM Sampling: 100%|████████████████████████████| 50/50 [00:02<00:00, 24.87it/s]
Epoch 2576/3000: 100%|█████████████| 16/16 [00:03<00:00,  4.03it/s, loss=0.1040]
Epoch 2576/3000 | Loss: 0.0375 | Best: 0.0238 | Time: 4.0s | Elapsed: 1.9h | ETA: 28m | LR: 0.000030
Epoch 2577/3000: 100%|█████████████| 16/16 [00:04<00:00,  3.99it/s, loss=0.0193]
Epoch 2577/3000 | Loss: 0.0513 | Best: 0.0238 | Time: 4.0s | Elapsed: 2.0h | ETA: 28m | LR: 0.000030
Epoch 2578/3000: 100%|█████████████| 16/16 [00:04<00:00,  3.97it/s, loss=0.0161]
Epoch 2578/3000 | Loss: 0.0487 | Best: 0.0238 | Time: 4.0s | Elapsed: 2.0h | ETA: 28m | LR: 0.000030
Epoch 2579/3000: 100%|█████████████| 16/16 [00:03<00:00,  4.10it/s, loss=0.0241]
Epoch 2579/3000 | Loss: 0.0560 | Best: 0.0238 | Time: 3.9s | Elapsed: 2.0h | ETA: 28m | LR: 0.000030
Epoch 2580/3000: 100%|█████████████| 16/16 [00:03<00:00,  4.08it/s, loss=0.0890]
Epoch 2580/3000 | Loss: 0.0474 | Best: 0.0238 | Time: 3.9s | Elapsed: 2.0h | ETA: 28m | LR: 0.000030
Epoch 2581/3000: 100%|█████████████| 16/16 [00:03<00:00,  4.08it/s, loss=0.0422]
Epoch 2581/3000 | Loss: 0.0567 | Best: 0.0238 | Time: 3.9s | Elapsed: 2.0h | ETA: 28m | LR: 0.000030
Epoch 2582/3000: 100%|█████████████| 16/16 [00:03<00:00,  4.08it/s, loss=0.0085]
Epoch 2582/3000 | Loss: 0.0370 | Best: 0.0238 | Time: 3.9s | Elapsed: 2.0h | ETA: 28m | LR: 0.000029
Epoch 2583/3000: 100%|█████████████| 16/16 [00:03<00:00,  4.05it/s, loss=0.0085]
Epoch 2583/3000 | Loss: 0.0389 | Best: 0.0238 | Time: 4.0s | Elapsed: 2.0h | ETA: 28m | LR: 0.000029
Epoch 2584/3000: 100%|█████████████| 16/16 [00:03<00:00,  4.05it/s, loss=0.0168]
Epoch 2584/3000 | Loss: 0.0404 | Best: 0.0238 | Time: 4.0s | Elapsed: 2.0h | ETA: 28m | LR: 0.000029
Epoch 2585/3000: 100%|█████████████| 16/16 [00:03<00:00,  4.10it/s, loss=0.0201]
Epoch 2585/3000 | Loss: 0.0380 | Best: 0.0238 | Time: 3.9s | Elapsed: 2.0h | ETA: 28m | LR: 0.000029
Epoch 2586/3000: 100%|█████████████| 16/16 [00:04<00:00,  3.92it/s, loss=0.0508]
Epoch 2586/3000 | Loss: 0.0430 | Best: 0.0238 | Time: 4.1s | Elapsed: 2.0h | ETA: 28m | LR: 0.000029
Epoch 2587/3000: 100%|█████████████| 16/16 [00:03<00:00,  4.09it/s, loss=0.1065]
Epoch 2587/3000 | Loss: 0.0506 | Best: 0.0238 | Time: 3.9s | Elapsed: 2.0h | ETA: 28m | LR: 0.000029
Epoch 2588/3000: 100%|█████████████| 16/16 [00:03<00:00,  4.09it/s, loss=0.0432]
Epoch 2588/3000 | Loss: 0.0415 | Best: 0.0238 | Time: 3.9s | Elapsed: 2.0h | ETA: 28m | LR: 0.000029
Epoch 2589/3000: 100%|█████████████| 16/16 [00:03<00:00,  4.06it/s, loss=0.0578]
Epoch 2589/3000 | Loss: 0.0519 | Best: 0.0238 | Time: 3.9s | Elapsed: 2.0h | ETA: 28m | LR: 0.000029
Epoch 2590/3000: 100%|█████████████| 16/16 [00:03<00:00,  4.09it/s, loss=0.0230]
Epoch 2590/3000 | Loss: 0.0576 | Best: 0.0238 | Time: 3.9s | Elapsed: 2.0h | ETA: 27m | LR: 0.000028
Epoch 2591/3000: 100%|█████████████| 16/16 [00:03<00:00,  4.06it/s, loss=0.0520]
Epoch 2591/3000 | Loss: 0.0534 | Best: 0.0238 | Time: 3.9s | Elapsed: 2.0h | ETA: 27m | LR: 0.000028
Epoch 2592/3000: 100%|█████████████| 16/16 [00:03<00:00,  4.12it/s, loss=0.0332]
Epoch 2592/3000 | Loss: 0.0470 | Best: 0.0238 | Time: 3.9s | Elapsed: 2.0h | ETA: 27m | LR: 0.000028
Epoch 2593/3000: 100%|█████████████| 16/16 [00:03<00:00,  4.10it/s, loss=0.0399]
Epoch 2593/3000 | Loss: 0.0415 | Best: 0.0238 | Time: 3.9s | Elapsed: 2.0h | ETA: 27m | LR: 0.000028
Epoch 2594/3000: 100%|█████████████| 16/16 [00:03<00:00,  4.04it/s, loss=0.0804]
Epoch 2594/3000 | Loss: 0.0418 | Best: 0.0238 | Time: 4.0s | Elapsed: 2.0h | ETA: 27m | LR: 0.000028
Epoch 2595/3000: 100%|█████████████| 16/16 [00:04<00:00,  3.96it/s, loss=0.0615]
Epoch 2595/3000 | Loss: 0.0498 | Best: 0.0238 | Time: 4.0s | Elapsed: 2.0h | ETA: 27m | LR: 0.000028
Epoch 2596/3000: 100%|█████████████| 16/16 [00:03<00:00,  4.05it/s, loss=0.0164]
Epoch 2596/3000 | Loss: 0.0458 | Best: 0.0238 | Time: 3.9s | Elapsed: 2.0h | ETA: 27m | LR: 0.000028
Epoch 2597/3000: 100%|█████████████| 16/16 [00:03<00:00,  4.10it/s, loss=0.0493]
Epoch 2597/3000 | Loss: 0.0485 | Best: 0.0238 | Time: 3.9s | Elapsed: 2.0h | ETA: 27m | LR: 0.000027
Epoch 2598/3000: 100%|█████████████| 16/16 [00:03<00:00,  4.12it/s, loss=0.0517]
Epoch 2598/3000 | Loss: 0.0501 | Best: 0.0238 | Time: 3.9s | Elapsed: 2.0h | ETA: 27m | LR: 0.000027
Epoch 2599/3000: 100%|█████████████| 16/16 [00:03<00:00,  4.12it/s, loss=0.0416]
Epoch 2599/3000 | Loss: 0.0591 | Best: 0.0238 | Time: 3.9s | Elapsed: 2.0h | ETA: 27m | LR: 0.000027
Epoch 2600/3000: 100%|█████████████| 16/16 [00:03<00:00,  4.08it/s, loss=0.0476]
Epoch 2600/3000 | Loss: 0.0445 | Best: 0.0238 | Time: 3.9s | Elapsed: 2.0h | ETA: 27m | LR: 0.000027
  Generating samples at epoch 2600...
DDIM Sampling: 100%|████████████████████████████| 50/50 [00:01<00:00, 25.18it/s]
DDIM Sampling: 100%|████████████████████████████| 50/50 [00:01<00:00, 25.26it/s]
DDIM Sampling: 100%|████████████████████████████| 50/50 [00:01<00:00, 25.22it/s]
Epoch 2601/3000: 100%|█████████████| 16/16 [00:03<00:00,  4.01it/s, loss=0.0079]
Epoch 2601/3000 | Loss: 0.0422 | Best: 0.0238 | Time: 4.0s | Elapsed: 2.0h | ETA: 27m | LR: 0.000027
Epoch 2602/3000: 100%|█████████████| 16/16 [00:03<00:00,  4.05it/s, loss=0.0725]
Epoch 2602/3000 | Loss: 0.0548 | Best: 0.0238 | Time: 4.0s | Elapsed: 2.0h | ETA: 27m | LR: 0.000027
Epoch 2603/3000: 100%|█████████████| 16/16 [00:03<00:00,  4.10it/s, loss=0.0338]
Epoch 2603/3000 | Loss: 0.0462 | Best: 0.0238 | Time: 3.9s | Elapsed: 2.0h | ETA: 27m | LR: 0.000027
Epoch 2604/3000: 100%|█████████████| 16/16 [00:03<00:00,  4.08it/s, loss=0.0412]
Epoch 2604/3000 | Loss: 0.0482 | Best: 0.0238 | Time: 3.9s | Elapsed: 2.0h | ETA: 27m | LR: 0.000027
Epoch 2605/3000: 100%|█████████████| 16/16 [00:03<00:00,  4.08it/s, loss=0.0474]
Epoch 2605/3000 | Loss: 0.0513 | Best: 0.0238 | Time: 3.9s | Elapsed: 2.0h | ETA: 26m | LR: 0.000026
Epoch 2606/3000: 100%|█████████████| 16/16 [00:03<00:00,  4.06it/s, loss=0.0507]
Epoch 2606/3000 | Loss: 0.0525 | Best: 0.0238 | Time: 3.9s | Elapsed: 2.0h | ETA: 26m | LR: 0.000026
Epoch 2607/3000: 100%|█████████████| 16/16 [00:03<00:00,  4.05it/s, loss=0.0727]
Epoch 2607/3000 | Loss: 0.0438 | Best: 0.0238 | Time: 3.9s | Elapsed: 2.0h | ETA: 26m | LR: 0.000026
Epoch 2608/3000: 100%|█████████████| 16/16 [00:03<00:00,  4.03it/s, loss=0.0474]
Epoch 2608/3000 | Loss: 0.0421 | Best: 0.0238 | Time: 4.0s | Elapsed: 2.0h | ETA: 26m | LR: 0.000026
Epoch 2609/3000: 100%|█████████████| 16/16 [00:03<00:00,  4.04it/s, loss=0.0145]
Epoch 2609/3000 | Loss: 0.0475 | Best: 0.0238 | Time: 4.0s | Elapsed: 2.0h | ETA: 26m | LR: 0.000026
Epoch 2610/3000: 100%|█████████████| 16/16 [00:04<00:00,  3.93it/s, loss=0.0834]
Epoch 2610/3000 | Loss: 0.0459 | Best: 0.0238 | Time: 4.1s | Elapsed: 2.0h | ETA: 26m | LR: 0.000026
Epoch 2611/3000: 100%|█████████████| 16/16 [00:03<00:00,  4.07it/s, loss=0.0279]
Epoch 2611/3000 | Loss: 0.0509 | Best: 0.0238 | Time: 3.9s | Elapsed: 2.0h | ETA: 26m | LR: 0.000026
Epoch 2612/3000: 100%|█████████████| 16/16 [00:03<00:00,  4.05it/s, loss=0.0764]
Epoch 2612/3000 | Loss: 0.0543 | Best: 0.0238 | Time: 4.0s | Elapsed: 2.0h | ETA: 26m | LR: 0.000026
Epoch 2613/3000: 100%|█████████████| 16/16 [00:03<00:00,  4.09it/s, loss=0.0426]
Epoch 2613/3000 | Loss: 0.0375 | Best: 0.0238 | Time: 3.9s | Elapsed: 2.0h | ETA: 26m | LR: 0.000025
Epoch 2614/3000: 100%|█████████████| 16/16 [00:03<00:00,  4.05it/s, loss=0.0362]
Epoch 2614/3000 | Loss: 0.0410 | Best: 0.0238 | Time: 4.0s | Elapsed: 2.0h | ETA: 26m | LR: 0.000025
Epoch 2615/3000: 100%|█████████████| 16/16 [00:03<00:00,  4.07it/s, loss=0.0642]
Epoch 2615/3000 | Loss: 0.0474 | Best: 0.0238 | Time: 3.9s | Elapsed: 2.0h | ETA: 26m | LR: 0.000025
Epoch 2616/3000: 100%|█████████████| 16/16 [00:03<00:00,  4.03it/s, loss=0.1213]
Epoch 2616/3000 | Loss: 0.0444 | Best: 0.0238 | Time: 4.0s | Elapsed: 2.0h | ETA: 26m | LR: 0.000025
Epoch 2617/3000: 100%|█████████████| 16/16 [00:03<00:00,  4.06it/s, loss=0.0922]
Epoch 2617/3000 | Loss: 0.0507 | Best: 0.0238 | Time: 3.9s | Elapsed: 2.0h | ETA: 26m | LR: 0.000025
Epoch 2618/3000: 100%|█████████████| 16/16 [00:04<00:00,  3.87it/s, loss=0.0497]
Epoch 2618/3000 | Loss: 0.0418 | Best: 0.0238 | Time: 4.1s | Elapsed: 2.0h | ETA: 26m | LR: 0.000025
Epoch 2619/3000: 100%|█████████████| 16/16 [00:03<00:00,  4.09it/s, loss=0.0229]
Epoch 2619/3000 | Loss: 0.0429 | Best: 0.0238 | Time: 3.9s | Elapsed: 2.0h | ETA: 26m | LR: 0.000025
Epoch 2620/3000: 100%|█████████████| 16/16 [00:03<00:00,  4.06it/s, loss=0.0106]
Epoch 2620/3000 | Loss: 0.0383 | Best: 0.0238 | Time: 3.9s | Elapsed: 2.0h | ETA: 25m | LR: 0.000024
Epoch 2621/3000: 100%|█████████████| 16/16 [00:03<00:00,  4.04it/s, loss=0.0466]
Epoch 2621/3000 | Loss: 0.0600 | Best: 0.0238 | Time: 4.0s | Elapsed: 2.0h | ETA: 25m | LR: 0.000024
Epoch 2622/3000: 100%|█████████████| 16/16 [00:03<00:00,  4.02it/s, loss=0.0228]
Epoch 2622/3000 | Loss: 0.0385 | Best: 0.0238 | Time: 4.0s | Elapsed: 2.0h | ETA: 25m | LR: 0.000024
Epoch 2623/3000: 100%|█████████████| 16/16 [00:03<00:00,  4.08it/s, loss=0.0523]
Epoch 2623/3000 | Loss: 0.0583 | Best: 0.0238 | Time: 3.9s | Elapsed: 2.0h | ETA: 25m | LR: 0.000024
Epoch 2624/3000: 100%|█████████████| 16/16 [00:03<00:00,  4.08it/s, loss=0.0128]
Epoch 2624/3000 | Loss: 0.0473 | Best: 0.0238 | Time: 3.9s | Elapsed: 2.0h | ETA: 25m | LR: 0.000024
Epoch 2625/3000: 100%|█████████████| 16/16 [00:03<00:00,  4.01it/s, loss=0.1334]
Epoch 2625/3000 | Loss: 0.0623 | Best: 0.0238 | Time: 4.0s | Elapsed: 2.0h | ETA: 25m | LR: 0.000024
  Generating samples at epoch 2625...
DDIM Sampling: 100%|████████████████████████████| 50/50 [00:02<00:00, 24.92it/s]
DDIM Sampling: 100%|████████████████████████████| 50/50 [00:02<00:00, 24.34it/s]
DDIM Sampling: 100%|████████████████████████████| 50/50 [00:01<00:00, 25.11it/s]
Epoch 2626/3000: 100%|█████████████| 16/16 [00:03<00:00,  4.06it/s, loss=0.0264]
Epoch 2626/3000 | Loss: 0.0551 | Best: 0.0238 | Time: 3.9s | Elapsed: 2.0h | ETA: 25m | LR: 0.000024
Epoch 2627/3000: 100%|█████████████| 16/16 [00:03<00:00,  4.08it/s, loss=0.0704]
Epoch 2627/3000 | Loss: 0.0644 | Best: 0.0238 | Time: 3.9s | Elapsed: 2.0h | ETA: 25m | LR: 0.000024
Epoch 2628/3000: 100%|█████████████| 16/16 [00:03<00:00,  4.08it/s, loss=0.0106]
Epoch 2628/3000 | Loss: 0.0401 | Best: 0.0238 | Time: 3.9s | Elapsed: 2.0h | ETA: 25m | LR: 0.000023
Epoch 2629/3000: 100%|█████████████| 16/16 [00:03<00:00,  4.06it/s, loss=0.0311]
Epoch 2629/3000 | Loss: 0.0527 | Best: 0.0238 | Time: 3.9s | Elapsed: 2.0h | ETA: 25m | LR: 0.000023
Epoch 2630/3000: 100%|█████████████| 16/16 [00:03<00:00,  4.04it/s, loss=0.0451]
Epoch 2630/3000 | Loss: 0.0513 | Best: 0.0238 | Time: 4.0s | Elapsed: 2.0h | ETA: 25m | LR: 0.000023
Epoch 2631/3000: 100%|█████████████| 16/16 [00:03<00:00,  4.03it/s, loss=0.0559]
Epoch 2631/3000 | Loss: 0.0512 | Best: 0.0238 | Time: 4.0s | Elapsed: 2.0h | ETA: 25m | LR: 0.000023
Epoch 2632/3000: 100%|█████████████| 16/16 [00:03<00:00,  4.06it/s, loss=0.1006]
Epoch 2632/3000 | Loss: 0.0429 | Best: 0.0238 | Time: 3.9s | Elapsed: 2.0h | ETA: 25m | LR: 0.000023
Epoch 2633/3000: 100%|█████████████| 16/16 [00:04<00:00,  3.94it/s, loss=0.0669]
Epoch 2633/3000 | Loss: 0.0496 | Best: 0.0238 | Time: 4.1s | Elapsed: 2.0h | ETA: 25m | LR: 0.000023
Epoch 2634/3000: 100%|█████████████| 16/16 [00:03<00:00,  4.10it/s, loss=0.0968]
Epoch 2634/3000 | Loss: 0.0410 | Best: 0.0238 | Time: 3.9s | Elapsed: 2.0h | ETA: 25m | LR: 0.000023
Epoch 2635/3000: 100%|█████████████| 16/16 [00:03<00:00,  4.07it/s, loss=0.0299]
Epoch 2635/3000 | Loss: 0.0480 | Best: 0.0238 | Time: 3.9s | Elapsed: 2.0h | ETA: 24m | LR: 0.000023
Epoch 2636/3000: 100%|█████████████| 16/16 [00:03<00:00,  4.05it/s, loss=0.0583]
Epoch 2636/3000 | Loss: 0.0573 | Best: 0.0238 | Time: 4.0s | Elapsed: 2.0h | ETA: 24m | LR: 0.000023
Epoch 2637/3000: 100%|█████████████| 16/16 [00:03<00:00,  4.10it/s, loss=0.0334]
Epoch 2637/3000 | Loss: 0.0437 | Best: 0.0238 | Time: 3.9s | Elapsed: 2.0h | ETA: 24m | LR: 0.000022
Epoch 2638/3000: 100%|█████████████| 16/16 [00:03<00:00,  4.06it/s, loss=0.0343]
Epoch 2638/3000 | Loss: 0.0393 | Best: 0.0238 | Time: 3.9s | Elapsed: 2.0h | ETA: 24m | LR: 0.000022
Epoch 2639/3000: 100%|█████████████| 16/16 [00:03<00:00,  4.08it/s, loss=0.0318]
Epoch 2639/3000 | Loss: 0.0360 | Best: 0.0238 | Time: 3.9s | Elapsed: 2.0h | ETA: 24m | LR: 0.000022
Epoch 2640/3000: 100%|█████████████| 16/16 [00:03<00:00,  4.09it/s, loss=0.0427]
Epoch 2640/3000 | Loss: 0.0474 | Best: 0.0238 | Time: 3.9s | Elapsed: 2.0h | ETA: 24m | LR: 0.000022
Epoch 2641/3000: 100%|█████████████| 16/16 [00:03<00:00,  4.05it/s, loss=0.0344]
Epoch 2641/3000 | Loss: 0.0401 | Best: 0.0238 | Time: 4.0s | Elapsed: 2.0h | ETA: 24m | LR: 0.000022
Epoch 2642/3000: 100%|█████████████| 16/16 [00:04<00:00,  3.99it/s, loss=0.0609]
Epoch 2642/3000 | Loss: 0.0365 | Best: 0.0238 | Time: 4.0s | Elapsed: 2.0h | ETA: 24m | LR: 0.000022
Epoch 2643/3000: 100%|█████████████| 16/16 [00:03<00:00,  4.06it/s, loss=0.0521]
Epoch 2643/3000 | Loss: 0.0483 | Best: 0.0238 | Time: 3.9s | Elapsed: 2.0h | ETA: 24m | LR: 0.000022
Epoch 2644/3000: 100%|█████████████| 16/16 [00:03<00:00,  4.12it/s, loss=0.0860]
Epoch 2644/3000 | Loss: 0.0394 | Best: 0.0238 | Time: 3.9s | Elapsed: 2.0h | ETA: 24m | LR: 0.000022
Epoch 2645/3000: 100%|█████████████| 16/16 [00:03<00:00,  4.05it/s, loss=0.0064]
Epoch 2645/3000 | Loss: 0.0388 | Best: 0.0238 | Time: 4.0s | Elapsed: 2.0h | ETA: 24m | LR: 0.000021
Epoch 2646/3000: 100%|█████████████| 16/16 [00:03<00:00,  4.03it/s, loss=0.0327]
Epoch 2646/3000 | Loss: 0.0404 | Best: 0.0238 | Time: 4.0s | Elapsed: 2.0h | ETA: 24m | LR: 0.000021
Epoch 2647/3000: 100%|█████████████| 16/16 [00:03<00:00,  4.06it/s, loss=0.1167]
Epoch 2647/3000 | Loss: 0.0567 | Best: 0.0238 | Time: 3.9s | Elapsed: 2.0h | ETA: 24m | LR: 0.000021
Epoch 2648/3000: 100%|█████████████| 16/16 [00:03<00:00,  4.12it/s, loss=0.0410]
Epoch 2648/3000 | Loss: 0.0434 | Best: 0.0238 | Time: 3.9s | Elapsed: 2.0h | ETA: 24m | LR: 0.000021
Epoch 2649/3000: 100%|█████████████| 16/16 [00:03<00:00,  4.08it/s, loss=0.0226]
Epoch 2649/3000 | Loss: 0.0430 | Best: 0.0238 | Time: 3.9s | Elapsed: 2.0h | ETA: 24m | LR: 0.000021
Epoch 2650/3000: 100%|█████████████| 16/16 [00:04<00:00,  3.93it/s, loss=0.0321]
Epoch 2650/3000 | Loss: 0.0411 | Best: 0.0238 | Time: 4.1s | Elapsed: 2.0h | ETA: 23m | LR: 0.000021
  Generating samples at epoch 2650...
DDIM Sampling: 100%|████████████████████████████| 50/50 [00:02<00:00, 24.91it/s]
DDIM Sampling: 100%|████████████████████████████| 50/50 [00:01<00:00, 25.14it/s]
DDIM Sampling: 100%|████████████████████████████| 50/50 [00:01<00:00, 25.12it/s]
Epoch 2651/3000: 100%|█████████████| 16/16 [00:03<00:00,  4.04it/s, loss=0.0151]
Epoch 2651/3000 | Loss: 0.0556 | Best: 0.0238 | Time: 4.0s | Elapsed: 2.0h | ETA: 23m | LR: 0.000021
Epoch 2652/3000: 100%|█████████████| 16/16 [00:03<00:00,  4.05it/s, loss=0.0349]
Epoch 2652/3000 | Loss: 0.0498 | Best: 0.0238 | Time: 4.0s | Elapsed: 2.0h | ETA: 23m | LR: 0.000021
Epoch 2653/3000: 100%|█████████████| 16/16 [00:03<00:00,  4.06it/s, loss=0.0151]
Epoch 2653/3000 | Loss: 0.0565 | Best: 0.0238 | Time: 3.9s | Elapsed: 2.0h | ETA: 23m | LR: 0.000021
Epoch 2654/3000: 100%|█████████████| 16/16 [00:03<00:00,  4.06it/s, loss=0.0774]
Epoch 2654/3000 | Loss: 0.0463 | Best: 0.0238 | Time: 3.9s | Elapsed: 2.0h | ETA: 23m | LR: 0.000020
Epoch 2655/3000: 100%|█████████████| 16/16 [00:03<00:00,  4.07it/s, loss=0.0465]
Epoch 2655/3000 | Loss: 0.0447 | Best: 0.0238 | Time: 3.9s | Elapsed: 2.0h | ETA: 23m | LR: 0.000020
Epoch 2656/3000: 100%|█████████████| 16/16 [00:03<00:00,  4.02it/s, loss=0.0705]
Epoch 2656/3000 | Loss: 0.0392 | Best: 0.0238 | Time: 4.0s | Elapsed: 2.0h | ETA: 23m | LR: 0.000020
Epoch 2657/3000: 100%|█████████████| 16/16 [00:04<00:00,  3.87it/s, loss=0.0405]
Epoch 2657/3000 | Loss: 0.0394 | Best: 0.0238 | Time: 4.1s | Elapsed: 2.0h | ETA: 23m | LR: 0.000020
Epoch 2658/3000: 100%|█████████████| 16/16 [00:03<00:00,  4.10it/s, loss=0.0397]
Epoch 2658/3000 | Loss: 0.0486 | Best: 0.0238 | Time: 3.9s | Elapsed: 2.0h | ETA: 23m | LR: 0.000020
Epoch 2659/3000: 100%|█████████████| 16/16 [00:03<00:00,  4.08it/s, loss=0.0330]
Epoch 2659/3000 | Loss: 0.0438 | Best: 0.0238 | Time: 3.9s | Elapsed: 2.0h | ETA: 23m | LR: 0.000020
Epoch 2660/3000: 100%|█████████████| 16/16 [00:03<00:00,  4.05it/s, loss=0.0408]
Epoch 2660/3000 | Loss: 0.0460 | Best: 0.0238 | Time: 4.0s | Elapsed: 2.0h | ETA: 23m | LR: 0.000020
Epoch 2661/3000: 100%|█████████████| 16/16 [00:03<00:00,  4.06it/s, loss=0.0157]
Epoch 2661/3000 | Loss: 0.0373 | Best: 0.0238 | Time: 3.9s | Elapsed: 2.0h | ETA: 23m | LR: 0.000020
Epoch 2662/3000: 100%|█████████████| 16/16 [00:03<00:00,  4.04it/s, loss=0.0621]
Epoch 2662/3000 | Loss: 0.0379 | Best: 0.0238 | Time: 4.0s | Elapsed: 2.0h | ETA: 23m | LR: 0.000019
Epoch 2663/3000: 100%|█████████████| 16/16 [00:03<00:00,  4.07it/s, loss=0.0216]
Epoch 2663/3000 | Loss: 0.0526 | Best: 0.0238 | Time: 3.9s | Elapsed: 2.0h | ETA: 23m | LR: 0.000019
Epoch 2664/3000: 100%|█████████████| 16/16 [00:03<00:00,  4.06it/s, loss=0.0661]
Epoch 2664/3000 | Loss: 0.0511 | Best: 0.0238 | Time: 3.9s | Elapsed: 2.1h | ETA: 23m | LR: 0.000019
Epoch 2665/3000: 100%|█████████████| 16/16 [00:04<00:00,  3.99it/s, loss=0.0183]
Epoch 2665/3000 | Loss: 0.0546 | Best: 0.0238 | Time: 4.0s | Elapsed: 2.1h | ETA: 22m | LR: 0.000019
Epoch 2666/3000: 100%|█████████████| 16/16 [00:03<00:00,  4.03it/s, loss=0.0437]
Epoch 2666/3000 | Loss: 0.0406 | Best: 0.0238 | Time: 4.0s | Elapsed: 2.1h | ETA: 22m | LR: 0.000019
Epoch 2667/3000: 100%|█████████████| 16/16 [00:03<00:00,  4.04it/s, loss=0.1344]
Epoch 2667/3000 | Loss: 0.0596 | Best: 0.0238 | Time: 4.0s | Elapsed: 2.1h | ETA: 22m | LR: 0.000019
Epoch 2668/3000: 100%|█████████████| 16/16 [00:03<00:00,  4.08it/s, loss=0.0654]
Epoch 2668/3000 | Loss: 0.0658 | Best: 0.0238 | Time: 3.9s | Elapsed: 2.1h | ETA: 22m | LR: 0.000019
Epoch 2669/3000: 100%|█████████████| 16/16 [00:03<00:00,  4.05it/s, loss=0.0423]
Epoch 2669/3000 | Loss: 0.0403 | Best: 0.0238 | Time: 3.9s | Elapsed: 2.1h | ETA: 22m | LR: 0.000019
Epoch 2670/3000: 100%|█████████████| 16/16 [00:03<00:00,  4.04it/s, loss=0.0450]
Epoch 2670/3000 | Loss: 0.0495 | Best: 0.0238 | Time: 4.0s | Elapsed: 2.1h | ETA: 22m | LR: 0.000019
Epoch 2671/3000: 100%|█████████████| 16/16 [00:03<00:00,  4.07it/s, loss=0.0179]
Epoch 2671/3000 | Loss: 0.0533 | Best: 0.0238 | Time: 3.9s | Elapsed: 2.1h | ETA: 22m | LR: 0.000018
Epoch 2672/3000: 100%|█████████████| 16/16 [00:03<00:00,  4.07it/s, loss=0.0515]
Epoch 2672/3000 | Loss: 0.0467 | Best: 0.0238 | Time: 3.9s | Elapsed: 2.1h | ETA: 22m | LR: 0.000018
Epoch 2673/3000: 100%|█████████████| 16/16 [00:03<00:00,  4.05it/s, loss=0.0194]
Epoch 2673/3000 | Loss: 0.0446 | Best: 0.0238 | Time: 4.0s | Elapsed: 2.1h | ETA: 22m | LR: 0.000018
Epoch 2674/3000: 100%|█████████████| 16/16 [00:04<00:00,  3.93it/s, loss=0.0615]
Epoch 2674/3000 | Loss: 0.0443 | Best: 0.0238 | Time: 4.1s | Elapsed: 2.1h | ETA: 22m | LR: 0.000018
Epoch 2675/3000: 100%|█████████████| 16/16 [00:03<00:00,  4.09it/s, loss=0.0457]
Epoch 2675/3000 | Loss: 0.0503 | Best: 0.0238 | Time: 3.9s | Elapsed: 2.1h | ETA: 22m | LR: 0.000018
  Generating samples at epoch 2675...
DDIM Sampling: 100%|████████████████████████████| 50/50 [00:01<00:00, 25.02it/s]
DDIM Sampling: 100%|████████████████████████████| 50/50 [00:01<00:00, 25.05it/s]
DDIM Sampling: 100%|████████████████████████████| 50/50 [00:01<00:00, 25.02it/s]
Epoch 2676/3000: 100%|█████████████| 16/16 [00:03<00:00,  4.08it/s, loss=0.0395]
Epoch 2676/3000 | Loss: 0.0399 | Best: 0.0238 | Time: 3.9s | Elapsed: 2.1h | ETA: 22m | LR: 0.000018
Epoch 2677/3000: 100%|█████████████| 16/16 [00:03<00:00,  4.03it/s, loss=0.0057]
Epoch 2677/3000 | Loss: 0.0428 | Best: 0.0238 | Time: 4.0s | Elapsed: 2.1h | ETA: 22m | LR: 0.000018
Epoch 2678/3000: 100%|█████████████| 16/16 [00:03<00:00,  4.03it/s, loss=0.0272]
Epoch 2678/3000 | Loss: 0.0491 | Best: 0.0238 | Time: 4.0s | Elapsed: 2.1h | ETA: 22m | LR: 0.000018
Epoch 2679/3000: 100%|█████████████| 16/16 [00:03<00:00,  4.04it/s, loss=0.0859]
Epoch 2679/3000 | Loss: 0.0439 | Best: 0.0238 | Time: 4.0s | Elapsed: 2.1h | ETA: 21m | LR: 0.000018
Epoch 2680/3000: 100%|█████████████| 16/16 [00:03<00:00,  4.01it/s, loss=0.0281]
Epoch 2680/3000 | Loss: 0.0505 | Best: 0.0238 | Time: 4.0s | Elapsed: 2.1h | ETA: 21m | LR: 0.000018
Epoch 2681/3000: 100%|█████████████| 16/16 [00:04<00:00,  3.91it/s, loss=0.0469]
Epoch 2681/3000 | Loss: 0.0676 | Best: 0.0238 | Time: 4.1s | Elapsed: 2.1h | ETA: 21m | LR: 0.000017
Epoch 2682/3000: 100%|█████████████| 16/16 [00:03<00:00,  4.08it/s, loss=0.0940]
Epoch 2682/3000 | Loss: 0.0477 | Best: 0.0238 | Time: 3.9s | Elapsed: 2.1h | ETA: 21m | LR: 0.000017
Epoch 2683/3000: 100%|█████████████| 16/16 [00:03<00:00,  4.05it/s, loss=0.0574]
Epoch 2683/3000 | Loss: 0.0444 | Best: 0.0238 | Time: 4.0s | Elapsed: 2.1h | ETA: 21m | LR: 0.000017
Epoch 2684/3000: 100%|█████████████| 16/16 [00:03<00:00,  4.07it/s, loss=0.0586]
Epoch 2684/3000 | Loss: 0.0420 | Best: 0.0238 | Time: 3.9s | Elapsed: 2.1h | ETA: 21m | LR: 0.000017
Epoch 2685/3000: 100%|█████████████| 16/16 [00:03<00:00,  4.06it/s, loss=0.0599]
Epoch 2685/3000 | Loss: 0.0577 | Best: 0.0238 | Time: 3.9s | Elapsed: 2.1h | ETA: 21m | LR: 0.000017
Epoch 2686/3000: 100%|█████████████| 16/16 [00:03<00:00,  4.04it/s, loss=0.0130]
Epoch 2686/3000 | Loss: 0.0569 | Best: 0.0238 | Time: 4.0s | Elapsed: 2.1h | ETA: 21m | LR: 0.000017
Epoch 2687/3000: 100%|█████████████| 16/16 [00:03<00:00,  4.07it/s, loss=0.0261]
Epoch 2687/3000 | Loss: 0.0371 | Best: 0.0238 | Time: 3.9s | Elapsed: 2.1h | ETA: 21m | LR: 0.000017
Epoch 2688/3000: 100%|█████████████| 16/16 [00:03<00:00,  4.09it/s, loss=0.0611]
Epoch 2688/3000 | Loss: 0.0412 | Best: 0.0238 | Time: 3.9s | Elapsed: 2.1h | ETA: 21m | LR: 0.000017
Epoch 2689/3000: 100%|█████████████| 16/16 [00:04<00:00,  3.86it/s, loss=0.0392]
Epoch 2689/3000 | Loss: 0.0381 | Best: 0.0238 | Time: 4.1s | Elapsed: 2.1h | ETA: 21m | LR: 0.000017
Epoch 2690/3000: 100%|█████████████| 16/16 [00:03<00:00,  4.08it/s, loss=0.0479]
Epoch 2690/3000 | Loss: 0.0466 | Best: 0.0238 | Time: 3.9s | Elapsed: 2.1h | ETA: 21m | LR: 0.000016
Epoch 2691/3000: 100%|█████████████| 16/16 [00:03<00:00,  4.03it/s, loss=0.0669]
Epoch 2691/3000 | Loss: 0.0297 | Best: 0.0238 | Time: 4.0s | Elapsed: 2.1h | ETA: 21m | LR: 0.000016
Epoch 2692/3000: 100%|█████████████| 16/16 [00:03<00:00,  4.09it/s, loss=0.0923]
Epoch 2692/3000 | Loss: 0.0440 | Best: 0.0238 | Time: 3.9s | Elapsed: 2.1h | ETA: 21m | LR: 0.000016
Epoch 2693/3000: 100%|█████████████| 16/16 [00:04<00:00,  3.99it/s, loss=0.0772]
Epoch 2693/3000 | Loss: 0.0450 | Best: 0.0238 | Time: 4.0s | Elapsed: 2.1h | ETA: 21m | LR: 0.000016
Epoch 2694/3000: 100%|█████████████| 16/16 [00:03<00:00,  4.04it/s, loss=0.0511]
Epoch 2694/3000 | Loss: 0.0488 | Best: 0.0238 | Time: 4.0s | Elapsed: 2.1h | ETA: 20m | LR: 0.000016
Epoch 2695/3000: 100%|█████████████| 16/16 [00:03<00:00,  4.09it/s, loss=0.0524]
Epoch 2695/3000 | Loss: 0.0393 | Best: 0.0238 | Time: 3.9s | Elapsed: 2.1h | ETA: 20m | LR: 0.000016
Epoch 2696/3000: 100%|█████████████| 16/16 [00:03<00:00,  4.01it/s, loss=0.0604]
Epoch 2696/3000 | Loss: 0.0420 | Best: 0.0238 | Time: 4.0s | Elapsed: 2.1h | ETA: 20m | LR: 0.000016
Epoch 2697/3000: 100%|█████████████| 16/16 [00:03<00:00,  4.04it/s, loss=0.0559]
Epoch 2697/3000 | Loss: 0.0386 | Best: 0.0238 | Time: 4.0s | Elapsed: 2.1h | ETA: 20m | LR: 0.000016
Epoch 2698/3000: 100%|█████████████| 16/16 [00:04<00:00,  3.96it/s, loss=0.0140]
Epoch 2698/3000 | Loss: 0.0431 | Best: 0.0238 | Time: 4.0s | Elapsed: 2.1h | ETA: 20m | LR: 0.000016
Epoch 2699/3000: 100%|█████████████| 16/16 [00:03<00:00,  4.07it/s, loss=0.0161]
Epoch 2699/3000 | Loss: 0.0352 | Best: 0.0238 | Time: 3.9s | Elapsed: 2.1h | ETA: 20m | LR: 0.000016
Epoch 2700/3000: 100%|█████████████| 16/16 [00:03<00:00,  4.04it/s, loss=0.0918]
Epoch 2700/3000 | Loss: 0.0532 | Best: 0.0238 | Time: 4.0s | Elapsed: 2.1h | ETA: 20m | LR: 0.000015
  Generating samples at epoch 2700...
DDIM Sampling: 100%|████████████████████████████| 50/50 [00:01<00:00, 25.18it/s]
DDIM Sampling: 100%|████████████████████████████| 50/50 [00:01<00:00, 25.14it/s]
DDIM Sampling: 100%|████████████████████████████| 50/50 [00:01<00:00, 25.04it/s]
Epoch 2701/3000: 100%|█████████████| 16/16 [00:03<00:00,  4.02it/s, loss=0.0482]
Epoch 2701/3000 | Loss: 0.0594 | Best: 0.0238 | Time: 4.0s | Elapsed: 2.1h | ETA: 20m | LR: 0.000015
Epoch 2702/3000: 100%|█████████████| 16/16 [00:03<00:00,  4.03it/s, loss=0.0551]
Epoch 2702/3000 | Loss: 0.0483 | Best: 0.0238 | Time: 4.0s | Elapsed: 2.1h | ETA: 20m | LR: 0.000015
Epoch 2703/3000: 100%|█████████████| 16/16 [00:03<00:00,  4.07it/s, loss=0.0609]
Epoch 2703/3000 | Loss: 0.0606 | Best: 0.0238 | Time: 3.9s | Elapsed: 2.1h | ETA: 20m | LR: 0.000015
Epoch 2704/3000: 100%|█████████████| 16/16 [00:04<00:00,  3.89it/s, loss=0.0633]
Epoch 2704/3000 | Loss: 0.0493 | Best: 0.0238 | Time: 4.1s | Elapsed: 2.1h | ETA: 20m | LR: 0.000015
Epoch 2705/3000: 100%|█████████████| 16/16 [00:03<00:00,  4.03it/s, loss=0.0832]
Epoch 2705/3000 | Loss: 0.0480 | Best: 0.0238 | Time: 4.0s | Elapsed: 2.1h | ETA: 20m | LR: 0.000015
Epoch 2706/3000: 100%|█████████████| 16/16 [00:03<00:00,  4.05it/s, loss=0.0917]
Epoch 2706/3000 | Loss: 0.0459 | Best: 0.0238 | Time: 3.9s | Elapsed: 2.1h | ETA: 20m | LR: 0.000015
Epoch 2707/3000: 100%|█████████████| 16/16 [00:03<00:00,  4.03it/s, loss=0.0094]
Epoch 2707/3000 | Loss: 0.0419 | Best: 0.0238 | Time: 4.0s | Elapsed: 2.1h | ETA: 20m | LR: 0.000015
Epoch 2708/3000: 100%|█████████████| 16/16 [00:03<00:00,  4.02it/s, loss=0.0742]
Epoch 2708/3000 | Loss: 0.0525 | Best: 0.0238 | Time: 4.0s | Elapsed: 2.1h | ETA: 20m | LR: 0.000015
Epoch 2709/3000: 100%|█████████████| 16/16 [00:03<00:00,  4.01it/s, loss=0.1002]
Epoch 2709/3000 | Loss: 0.0546 | Best: 0.0238 | Time: 4.0s | Elapsed: 2.1h | ETA: 19m | LR: 0.000015
Epoch 2710/3000: 100%|█████████████| 16/16 [00:03<00:00,  4.06it/s, loss=0.0218]
Epoch 2710/3000 | Loss: 0.0487 | Best: 0.0238 | Time: 3.9s | Elapsed: 2.1h | ETA: 19m | LR: 0.000014
Epoch 2711/3000: 100%|█████████████| 16/16 [00:03<00:00,  4.04it/s, loss=0.0089]
Epoch 2711/3000 | Loss: 0.0406 | Best: 0.0238 | Time: 4.0s | Elapsed: 2.1h | ETA: 19m | LR: 0.000014
Epoch 2712/3000: 100%|█████████████| 16/16 [00:03<00:00,  4.04it/s, loss=0.0261]
Epoch 2712/3000 | Loss: 0.0370 | Best: 0.0238 | Time: 4.0s | Elapsed: 2.1h | ETA: 19m | LR: 0.000014
Epoch 2713/3000: 100%|█████████████| 16/16 [00:04<00:00,  4.00it/s, loss=0.0150]
Epoch 2713/3000 | Loss: 0.0372 | Best: 0.0238 | Time: 4.0s | Elapsed: 2.1h | ETA: 19m | LR: 0.000014
Epoch 2714/3000: 100%|█████████████| 16/16 [00:03<00:00,  4.03it/s, loss=0.1156]
Epoch 2714/3000 | Loss: 0.0609 | Best: 0.0238 | Time: 4.0s | Elapsed: 2.1h | ETA: 19m | LR: 0.000014
Epoch 2715/3000: 100%|█████████████| 16/16 [00:03<00:00,  4.07it/s, loss=0.0643]
Epoch 2715/3000 | Loss: 0.0600 | Best: 0.0238 | Time: 3.9s | Elapsed: 2.1h | ETA: 19m | LR: 0.000014
Epoch 2716/3000: 100%|█████████████| 16/16 [00:03<00:00,  4.03it/s, loss=0.0543]
Epoch 2716/3000 | Loss: 0.0454 | Best: 0.0238 | Time: 4.0s | Elapsed: 2.1h | ETA: 19m | LR: 0.000014
Epoch 2717/3000: 100%|█████████████| 16/16 [00:03<00:00,  4.04it/s, loss=0.0161]
Epoch 2717/3000 | Loss: 0.0400 | Best: 0.0238 | Time: 4.0s | Elapsed: 2.1h | ETA: 19m | LR: 0.000014
Epoch 2718/3000: 100%|█████████████| 16/16 [00:03<00:00,  4.07it/s, loss=0.0406]
Epoch 2718/3000 | Loss: 0.0487 | Best: 0.0238 | Time: 3.9s | Elapsed: 2.1h | ETA: 19m | LR: 0.000014
Epoch 2719/3000: 100%|█████████████| 16/16 [00:03<00:00,  4.06it/s, loss=0.0312]
Epoch 2719/3000 | Loss: 0.0359 | Best: 0.0238 | Time: 3.9s | Elapsed: 2.1h | ETA: 19m | LR: 0.000014
Epoch 2720/3000: 100%|█████████████| 16/16 [00:03<00:00,  4.07it/s, loss=0.0664]
Epoch 2720/3000 | Loss: 0.0525 | Best: 0.0238 | Time: 3.9s | Elapsed: 2.1h | ETA: 19m | LR: 0.000013
Epoch 2721/3000: 100%|█████████████| 16/16 [00:04<00:00,  3.88it/s, loss=0.0208]
Epoch 2721/3000 | Loss: 0.0486 | Best: 0.0238 | Time: 4.1s | Elapsed: 2.1h | ETA: 19m | LR: 0.000013
Epoch 2722/3000: 100%|█████████████| 16/16 [00:03<00:00,  4.01it/s, loss=0.0235]
Epoch 2722/3000 | Loss: 0.0359 | Best: 0.0238 | Time: 4.0s | Elapsed: 2.1h | ETA: 19m | LR: 0.000013
Epoch 2723/3000: 100%|█████████████| 16/16 [00:03<00:00,  4.07it/s, loss=0.0491]
Epoch 2723/3000 | Loss: 0.0457 | Best: 0.0238 | Time: 3.9s | Elapsed: 2.1h | ETA: 19m | LR: 0.000013
Epoch 2724/3000: 100%|█████████████| 16/16 [00:03<00:00,  4.02it/s, loss=0.0111]
Epoch 2724/3000 | Loss: 0.0465 | Best: 0.0238 | Time: 4.0s | Elapsed: 2.1h | ETA: 18m | LR: 0.000013
Epoch 2725/3000: 100%|█████████████| 16/16 [00:03<00:00,  4.06it/s, loss=0.1236]
Epoch 2725/3000 | Loss: 0.0539 | Best: 0.0238 | Time: 3.9s | Elapsed: 2.1h | ETA: 18m | LR: 0.000013
  Generating samples at epoch 2725...
DDIM Sampling: 100%|████████████████████████████| 50/50 [00:02<00:00, 24.99it/s]
DDIM Sampling: 100%|████████████████████████████| 50/50 [00:01<00:00, 25.04it/s]
DDIM Sampling: 100%|████████████████████████████| 50/50 [00:02<00:00, 24.88it/s]
Epoch 2726/3000: 100%|█████████████| 16/16 [00:03<00:00,  4.05it/s, loss=0.0352]
Epoch 2726/3000 | Loss: 0.0368 | Best: 0.0238 | Time: 3.9s | Elapsed: 2.1h | ETA: 18m | LR: 0.000013
Epoch 2727/3000: 100%|█████████████| 16/16 [00:03<00:00,  4.00it/s, loss=0.0664]
Epoch 2727/3000 | Loss: 0.0449 | Best: 0.0238 | Time: 4.0s | Elapsed: 2.1h | ETA: 18m | LR: 0.000013
Epoch 2728/3000: 100%|█████████████| 16/16 [00:04<00:00,  3.84it/s, loss=0.0379]
Epoch 2728/3000 | Loss: 0.0370 | Best: 0.0238 | Time: 4.2s | Elapsed: 2.1h | ETA: 18m | LR: 0.000013
Epoch 2729/3000: 100%|█████████████| 16/16 [00:03<00:00,  4.09it/s, loss=0.0252]
Epoch 2729/3000 | Loss: 0.0475 | Best: 0.0238 | Time: 3.9s | Elapsed: 2.1h | ETA: 18m | LR: 0.000013
Epoch 2730/3000: 100%|█████████████| 16/16 [00:03<00:00,  4.04it/s, loss=0.0518]
Epoch 2730/3000 | Loss: 0.0490 | Best: 0.0238 | Time: 4.0s | Elapsed: 2.1h | ETA: 18m | LR: 0.000013
Epoch 2731/3000: 100%|█████████████| 16/16 [00:03<00:00,  4.08it/s, loss=0.0215]
Epoch 2731/3000 | Loss: 0.0480 | Best: 0.0238 | Time: 3.9s | Elapsed: 2.1h | ETA: 18m | LR: 0.000012
Epoch 2732/3000: 100%|█████████████| 16/16 [00:03<00:00,  4.07it/s, loss=0.0071]
Epoch 2732/3000 | Loss: 0.0502 | Best: 0.0238 | Time: 3.9s | Elapsed: 2.1h | ETA: 18m | LR: 0.000012
Epoch 2733/3000: 100%|█████████████| 16/16 [00:03<00:00,  4.01it/s, loss=0.0861]
Epoch 2733/3000 | Loss: 0.0437 | Best: 0.0238 | Time: 4.0s | Elapsed: 2.1h | ETA: 18m | LR: 0.000012
Epoch 2734/3000: 100%|█████████████| 16/16 [00:03<00:00,  4.07it/s, loss=0.0439]
Epoch 2734/3000 | Loss: 0.0494 | Best: 0.0238 | Time: 3.9s | Elapsed: 2.1h | ETA: 18m | LR: 0.000012
Epoch 2735/3000: 100%|█████████████| 16/16 [00:03<00:00,  4.05it/s, loss=0.1520]
Epoch 2735/3000 | Loss: 0.0508 | Best: 0.0238 | Time: 4.0s | Elapsed: 2.1h | ETA: 18m | LR: 0.000012
Epoch 2736/3000: 100%|█████████████| 16/16 [00:04<00:00,  3.94it/s, loss=0.0999]
Epoch 2736/3000 | Loss: 0.0480 | Best: 0.0238 | Time: 4.1s | Elapsed: 2.1h | ETA: 18m | LR: 0.000012
Epoch 2737/3000: 100%|█████████████| 16/16 [00:03<00:00,  4.06it/s, loss=0.0222]
Epoch 2737/3000 | Loss: 0.0552 | Best: 0.0238 | Time: 3.9s | Elapsed: 2.1h | ETA: 18m | LR: 0.000012
Epoch 2738/3000: 100%|█████████████| 16/16 [00:03<00:00,  4.03it/s, loss=0.0134]
Epoch 2738/3000 | Loss: 0.0315 | Best: 0.0238 | Time: 4.0s | Elapsed: 2.1h | ETA: 18m | LR: 0.000012
Epoch 2739/3000: 100%|█████████████| 16/16 [00:03<00:00,  4.09it/s, loss=0.0081]
Epoch 2739/3000 | Loss: 0.0342 | Best: 0.0238 | Time: 3.9s | Elapsed: 2.1h | ETA: 17m | LR: 0.000012
Epoch 2740/3000: 100%|█████████████| 16/16 [00:03<00:00,  4.06it/s, loss=0.0927]
Epoch 2740/3000 | Loss: 0.0492 | Best: 0.0238 | Time: 3.9s | Elapsed: 2.1h | ETA: 17m | LR: 0.000012
Epoch 2741/3000: 100%|█████████████| 16/16 [00:03<00:00,  4.03it/s, loss=0.0960]
Epoch 2741/3000 | Loss: 0.0430 | Best: 0.0238 | Time: 4.0s | Elapsed: 2.1h | ETA: 17m | LR: 0.000012
Epoch 2742/3000: 100%|█████████████| 16/16 [00:03<00:00,  4.06it/s, loss=0.0603]
Epoch 2742/3000 | Loss: 0.0465 | Best: 0.0238 | Time: 3.9s | Elapsed: 2.1h | ETA: 17m | LR: 0.000011
Epoch 2743/3000: 100%|█████████████| 16/16 [00:03<00:00,  4.04it/s, loss=0.0410]
Epoch 2743/3000 | Loss: 0.0371 | Best: 0.0238 | Time: 4.0s | Elapsed: 2.1h | ETA: 17m | LR: 0.000011
Epoch 2744/3000: 100%|█████████████| 16/16 [00:04<00:00,  3.98it/s, loss=0.0252]
Epoch 2744/3000 | Loss: 0.0440 | Best: 0.0238 | Time: 4.0s | Elapsed: 2.1h | ETA: 17m | LR: 0.000011
Epoch 2745/3000: 100%|█████████████| 16/16 [00:04<00:00,  3.97it/s, loss=0.0141]
Epoch 2745/3000 | Loss: 0.0434 | Best: 0.0238 | Time: 4.0s | Elapsed: 2.1h | ETA: 17m | LR: 0.000011
Epoch 2746/3000: 100%|█████████████| 16/16 [00:03<00:00,  4.07it/s, loss=0.0264]
Epoch 2746/3000 | Loss: 0.0411 | Best: 0.0238 | Time: 3.9s | Elapsed: 2.1h | ETA: 17m | LR: 0.000011
Epoch 2747/3000: 100%|█████████████| 16/16 [00:03<00:00,  4.03it/s, loss=0.0584]
Epoch 2747/3000 | Loss: 0.0495 | Best: 0.0238 | Time: 4.0s | Elapsed: 2.1h | ETA: 17m | LR: 0.000011
Epoch 2748/3000: 100%|█████████████| 16/16 [00:03<00:00,  4.08it/s, loss=0.0278]
Epoch 2748/3000 | Loss: 0.0428 | Best: 0.0238 | Time: 3.9s | Elapsed: 2.1h | ETA: 17m | LR: 0.000011
Epoch 2749/3000: 100%|█████████████| 16/16 [00:03<00:00,  4.08it/s, loss=0.0415]
Epoch 2749/3000 | Loss: 0.0472 | Best: 0.0238 | Time: 3.9s | Elapsed: 2.2h | ETA: 17m | LR: 0.000011
Epoch 2750/3000: 100%|█████████████| 16/16 [00:03<00:00,  4.08it/s, loss=0.0545]
Epoch 2750/3000 | Loss: 0.0481 | Best: 0.0238 | Time: 3.9s | Elapsed: 2.2h | ETA: 17m | LR: 0.000011
  Generating samples at epoch 2750...
DDIM Sampling: 100%|████████████████████████████| 50/50 [00:01<00:00, 25.18it/s]
DDIM Sampling: 100%|████████████████████████████| 50/50 [00:01<00:00, 25.19it/s]
DDIM Sampling: 100%|████████████████████████████| 50/50 [00:01<00:00, 25.15it/s]
Epoch 2751/3000: 100%|█████████████| 16/16 [00:03<00:00,  4.04it/s, loss=0.0664]
Epoch 2751/3000 | Loss: 0.0668 | Best: 0.0238 | Time: 4.0s | Elapsed: 2.2h | ETA: 17m | LR: 0.000011
Epoch 2752/3000: 100%|█████████████| 16/16 [00:04<00:00,  3.97it/s, loss=0.0314]
Epoch 2752/3000 | Loss: 0.0528 | Best: 0.0238 | Time: 4.0s | Elapsed: 2.2h | ETA: 17m | LR: 0.000011
Epoch 2753/3000: 100%|█████████████| 16/16 [00:03<00:00,  4.09it/s, loss=0.0713]
Epoch 2753/3000 | Loss: 0.0394 | Best: 0.0238 | Time: 3.9s | Elapsed: 2.2h | ETA: 17m | LR: 0.000011
Epoch 2754/3000: 100%|█████████████| 16/16 [00:03<00:00,  4.09it/s, loss=0.0098]
Epoch 2754/3000 | Loss: 0.0496 | Best: 0.0238 | Time: 3.9s | Elapsed: 2.2h | ETA: 16m | LR: 0.000010
Epoch 2755/3000: 100%|█████████████| 16/16 [00:03<00:00,  4.12it/s, loss=0.0238]
Epoch 2755/3000 | Loss: 0.0461 | Best: 0.0238 | Time: 3.9s | Elapsed: 2.2h | ETA: 16m | LR: 0.000010
Epoch 2756/3000: 100%|█████████████| 16/16 [00:03<00:00,  4.09it/s, loss=0.0153]
Epoch 2756/3000 | Loss: 0.0325 | Best: 0.0238 | Time: 3.9s | Elapsed: 2.2h | ETA: 16m | LR: 0.000010
Epoch 2757/3000: 100%|█████████████| 16/16 [00:03<00:00,  4.05it/s, loss=0.0194]
Epoch 2757/3000 | Loss: 0.0281 | Best: 0.0238 | Time: 4.0s | Elapsed: 2.2h | ETA: 16m | LR: 0.000010
Epoch 2758/3000: 100%|█████████████| 16/16 [00:03<00:00,  4.10it/s, loss=0.0395]
Epoch 2758/3000 | Loss: 0.0498 | Best: 0.0238 | Time: 3.9s | Elapsed: 2.2h | ETA: 16m | LR: 0.000010
Epoch 2759/3000: 100%|█████████████| 16/16 [00:03<00:00,  4.05it/s, loss=0.0056]
Epoch 2759/3000 | Loss: 0.0377 | Best: 0.0238 | Time: 4.0s | Elapsed: 2.2h | ETA: 16m | LR: 0.000010
Epoch 2760/3000: 100%|█████████████| 16/16 [00:04<00:00,  3.91it/s, loss=0.0534]
Epoch 2760/3000 | Loss: 0.0441 | Best: 0.0238 | Time: 4.1s | Elapsed: 2.2h | ETA: 16m | LR: 0.000010
Epoch 2761/3000: 100%|█████████████| 16/16 [00:03<00:00,  4.08it/s, loss=0.0455]
Epoch 2761/3000 | Loss: 0.0446 | Best: 0.0238 | Time: 3.9s | Elapsed: 2.2h | ETA: 16m | LR: 0.000010
Epoch 2762/3000: 100%|█████████████| 16/16 [00:03<00:00,  4.03it/s, loss=0.0492]
Epoch 2762/3000 | Loss: 0.0492 | Best: 0.0238 | Time: 4.0s | Elapsed: 2.2h | ETA: 16m | LR: 0.000010
Epoch 2763/3000: 100%|█████████████| 16/16 [00:03<00:00,  4.07it/s, loss=0.0475]
Epoch 2763/3000 | Loss: 0.0611 | Best: 0.0238 | Time: 3.9s | Elapsed: 2.2h | ETA: 16m | LR: 0.000010
Epoch 2764/3000: 100%|█████████████| 16/16 [00:03<00:00,  4.05it/s, loss=0.0582]
Epoch 2764/3000 | Loss: 0.0461 | Best: 0.0238 | Time: 4.0s | Elapsed: 2.2h | ETA: 16m | LR: 0.000010
Epoch 2765/3000: 100%|█████████████| 16/16 [00:03<00:00,  4.06it/s, loss=0.0778]
Epoch 2765/3000 | Loss: 0.0392 | Best: 0.0238 | Time: 3.9s | Elapsed: 2.2h | ETA: 16m | LR: 0.000010
Epoch 2766/3000: 100%|█████████████| 16/16 [00:03<00:00,  4.04it/s, loss=0.0692]
Epoch 2766/3000 | Loss: 0.0401 | Best: 0.0238 | Time: 4.0s | Elapsed: 2.2h | ETA: 16m | LR: 0.000009
Epoch 2767/3000: 100%|█████████████| 16/16 [00:03<00:00,  4.03it/s, loss=0.0623]
Epoch 2767/3000 | Loss: 0.0541 | Best: 0.0238 | Time: 4.0s | Elapsed: 2.2h | ETA: 16m | LR: 0.000009
Epoch 2768/3000: 100%|█████████████| 16/16 [00:04<00:00,  3.98it/s, loss=0.0614]
Epoch 2768/3000 | Loss: 0.0429 | Best: 0.0238 | Time: 4.0s | Elapsed: 2.2h | ETA: 16m | LR: 0.000009
Epoch 2769/3000: 100%|█████████████| 16/16 [00:04<00:00,  3.98it/s, loss=0.0291]
Epoch 2769/3000 | Loss: 0.0565 | Best: 0.0238 | Time: 4.0s | Elapsed: 2.2h | ETA: 15m | LR: 0.000009
Epoch 2770/3000: 100%|█████████████| 16/16 [00:03<00:00,  4.10it/s, loss=0.0829]
Epoch 2770/3000 | Loss: 0.0477 | Best: 0.0238 | Time: 3.9s | Elapsed: 2.2h | ETA: 15m | LR: 0.000009
Epoch 2771/3000: 100%|█████████████| 16/16 [00:03<00:00,  4.02it/s, loss=0.0329]
Epoch 2771/3000 | Loss: 0.0430 | Best: 0.0238 | Time: 4.0s | Elapsed: 2.2h | ETA: 15m | LR: 0.000009
Epoch 2772/3000: 100%|█████████████| 16/16 [00:03<00:00,  4.03it/s, loss=0.0313]
Epoch 2772/3000 | Loss: 0.0447 | Best: 0.0238 | Time: 4.0s | Elapsed: 2.2h | ETA: 15m | LR: 0.000009
Epoch 2773/3000: 100%|█████████████| 16/16 [00:03<00:00,  4.08it/s, loss=0.0189]
Epoch 2773/3000 | Loss: 0.0413 | Best: 0.0238 | Time: 3.9s | Elapsed: 2.2h | ETA: 15m | LR: 0.000009
Epoch 2774/3000: 100%|█████████████| 16/16 [00:03<00:00,  4.05it/s, loss=0.0388]
Epoch 2774/3000 | Loss: 0.0603 | Best: 0.0238 | Time: 4.0s | Elapsed: 2.2h | ETA: 15m | LR: 0.000009
Epoch 2775/3000: 100%|█████████████| 16/16 [00:03<00:00,  4.08it/s, loss=0.0528]
Epoch 2775/3000 | Loss: 0.0595 | Best: 0.0238 | Time: 3.9s | Elapsed: 2.2h | ETA: 15m | LR: 0.000009
  Generating samples at epoch 2775...
DDIM Sampling: 100%|████████████████████████████| 50/50 [00:01<00:00, 25.09it/s]
DDIM Sampling: 100%|████████████████████████████| 50/50 [00:02<00:00, 24.68it/s]
DDIM Sampling: 100%|████████████████████████████| 50/50 [00:02<00:00, 24.64it/s]
Epoch 2776/3000: 100%|█████████████| 16/16 [00:03<00:00,  4.06it/s, loss=0.0881]
Epoch 2776/3000 | Loss: 0.0449 | Best: 0.0238 | Time: 3.9s | Elapsed: 2.2h | ETA: 15m | LR: 0.000009
Epoch 2777/3000: 100%|█████████████| 16/16 [00:03<00:00,  4.07it/s, loss=0.0296]
Epoch 2777/3000 | Loss: 0.0420 | Best: 0.0238 | Time: 3.9s | Elapsed: 2.2h | ETA: 15m | LR: 0.000009
Epoch 2778/3000: 100%|█████████████| 16/16 [00:03<00:00,  4.05it/s, loss=0.0132]
Epoch 2778/3000 | Loss: 0.0408 | Best: 0.0238 | Time: 3.9s | Elapsed: 2.2h | ETA: 15m | LR: 0.000009
Epoch 2779/3000: 100%|█████████████| 16/16 [00:03<00:00,  4.05it/s, loss=0.0206]
Epoch 2779/3000 | Loss: 0.0325 | Best: 0.0238 | Time: 4.0s | Elapsed: 2.2h | ETA: 15m | LR: 0.000008
Epoch 2780/3000: 100%|█████████████| 16/16 [00:03<00:00,  4.08it/s, loss=0.0990]
Epoch 2780/3000 | Loss: 0.0635 | Best: 0.0238 | Time: 3.9s | Elapsed: 2.2h | ETA: 15m | LR: 0.000008
Epoch 2781/3000: 100%|█████████████| 16/16 [00:03<00:00,  4.08it/s, loss=0.0425]
Epoch 2781/3000 | Loss: 0.0565 | Best: 0.0238 | Time: 3.9s | Elapsed: 2.2h | ETA: 15m | LR: 0.000008
Epoch 2782/3000: 100%|█████████████| 16/16 [00:03<00:00,  4.11it/s, loss=0.0462]
Epoch 2782/3000 | Loss: 0.0451 | Best: 0.0238 | Time: 3.9s | Elapsed: 2.2h | ETA: 15m | LR: 0.000008
Epoch 2783/3000: 100%|█████████████| 16/16 [00:03<00:00,  4.00it/s, loss=0.0358]
Epoch 2783/3000 | Loss: 0.0561 | Best: 0.0238 | Time: 4.0s | Elapsed: 2.2h | ETA: 15m | LR: 0.000008
Epoch 2784/3000: 100%|█████████████| 16/16 [00:04<00:00,  4.00it/s, loss=0.0452]
Epoch 2784/3000 | Loss: 0.0392 | Best: 0.0238 | Time: 4.0s | Elapsed: 2.2h | ETA: 14m | LR: 0.000008
Epoch 2785/3000: 100%|█████████████| 16/16 [00:03<00:00,  4.09it/s, loss=0.0507]
Epoch 2785/3000 | Loss: 0.0421 | Best: 0.0238 | Time: 3.9s | Elapsed: 2.2h | ETA: 14m | LR: 0.000008
Epoch 2786/3000: 100%|█████████████| 16/16 [00:03<00:00,  4.04it/s, loss=0.0369]
Epoch 2786/3000 | Loss: 0.0483 | Best: 0.0238 | Time: 4.0s | Elapsed: 2.2h | ETA: 14m | LR: 0.000008
Epoch 2787/3000: 100%|█████████████| 16/16 [00:03<00:00,  4.06it/s, loss=0.0889]
Epoch 2787/3000 | Loss: 0.0408 | Best: 0.0238 | Time: 3.9s | Elapsed: 2.2h | ETA: 14m | LR: 0.000008
Epoch 2788/3000: 100%|█████████████| 16/16 [00:03<00:00,  4.03it/s, loss=0.0049]
Epoch 2788/3000 | Loss: 0.0409 | Best: 0.0238 | Time: 4.0s | Elapsed: 2.2h | ETA: 14m | LR: 0.000008
Epoch 2789/3000: 100%|█████████████| 16/16 [00:03<00:00,  4.08it/s, loss=0.0272]
Epoch 2789/3000 | Loss: 0.0385 | Best: 0.0238 | Time: 3.9s | Elapsed: 2.2h | ETA: 14m | LR: 0.000008
Epoch 2790/3000: 100%|█████████████| 16/16 [00:03<00:00,  4.06it/s, loss=0.0604]
Epoch 2790/3000 | Loss: 0.0537 | Best: 0.0238 | Time: 3.9s | Elapsed: 2.2h | ETA: 14m | LR: 0.000008
Epoch 2791/3000: 100%|█████████████| 16/16 [00:03<00:00,  4.11it/s, loss=0.0243]
Epoch 2791/3000 | Loss: 0.0502 | Best: 0.0238 | Time: 3.9s | Elapsed: 2.2h | ETA: 14m | LR: 0.000008
Epoch 2792/3000: 100%|█████████████| 16/16 [00:04<00:00,  3.92it/s, loss=0.0893]
Epoch 2792/3000 | Loss: 0.0407 | Best: 0.0238 | Time: 4.1s | Elapsed: 2.2h | ETA: 14m | LR: 0.000007
Epoch 2793/3000: 100%|█████████████| 16/16 [00:03<00:00,  4.04it/s, loss=0.0364]
Epoch 2793/3000 | Loss: 0.0553 | Best: 0.0238 | Time: 4.0s | Elapsed: 2.2h | ETA: 14m | LR: 0.000007
Epoch 2794/3000: 100%|█████████████| 16/16 [00:03<00:00,  4.09it/s, loss=0.0099]
Epoch 2794/3000 | Loss: 0.0461 | Best: 0.0238 | Time: 3.9s | Elapsed: 2.2h | ETA: 14m | LR: 0.000007
Epoch 2795/3000: 100%|█████████████| 16/16 [00:03<00:00,  4.05it/s, loss=0.0600]
Epoch 2795/3000 | Loss: 0.0428 | Best: 0.0238 | Time: 3.9s | Elapsed: 2.2h | ETA: 14m | LR: 0.000007
Epoch 2796/3000: 100%|█████████████| 16/16 [00:03<00:00,  4.08it/s, loss=0.0602]
Epoch 2796/3000 | Loss: 0.0461 | Best: 0.0238 | Time: 3.9s | Elapsed: 2.2h | ETA: 14m | LR: 0.000007
Epoch 2797/3000: 100%|█████████████| 16/16 [00:03<00:00,  4.08it/s, loss=0.1159]
Epoch 2797/3000 | Loss: 0.0485 | Best: 0.0238 | Time: 3.9s | Elapsed: 2.2h | ETA: 14m | LR: 0.000007
Epoch 2798/3000: 100%|█████████████| 16/16 [00:03<00:00,  4.07it/s, loss=0.0720]
Epoch 2798/3000 | Loss: 0.0421 | Best: 0.0238 | Time: 3.9s | Elapsed: 2.2h | ETA: 14m | LR: 0.000007
Epoch 2799/3000: 100%|█████████████| 16/16 [00:03<00:00,  4.13it/s, loss=0.1335]
Epoch 2799/3000 | Loss: 0.0567 | Best: 0.0238 | Time: 3.9s | Elapsed: 2.2h | ETA: 13m | LR: 0.000007
Epoch 2800/3000: 100%|█████████████| 16/16 [00:03<00:00,  4.07it/s, loss=0.0398]
Epoch 2800/3000 | Loss: 0.0575 | Best: 0.0238 | Time: 3.9s | Elapsed: 2.2h | ETA: 13m | LR: 0.000007
  Generating samples at epoch 2800...
DDIM Sampling: 100%|████████████████████████████| 50/50 [00:01<00:00, 25.28it/s]
DDIM Sampling: 100%|████████████████████████████| 50/50 [00:01<00:00, 25.15it/s]
DDIM Sampling: 100%|████████████████████████████| 50/50 [00:01<00:00, 25.19it/s]
Epoch 2801/3000: 100%|█████████████| 16/16 [00:03<00:00,  4.10it/s, loss=0.0718]
Epoch 2801/3000 | Loss: 0.0527 | Best: 0.0238 | Time: 3.9s | Elapsed: 2.2h | ETA: 13m | LR: 0.000007
Epoch 2802/3000: 100%|█████████████| 16/16 [00:03<00:00,  4.07it/s, loss=0.0520]
Epoch 2802/3000 | Loss: 0.0435 | Best: 0.0238 | Time: 3.9s | Elapsed: 2.2h | ETA: 13m | LR: 0.000007
Epoch 2803/3000: 100%|█████████████| 16/16 [00:03<00:00,  4.12it/s, loss=0.0363]
Epoch 2803/3000 | Loss: 0.0439 | Best: 0.0238 | Time: 3.9s | Elapsed: 2.2h | ETA: 13m | LR: 0.000007
Epoch 2804/3000: 100%|█████████████| 16/16 [00:03<00:00,  4.07it/s, loss=0.0661]
Epoch 2804/3000 | Loss: 0.0546 | Best: 0.0238 | Time: 3.9s | Elapsed: 2.2h | ETA: 13m | LR: 0.000007
Epoch 2805/3000: 100%|█████████████| 16/16 [00:03<00:00,  4.08it/s, loss=0.0540]
Epoch 2805/3000 | Loss: 0.0464 | Best: 0.0238 | Time: 3.9s | Elapsed: 2.2h | ETA: 13m | LR: 0.000007
Epoch 2806/3000: 100%|█████████████| 16/16 [00:03<00:00,  4.07it/s, loss=0.0524]
Epoch 2806/3000 | Loss: 0.0504 | Best: 0.0238 | Time: 3.9s | Elapsed: 2.2h | ETA: 13m | LR: 0.000007
Epoch 2807/3000: 100%|█████████████| 16/16 [00:04<00:00,  3.97it/s, loss=0.0700]
Epoch 2807/3000 | Loss: 0.0429 | Best: 0.0238 | Time: 4.0s | Elapsed: 2.2h | ETA: 13m | LR: 0.000006
Epoch 2808/3000: 100%|█████████████| 16/16 [00:03<00:00,  4.05it/s, loss=0.0538]
Epoch 2808/3000 | Loss: 0.0495 | Best: 0.0238 | Time: 4.0s | Elapsed: 2.2h | ETA: 13m | LR: 0.000006
Epoch 2809/3000: 100%|█████████████| 16/16 [00:04<00:00,  3.97it/s, loss=0.0241]
Epoch 2809/3000 | Loss: 0.0437 | Best: 0.0238 | Time: 4.0s | Elapsed: 2.2h | ETA: 13m | LR: 0.000006
Epoch 2810/3000: 100%|█████████████| 16/16 [00:03<00:00,  4.08it/s, loss=0.0600]
Epoch 2810/3000 | Loss: 0.0387 | Best: 0.0238 | Time: 3.9s | Elapsed: 2.2h | ETA: 13m | LR: 0.000006
Epoch 2811/3000: 100%|█████████████| 16/16 [00:03<00:00,  4.05it/s, loss=0.0754]
Epoch 2811/3000 | Loss: 0.0451 | Best: 0.0238 | Time: 3.9s | Elapsed: 2.2h | ETA: 13m | LR: 0.000006
Epoch 2812/3000: 100%|█████████████| 16/16 [00:03<00:00,  4.06it/s, loss=0.0355]
Epoch 2812/3000 | Loss: 0.0485 | Best: 0.0238 | Time: 3.9s | Elapsed: 2.2h | ETA: 13m | LR: 0.000006
Epoch 2813/3000: 100%|█████████████| 16/16 [00:03<00:00,  4.06it/s, loss=0.0282]
Epoch 2813/3000 | Loss: 0.0456 | Best: 0.0238 | Time: 3.9s | Elapsed: 2.2h | ETA: 13m | LR: 0.000006
Epoch 2814/3000: 100%|█████████████| 16/16 [00:03<00:00,  4.05it/s, loss=0.0331]
Epoch 2814/3000 | Loss: 0.0453 | Best: 0.0238 | Time: 4.0s | Elapsed: 2.2h | ETA: 12m | LR: 0.000006
Epoch 2815/3000: 100%|█████████████| 16/16 [00:04<00:00,  4.00it/s, loss=0.0314]
Epoch 2815/3000 | Loss: 0.0363 | Best: 0.0238 | Time: 4.0s | Elapsed: 2.2h | ETA: 12m | LR: 0.000006
Epoch 2816/3000: 100%|█████████████| 16/16 [00:04<00:00,  3.94it/s, loss=0.1892]
Epoch 2816/3000 | Loss: 0.0585 | Best: 0.0238 | Time: 4.1s | Elapsed: 2.2h | ETA: 12m | LR: 0.000006
Epoch 2817/3000: 100%|█████████████| 16/16 [00:03<00:00,  4.08it/s, loss=0.0537]
Epoch 2817/3000 | Loss: 0.0432 | Best: 0.0238 | Time: 3.9s | Elapsed: 2.2h | ETA: 12m | LR: 0.000006
Epoch 2818/3000: 100%|█████████████| 16/16 [00:03<00:00,  4.08it/s, loss=0.0811]
Epoch 2818/3000 | Loss: 0.0450 | Best: 0.0238 | Time: 3.9s | Elapsed: 2.2h | ETA: 12m | LR: 0.000006
Epoch 2819/3000: 100%|█████████████| 16/16 [00:03<00:00,  4.07it/s, loss=0.0763]
Epoch 2819/3000 | Loss: 0.0399 | Best: 0.0238 | Time: 3.9s | Elapsed: 2.2h | ETA: 12m | LR: 0.000006
Epoch 2820/3000: 100%|█████████████| 16/16 [00:03<00:00,  4.12it/s, loss=0.0586]
Epoch 2820/3000 | Loss: 0.0345 | Best: 0.0238 | Time: 3.9s | Elapsed: 2.2h | ETA: 12m | LR: 0.000006
Epoch 2821/3000: 100%|█████████████| 16/16 [00:03<00:00,  4.09it/s, loss=0.1131]
Epoch 2821/3000 | Loss: 0.0365 | Best: 0.0238 | Time: 3.9s | Elapsed: 2.2h | ETA: 12m | LR: 0.000006
Epoch 2822/3000: 100%|█████████████| 16/16 [00:03<00:00,  4.11it/s, loss=0.0645]
Epoch 2822/3000 | Loss: 0.0485 | Best: 0.0238 | Time: 3.9s | Elapsed: 2.2h | ETA: 12m | LR: 0.000005
Epoch 2823/3000: 100%|█████████████| 16/16 [00:03<00:00,  4.10it/s, loss=0.0896]
Epoch 2823/3000 | Loss: 0.0519 | Best: 0.0238 | Time: 3.9s | Elapsed: 2.2h | ETA: 12m | LR: 0.000005
Epoch 2824/3000: 100%|█████████████| 16/16 [00:04<00:00,  3.85it/s, loss=0.0242]
Epoch 2824/3000 | Loss: 0.0422 | Best: 0.0238 | Time: 4.2s | Elapsed: 2.2h | ETA: 12m | LR: 0.000005
Epoch 2825/3000: 100%|█████████████| 16/16 [00:03<00:00,  4.10it/s, loss=0.0278]
Epoch 2825/3000 | Loss: 0.0433 | Best: 0.0238 | Time: 3.9s | Elapsed: 2.2h | ETA: 12m | LR: 0.000005
  Generating samples at epoch 2825...
DDIM Sampling: 100%|████████████████████████████| 50/50 [00:01<00:00, 25.05it/s]
DDIM Sampling: 100%|████████████████████████████| 50/50 [00:02<00:00, 24.99it/s]
DDIM Sampling: 100%|████████████████████████████| 50/50 [00:02<00:00, 24.95it/s]
Epoch 2826/3000: 100%|█████████████| 16/16 [00:03<00:00,  4.09it/s, loss=0.0415]
Epoch 2826/3000 | Loss: 0.0350 | Best: 0.0238 | Time: 3.9s | Elapsed: 2.2h | ETA: 12m | LR: 0.000005
Epoch 2827/3000: 100%|█████████████| 16/16 [00:03<00:00,  4.06it/s, loss=0.0281]
Epoch 2827/3000 | Loss: 0.0443 | Best: 0.0238 | Time: 3.9s | Elapsed: 2.2h | ETA: 12m | LR: 0.000005
Epoch 2828/3000: 100%|█████████████| 16/16 [00:03<00:00,  4.04it/s, loss=0.0406]
Epoch 2828/3000 | Loss: 0.0398 | Best: 0.0238 | Time: 4.0s | Elapsed: 2.2h | ETA: 12m | LR: 0.000005
Epoch 2829/3000: 100%|█████████████| 16/16 [00:03<00:00,  4.07it/s, loss=0.0052]
Epoch 2829/3000 | Loss: 0.0395 | Best: 0.0238 | Time: 3.9s | Elapsed: 2.2h | ETA: 11m | LR: 0.000005
Epoch 2830/3000: 100%|█████████████| 16/16 [00:03<00:00,  4.02it/s, loss=0.0106]
Epoch 2830/3000 | Loss: 0.0350 | Best: 0.0238 | Time: 4.0s | Elapsed: 2.2h | ETA: 11m | LR: 0.000005
Epoch 2831/3000: 100%|█████████████| 16/16 [00:04<00:00,  3.87it/s, loss=0.0511]
Epoch 2831/3000 | Loss: 0.0429 | Best: 0.0238 | Time: 4.1s | Elapsed: 2.2h | ETA: 11m | LR: 0.000005
Epoch 2832/3000: 100%|█████████████| 16/16 [00:03<00:00,  4.05it/s, loss=0.0692]
Epoch 2832/3000 | Loss: 0.0439 | Best: 0.0238 | Time: 3.9s | Elapsed: 2.2h | ETA: 11m | LR: 0.000005
Epoch 2833/3000: 100%|█████████████| 16/16 [00:04<00:00,  4.00it/s, loss=0.0486]
Epoch 2833/3000 | Loss: 0.0478 | Best: 0.0238 | Time: 4.0s | Elapsed: 2.2h | ETA: 11m | LR: 0.000005
Epoch 2834/3000: 100%|█████████████| 16/16 [00:03<00:00,  4.06it/s, loss=0.0088]
Epoch 2834/3000 | Loss: 0.0427 | Best: 0.0238 | Time: 3.9s | Elapsed: 2.3h | ETA: 11m | LR: 0.000005
Epoch 2835/3000: 100%|█████████████| 16/16 [00:03<00:00,  4.06it/s, loss=0.0990]
Epoch 2835/3000 | Loss: 0.0631 | Best: 0.0238 | Time: 3.9s | Elapsed: 2.3h | ETA: 11m | LR: 0.000005
Epoch 2836/3000: 100%|█████████████| 16/16 [00:03<00:00,  4.05it/s, loss=0.0557]
Epoch 2836/3000 | Loss: 0.0374 | Best: 0.0238 | Time: 3.9s | Elapsed: 2.3h | ETA: 11m | LR: 0.000005
Epoch 2837/3000: 100%|█████████████| 16/16 [00:03<00:00,  4.08it/s, loss=0.0517]
Epoch 2837/3000 | Loss: 0.0412 | Best: 0.0238 | Time: 3.9s | Elapsed: 2.3h | ETA: 11m | LR: 0.000005
Epoch 2838/3000: 100%|█████████████| 16/16 [00:03<00:00,  4.01it/s, loss=0.1068]
Epoch 2838/3000 | Loss: 0.0556 | Best: 0.0238 | Time: 4.0s | Elapsed: 2.3h | ETA: 11m | LR: 0.000005
Epoch 2839/3000: 100%|█████████████| 16/16 [00:03<00:00,  4.01it/s, loss=0.0294]
Epoch 2839/3000 | Loss: 0.0341 | Best: 0.0238 | Time: 4.0s | Elapsed: 2.3h | ETA: 11m | LR: 0.000004
Epoch 2840/3000: 100%|█████████████| 16/16 [00:04<00:00,  3.95it/s, loss=0.0918]
Epoch 2840/3000 | Loss: 0.0487 | Best: 0.0238 | Time: 4.1s | Elapsed: 2.3h | ETA: 11m | LR: 0.000004
Epoch 2841/3000: 100%|█████████████| 16/16 [00:03<00:00,  4.11it/s, loss=0.0589]
Epoch 2841/3000 | Loss: 0.0438 | Best: 0.0238 | Time: 3.9s | Elapsed: 2.3h | ETA: 11m | LR: 0.000004
Epoch 2842/3000: 100%|█████████████| 16/16 [00:03<00:00,  4.09it/s, loss=0.0797]
Epoch 2842/3000 | Loss: 0.0483 | Best: 0.0238 | Time: 3.9s | Elapsed: 2.3h | ETA: 11m | LR: 0.000004
Epoch 2843/3000: 100%|█████████████| 16/16 [00:03<00:00,  4.07it/s, loss=0.0224]
Epoch 2843/3000 | Loss: 0.0522 | Best: 0.0238 | Time: 3.9s | Elapsed: 2.3h | ETA: 11m | LR: 0.000004
Epoch 2844/3000: 100%|█████████████| 16/16 [00:03<00:00,  4.09it/s, loss=0.0542]
Epoch 2844/3000 | Loss: 0.0399 | Best: 0.0238 | Time: 3.9s | Elapsed: 2.3h | ETA: 10m | LR: 0.000004
Epoch 2845/3000: 100%|█████████████| 16/16 [00:03<00:00,  4.05it/s, loss=0.0188]
Epoch 2845/3000 | Loss: 0.0342 | Best: 0.0238 | Time: 3.9s | Elapsed: 2.3h | ETA: 10m | LR: 0.000004
Epoch 2846/3000: 100%|█████████████| 16/16 [00:03<00:00,  4.08it/s, loss=0.0585]
Epoch 2846/3000 | Loss: 0.0484 | Best: 0.0238 | Time: 3.9s | Elapsed: 2.3h | ETA: 10m | LR: 0.000004
Epoch 2847/3000: 100%|█████████████| 16/16 [00:03<00:00,  4.08it/s, loss=0.0963]
Epoch 2847/3000 | Loss: 0.0494 | Best: 0.0238 | Time: 3.9s | Elapsed: 2.3h | ETA: 10m | LR: 0.000004
Epoch 2848/3000: 100%|█████████████| 16/16 [00:04<00:00,  3.88it/s, loss=0.0611]
Epoch 2848/3000 | Loss: 0.0437 | Best: 0.0238 | Time: 4.1s | Elapsed: 2.3h | ETA: 10m | LR: 0.000004
Epoch 2849/3000: 100%|█████████████| 16/16 [00:03<00:00,  4.06it/s, loss=0.0636]
Epoch 2849/3000 | Loss: 0.0318 | Best: 0.0238 | Time: 3.9s | Elapsed: 2.3h | ETA: 10m | LR: 0.000004
Epoch 2850/3000: 100%|█████████████| 16/16 [00:03<00:00,  4.06it/s, loss=0.0488]
Epoch 2850/3000 | Loss: 0.0376 | Best: 0.0238 | Time: 3.9s | Elapsed: 2.3h | ETA: 10m | LR: 0.000004
  Generating samples at epoch 2850...
DDIM Sampling: 100%|████████████████████████████| 50/50 [00:01<00:00, 25.00it/s]
DDIM Sampling: 100%|████████████████████████████| 50/50 [00:01<00:00, 25.06it/s]
DDIM Sampling: 100%|████████████████████████████| 50/50 [00:01<00:00, 25.04it/s]
Epoch 2851/3000: 100%|█████████████| 16/16 [00:03<00:00,  4.05it/s, loss=0.0257]
Epoch 2851/3000 | Loss: 0.0569 | Best: 0.0238 | Time: 4.0s | Elapsed: 2.3h | ETA: 10m | LR: 0.000004
Epoch 2852/3000: 100%|█████████████| 16/16 [00:03<00:00,  4.06it/s, loss=0.0069]
Epoch 2852/3000 | Loss: 0.0297 | Best: 0.0238 | Time: 3.9s | Elapsed: 2.3h | ETA: 10m | LR: 0.000004
Epoch 2853/3000: 100%|█████████████| 16/16 [00:03<00:00,  4.09it/s, loss=0.0150]
Epoch 2853/3000 | Loss: 0.0465 | Best: 0.0238 | Time: 3.9s | Elapsed: 2.3h | ETA: 10m | LR: 0.000004
Epoch 2854/3000: 100%|█████████████| 16/16 [00:03<00:00,  4.04it/s, loss=0.0165]
Epoch 2854/3000 | Loss: 0.0628 | Best: 0.0238 | Time: 4.0s | Elapsed: 2.3h | ETA: 10m | LR: 0.000004
Epoch 2855/3000: 100%|█████████████| 16/16 [00:04<00:00,  3.92it/s, loss=0.0456]
Epoch 2855/3000 | Loss: 0.0448 | Best: 0.0238 | Time: 4.1s | Elapsed: 2.3h | ETA: 10m | LR: 0.000004
Epoch 2856/3000: 100%|█████████████| 16/16 [00:03<00:00,  4.11it/s, loss=0.0142]
Epoch 2856/3000 | Loss: 0.0389 | Best: 0.0238 | Time: 3.9s | Elapsed: 2.3h | ETA: 10m | LR: 0.000004
Epoch 2857/3000: 100%|█████████████| 16/16 [00:03<00:00,  4.06it/s, loss=0.0128]
Epoch 2857/3000 | Loss: 0.0398 | Best: 0.0238 | Time: 3.9s | Elapsed: 2.3h | ETA: 10m | LR: 0.000004
Epoch 2858/3000: 100%|█████████████| 16/16 [00:03<00:00,  4.07it/s, loss=0.0130]
Epoch 2858/3000 | Loss: 0.0343 | Best: 0.0238 | Time: 3.9s | Elapsed: 2.3h | ETA: 9m | LR: 0.000004
Epoch 2859/3000: 100%|█████████████| 16/16 [00:03<00:00,  4.06it/s, loss=0.0382]
Epoch 2859/3000 | Loss: 0.0434 | Best: 0.0238 | Time: 3.9s | Elapsed: 2.3h | ETA: 9m | LR: 0.000003
Epoch 2860/3000: 100%|█████████████| 16/16 [00:03<00:00,  4.10it/s, loss=0.0258]
Epoch 2860/3000 | Loss: 0.0347 | Best: 0.0238 | Time: 3.9s | Elapsed: 2.3h | ETA: 9m | LR: 0.000003
Epoch 2861/3000: 100%|█████████████| 16/16 [00:03<00:00,  4.05it/s, loss=0.0244]
Epoch 2861/3000 | Loss: 0.0368 | Best: 0.0238 | Time: 3.9s | Elapsed: 2.3h | ETA: 9m | LR: 0.000003
Epoch 2862/3000: 100%|█████████████| 16/16 [00:03<00:00,  4.07it/s, loss=0.0605]
Epoch 2862/3000 | Loss: 0.0513 | Best: 0.0238 | Time: 3.9s | Elapsed: 2.3h | ETA: 9m | LR: 0.000003
Epoch 2863/3000: 100%|█████████████| 16/16 [00:03<00:00,  4.03it/s, loss=0.0123]
Epoch 2863/3000 | Loss: 0.0519 | Best: 0.0238 | Time: 4.0s | Elapsed: 2.3h | ETA: 9m | LR: 0.000003
Epoch 2864/3000: 100%|█████████████| 16/16 [00:04<00:00,  3.84it/s, loss=0.0165]
Epoch 2864/3000 | Loss: 0.0358 | Best: 0.0238 | Time: 4.2s | Elapsed: 2.3h | ETA: 9m | LR: 0.000003
Epoch 2865/3000: 100%|█████████████| 16/16 [00:03<00:00,  4.08it/s, loss=0.0203]
Epoch 2865/3000 | Loss: 0.0495 | Best: 0.0238 | Time: 3.9s | Elapsed: 2.3h | ETA: 9m | LR: 0.000003
Epoch 2866/3000: 100%|█████████████| 16/16 [00:03<00:00,  4.11it/s, loss=0.0321]
Epoch 2866/3000 | Loss: 0.0560 | Best: 0.0238 | Time: 3.9s | Elapsed: 2.3h | ETA: 9m | LR: 0.000003
Epoch 2867/3000: 100%|█████████████| 16/16 [00:03<00:00,  4.09it/s, loss=0.0451]
Epoch 2867/3000 | Loss: 0.0471 | Best: 0.0238 | Time: 3.9s | Elapsed: 2.3h | ETA: 9m | LR: 0.000003
Epoch 2868/3000: 100%|█████████████| 16/16 [00:03<00:00,  4.09it/s, loss=0.0379]
Epoch 2868/3000 | Loss: 0.0367 | Best: 0.0238 | Time: 3.9s | Elapsed: 2.3h | ETA: 9m | LR: 0.000003
Epoch 2869/3000: 100%|█████████████| 16/16 [00:03<00:00,  4.02it/s, loss=0.0478]
Epoch 2869/3000 | Loss: 0.0434 | Best: 0.0238 | Time: 4.0s | Elapsed: 2.3h | ETA: 9m | LR: 0.000003
Epoch 2870/3000: 100%|█████████████| 16/16 [00:03<00:00,  4.12it/s, loss=0.0650]
Epoch 2870/3000 | Loss: 0.0434 | Best: 0.0238 | Time: 3.9s | Elapsed: 2.3h | ETA: 9m | LR: 0.000003
Epoch 2871/3000: 100%|█████████████| 16/16 [00:03<00:00,  4.03it/s, loss=0.0685]
Epoch 2871/3000 | Loss: 0.0559 | Best: 0.0238 | Time: 4.0s | Elapsed: 2.3h | ETA: 9m | LR: 0.000003
Epoch 2872/3000: 100%|█████████████| 16/16 [00:04<00:00,  3.96it/s, loss=0.0425]
Epoch 2872/3000 | Loss: 0.0352 | Best: 0.0238 | Time: 4.0s | Elapsed: 2.3h | ETA: 9m | LR: 0.000003
Epoch 2873/3000: 100%|█████████████| 16/16 [00:03<00:00,  4.12it/s, loss=0.0113]
Epoch 2873/3000 | Loss: 0.0385 | Best: 0.0238 | Time: 3.9s | Elapsed: 2.3h | ETA: 8m | LR: 0.000003
Epoch 2874/3000: 100%|█████████████| 16/16 [00:03<00:00,  4.06it/s, loss=0.0303]
Epoch 2874/3000 | Loss: 0.0451 | Best: 0.0238 | Time: 3.9s | Elapsed: 2.3h | ETA: 8m | LR: 0.000003
Epoch 2875/3000: 100%|█████████████| 16/16 [00:03<00:00,  4.10it/s, loss=0.0614]
Epoch 2875/3000 | Loss: 0.0515 | Best: 0.0238 | Time: 3.9s | Elapsed: 2.3h | ETA: 8m | LR: 0.000003
  Generating samples at epoch 2875...
DDIM Sampling: 100%|████████████████████████████| 50/50 [00:02<00:00, 24.99it/s]
DDIM Sampling: 100%|████████████████████████████| 50/50 [00:01<00:00, 25.05it/s]
DDIM Sampling: 100%|████████████████████████████| 50/50 [00:01<00:00, 25.09it/s]
Epoch 2876/3000: 100%|█████████████| 16/16 [00:03<00:00,  4.13it/s, loss=0.0235]
Epoch 2876/3000 | Loss: 0.0429 | Best: 0.0238 | Time: 3.9s | Elapsed: 2.3h | ETA: 8m | LR: 0.000003
Epoch 2877/3000: 100%|█████████████| 16/16 [00:03<00:00,  4.03it/s, loss=0.0374]
Epoch 2877/3000 | Loss: 0.0375 | Best: 0.0238 | Time: 4.0s | Elapsed: 2.3h | ETA: 8m | LR: 0.000003
Epoch 2878/3000: 100%|█████████████| 16/16 [00:03<00:00,  4.05it/s, loss=0.0442]
Epoch 2878/3000 | Loss: 0.0388 | Best: 0.0238 | Time: 4.0s | Elapsed: 2.3h | ETA: 8m | LR: 0.000003
Epoch 2879/3000: 100%|█████████████| 16/16 [00:04<00:00,  3.95it/s, loss=0.0266]
Epoch 2879/3000 | Loss: 0.0435 | Best: 0.0238 | Time: 4.0s | Elapsed: 2.3h | ETA: 8m | LR: 0.000003
Epoch 2880/3000: 100%|█████████████| 16/16 [00:03<00:00,  4.06it/s, loss=0.0295]
Epoch 2880/3000 | Loss: 0.0564 | Best: 0.0238 | Time: 3.9s | Elapsed: 2.3h | ETA: 8m | LR: 0.000003
Epoch 2881/3000: 100%|█████████████| 16/16 [00:03<00:00,  4.06it/s, loss=0.0494]
Epoch 2881/3000 | Loss: 0.0502 | Best: 0.0238 | Time: 3.9s | Elapsed: 2.3h | ETA: 8m | LR: 0.000002
Epoch 2882/3000: 100%|█████████████| 16/16 [00:03<00:00,  4.07it/s, loss=0.0131]
Epoch 2882/3000 | Loss: 0.0488 | Best: 0.0238 | Time: 3.9s | Elapsed: 2.3h | ETA: 8m | LR: 0.000002
Epoch 2883/3000: 100%|█████████████| 16/16 [00:03<00:00,  4.10it/s, loss=0.0415]
Epoch 2883/3000 | Loss: 0.0339 | Best: 0.0238 | Time: 3.9s | Elapsed: 2.3h | ETA: 8m | LR: 0.000002
Epoch 2884/3000: 100%|█████████████| 16/16 [00:03<00:00,  4.08it/s, loss=0.0179]
Epoch 2884/3000 | Loss: 0.0329 | Best: 0.0238 | Time: 3.9s | Elapsed: 2.3h | ETA: 8m | LR: 0.000002
Epoch 2885/3000: 100%|█████████████| 16/16 [00:03<00:00,  4.06it/s, loss=0.0393]
Epoch 2885/3000 | Loss: 0.0461 | Best: 0.0238 | Time: 3.9s | Elapsed: 2.3h | ETA: 8m | LR: 0.000002
Epoch 2886/3000: 100%|█████████████| 16/16 [00:03<00:00,  4.03it/s, loss=0.0614]
Epoch 2886/3000 | Loss: 0.0364 | Best: 0.0238 | Time: 4.0s | Elapsed: 2.3h | ETA: 8m | LR: 0.000002
Epoch 2887/3000: 100%|█████████████| 16/16 [00:03<00:00,  4.01it/s, loss=0.0380]
Epoch 2887/3000 | Loss: 0.0453 | Best: 0.0238 | Time: 4.0s | Elapsed: 2.3h | ETA: 8m | LR: 0.000002
Epoch 2888/3000: 100%|█████████████| 16/16 [00:04<00:00,  3.93it/s, loss=0.0506]
Epoch 2888/3000 | Loss: 0.0490 | Best: 0.0238 | Time: 4.1s | Elapsed: 2.3h | ETA: 7m | LR: 0.000002
Epoch 2889/3000: 100%|█████████████| 16/16 [00:03<00:00,  4.07it/s, loss=0.0394]
Epoch 2889/3000 | Loss: 0.0363 | Best: 0.0238 | Time: 3.9s | Elapsed: 2.3h | ETA: 7m | LR: 0.000002
Epoch 2890/3000: 100%|█████████████| 16/16 [00:03<00:00,  4.08it/s, loss=0.0783]
Epoch 2890/3000 | Loss: 0.0359 | Best: 0.0238 | Time: 3.9s | Elapsed: 2.3h | ETA: 7m | LR: 0.000002
Epoch 2891/3000: 100%|█████████████| 16/16 [00:03<00:00,  4.06it/s, loss=0.0800]
Epoch 2891/3000 | Loss: 0.0495 | Best: 0.0238 | Time: 3.9s | Elapsed: 2.3h | ETA: 7m | LR: 0.000002
Epoch 2892/3000: 100%|█████████████| 16/16 [00:03<00:00,  4.07it/s, loss=0.0611]
Epoch 2892/3000 | Loss: 0.0540 | Best: 0.0238 | Time: 3.9s | Elapsed: 2.3h | ETA: 7m | LR: 0.000002
Epoch 2893/3000: 100%|█████████████| 16/16 [00:03<00:00,  4.04it/s, loss=0.0221]
Epoch 2893/3000 | Loss: 0.0458 | Best: 0.0238 | Time: 4.0s | Elapsed: 2.3h | ETA: 7m | LR: 0.000002
Epoch 2894/3000: 100%|█████████████| 16/16 [00:03<00:00,  4.06it/s, loss=0.0782]
Epoch 2894/3000 | Loss: 0.0545 | Best: 0.0238 | Time: 3.9s | Elapsed: 2.3h | ETA: 7m | LR: 0.000002
Epoch 2895/3000: 100%|█████████████| 16/16 [00:03<00:00,  4.03it/s, loss=0.0310]
Epoch 2895/3000 | Loss: 0.0454 | Best: 0.0238 | Time: 4.0s | Elapsed: 2.3h | ETA: 7m | LR: 0.000002
Epoch 2896/3000: 100%|█████████████| 16/16 [00:04<00:00,  3.94it/s, loss=0.0085]
Epoch 2896/3000 | Loss: 0.0372 | Best: 0.0238 | Time: 4.1s | Elapsed: 2.3h | ETA: 7m | LR: 0.000002
Epoch 2897/3000: 100%|█████████████| 16/16 [00:03<00:00,  4.01it/s, loss=0.0859]
Epoch 2897/3000 | Loss: 0.0485 | Best: 0.0238 | Time: 4.0s | Elapsed: 2.3h | ETA: 7m | LR: 0.000002
Epoch 2898/3000: 100%|█████████████| 16/16 [00:03<00:00,  4.07it/s, loss=0.0214]
Epoch 2898/3000 | Loss: 0.0443 | Best: 0.0238 | Time: 3.9s | Elapsed: 2.3h | ETA: 7m | LR: 0.000002
Epoch 2899/3000: 100%|█████████████| 16/16 [00:03<00:00,  4.05it/s, loss=0.0397]
Epoch 2899/3000 | Loss: 0.0329 | Best: 0.0238 | Time: 4.0s | Elapsed: 2.3h | ETA: 7m | LR: 0.000002
Epoch 2900/3000: 100%|█████████████| 16/16 [00:03<00:00,  4.03it/s, loss=0.0506]
Epoch 2900/3000 | Loss: 0.0442 | Best: 0.0238 | Time: 4.0s | Elapsed: 2.3h | ETA: 7m | LR: 0.000002
  Generating samples at epoch 2900...
DDIM Sampling: 100%|████████████████████████████| 50/50 [00:01<00:00, 25.03it/s]
DDIM Sampling: 100%|████████████████████████████| 50/50 [00:02<00:00, 25.00it/s]
DDIM Sampling: 100%|████████████████████████████| 50/50 [00:02<00:00, 24.96it/s]
Epoch 2901/3000: 100%|█████████████| 16/16 [00:03<00:00,  4.03it/s, loss=0.1032]
Epoch 2901/3000 | Loss: 0.0541 | Best: 0.0238 | Time: 4.0s | Elapsed: 2.3h | ETA: 7m | LR: 0.000002
Epoch 2902/3000: 100%|█████████████| 16/16 [00:03<00:00,  4.02it/s, loss=0.0626]
Epoch 2902/3000 | Loss: 0.0469 | Best: 0.0238 | Time: 4.0s | Elapsed: 2.3h | ETA: 7m | LR: 0.000002
Epoch 2903/3000: 100%|█████████████| 16/16 [00:04<00:00,  3.86it/s, loss=0.0259]
Epoch 2903/3000 | Loss: 0.0409 | Best: 0.0238 | Time: 4.1s | Elapsed: 2.3h | ETA: 6m | LR: 0.000002
Epoch 2904/3000: 100%|█████████████| 16/16 [00:03<00:00,  4.05it/s, loss=0.0609]
Epoch 2904/3000 | Loss: 0.0476 | Best: 0.0238 | Time: 4.0s | Elapsed: 2.3h | ETA: 6m | LR: 0.000002
Epoch 2905/3000: 100%|█████████████| 16/16 [00:03<00:00,  4.06it/s, loss=0.0336]
Epoch 2905/3000 | Loss: 0.0454 | Best: 0.0238 | Time: 3.9s | Elapsed: 2.3h | ETA: 6m | LR: 0.000002
Epoch 2906/3000: 100%|█████████████| 16/16 [00:03<00:00,  4.08it/s, loss=0.0992]
Epoch 2906/3000 | Loss: 0.0503 | Best: 0.0238 | Time: 3.9s | Elapsed: 2.3h | ETA: 6m | LR: 0.000002
Epoch 2907/3000: 100%|█████████████| 16/16 [00:03<00:00,  4.05it/s, loss=0.0128]
Epoch 2907/3000 | Loss: 0.0524 | Best: 0.0238 | Time: 4.0s | Elapsed: 2.3h | ETA: 6m | LR: 0.000002
Epoch 2908/3000: 100%|█████████████| 16/16 [00:03<00:00,  4.03it/s, loss=0.0216]
Epoch 2908/3000 | Loss: 0.0485 | Best: 0.0238 | Time: 4.0s | Elapsed: 2.3h | ETA: 6m | LR: 0.000001
Epoch 2909/3000: 100%|█████████████| 16/16 [00:03<00:00,  4.04it/s, loss=0.0746]
Epoch 2909/3000 | Loss: 0.0449 | Best: 0.0238 | Time: 4.0s | Elapsed: 2.3h | ETA: 6m | LR: 0.000001
Epoch 2910/3000: 100%|█████████████| 16/16 [00:03<00:00,  4.02it/s, loss=0.0317]
Epoch 2910/3000 | Loss: 0.0569 | Best: 0.0238 | Time: 4.0s | Elapsed: 2.3h | ETA: 6m | LR: 0.000001
Epoch 2911/3000: 100%|█████████████| 16/16 [00:03<00:00,  4.04it/s, loss=0.0146]
Epoch 2911/3000 | Loss: 0.0457 | Best: 0.0238 | Time: 4.0s | Elapsed: 2.3h | ETA: 6m | LR: 0.000001
Epoch 2912/3000: 100%|█████████████| 16/16 [00:04<00:00,  3.94it/s, loss=0.0572]
Epoch 2912/3000 | Loss: 0.0609 | Best: 0.0238 | Time: 4.1s | Elapsed: 2.3h | ETA: 6m | LR: 0.000001
Epoch 2913/3000: 100%|█████████████| 16/16 [00:03<00:00,  4.08it/s, loss=0.0883]
Epoch 2913/3000 | Loss: 0.0508 | Best: 0.0238 | Time: 3.9s | Elapsed: 2.3h | ETA: 6m | LR: 0.000001
Epoch 2914/3000: 100%|█████████████| 16/16 [00:03<00:00,  4.12it/s, loss=0.0158]
Epoch 2914/3000 | Loss: 0.0545 | Best: 0.0238 | Time: 3.9s | Elapsed: 2.3h | ETA: 6m | LR: 0.000001
Epoch 2915/3000: 100%|█████████████| 16/16 [00:03<00:00,  4.08it/s, loss=0.0831]
Epoch 2915/3000 | Loss: 0.0490 | Best: 0.0238 | Time: 3.9s | Elapsed: 2.3h | ETA: 6m | LR: 0.000001
Epoch 2916/3000: 100%|█████████████| 16/16 [00:03<00:00,  4.02it/s, loss=0.0777]
Epoch 2916/3000 | Loss: 0.0444 | Best: 0.0238 | Time: 4.0s | Elapsed: 2.3h | ETA: 6m | LR: 0.000001
Epoch 2917/3000: 100%|█████████████| 16/16 [00:03<00:00,  4.08it/s, loss=0.0409]
Epoch 2917/3000 | Loss: 0.0408 | Best: 0.0238 | Time: 3.9s | Elapsed: 2.3h | ETA: 6m | LR: 0.000001
Epoch 2918/3000: 100%|█████████████| 16/16 [00:03<00:00,  4.04it/s, loss=0.0393]
Epoch 2918/3000 | Loss: 0.0397 | Best: 0.0238 | Time: 4.0s | Elapsed: 2.3h | ETA: 5m | LR: 0.000001
Epoch 2919/3000: 100%|█████████████| 16/16 [00:03<00:00,  4.02it/s, loss=0.0156]
Epoch 2919/3000 | Loss: 0.0476 | Best: 0.0238 | Time: 4.0s | Elapsed: 2.3h | ETA: 5m | LR: 0.000001
Epoch 2920/3000: 100%|█████████████| 16/16 [00:04<00:00,  3.93it/s, loss=0.0158]
Epoch 2920/3000 | Loss: 0.0443 | Best: 0.0238 | Time: 4.1s | Elapsed: 2.4h | ETA: 5m | LR: 0.000001
Epoch 2921/3000: 100%|█████████████| 16/16 [00:03<00:00,  4.05it/s, loss=0.0209]
Epoch 2921/3000 | Loss: 0.0400 | Best: 0.0238 | Time: 4.0s | Elapsed: 2.4h | ETA: 5m | LR: 0.000001
Epoch 2922/3000: 100%|█████████████| 16/16 [00:03<00:00,  4.04it/s, loss=0.0102]
Epoch 2922/3000 | Loss: 0.0417 | Best: 0.0238 | Time: 4.0s | Elapsed: 2.4h | ETA: 5m | LR: 0.000001
Epoch 2923/3000: 100%|█████████████| 16/16 [00:03<00:00,  4.03it/s, loss=0.0255]
Epoch 2923/3000 | Loss: 0.0563 | Best: 0.0238 | Time: 4.0s | Elapsed: 2.4h | ETA: 5m | LR: 0.000001
Epoch 2924/3000: 100%|█████████████| 16/16 [00:03<00:00,  4.07it/s, loss=0.0113]
Epoch 2924/3000 | Loss: 0.0423 | Best: 0.0238 | Time: 3.9s | Elapsed: 2.4h | ETA: 5m | LR: 0.000001
Epoch 2925/3000: 100%|█████████████| 16/16 [00:03<00:00,  4.05it/s, loss=0.0397]
Epoch 2925/3000 | Loss: 0.0516 | Best: 0.0238 | Time: 4.0s | Elapsed: 2.4h | ETA: 5m | LR: 0.000001
  Generating samples at epoch 2925...
DDIM Sampling: 100%|████████████████████████████| 50/50 [00:02<00:00, 24.91it/s]
DDIM Sampling: 100%|████████████████████████████| 50/50 [00:02<00:00, 25.00it/s]
DDIM Sampling: 100%|████████████████████████████| 50/50 [00:02<00:00, 24.97it/s]
Epoch 2926/3000: 100%|█████████████| 16/16 [00:03<00:00,  4.02it/s, loss=0.0781]
Epoch 2926/3000 | Loss: 0.0486 | Best: 0.0238 | Time: 4.0s | Elapsed: 2.4h | ETA: 5m | LR: 0.000001
Epoch 2927/3000: 100%|█████████████| 16/16 [00:04<00:00,  3.89it/s, loss=0.0506]
Epoch 2927/3000 | Loss: 0.0448 | Best: 0.0238 | Time: 4.1s | Elapsed: 2.4h | ETA: 5m | LR: 0.000001
Epoch 2928/3000: 100%|█████████████| 16/16 [00:04<00:00,  3.97it/s, loss=0.0106]
Epoch 2928/3000 | Loss: 0.0424 | Best: 0.0238 | Time: 4.0s | Elapsed: 2.4h | ETA: 5m | LR: 0.000001
Epoch 2929/3000: 100%|█████████████| 16/16 [00:03<00:00,  4.06it/s, loss=0.0612]
Epoch 2929/3000 | Loss: 0.0637 | Best: 0.0238 | Time: 3.9s | Elapsed: 2.4h | ETA: 5m | LR: 0.000001
Epoch 2930/3000: 100%|█████████████| 16/16 [00:03<00:00,  4.06it/s, loss=0.0205]
Epoch 2930/3000 | Loss: 0.0487 | Best: 0.0238 | Time: 3.9s | Elapsed: 2.4h | ETA: 5m | LR: 0.000001
Epoch 2931/3000: 100%|█████████████| 16/16 [00:03<00:00,  4.06it/s, loss=0.0616]
Epoch 2931/3000 | Loss: 0.0371 | Best: 0.0238 | Time: 3.9s | Elapsed: 2.4h | ETA: 5m | LR: 0.000001
Epoch 2932/3000: 100%|█████████████| 16/16 [00:03<00:00,  4.06it/s, loss=0.0330]
Epoch 2932/3000 | Loss: 0.0432 | Best: 0.0238 | Time: 3.9s | Elapsed: 2.4h | ETA: 5m | LR: 0.000001
Epoch 2933/3000: 100%|█████████████| 16/16 [00:03<00:00,  4.09it/s, loss=0.0657]
Epoch 2933/3000 | Loss: 0.0460 | Best: 0.0238 | Time: 3.9s | Elapsed: 2.4h | ETA: 4m | LR: 0.000001
Epoch 2934/3000: 100%|█████████████| 16/16 [00:03<00:00,  4.09it/s, loss=0.0948]
Epoch 2934/3000 | Loss: 0.0402 | Best: 0.0238 | Time: 3.9s | Elapsed: 2.4h | ETA: 4m | LR: 0.000001
Epoch 2935/3000: 100%|█████████████| 16/16 [00:03<00:00,  4.05it/s, loss=0.0965]
Epoch 2935/3000 | Loss: 0.0541 | Best: 0.0238 | Time: 4.0s | Elapsed: 2.4h | ETA: 4m | LR: 0.000001
Epoch 2936/3000: 100%|█████████████| 16/16 [00:04<00:00,  3.90it/s, loss=0.0439]
Epoch 2936/3000 | Loss: 0.0411 | Best: 0.0238 | Time: 4.1s | Elapsed: 2.4h | ETA: 4m | LR: 0.000001
Epoch 2937/3000: 100%|█████████████| 16/16 [00:03<00:00,  4.02it/s, loss=0.0224]
Epoch 2937/3000 | Loss: 0.0546 | Best: 0.0238 | Time: 4.0s | Elapsed: 2.4h | ETA: 4m | LR: 0.000001
Epoch 2938/3000: 100%|█████████████| 16/16 [00:03<00:00,  4.11it/s, loss=0.0559]
Epoch 2938/3000 | Loss: 0.0515 | Best: 0.0238 | Time: 3.9s | Elapsed: 2.4h | ETA: 4m | LR: 0.000001
Epoch 2939/3000: 100%|█████████████| 16/16 [00:03<00:00,  4.06it/s, loss=0.0743]
Epoch 2939/3000 | Loss: 0.0447 | Best: 0.0238 | Time: 3.9s | Elapsed: 2.4h | ETA: 4m | LR: 0.000001
Epoch 2940/3000: 100%|█████████████| 16/16 [00:03<00:00,  4.08it/s, loss=0.0139]
Epoch 2940/3000 | Loss: 0.0563 | Best: 0.0238 | Time: 3.9s | Elapsed: 2.4h | ETA: 4m | LR: 0.000001
Epoch 2941/3000: 100%|█████████████| 16/16 [00:03<00:00,  4.07it/s, loss=0.0310]
Epoch 2941/3000 | Loss: 0.0417 | Best: 0.0238 | Time: 3.9s | Elapsed: 2.4h | ETA: 4m | LR: 0.000001
Epoch 2942/3000: 100%|█████████████| 16/16 [00:03<00:00,  4.05it/s, loss=0.0563]
Epoch 2942/3000 | Loss: 0.0436 | Best: 0.0238 | Time: 3.9s | Elapsed: 2.4h | ETA: 4m | LR: 0.000001
Epoch 2943/3000: 100%|█████████████| 16/16 [00:03<00:00,  4.08it/s, loss=0.0449]
Epoch 2943/3000 | Loss: 0.0474 | Best: 0.0238 | Time: 3.9s | Elapsed: 2.4h | ETA: 4m | LR: 0.000001
Epoch 2944/3000: 100%|█████████████| 16/16 [00:04<00:00,  3.95it/s, loss=0.0315]
Epoch 2944/3000 | Loss: 0.0464 | Best: 0.0238 | Time: 4.1s | Elapsed: 2.4h | ETA: 4m | LR: 0.000001
Epoch 2945/3000: 100%|█████████████| 16/16 [00:04<00:00,  3.94it/s, loss=0.0316]
Epoch 2945/3000 | Loss: 0.0525 | Best: 0.0238 | Time: 4.1s | Elapsed: 2.4h | ETA: 4m | LR: 0.000001
Epoch 2946/3000: 100%|█████████████| 16/16 [00:03<00:00,  4.09it/s, loss=0.0139]
Epoch 2946/3000 | Loss: 0.0433 | Best: 0.0238 | Time: 3.9s | Elapsed: 2.4h | ETA: 4m | LR: 0.000001
Epoch 2947/3000: 100%|█████████████| 16/16 [00:03<00:00,  4.03it/s, loss=0.0673]
Epoch 2947/3000 | Loss: 0.0524 | Best: 0.0238 | Time: 4.0s | Elapsed: 2.4h | ETA: 4m | LR: 0.000000
Epoch 2948/3000: 100%|█████████████| 16/16 [00:03<00:00,  4.03it/s, loss=0.0656]
Epoch 2948/3000 | Loss: 0.0616 | Best: 0.0238 | Time: 4.0s | Elapsed: 2.4h | ETA: 3m | LR: 0.000000
Epoch 2949/3000: 100%|█████████████| 16/16 [00:03<00:00,  4.04it/s, loss=0.0223]
Epoch 2949/3000 | Loss: 0.0385 | Best: 0.0238 | Time: 4.0s | Elapsed: 2.4h | ETA: 3m | LR: 0.000000
Epoch 2950/3000: 100%|█████████████| 16/16 [00:03<00:00,  4.06it/s, loss=0.0287]
Epoch 2950/3000 | Loss: 0.0485 | Best: 0.0238 | Time: 3.9s | Elapsed: 2.4h | ETA: 3m | LR: 0.000000
  Generating samples at epoch 2950...
DDIM Sampling: 100%|████████████████████████████| 50/50 [00:01<00:00, 25.02it/s]
DDIM Sampling: 100%|████████████████████████████| 50/50 [00:02<00:00, 24.92it/s]
DDIM Sampling: 100%|████████████████████████████| 50/50 [00:02<00:00, 24.92it/s]
Epoch 2951/3000: 100%|█████████████| 16/16 [00:04<00:00,  3.98it/s, loss=0.0536]
Epoch 2951/3000 | Loss: 0.0351 | Best: 0.0238 | Time: 4.0s | Elapsed: 2.4h | ETA: 3m | LR: 0.000000
Epoch 2952/3000: 100%|█████████████| 16/16 [00:04<00:00,  3.91it/s, loss=0.0420]
Epoch 2952/3000 | Loss: 0.0351 | Best: 0.0238 | Time: 4.1s | Elapsed: 2.4h | ETA: 3m | LR: 0.000000
Epoch 2953/3000: 100%|█████████████| 16/16 [00:04<00:00,  4.00it/s, loss=0.1018]
Epoch 2953/3000 | Loss: 0.0598 | Best: 0.0238 | Time: 4.0s | Elapsed: 2.4h | ETA: 3m | LR: 0.000000
Epoch 2954/3000: 100%|█████████████| 16/16 [00:03<00:00,  4.01it/s, loss=0.0556]
Epoch 2954/3000 | Loss: 0.0435 | Best: 0.0238 | Time: 4.0s | Elapsed: 2.4h | ETA: 3m | LR: 0.000000
Epoch 2955/3000: 100%|█████████████| 16/16 [00:03<00:00,  4.04it/s, loss=0.0661]
Epoch 2955/3000 | Loss: 0.0413 | Best: 0.0238 | Time: 4.0s | Elapsed: 2.4h | ETA: 3m | LR: 0.000000
Epoch 2956/3000: 100%|█████████████| 16/16 [00:03<00:00,  4.09it/s, loss=0.0540]
Epoch 2956/3000 | Loss: 0.0347 | Best: 0.0238 | Time: 3.9s | Elapsed: 2.4h | ETA: 3m | LR: 0.000000
Epoch 2957/3000: 100%|█████████████| 16/16 [00:03<00:00,  4.07it/s, loss=0.0723]
Epoch 2957/3000 | Loss: 0.0452 | Best: 0.0238 | Time: 3.9s | Elapsed: 2.4h | ETA: 3m | LR: 0.000000
Epoch 2958/3000: 100%|█████████████| 16/16 [00:03<00:00,  4.07it/s, loss=0.0276]
Epoch 2958/3000 | Loss: 0.0389 | Best: 0.0238 | Time: 3.9s | Elapsed: 2.4h | ETA: 3m | LR: 0.000000
Epoch 2959/3000: 100%|█████████████| 16/16 [00:03<00:00,  4.07it/s, loss=0.1287]
Epoch 2959/3000 | Loss: 0.0390 | Best: 0.0238 | Time: 3.9s | Elapsed: 2.4h | ETA: 3m | LR: 0.000000
Epoch 2960/3000: 100%|█████████████| 16/16 [00:04<00:00,  3.89it/s, loss=0.0409]
Epoch 2960/3000 | Loss: 0.0441 | Best: 0.0238 | Time: 4.1s | Elapsed: 2.4h | ETA: 3m | LR: 0.000000
Epoch 2961/3000: 100%|█████████████| 16/16 [00:03<00:00,  4.05it/s, loss=0.0917]
Epoch 2961/3000 | Loss: 0.0483 | Best: 0.0238 | Time: 4.0s | Elapsed: 2.4h | ETA: 3m | LR: 0.000000
Epoch 2962/3000: 100%|█████████████| 16/16 [00:03<00:00,  4.07it/s, loss=0.0660]
Epoch 2962/3000 | Loss: 0.0503 | Best: 0.0238 | Time: 3.9s | Elapsed: 2.4h | ETA: 3m | LR: 0.000000
Epoch 2963/3000: 100%|█████████████| 16/16 [00:03<00:00,  4.09it/s, loss=0.0257]
Epoch 2963/3000 | Loss: 0.0454 | Best: 0.0238 | Time: 3.9s | Elapsed: 2.4h | ETA: 2m | LR: 0.000000
Epoch 2964/3000: 100%|█████████████| 16/16 [00:03<00:00,  4.09it/s, loss=0.0981]
Epoch 2964/3000 | Loss: 0.0546 | Best: 0.0238 | Time: 3.9s | Elapsed: 2.4h | ETA: 2m | LR: 0.000000
Epoch 2965/3000: 100%|█████████████| 16/16 [00:03<00:00,  4.04it/s, loss=0.0333]
Epoch 2965/3000 | Loss: 0.0466 | Best: 0.0238 | Time: 4.0s | Elapsed: 2.4h | ETA: 2m | LR: 0.000000
Epoch 2966/3000: 100%|█████████████| 16/16 [00:03<00:00,  4.00it/s, loss=0.0125]
Epoch 2966/3000 | Loss: 0.0434 | Best: 0.0238 | Time: 4.0s | Elapsed: 2.4h | ETA: 2m | LR: 0.000000
Epoch 2967/3000: 100%|█████████████| 16/16 [00:03<00:00,  4.08it/s, loss=0.0240]
Epoch 2967/3000 | Loss: 0.0583 | Best: 0.0238 | Time: 3.9s | Elapsed: 2.4h | ETA: 2m | LR: 0.000000
Epoch 2968/3000: 100%|█████████████| 16/16 [00:04<00:00,  3.99it/s, loss=0.0183]
Epoch 2968/3000 | Loss: 0.0380 | Best: 0.0238 | Time: 4.0s | Elapsed: 2.4h | ETA: 2m | LR: 0.000000
Epoch 2969/3000: 100%|█████████████| 16/16 [00:04<00:00,  3.99it/s, loss=0.0374]
Epoch 2969/3000 | Loss: 0.0310 | Best: 0.0238 | Time: 4.0s | Elapsed: 2.4h | ETA: 2m | LR: 0.000000
Epoch 2970/3000: 100%|█████████████| 16/16 [00:04<00:00,  3.99it/s, loss=0.0089]
Epoch 2970/3000 | Loss: 0.0497 | Best: 0.0238 | Time: 4.0s | Elapsed: 2.4h | ETA: 2m | LR: 0.000000
Epoch 2971/3000: 100%|█████████████| 16/16 [00:03<00:00,  4.01it/s, loss=0.0435]
Epoch 2971/3000 | Loss: 0.0615 | Best: 0.0238 | Time: 4.0s | Elapsed: 2.4h | ETA: 2m | LR: 0.000000
Epoch 2972/3000: 100%|█████████████| 16/16 [00:03<00:00,  4.07it/s, loss=0.0128]
Epoch 2972/3000 | Loss: 0.0425 | Best: 0.0238 | Time: 3.9s | Elapsed: 2.4h | ETA: 2m | LR: 0.000000
Epoch 2973/3000: 100%|█████████████| 16/16 [00:03<00:00,  4.01it/s, loss=0.0736]
Epoch 2973/3000 | Loss: 0.0442 | Best: 0.0238 | Time: 4.0s | Elapsed: 2.4h | ETA: 2m | LR: 0.000000
Epoch 2974/3000: 100%|█████████████| 16/16 [00:03<00:00,  4.09it/s, loss=0.0283]
Epoch 2974/3000 | Loss: 0.0534 | Best: 0.0238 | Time: 3.9s | Elapsed: 2.4h | ETA: 2m | LR: 0.000000
Epoch 2975/3000: 100%|█████████████| 16/16 [00:03<00:00,  4.08it/s, loss=0.0193]
Epoch 2975/3000 | Loss: 0.0371 | Best: 0.0238 | Time: 3.9s | Elapsed: 2.4h | ETA: 2m | LR: 0.000000
  Generating samples at epoch 2975...
DDIM Sampling: 100%|████████████████████████████| 50/50 [00:01<00:00, 25.03it/s]
DDIM Sampling: 100%|████████████████████████████| 50/50 [00:02<00:00, 24.98it/s]
DDIM Sampling: 100%|████████████████████████████| 50/50 [00:02<00:00, 24.96it/s]
Epoch 2976/3000: 100%|█████████████| 16/16 [00:03<00:00,  4.02it/s, loss=0.0177]
Epoch 2976/3000 | Loss: 0.0330 | Best: 0.0238 | Time: 4.0s | Elapsed: 2.4h | ETA: 2m | LR: 0.000000
Epoch 2977/3000: 100%|█████████████| 16/16 [00:03<00:00,  4.08it/s, loss=0.1207]
Epoch 2977/3000 | Loss: 0.0535 | Best: 0.0238 | Time: 3.9s | Elapsed: 2.4h | ETA: 2m | LR: 0.000000
Epoch 2978/3000: 100%|█████████████| 16/16 [00:03<00:00,  4.04it/s, loss=0.0434]
Epoch 2978/3000 | Loss: 0.0427 | Best: 0.0238 | Time: 4.0s | Elapsed: 2.4h | ETA: 1m | LR: 0.000000
Epoch 2979/3000: 100%|█████████████| 16/16 [00:03<00:00,  4.03it/s, loss=0.0720]
Epoch 2979/3000 | Loss: 0.0379 | Best: 0.0238 | Time: 4.0s | Elapsed: 2.4h | ETA: 1m | LR: 0.000000
Epoch 2980/3000: 100%|█████████████| 16/16 [00:03<00:00,  4.02it/s, loss=0.0207]
Epoch 2980/3000 | Loss: 0.0475 | Best: 0.0238 | Time: 4.0s | Elapsed: 2.4h | ETA: 1m | LR: 0.000000
Epoch 2981/3000: 100%|█████████████| 16/16 [00:03<00:00,  4.01it/s, loss=0.0525]
Epoch 2981/3000 | Loss: 0.0571 | Best: 0.0238 | Time: 4.0s | Elapsed: 2.4h | ETA: 1m | LR: 0.000000
Epoch 2982/3000: 100%|█████████████| 16/16 [00:03<00:00,  4.06it/s, loss=0.0198]
Epoch 2982/3000 | Loss: 0.0309 | Best: 0.0238 | Time: 3.9s | Elapsed: 2.4h | ETA: 1m | LR: 0.000000
Epoch 2983/3000: 100%|█████████████| 16/16 [00:03<00:00,  4.04it/s, loss=0.0470]
Epoch 2983/3000 | Loss: 0.0352 | Best: 0.0238 | Time: 4.0s | Elapsed: 2.4h | ETA: 1m | LR: 0.000000
Epoch 2984/3000: 100%|█████████████| 16/16 [00:04<00:00,  3.89it/s, loss=0.0483]
Epoch 2984/3000 | Loss: 0.0431 | Best: 0.0238 | Time: 4.1s | Elapsed: 2.4h | ETA: 1m | LR: 0.000000
Epoch 2985/3000: 100%|█████████████| 16/16 [00:03<00:00,  4.09it/s, loss=0.0366]
Epoch 2985/3000 | Loss: 0.0434 | Best: 0.0238 | Time: 3.9s | Elapsed: 2.4h | ETA: 1m | LR: 0.000000
Epoch 2986/3000: 100%|█████████████| 16/16 [00:03<00:00,  4.07it/s, loss=0.0306]
Epoch 2986/3000 | Loss: 0.0570 | Best: 0.0238 | Time: 3.9s | Elapsed: 2.4h | ETA: 1m | LR: 0.000000
Epoch 2987/3000: 100%|█████████████| 16/16 [00:04<00:00,  4.00it/s, loss=0.0442]
Epoch 2987/3000 | Loss: 0.0377 | Best: 0.0238 | Time: 4.0s | Elapsed: 2.4h | ETA: 1m | LR: 0.000000
Epoch 2988/3000: 100%|█████████████| 16/16 [00:03<00:00,  4.03it/s, loss=0.0647]
Epoch 2988/3000 | Loss: 0.0428 | Best: 0.0238 | Time: 4.0s | Elapsed: 2.4h | ETA: 1m | LR: 0.000000
Epoch 2989/3000: 100%|█████████████| 16/16 [00:03<00:00,  4.06it/s, loss=0.0793]
Epoch 2989/3000 | Loss: 0.0572 | Best: 0.0238 | Time: 3.9s | Elapsed: 2.4h | ETA: 1m | LR: 0.000000
Epoch 2990/3000: 100%|█████████████| 16/16 [00:03<00:00,  4.11it/s, loss=0.0412]
Epoch 2990/3000 | Loss: 0.0371 | Best: 0.0238 | Time: 3.9s | Elapsed: 2.4h | ETA: 1m | LR: 0.000000
Epoch 2991/3000: 100%|█████████████| 16/16 [00:03<00:00,  4.08it/s, loss=0.0382]
Epoch 2991/3000 | Loss: 0.0440 | Best: 0.0238 | Time: 3.9s | Elapsed: 2.4h | ETA: 1m | LR: 0.000000
Epoch 2992/3000: 100%|█████████████| 16/16 [00:04<00:00,  3.97it/s, loss=0.0166]
Epoch 2992/3000 | Loss: 0.0363 | Best: 0.0238 | Time: 4.0s | Elapsed: 2.4h | ETA: 1m | LR: 0.000000
Epoch 2993/3000: 100%|█████████████| 16/16 [00:04<00:00,  3.97it/s, loss=0.0969]
Epoch 2993/3000 | Loss: 0.0428 | Best: 0.0238 | Time: 4.0s | Elapsed: 2.4h | ETA: 0m | LR: 0.000000
Epoch 2994/3000: 100%|█████████████| 16/16 [00:03<00:00,  4.03it/s, loss=0.0180]
Epoch 2994/3000 | Loss: 0.0368 | Best: 0.0238 | Time: 4.0s | Elapsed: 2.4h | ETA: 0m | LR: 0.000000
Epoch 2995/3000: 100%|█████████████| 16/16 [00:03<00:00,  4.09it/s, loss=0.0165]
Epoch 2995/3000 | Loss: 0.0508 | Best: 0.0238 | Time: 3.9s | Elapsed: 2.4h | ETA: 0m | LR: 0.000000
Epoch 2996/3000: 100%|█████████████| 16/16 [00:03<00:00,  4.03it/s, loss=0.0588]
Epoch 2996/3000 | Loss: 0.0520 | Best: 0.0238 | Time: 4.0s | Elapsed: 2.4h | ETA: 0m | LR: 0.000000
Epoch 2997/3000: 100%|█████████████| 16/16 [00:03<00:00,  4.08it/s, loss=0.0854]
Epoch 2997/3000 | Loss: 0.0450 | Best: 0.0238 | Time: 3.9s | Elapsed: 2.4h | ETA: 0m | LR: 0.000000
Epoch 2998/3000: 100%|█████████████| 16/16 [00:03<00:00,  4.08it/s, loss=0.0846]
Epoch 2998/3000 | Loss: 0.0508 | Best: 0.0238 | Time: 3.9s | Elapsed: 2.4h | ETA: 0m | LR: 0.000000
Epoch 2999/3000: 100%|█████████████| 16/16 [00:03<00:00,  4.08it/s, loss=0.0092]
Epoch 2999/3000 | Loss: 0.0384 | Best: 0.0238 | Time: 3.9s | Elapsed: 2.4h | ETA: 0m | LR: 0.000000
Epoch 3000/3000: 100%|█████████████| 16/16 [00:03<00:00,  4.06it/s, loss=0.0682]
Epoch 3000/3000 | Loss: 0.0562 | Best: 0.0238 | Time: 3.9s | Elapsed: 2.4h | ETA: 0m | LR: 0.000000
  Generating samples at epoch 3000...
DDIM Sampling: 100%|████████████████████████████| 50/50 [00:01<00:00, 25.19it/s]
DDIM Sampling: 100%|████████████████████████████| 50/50 [00:02<00:00, 24.86it/s]
DDIM Sampling: 100%|████████████████████████████| 50/50 [00:01<00:00, 25.05it/s]

============================================================
Training complete!
  Stop reason: completed
  Epochs trained: 3000
  Best loss: 0.0238
  Final loss: 0.0562
  Total time: 137.7 minutes
  Avg epoch: 4.0s
  Precision: FP16
  DDP: 2 GPU(s)
============================================================

============================================================
PART 7: GENERATING SYNTHETIC IMAGES
============================================================

Generating 300 synthetic Bengin images...
DDIM Sampling: 100%|████████████████████████████| 50/50 [00:18<00:00,  2.75it/s]
